Device;Datetime;"Humidity ext (%)";"Temp ext (C)";
"K-B3 ACOEM SW 5";2025-05-19 17:00:00;29,83;24,92;
"K-B3 ACOEM SW 5";2025-05-19 16:00:00;31,05;23,38;
"K-B3 ACOEM SW 5";2025-05-19 15:00:00;27,85;21,99;
"K-B3 ACOEM SW 5";2025-05-19 14:00:00;28,21;22,47;
"K-B3 ACOEM SW 5";2025-05-19 13:00:00;28,26;22,32;
"K-B3 ACOEM SW 5";2025-05-19 12:00:00;28,51;22,26;
"K-B3 ACOEM SW 5";2025-05-19 11:00:00;30,18;21,71;
"K-B3 ACOEM SW 5";2025-05-19 10:00:00;32,13;20,30;
"K-B3 ACOEM SW 5";2025-05-19 09:00:00;41,87;17,47;
"K-B3 ACOEM SW 5";2025-05-19 08:00:00;53,58;14,34;
"K-B3 ACOEM SW 5";2025-05-19 07:00:00;60,22;11,36;
"K-B3 ACOEM SW 5";2025-05-19 06:00:00;64,30;10,35;
"K-B3 ACOEM SW 5";2025-05-19 05:00:00;61,78;10,99;
"K-B3 ACOEM SW 5";2025-05-19 04:00:00;53,85;12,39;
"K-B3 ACOEM SW 5";2025-05-19 03:00:00;46,16;13,70;
"K-B3 ACOEM SW 5";2025-05-19 02:00:00;51,40;13,62;
"K-B3 ACOEM SW 5";2025-05-19 01:00:00;53,63;14,05;
"K-B3 ACOEM SW 5";2025-05-19 00:00:00;49,38;14,96;
"K-B3 ACOEM SW 5";2025-05-18 23:00:00;44,37;16,52;
"K-B3 ACOEM SW 5";2025-05-18 22:00:00;37,99;18,77;
"K-B3 ACOEM SW 5";2025-05-18 21:00:00;35,36;19,63;
"K-B3 ACOEM SW 5";2025-05-18 20:00:00;34,48;19,55;
"K-B3 ACOEM SW 5";2025-05-18 19:00:00;34,01;19,70;
"K-B3 ACOEM SW 5";2025-05-18 18:00:00;33,79;20,05;
"K-B3 ACOEM SW 5";2025-05-18 17:00:00;35,86;18,96;
"K-B3 ACOEM SW 5";2025-05-18 16:00:00;37,94;17,73;
"K-B3 ACOEM SW 5";2025-05-18 15:00:00;40,42;17,79;
"K-B3 ACOEM SW 5";2025-05-18 14:00:00;36,44;18,74;
"K-B3 ACOEM SW 5";2025-05-18 13:00:00;34,72;19,33;
"K-B3 ACOEM SW 5";2025-05-18 12:00:00;42,11;18,18;
"K-B3 ACOEM SW 5";2025-05-18 11:00:00;43,77;16,49;
"K-B3 ACOEM SW 5";2025-05-18 10:00:00;44,15;16,08;
"K-B3 ACOEM SW 5";2025-05-18 09:00:00;48,48;15,32;
"K-B3 ACOEM SW 5";2025-05-18 08:00:00;54,75;13,56;
"K-B3 ACOEM SW 5";2025-05-18 07:00:00;61,45;11,70;
"K-B3 ACOEM SW 5";2025-05-18 06:00:00;71,80;10,69;
"K-B3 ACOEM SW 5";2025-05-18 05:00:00;73,35;10,49;
"K-B3 ACOEM SW 5";2025-05-18 04:00:00;72,49;10,05;
"K-B3 ACOEM SW 5";2025-05-18 03:00:00;70,91;10,09;
"K-B3 ACOEM SW 5";2025-05-18 02:00:00;67,18;10,43;
"K-B3 ACOEM SW 5";2025-05-18 01:00:00;62,63;11,01;
"K-B3 ACOEM SW 5";2025-05-18 00:00:00;58,24;12,23;
"K-B3 ACOEM SW 5";2025-05-17 23:00:00;49,72;14,06;
"K-B3 ACOEM SW 5";2025-05-17 22:00:00;43,59;15,94;
"K-B3 ACOEM SW 5";2025-05-17 21:00:00;39,98;16,98;
"K-B3 ACOEM SW 5";2025-05-17 20:00:00;39,78;16,98;
"K-B3 ACOEM SW 5";2025-05-17 19:00:00;38,54;17,38;
"K-B3 ACOEM SW 5";2025-05-17 18:00:00;40,76;17,19;
"K-B3 ACOEM SW 5";2025-05-17 17:00:00;46,24;16,66;
"K-B3 ACOEM SW 5";2025-05-17 16:00:00;47,53;16,64;
"K-B3 ACOEM SW 5";2025-05-17 15:00:00;49,85;16,08;
"K-B3 ACOEM SW 5";2025-05-17 14:00:00;48,78;16,01;
"K-B3 ACOEM SW 5";2025-05-17 13:00:00;48,02;15,43;
"K-B3 ACOEM SW 5";2025-05-17 12:00:00;54,37;15,19;
"K-B3 ACOEM SW 5";2025-05-17 11:00:00;57,22;14,43;
"K-B3 ACOEM SW 5";2025-05-17 10:00:00;57,44;14,42;
"K-B3 ACOEM SW 5";2025-05-17 09:00:00;60,51;14,96;
"K-B3 ACOEM SW 5";2025-05-17 08:00:00;49,67;15,55;
"K-B3 ACOEM SW 5";2025-05-17 07:00:00;51,09;14,56;
"K-B3 ACOEM SW 5";2025-05-17 06:00:00;54,49;13,19;
"K-B3 ACOEM SW 5";2025-05-17 05:00:00;58,25;12,70;
"K-B3 ACOEM SW 5";2025-05-17 04:00:00;63,90;12,22;
"K-B3 ACOEM SW 5";2025-05-17 03:00:00;63,95;12,48;
"K-B3 ACOEM SW 5";2025-05-17 02:00:00;60,24;13,29;
"K-B3 ACOEM SW 5";2025-05-17 01:00:00;57,93;13,71;
"K-B3 ACOEM SW 5";2025-05-17 00:00:00;58,50;13,64;
"K-B3 ACOEM SW 5";2025-05-16 23:00:00;56,06;13,99;
"K-B3 ACOEM SW 5";2025-05-16 22:00:00;48,59;15,86;
"K-B3 ACOEM SW 5";2025-05-16 21:00:00;38,21;18,44;
"K-B3 ACOEM SW 5";2025-05-16 20:00:00;32,68;20,12;
"K-B3 ACOEM SW 5";2025-05-16 19:00:00;30,76;20,64;
"K-B3 ACOEM SW 5";2025-05-16 18:00:00;35,73;18,29;
"K-B3 ACOEM SW 5";2025-05-16 17:00:00;38,29;18,32;
"K-B3 ACOEM SW 5";2025-05-16 16:00:00;43,19;18,16;
"K-B3 ACOEM SW 5";2025-05-16 15:00:00;46,97;17,15;
"K-B3 ACOEM SW 5";2025-05-16 14:00:00;47,28;15,72;
"K-B3 ACOEM SW 5";2025-05-16 13:00:00;47,48;15,34;
"K-B3 ACOEM SW 5";2025-05-16 12:00:00;49,36;14,75;
"K-B3 ACOEM SW 5";2025-05-16 11:00:00;47,10;14,75;
"K-B3 ACOEM SW 5";2025-05-16 10:00:00;45,49;14,12;
"K-B3 ACOEM SW 5";2025-05-16 09:00:00;48,04;13,21;
"K-B3 ACOEM SW 5";2025-05-16 08:00:00;51,60;12,17;
"K-B3 ACOEM SW 5";2025-05-16 07:00:00;56,20;11,42;
"K-B3 ACOEM SW 5";2025-05-16 06:00:00;59,66;11,61;
"K-B3 ACOEM SW 5";2025-05-16 05:00:00;60,52;12,68;
"K-B3 ACOEM SW 5";2025-05-16 04:00:00;46,52;13,88;
"K-B3 ACOEM SW 5";2025-05-16 03:00:00;47,51;13,46;
"K-B3 ACOEM SW 5";2025-05-16 02:00:00;63,67;11,22;
"K-B3 ACOEM SW 5";2025-05-16 01:00:00;72,71;10,82;
"K-B3 ACOEM SW 5";2025-05-16 00:00:00;72,57;11,69;
"K-B3 ACOEM SW 5";2025-05-15 23:00:00;62,66;13,55;
"K-B3 ACOEM SW 5";2025-05-15 22:00:00;55,69;15,23;
"K-B3 ACOEM SW 5";2025-05-15 21:00:00;43,51;17,90;
"K-B3 ACOEM SW 5";2025-05-15 20:00:00;32,49;19,15;
"K-B3 ACOEM SW 5";2025-05-15 19:00:00;28,88;19,51;
"K-B3 ACOEM SW 5";2025-05-15 18:00:00;28,21;19,72;
"K-B3 ACOEM SW 5";2025-05-15 17:00:00;29,15;19,76;
"K-B3 ACOEM SW 5";2025-05-15 16:00:00;34,33;18,77;
"K-B3 ACOEM SW 5";2025-05-15 15:00:00;34,58;17,41;
"K-B3 ACOEM SW 5";2025-05-15 14:00:00;33,27;17,97;
"K-B3 ACOEM SW 5";2025-05-15 13:00:00;34,70;17,62;
"K-B3 ACOEM SW 5";2025-05-15 12:00:00;27,33;18,48;
"K-B3 ACOEM SW 5";2025-05-15 11:00:00;26,08;16,62;
"K-B3 ACOEM SW 5";2025-05-15 10:00:00;29,78;14,62;
"K-B3 ACOEM SW 5";2025-05-15 09:00:00;34,28;12,31;
"K-B3 ACOEM SW 5";2025-05-15 08:00:00;40,11;10,13;
"K-B3 ACOEM SW 5";2025-05-15 07:00:00;46,55;8,14;
"K-B3 ACOEM SW 5";2025-05-15 06:00:00;51,32;7,01;
"K-B3 ACOEM SW 5";2025-05-15 05:00:00;51,94;7,31;
"K-B3 ACOEM SW 5";2025-05-15 04:00:00;53,87;7,75;
"K-B3 ACOEM SW 5";2025-05-15 03:00:00;66,20;8,04;
"K-B3 ACOEM SW 5";2025-05-15 02:00:00;74,46;7,96;
"K-B3 ACOEM SW 5";2025-05-15 01:00:00;77,54;8,31;
"K-B3 ACOEM SW 5";2025-05-15 00:00:00;75,93;8,76;
"K-B3 ACOEM SW 5";2025-05-14 23:00:00;72,26;9,51;
"K-B3 ACOEM SW 5";2025-05-14 22:00:00;66,45;10,83;
"K-B3 ACOEM SW 5";2025-05-14 21:00:00;59,25;12,21;
"K-B3 ACOEM SW 5";2025-05-14 20:00:00;52,44;12,97;
"K-B3 ACOEM SW 5";2025-05-14 19:00:00;48,23;13,61;
"K-B3 ACOEM SW 5";2025-05-14 18:00:00;45,71;14,24;
"K-B3 ACOEM SW 5";2025-05-14 17:00:00;45,51;14,20;
"K-B3 ACOEM SW 5";2025-05-14 16:00:00;44,38;14,34;
"K-B3 ACOEM SW 5";2025-05-14 15:00:00;43,03;14,89;
"K-B3 ACOEM SW 5";2025-05-14 14:00:00;43,81;13,78;
"K-B3 ACOEM SW 5";2025-05-14 13:00:00;45,25;12,86;
"K-B3 ACOEM SW 5";2025-05-14 12:00:00;47,00;12,09;
"K-B3 ACOEM SW 5";2025-05-14 11:00:00;47,23;11,45;
"K-B3 ACOEM SW 5";2025-05-14 10:00:00;50,54;11,15;
"K-B3 ACOEM SW 5";2025-05-14 09:00:00;52,88;11,83;
"K-B3 ACOEM SW 5";2025-05-14 08:00:00;49,32;12,55;
"K-B3 ACOEM SW 5";2025-05-14 07:00:00;46,89;12,40;
"K-B3 ACOEM SW 5";2025-05-14 06:00:00;47,01;12,51;
"K-B3 ACOEM SW 5";2025-05-14 05:00:00;45,99;13,14;
"K-B3 ACOEM SW 5";2025-05-14 04:00:00;44,51;13,80;
"K-B3 ACOEM SW 5";2025-05-14 03:00:00;46,44;13,85;
"K-B3 ACOEM SW 5";2025-05-14 02:00:00;49,98;14,07;
"K-B3 ACOEM SW 5";2025-05-14 01:00:00;48,77;15,00;
"K-B3 ACOEM SW 5";2025-05-14 00:00:00;45,10;16,16;
"K-B3 ACOEM SW 5";2025-05-13 23:00:00;42,26;17,30;
"K-B3 ACOEM SW 5";2025-05-13 22:00:00;39,22;18,65;
"K-B3 ACOEM SW 5";2025-05-13 21:00:00;36,60;20,10;
"K-B3 ACOEM SW 5";2025-05-13 20:00:00;34,17;21,73;
"K-B3 ACOEM SW 5";2025-05-13 19:00:00;32,14;23,11;
"K-B3 ACOEM SW 5";2025-05-13 18:00:00;44,16;22,77;
"K-B3 ACOEM SW 5";2025-05-13 17:00:00;51,71;21,61;
"K-B3 ACOEM SW 5";2025-05-13 16:00:00;42,99;21,34;
"K-B3 ACOEM SW 5";2025-05-13 15:00:00;38,24;21,89;
"K-B3 ACOEM SW 5";2025-05-13 14:00:00;34,96;23,25;
"K-B3 ACOEM SW 5";2025-05-13 13:00:00;32,21;24,31;
"K-B3 ACOEM SW 5";2025-05-13 12:00:00;33,17;22,81;
"K-B3 ACOEM SW 5";2025-05-13 11:00:00;38,07;20,50;
"K-B3 ACOEM SW 5";2025-05-13 10:00:00;41,57;18,91;
"K-B3 ACOEM SW 5";2025-05-13 09:00:00;50,92;15,74;
"K-B3 ACOEM SW 5";2025-05-13 08:00:00;55,06;14,15;
"K-B3 ACOEM SW 5";2025-05-13 07:00:00;57,32;13,33;
"K-B3 ACOEM SW 5";2025-05-13 06:00:00;60,87;12,76;
"K-B3 ACOEM SW 5";2025-05-13 05:00:00;62,85;12,70;
"K-B3 ACOEM SW 5";2025-05-13 04:00:00;60,72;13,17;
"K-B3 ACOEM SW 5";2025-05-13 03:00:00;56,73;13,32;
"K-B3 ACOEM SW 5";2025-05-13 02:00:00;51,03;13,67;
"K-B3 ACOEM SW 5";2025-05-13 01:00:00;44,45;14,47;
"K-B3 ACOEM SW 5";2025-05-13 00:00:00;40,35;15,30;
"K-B3 ACOEM SW 5";2025-05-12 23:00:00;41,14;16,17;
"K-B3 ACOEM SW 5";2025-05-12 22:00:00;39,53;17,47;
"K-B3 ACOEM SW 5";2025-05-12 21:00:00;35,66;19,23;
"K-B3 ACOEM SW 5";2025-05-12 20:00:00;34,55;21,02;
"K-B3 ACOEM SW 5";2025-05-12 19:00:00;35,96;22,20;
"K-B3 ACOEM SW 5";2025-05-12 18:00:00;38,72;21,97;
"K-B3 ACOEM SW 5";2025-05-12 17:00:00;40,90;21,53;
"K-B3 ACOEM SW 5";2025-05-12 16:00:00;42,60;20,83;
"K-B3 ACOEM SW 5";2025-05-12 15:00:00;45,35;20,26;
"K-B3 ACOEM SW 5";2025-05-12 14:00:00;47,13;20,17;
"K-B3 ACOEM SW 5";2025-05-12 13:00:00;49,64;19,90;
"K-B3 ACOEM SW 5";2025-05-12 12:00:00;50,49;20,20;
"K-B3 ACOEM SW 5";2025-05-12 11:00:00;56,23;18,79;
"K-B3 ACOEM SW 5";2025-05-12 10:00:00;64,16;16,53;
"K-B3 ACOEM SW 5";2025-05-12 09:00:00;73,14;14,49;
"K-B3 ACOEM SW 5";2025-05-12 08:00:00;82,36;12,55;
"K-B3 ACOEM SW 5";2025-05-12 07:00:00;90,02;10,27;
"K-B3 ACOEM SW 5";2025-05-12 06:00:00;91,44;9,46;
"K-B3 ACOEM SW 5";2025-05-12 05:00:00;92,32;9,15;
"K-B3 ACOEM SW 5";2025-05-12 04:00:00;91,87;8,93;
"K-B3 ACOEM SW 5";2025-05-12 03:00:00;91,43;9,04;
"K-B3 ACOEM SW 5";2025-05-12 02:00:00;90,23;9,55;
"K-B3 ACOEM SW 5";2025-05-12 01:00:00;89,64;10,12;
"K-B3 ACOEM SW 5";2025-05-12 00:00:00;86,82;10,86;
"K-B3 ACOEM SW 5";2025-05-11 23:00:00;83,97;11,90;
"K-B3 ACOEM SW 5";2025-05-11 22:00:00;81,35;12,99;
"K-B3 ACOEM SW 5";2025-05-11 21:00:00;78,47;13,85;
"K-B3 ACOEM SW 5";2025-05-11 20:00:00;76,16;14,27;
"K-B3 ACOEM SW 5";2025-05-11 19:00:00;73,77;14,60;
"K-B3 ACOEM SW 5";2025-05-11 18:00:00;70,44;15,25;
"K-B3 ACOEM SW 5";2025-05-11 17:00:00;64,98;16,34;
"K-B3 ACOEM SW 5";2025-05-11 16:00:00;62,69;16,83;
"K-B3 ACOEM SW 5";2025-05-11 15:00:00;61,80;16,78;
"K-B3 ACOEM SW 5";2025-05-11 14:00:00;61,86;16,83;
"K-B3 ACOEM SW 5";2025-05-11 13:00:00;62,18;16,90;
"K-B3 ACOEM SW 5";2025-05-11 12:00:00;63,58;16,80;
"K-B3 ACOEM SW 5";2025-05-11 11:00:00;64,92;16,69;
"K-B3 ACOEM SW 5";2025-05-11 10:00:00;67,24;16,06;
"K-B3 ACOEM SW 5";2025-05-11 09:00:00;70,05;14,84;
"K-B3 ACOEM SW 5";2025-05-11 08:00:00;77,47;12,54;
"K-B3 ACOEM SW 5";2025-05-11 07:00:00;85,82;11,23;
"K-B3 ACOEM SW 5";2025-05-11 06:00:00;85,77;11,23;
"K-B3 ACOEM SW 5";2025-05-11 05:00:00;84,10;11,36;
"K-B3 ACOEM SW 5";2025-05-11 04:00:00;83,80;11,44;
"K-B3 ACOEM SW 5";2025-05-11 03:00:00;85,13;11,29;
"K-B3 ACOEM SW 5";2025-05-11 02:00:00;86,43;11,26;
"K-B3 ACOEM SW 5";2025-05-11 01:00:00;85,49;11,45;
"K-B3 ACOEM SW 5";2025-05-11 00:00:00;83,51;11,66;
"K-B3 ACOEM SW 5";2025-05-10 23:00:00;82,38;11,88;
"K-B3 ACOEM SW 5";2025-05-10 22:00:00;81,17;12,02;
"K-B3 ACOEM SW 5";2025-05-10 21:00:00;79,32;12,36;
"K-B3 ACOEM SW 5";2025-05-10 20:00:00;78,41;12,81;
"K-B3 ACOEM SW 5";2025-05-10 19:00:00;78,17;13,01;
"K-B3 ACOEM SW 5";2025-05-10 18:00:00;77,79;13,13;
"K-B3 ACOEM SW 5";2025-05-10 17:00:00;75,43;13,33;
"K-B3 ACOEM SW 5";2025-05-10 16:00:00;75,53;13,47;
"K-B3 ACOEM SW 5";2025-05-10 15:00:00;76,19;13,37;
"K-B3 ACOEM SW 5";2025-05-10 14:00:00;78,73;13,25;
"K-B3 ACOEM SW 5";2025-05-10 13:00:00;79,98;13,26;
"K-B3 ACOEM SW 5";2025-05-10 12:00:00;78,17;13,38;
"K-B3 ACOEM SW 5";2025-05-10 11:00:00;80,55;12,64;
"K-B3 ACOEM SW 5";2025-05-10 10:00:00;82,42;12,16;
"K-B3 ACOEM SW 5";2025-05-10 09:00:00;85,40;11,58;
"K-B3 ACOEM SW 5";2025-05-10 08:00:00;87,62;11,25;
"K-B3 ACOEM SW 5";2025-05-10 07:00:00;88,75;10,96;
"K-B3 ACOEM SW 5";2025-05-10 06:00:00;88,46;11,07;
"K-B3 ACOEM SW 5";2025-05-10 05:00:00;88,28;11,19;
"K-B3 ACOEM SW 5";2025-05-10 04:00:00;88,23;11,25;
"K-B3 ACOEM SW 5";2025-05-10 03:00:00;87,65;11,42;
"K-B3 ACOEM SW 5";2025-05-10 02:00:00;88,62;11,51;
"K-B3 ACOEM SW 5";2025-05-10 01:00:00;89,19;11,45;
"K-B3 ACOEM SW 5";2025-05-10 00:00:00;89,21;11,64;
"K-B3 ACOEM SW 5";2025-05-09 23:00:00;89,23;11,68;
"K-B3 ACOEM SW 5";2025-05-09 22:00:00;87,73;11,99;
"K-B3 ACOEM SW 5";2025-05-09 21:00:00;83,32;12,94;
"K-B3 ACOEM SW 5";2025-05-09 20:00:00;78,16;14,15;
"K-B3 ACOEM SW 5";2025-05-09 19:00:00;76,16;14,60;
"K-B3 ACOEM SW 5";2025-05-09 18:00:00;69,04;15,85;
"K-B3 ACOEM SW 5";2025-05-09 17:00:00;56,98;17,56;
"K-B3 ACOEM SW 5";2025-05-09 16:00:00;58,35;17,94;
"K-B3 ACOEM SW 5";2025-05-09 15:00:00;61,34;17,27;
"K-B3 ACOEM SW 5";2025-05-09 14:00:00;63,68;16,66;
"K-B3 ACOEM SW 5";2025-05-09 13:00:00;58,86;17,33;
"K-B3 ACOEM SW 5";2025-05-09 12:00:00;56,29;17,29;
"K-B3 ACOEM SW 5";2025-05-09 11:00:00;55,85;17,30;
"K-B3 ACOEM SW 5";2025-05-09 10:00:00;61,63;15,45;
"K-B3 ACOEM SW 5";2025-05-09 09:00:00;71,83;13,11;
"K-B3 ACOEM SW 5";2025-05-09 08:00:00;71,92;11,77;
"K-B3 ACOEM SW 5";2025-05-09 07:00:00;78,43;10,24;
"K-B3 ACOEM SW 5";2025-05-09 06:00:00;78,45;9,96;
"K-B3 ACOEM SW 5";2025-05-09 05:00:00;75,46;10,56;
"K-B3 ACOEM SW 5";2025-05-09 04:00:00;69,30;11,98;
"K-B3 ACOEM SW 5";2025-05-09 03:00:00;70,10;11,64;
"K-B3 ACOEM SW 5";2025-05-09 02:00:00;71,17;11,49;
"K-B3 ACOEM SW 5";2025-05-09 01:00:00;73,77;10,86;
"K-B3 ACOEM SW 5";2025-05-09 00:00:00;74,92;10,93;
"K-B3 ACOEM SW 5";2025-05-08 23:00:00;72,00;11,76;
"K-B3 ACOEM SW 5";2025-05-08 22:00:00;66,20;13,17;
"K-B3 ACOEM SW 5";2025-05-08 21:00:00;60,90;14,61;
"K-B3 ACOEM SW 5";2025-05-08 20:00:00;57,58;15,47;
"K-B3 ACOEM SW 5";2025-05-08 19:00:00;50,91;16,42;
"K-B3 ACOEM SW 5";2025-05-08 18:00:00;49,41;17,36;
"K-B3 ACOEM SW 5";2025-05-08 17:00:00;53,62;17,80;
"K-B3 ACOEM SW 5";2025-05-08 16:00:00;60,79;16,99;
"K-B3 ACOEM SW 5";2025-05-08 15:00:00;58,39;17,16;
"K-B3 ACOEM SW 5";2025-05-08 14:00:00;63,05;16,20;
"K-B3 ACOEM SW 5";2025-05-08 13:00:00;68,07;14,51;
"K-B3 ACOEM SW 5";2025-05-08 12:00:00;72,18;13,87;
"K-B3 ACOEM SW 5";2025-05-08 11:00:00;74,08;13,03;
"K-B3 ACOEM SW 5";2025-05-08 10:00:00;76,95;12,27;
"K-B3 ACOEM SW 5";2025-05-08 09:00:00;78,02;11,61;
"K-B3 ACOEM SW 5";2025-05-08 08:00:00;78,81;9,80;
"K-B3 ACOEM SW 5";2025-05-08 07:00:00;79,84;8,20;
"K-B3 ACOEM SW 5";2025-05-08 06:00:00;78,32;7,77;
"K-B3 ACOEM SW 5";2025-05-08 05:00:00;75,55;7,87;
"K-B3 ACOEM SW 5";2025-05-08 04:00:00;74,44;8,05;
"K-B3 ACOEM SW 5";2025-05-08 03:00:00;72,42;8,54;
"K-B3 ACOEM SW 5";2025-05-08 02:00:00;67,75;9,49;
"K-B3 ACOEM SW 5";2025-05-08 01:00:00;64,12;10,15;
"K-B3 ACOEM SW 5";2025-05-08 00:00:00;59,17;10,45;
"K-B3 ACOEM SW 5";2025-05-07 23:00:00;59,01;10,60;
"K-B3 ACOEM SW 5";2025-05-07 22:00:00;63,50;11,24;
"K-B3 ACOEM SW 5";2025-05-07 21:00:00;56,27;12,86;
"K-B3 ACOEM SW 5";2025-05-07 20:00:00;48,89;14,21;
"K-B3 ACOEM SW 5";2025-05-07 19:00:00;50,04;14,45;
"K-B3 ACOEM SW 5";2025-05-07 18:00:00;59,34;14,21;
"K-B3 ACOEM SW 5";2025-05-07 17:00:00;59,98;14,75;
"K-B3 ACOEM SW 5";2025-05-07 16:00:00;58,08;14,85;
"K-B3 ACOEM SW 5";2025-05-07 15:00:00;55,12;14,74;
"K-B3 ACOEM SW 5";2025-05-07 14:00:00;54,95;14,04;
"K-B3 ACOEM SW 5";2025-05-07 13:00:00;55,78;13,25;
"K-B3 ACOEM SW 5";2025-05-07 12:00:00;56,52;13,99;
"K-B3 ACOEM SW 5";2025-05-07 11:00:00;57,78;14,18;
"K-B3 ACOEM SW 5";2025-05-07 10:00:00;63,39;12,06;
"K-B3 ACOEM SW 5";2025-05-07 09:00:00;67,20;9,92;
"K-B3 ACOEM SW 5";2025-05-07 08:00:00;76,81;7,76;
"K-B3 ACOEM SW 5";2025-05-07 07:00:00;83,50;5,39;
"K-B3 ACOEM SW 5";2025-05-07 06:00:00;87,69;4,64;
"K-B3 ACOEM SW 5";2025-05-07 05:00:00;87,15;4,87;
"K-B3 ACOEM SW 5";2025-05-07 04:00:00;86,31;5,17;
"K-B3 ACOEM SW 5";2025-05-07 03:00:00;84,94;5,67;
"K-B3 ACOEM SW 5";2025-05-07 02:00:00;80,31;6,53;
"K-B3 ACOEM SW 5";2025-05-07 01:00:00;75,55;7,51;
"K-B3 ACOEM SW 5";2025-05-07 00:00:00;69,97;8,56;
"K-B3 ACOEM SW 5";2025-05-06 23:00:00;66,00;9,61;
"K-B3 ACOEM SW 5";2025-05-06 22:00:00;62,16;10,40;
"K-B3 ACOEM SW 5";2025-05-06 21:00:00;57,71;10,90;
"K-B3 ACOEM SW 5";2025-05-06 20:00:00;54,49;11,58;
"K-B3 ACOEM SW 5";2025-05-06 19:00:00;45,71;11,91;
"K-B3 ACOEM SW 5";2025-05-06 18:00:00;50,45;11,67;
"K-B3 ACOEM SW 5";2025-05-06 17:00:00;49,08;11,73;
"K-B3 ACOEM SW 5";2025-05-06 16:00:00;44,84;12,84;
"K-B3 ACOEM SW 5";2025-05-06 15:00:00;39,14;14,85;
"K-B3 ACOEM SW 5";2025-05-06 14:00:00;35,79;15,18;
"K-B3 ACOEM SW 5";2025-05-06 13:00:00;34,33;15,28;
"K-B3 ACOEM SW 5";2025-05-06 12:00:00;31,81;15,15;
"K-B3 ACOEM SW 5";2025-05-06 11:00:00;35,34;13,75;
"K-B3 ACOEM SW 5";2025-05-06 10:00:00;36,76;13,72;
"K-B3 ACOEM SW 5";2025-05-06 09:00:00;39,71;12,68;
"K-B3 ACOEM SW 5";2025-05-06 08:00:00;48,18;10,06;
"K-B3 ACOEM SW 5";2025-05-06 07:00:00;53,34;7,93;
"K-B3 ACOEM SW 5";2025-05-06 06:00:00;55,07;7,47;
"K-B3 ACOEM SW 5";2025-05-06 05:00:00;55,06;8,03;
"K-B3 ACOEM SW 5";2025-05-06 04:00:00;51,03;9,12;
"K-B3 ACOEM SW 5";2025-05-06 03:00:00;48,88;10,20;
"K-B3 ACOEM SW 5";2025-05-06 02:00:00;46,35;11,27;
"K-B3 ACOEM SW 5";2025-05-06 01:00:00;46,29;11,77;
"K-B3 ACOEM SW 5";2025-05-06 00:00:00;48,40;11,89;
"K-B3 ACOEM SW 5";2025-05-05 23:00:00;49,26;12,38;
"K-B3 ACOEM SW 5";2025-05-05 22:00:00;48,19;13,11;
"K-B3 ACOEM SW 5";2025-05-05 21:00:00;44,79;14,42;
"K-B3 ACOEM SW 5";2025-05-05 20:00:00;39,20;16,51;
"K-B3 ACOEM SW 5";2025-05-05 19:00:00;33,54;17,86;
"K-B3 ACOEM SW 5";2025-05-05 18:00:00;25,87;19,31;
"K-B3 ACOEM SW 5";2025-05-05 17:00:00;21,58;20,61;
"K-B3 ACOEM SW 5";2025-05-05 16:00:00;34,00;19,35;
"K-B3 ACOEM SW 5";2025-05-05 15:00:00;42,27;17,31;
"K-B3 ACOEM SW 5";2025-05-05 14:00:00;52,16;15,81;
"K-B3 ACOEM SW 5";2025-05-05 13:00:00;61,78;13,73;
"K-B3 ACOEM SW 5";2025-05-05 12:00:00;61,63;13,01;
"K-B3 ACOEM SW 5";2025-05-05 11:00:00;49,20;13,70;
"K-B3 ACOEM SW 5";2025-05-05 10:00:00;46,03;12,77;
"K-B3 ACOEM SW 5";2025-05-05 09:00:00;53,45;10,18;
"K-B3 ACOEM SW 5";2025-05-05 08:00:00;68,48;6,17;
"K-B3 ACOEM SW 5";2025-05-05 07:00:00;75,96;3,78;
"K-B3 ACOEM SW 5";2025-05-05 06:00:00;79,83;3,41;
"K-B3 ACOEM SW 5";2025-05-05 05:00:00;77,10;4,13;
"K-B3 ACOEM SW 5";2025-05-05 04:00:00;73,20;4,87;
"K-B3 ACOEM SW 5";2025-05-05 03:00:00;70,91;5,35;
"K-B3 ACOEM SW 5";2025-05-05 02:00:00;69,29;5,53;
"K-B3 ACOEM SW 5";2025-05-05 01:00:00;62,44;6,07;
"K-B3 ACOEM SW 5";2025-05-05 00:00:00;58,16;6,71;
"K-B3 ACOEM SW 5";2025-05-04 23:00:00;53,53;7,38;
"K-B3 ACOEM SW 5";2025-05-04 22:00:00;47,37;8,73;
"K-B3 ACOEM SW 5";2025-05-04 21:00:00;41,28;10,95;
"K-B3 ACOEM SW 5";2025-05-04 20:00:00;36,97;12,35;
"K-B3 ACOEM SW 5";2025-05-04 19:00:00;37,46;12,34;
"K-B3 ACOEM SW 5";2025-05-04 18:00:00;37,37;12,15;
"K-B3 ACOEM SW 5";2025-05-04 17:00:00;37,88;11,42;
"K-B3 ACOEM SW 5";2025-05-04 16:00:00;35,67;11,52;
"K-B3 ACOEM SW 5";2025-05-04 15:00:00;34,26;11,69;
"K-B3 ACOEM SW 5";2025-05-04 14:00:00;33,70;11,35;
"K-B3 ACOEM SW 5";2025-05-04 13:00:00;34,76;11,20;
"K-B3 ACOEM SW 5";2025-05-04 12:00:00;33,24;10,80;
"K-B3 ACOEM SW 5";2025-05-04 11:00:00;37,89;8,81;
"K-B3 ACOEM SW 5";2025-05-04 10:00:00;42,41;7,74;
"K-B3 ACOEM SW 5";2025-05-04 09:00:00;44,58;7,10;
"K-B3 ACOEM SW 5";2025-05-04 08:00:00;49,96;7,13;
"K-B3 ACOEM SW 5";2025-05-04 07:00:00;50,33;7,22;
"K-B3 ACOEM SW 5";2025-05-04 06:00:00;48,66;7,69;
"K-B3 ACOEM SW 5";2025-05-04 05:00:00;57,70;7,99;
"K-B3 ACOEM SW 5";2025-05-04 04:00:00;65,75;8,31;
"K-B3 ACOEM SW 5";2025-05-04 03:00:00;73,09;8,60;
"K-B3 ACOEM SW 5";2025-05-04 02:00:00;75,37;8,49;
"K-B3 ACOEM SW 5";2025-05-04 01:00:00;74,43;8,40;
"K-B3 ACOEM SW 5";2025-05-04 00:00:00;78,54;8,34;
"K-B3 ACOEM SW 5";2025-05-03 23:00:00;78,46;9,17;
"K-B3 ACOEM SW 5";2025-05-03 22:00:00;75,61;9,88;
"K-B3 ACOEM SW 5";2025-05-03 21:00:00;76,75;9,87;
"K-B3 ACOEM SW 5";2025-05-03 20:00:00;77,60;10,29;
"K-B3 ACOEM SW 5";2025-05-03 19:00:00;73,13;10,99;
"K-B3 ACOEM SW 5";2025-05-03 18:00:00;66,01;11,75;
"K-B3 ACOEM SW 5";2025-05-03 17:00:00;55,57;13,50;
"K-B3 ACOEM SW 5";2025-05-03 16:00:00;49,35;14,69;
"K-B3 ACOEM SW 5";2025-05-03 15:00:00;47,90;15,49;
"K-B3 ACOEM SW 5";2025-05-03 14:00:00;60,82;13,49;
"K-B3 ACOEM SW 5";2025-05-03 13:00:00;59,96;13,86;
"K-B3 ACOEM SW 5";2025-05-03 12:00:00;50,28;14,22;
"K-B3 ACOEM SW 5";2025-05-03 11:00:00;59,11;12,65;
"K-B3 ACOEM SW 5";2025-05-03 10:00:00;66,16;11,01;
"K-B3 ACOEM SW 5";2025-05-03 09:00:00;64,62;11,12;
"K-B3 ACOEM SW 5";2025-05-03 08:00:00;72,82;8,73;
"K-B3 ACOEM SW 5";2025-05-03 07:00:00;75,41;7,93;
"K-B3 ACOEM SW 5";2025-05-03 06:00:00;76,73;7,18;
"K-B3 ACOEM SW 5";2025-05-03 05:00:00;74,51;7,60;
"K-B3 ACOEM SW 5";2025-05-03 04:00:00;73,32;7,91;
"K-B3 ACOEM SW 5";2025-05-03 03:00:00;74,02;7,89;
"K-B3 ACOEM SW 5";2025-05-03 02:00:00;72,27;8,23;
"K-B3 ACOEM SW 5";2025-05-03 01:00:00;69,96;8,72;
"K-B3 ACOEM SW 5";2025-05-03 00:00:00;67,29;9,33;
"K-B3 ACOEM SW 5";2025-05-02 23:00:00;62,59;10,16;
"K-B3 ACOEM SW 5";2025-05-02 22:00:00;55,79;11,31;
"K-B3 ACOEM SW 5";2025-05-02 21:00:00;50,40;12,65;
"K-B3 ACOEM SW 5";2025-05-02 20:00:00;47,57;13,43;
"K-B3 ACOEM SW 5";2025-05-02 19:00:00;44,73;14,56;
"K-B3 ACOEM SW 5";2025-05-02 18:00:00;42,18;15,33;
"K-B3 ACOEM SW 5";2025-05-02 17:00:00;41,21;15,30;
"K-B3 ACOEM SW 5";2025-05-02 16:00:00;41,23;15,54;
"K-B3 ACOEM SW 5";2025-05-02 15:00:00;39,29;16,53;
"K-B3 ACOEM SW 5";2025-05-02 14:00:00;40,44;16,24;
"K-B3 ACOEM SW 5";2025-05-02 13:00:00;44,64;14,97;
"K-B3 ACOEM SW 5";2025-05-02 12:00:00;49,33;14,39;
"K-B3 ACOEM SW 5";2025-05-02 11:00:00;51,25;13,45;
"K-B3 ACOEM SW 5";2025-05-02 10:00:00;57,55;12,27;
"K-B3 ACOEM SW 5";2025-05-02 09:00:00;63,58;11,28;
"K-B3 ACOEM SW 5";2025-05-02 08:00:00;69,53;10,25;
"K-B3 ACOEM SW 5";2025-05-02 07:00:00;73,10;9,80;
"K-B3 ACOEM SW 5";2025-05-02 06:00:00;79,41;10,55;
"K-B3 ACOEM SW 5";2025-05-02 05:00:00;89,90;10,96;
"K-B3 ACOEM SW 5";2025-05-02 04:00:00;91,58;10,93;
"K-B3 ACOEM SW 5";2025-05-02 03:00:00;91,35;10,98;
"K-B3 ACOEM SW 5";2025-05-02 02:00:00;88,95;11,31;
"K-B3 ACOEM SW 5";2025-05-02 01:00:00;87,91;11,13;
"K-B3 ACOEM SW 5";2025-05-02 00:00:00;90,03;10,74;
"K-B3 ACOEM SW 5";2025-05-01 23:00:00;90,93;10,16;
"K-B3 ACOEM SW 5";2025-05-01 22:00:00;88,96;10,54;
"K-B3 ACOEM SW 5";2025-05-01 21:00:00;82,21;12,06;
"K-B3 ACOEM SW 5";2025-05-01 20:00:00;75,68;13,55;
"K-B3 ACOEM SW 5";2025-05-01 19:00:00;69,62;15,13;
"K-B3 ACOEM SW 5";2025-05-01 18:00:00;64,10;16,14;
"K-B3 ACOEM SW 5";2025-05-01 17:00:00;60,71;16,63;
"K-B3 ACOEM SW 5";2025-05-01 16:00:00;64,14;16,12;
"K-B3 ACOEM SW 5";2025-05-01 15:00:00;67,56;15,04;
"K-B3 ACOEM SW 5";2025-05-01 14:00:00;69,74;14,17;
"K-B3 ACOEM SW 5";2025-05-01 13:00:00;67,35;14,45;
"K-B3 ACOEM SW 5";2025-05-01 12:00:00;65,98;14,45;
"K-B3 ACOEM SW 5";2025-05-01 11:00:00;61,76;15,25;
"K-B3 ACOEM SW 5";2025-05-01 10:00:00;57,81;16,37;
"K-B3 ACOEM SW 5";2025-05-01 09:00:00;61,07;14,83;
"K-B3 ACOEM SW 5";2025-05-01 08:00:00;71,77;10,55;
"K-B3 ACOEM SW 5";2025-05-01 07:00:00;78,23;8,37;
"K-B3 ACOEM SW 5";2025-05-01 06:00:00;79,84;8,05;
"K-B3 ACOEM SW 5";2025-05-01 05:00:00;79,89;8,24;
"K-B3 ACOEM SW 5";2025-05-01 04:00:00;76,40;9,10;
"K-B3 ACOEM SW 5";2025-05-01 03:00:00;69,04;10,38;
"K-B3 ACOEM SW 5";2025-05-01 02:00:00;68,14;10,79;
"K-B3 ACOEM SW 5";2025-05-01 01:00:00;72,56;11,17;
"K-B3 ACOEM SW 5";2025-05-01 00:00:00;68,19;12,36;
"K-B3 ACOEM SW 5";2025-04-30 23:00:00;55,20;15,16;
"K-B3 ACOEM SW 5";2025-04-30 22:00:00;40,21;17,83;
"K-B3 ACOEM SW 5";2025-04-30 21:00:00;33,50;20,14;
"K-B3 ACOEM SW 5";2025-04-30 20:00:00;30,81;20,83;
"K-B3 ACOEM SW 5";2025-04-30 19:00:00;27,08;21,67;
"K-B3 ACOEM SW 5";2025-04-30 18:00:00;22,82;22,24;
"K-B3 ACOEM SW 5";2025-04-30 17:00:00;21,31;22,85;
"K-B3 ACOEM SW 5";2025-04-30 16:00:00;28,00;22,93;
"K-B3 ACOEM SW 5";2025-04-30 15:00:00;40,19;21,98;
"K-B3 ACOEM SW 5";2025-04-30 14:00:00;35,41;21,90;
"K-B3 ACOEM SW 5";2025-04-30 13:00:00;41,39;20,17;
"K-B3 ACOEM SW 5";2025-04-30 12:00:00;56,05;16,79;
"K-B3 ACOEM SW 5";2025-04-30 11:00:00;68,44;14,40;
"K-B3 ACOEM SW 5";2025-04-30 10:00:00;73,85;13,02;
"K-B3 ACOEM SW 5";2025-04-30 09:00:00;76,84;12,05;
"K-B3 ACOEM SW 5";2025-04-30 08:00:00;79,24;11,12;
"K-B3 ACOEM SW 5";2025-04-30 07:00:00;78,68;10,88;
"K-B3 ACOEM SW 5";2025-04-30 06:00:00;77,55;10,77;
"K-B3 ACOEM SW 5";2025-04-30 05:00:00;75,12;11,02;
"K-B3 ACOEM SW 5";2025-04-30 04:00:00;73,92;11,33;
"K-B3 ACOEM SW 5";2025-04-30 03:00:00;72,98;11,62;
"K-B3 ACOEM SW 5";2025-04-30 02:00:00;70,86;12,13;
"K-B3 ACOEM SW 5";2025-04-30 01:00:00;64,41;13,08;
"K-B3 ACOEM SW 5";2025-04-30 00:00:00;59,44;14,17;
"K-B3 ACOEM SW 5";2025-04-29 23:00:00;55,35;15,28;
"K-B3 ACOEM SW 5";2025-04-29 22:00:00;52,30;16,54;
"K-B3 ACOEM SW 5";2025-04-29 21:00:00;47,48;18,46;
"K-B3 ACOEM SW 5";2025-04-29 20:00:00;42,57;19,76;
"K-B3 ACOEM SW 5";2025-04-29 19:00:00;37,38;21,46;
"K-B3 ACOEM SW 5";2025-04-29 18:00:00;33,42;22,54;
"K-B3 ACOEM SW 5";2025-04-29 17:00:00;28,70;22,63;
"K-B3 ACOEM SW 5";2025-04-29 16:00:00;30,12;22,38;
"K-B3 ACOEM SW 5";2025-04-29 15:00:00;36,85;21,35;
"K-B3 ACOEM SW 5";2025-04-29 14:00:00;37,33;19,83;
"K-B3 ACOEM SW 5";2025-04-29 13:00:00;43,15;18,72;
"K-B3 ACOEM SW 5";2025-04-29 12:00:00;33,04;19,94;
"K-B3 ACOEM SW 5";2025-04-29 11:00:00;36,25;16,87;
"K-B3 ACOEM SW 5";2025-04-29 10:00:00;41,39;14,88;
"K-B3 ACOEM SW 5";2025-04-29 09:00:00;48,83;12,55;
"K-B3 ACOEM SW 5";2025-04-29 08:00:00;57,03;10,13;
"K-B3 ACOEM SW 5";2025-04-29 07:00:00;61,52;8,89;
"K-B3 ACOEM SW 5";2025-04-29 06:00:00;62,06;9,15;
"K-B3 ACOEM SW 5";2025-04-29 05:00:00;59,89;9,87;
"K-B3 ACOEM SW 5";2025-04-29 04:00:00;60,13;10,37;
"K-B3 ACOEM SW 5";2025-04-29 03:00:00;61,93;10,75;
"K-B3 ACOEM SW 5";2025-04-29 02:00:00;64,62;11,13;
"K-B3 ACOEM SW 5";2025-04-29 01:00:00;65,58;11,83;
"K-B3 ACOEM SW 5";2025-04-29 00:00:00;66,34;12,71;
"K-B3 ACOEM SW 5";2025-04-28 23:00:00;67,24;13,71;
"K-B3 ACOEM SW 5";2025-04-28 22:00:00;67,39;14,88;
"K-B3 ACOEM SW 5";2025-04-28 21:00:00;64,30;16,21;
"K-B3 ACOEM SW 5";2025-04-28 20:00:00;60,65;17,46;
"K-B3 ACOEM SW 5";2025-04-28 19:00:00;58,18;18,34;
"K-B3 ACOEM SW 5";2025-04-28 18:00:00;57,94;18,37;
"K-B3 ACOEM SW 5";2025-04-28 17:00:00;55,16;19,26;
"K-B3 ACOEM SW 5";2025-04-28 16:00:00;55,38;19,07;
"K-B3 ACOEM SW 5";2025-04-28 15:00:00;56,49;19,05;
"K-B3 ACOEM SW 5";2025-04-28 14:00:00;51,91;19,81;
"K-B3 ACOEM SW 5";2025-04-28 13:00:00;56,79;18,35;
"K-B3 ACOEM SW 5";2025-04-28 12:00:00;64,94;16,67;
"K-B3 ACOEM SW 5";2025-04-28 11:00:00;74,68;14,15;
"K-B3 ACOEM SW 5";2025-04-28 10:00:00;79,52;12,75;
"K-B3 ACOEM SW 5";2025-04-28 09:00:00;84,83;11,20;
"K-B3 ACOEM SW 5";2025-04-28 08:00:00;88,62;10,02;
"K-B3 ACOEM SW 5";2025-04-28 07:00:00;89,69;9,43;
"K-B3 ACOEM SW 5";2025-04-28 06:00:00;89,60;9,03;
"K-B3 ACOEM SW 5";2025-04-28 05:00:00;89,75;8,83;
"K-B3 ACOEM SW 5";2025-04-28 04:00:00;89,37;8,90;
"K-B3 ACOEM SW 5";2025-04-28 03:00:00;87,35;8,85;
"K-B3 ACOEM SW 5";2025-04-28 02:00:00;83,47;9,00;
"K-B3 ACOEM SW 5";2025-04-28 01:00:00;78,29;9,63;
"K-B3 ACOEM SW 5";2025-04-28 00:00:00;80,44;10,15;
"K-B3 ACOEM SW 5";2025-04-27 23:00:00;77,96;10,88;
"K-B3 ACOEM SW 5";2025-04-27 22:00:00;73,91;11,60;
"K-B3 ACOEM SW 5";2025-04-27 21:00:00;72,70;12,01;
"K-B3 ACOEM SW 5";2025-04-27 20:00:00;76,84;12,18;
"K-B3 ACOEM SW 5";2025-04-27 19:00:00;73,64;12,99;
"K-B3 ACOEM SW 5";2025-04-27 18:00:00;70,97;13,90;
"K-B3 ACOEM SW 5";2025-04-27 17:00:00;68,50;14,49;
"K-B3 ACOEM SW 5";2025-04-27 16:00:00;68,63;14,37;
"K-B3 ACOEM SW 5";2025-04-27 15:00:00;67,34;14,82;
"K-B3 ACOEM SW 5";2025-04-27 14:00:00;69,09;14,05;
"K-B3 ACOEM SW 5";2025-04-27 13:00:00;69,59;13,58;
"K-B3 ACOEM SW 5";2025-04-27 12:00:00;68,21;13,27;
"K-B3 ACOEM SW 5";2025-04-27 11:00:00;64,88;13,13;
"K-B3 ACOEM SW 5";2025-04-27 10:00:00;70,52;11,32;
"K-B3 ACOEM SW 5";2025-04-27 09:00:00;73,72;9,33;
"K-B3 ACOEM SW 5";2025-04-27 08:00:00;81,23;6,55;
"K-B3 ACOEM SW 5";2025-04-27 07:00:00;88,15;5,16;
"K-B3 ACOEM SW 5";2025-04-27 06:00:00;87,56;4,17;
"K-B3 ACOEM SW 5";2025-04-27 05:00:00;85,29;3,47;
"K-B3 ACOEM SW 5";2025-04-27 04:00:00;83,83;3,71;
"K-B3 ACOEM SW 5";2025-04-27 03:00:00;83,56;3,87;
"K-B3 ACOEM SW 5";2025-04-27 02:00:00;82,27;4,18;
"K-B3 ACOEM SW 5";2025-04-27 01:00:00;81,01;4,99;
"K-B3 ACOEM SW 5";2025-04-27 00:00:00;76,34;6,37;
"K-B3 ACOEM SW 5";2025-04-26 23:00:00;72,24;7,63;
"K-B3 ACOEM SW 5";2025-04-26 22:00:00;66,97;9,14;
"K-B3 ACOEM SW 5";2025-04-26 21:00:00;60,24;10,72;
"K-B3 ACOEM SW 5";2025-04-26 20:00:00;53,60;11,68;
"K-B3 ACOEM SW 5";2025-04-26 19:00:00;49,02;12,92;
"K-B3 ACOEM SW 5";2025-04-26 18:00:00;48,30;13,42;
"K-B3 ACOEM SW 5";2025-04-26 17:00:00;49,67;13,63;
"K-B3 ACOEM SW 5";2025-04-26 16:00:00;46,29;14,06;
"K-B3 ACOEM SW 5";2025-04-26 15:00:00;47,30;13,59;
"K-B3 ACOEM SW 5";2025-04-26 14:00:00;50,69;13,85;
"K-B3 ACOEM SW 5";2025-04-26 13:00:00;55,75;13,14;
"K-B3 ACOEM SW 5";2025-04-26 12:00:00;55,02;12,68;
"K-B3 ACOEM SW 5";2025-04-26 11:00:00;53,51;12,10;
"K-B3 ACOEM SW 5";2025-04-26 10:00:00;48,63;12,00;
"K-B3 ACOEM SW 5";2025-04-26 09:00:00;62,58;8,30;
"K-B3 ACOEM SW 5";2025-04-26 08:00:00;73,36;4,40;
"K-B3 ACOEM SW 5";2025-04-26 07:00:00;79,70;2,42;
"K-B3 ACOEM SW 5";2025-04-26 06:00:00;69,47;3,16;
"K-B3 ACOEM SW 5";2025-04-26 05:00:00;69,08;3,31;
"K-B3 ACOEM SW 5";2025-04-26 04:00:00;72,62;3,07;
"K-B3 ACOEM SW 5";2025-04-26 03:00:00;72,34;3,38;
"K-B3 ACOEM SW 5";2025-04-26 02:00:00;71,70;3,75;
"K-B3 ACOEM SW 5";2025-04-26 01:00:00;69,98;4,31;
"K-B3 ACOEM SW 5";2025-04-26 00:00:00;69,55;4,93;
"K-B3 ACOEM SW 5";2025-04-25 23:00:00;64,73;6,14;
"K-B3 ACOEM SW 5";2025-04-25 22:00:00;58,74;7,69;
"K-B3 ACOEM SW 5";2025-04-25 21:00:00;53,18;9,31;
"K-B3 ACOEM SW 5";2025-04-25 20:00:00;50,50;10,03;
"K-B3 ACOEM SW 5";2025-04-25 19:00:00;49,01;10,36;
"K-B3 ACOEM SW 5";2025-04-25 18:00:00;49,99;10,44;
"K-B3 ACOEM SW 5";2025-04-25 17:00:00;50,61;10,73;
"K-B3 ACOEM SW 5";2025-04-25 16:00:00;50,52;10,84;
"K-B3 ACOEM SW 5";2025-04-25 15:00:00;52,59;9,85;
"K-B3 ACOEM SW 5";2025-04-25 14:00:00;54,53;9,31;
"K-B3 ACOEM SW 5";2025-04-25 13:00:00;54,57;8,86;
"K-B3 ACOEM SW 5";2025-04-25 12:00:00;55,06;8,45;
"K-B3 ACOEM SW 5";2025-04-25 11:00:00;54,66;7,97;
"K-B3 ACOEM SW 5";2025-04-25 10:00:00;55,24;7,42;
"K-B3 ACOEM SW 5";2025-04-25 09:00:00;53,39;6,62;
"K-B3 ACOEM SW 5";2025-04-25 08:00:00;52,35;5,81;
"K-B3 ACOEM SW 5";2025-04-25 07:00:00;55,57;5,44;
"K-B3 ACOEM SW 5";2025-04-25 06:00:00;60,13;6,18;
"K-B3 ACOEM SW 5";2025-04-25 05:00:00;63,28;7,03;
"K-B3 ACOEM SW 5";2025-04-25 04:00:00;62,23;7,85;
"K-B3 ACOEM SW 5";2025-04-25 03:00:00;66,71;8,27;
"K-B3 ACOEM SW 5";2025-04-25 02:00:00;73,63;8,26;
"K-B3 ACOEM SW 5";2025-04-25 01:00:00;74,35;8,53;
"K-B3 ACOEM SW 5";2025-04-25 00:00:00;77,23;8,93;
"K-B3 ACOEM SW 5";2025-04-24 23:00:00;77,69;9,69;
"K-B3 ACOEM SW 5";2025-04-24 22:00:00;76,55;10,56;
"K-B3 ACOEM SW 5";2025-04-24 21:00:00;34,04;16,04;
"K-B3 ACOEM SW 5";2025-04-24 20:00:00;19,34;18,59;
"K-B3 ACOEM SW 5";2025-04-24 19:00:00;21,35;19,63;
"K-B3 ACOEM SW 5";2025-04-24 18:00:00;30,05;19,95;
"K-B3 ACOEM SW 5";2025-04-24 17:00:00;47,41;18,84;
"K-B3 ACOEM SW 5";2025-04-24 16:00:00;53,78;18,11;
"K-B3 ACOEM SW 5";2025-04-24 15:00:00;59,31;16,10;
"K-B3 ACOEM SW 5";2025-04-24 14:00:00;56,82;16,96;
"K-B3 ACOEM SW 5";2025-04-24 13:00:00;59,64;16,29;
"K-B3 ACOEM SW 5";2025-04-24 12:00:00;59,75;16,08;
"K-B3 ACOEM SW 5";2025-04-24 11:00:00;60,26;15,71;
"K-B3 ACOEM SW 5";2025-04-24 10:00:00;60,59;14,51;
"K-B3 ACOEM SW 5";2025-04-24 09:00:00;70,53;11,92;
"K-B3 ACOEM SW 5";2025-04-24 08:00:00;81,32;8,50;
"K-B3 ACOEM SW 5";2025-04-24 07:00:00;84,58;7,51;
"K-B3 ACOEM SW 5";2025-04-24 06:00:00;84,21;7,70;
"K-B3 ACOEM SW 5";2025-04-24 05:00:00;83,17;7,88;
"K-B3 ACOEM SW 5";2025-04-24 04:00:00;81,97;8,21;
"K-B3 ACOEM SW 5";2025-04-24 03:00:00;81,67;8,38;
"K-B3 ACOEM SW 5";2025-04-24 02:00:00;81,47;8,48;
"K-B3 ACOEM SW 5";2025-04-24 01:00:00;81,63;8,47;
"K-B3 ACOEM SW 5";2025-04-24 00:00:00;79,32;8,86;
"K-B3 ACOEM SW 5";2025-04-23 23:00:00;74,22;9,92;
"K-B3 ACOEM SW 5";2025-04-23 22:00:00;72,80;11,10;
"K-B3 ACOEM SW 5";2025-04-23 21:00:00;66,92;12,61;
"K-B3 ACOEM SW 5";2025-04-23 20:00:00;64,12;13,15;
"K-B3 ACOEM SW 5";2025-04-23 19:00:00;61,73;14,20;
"K-B3 ACOEM SW 5";2025-04-23 18:00:00;60,56;13,89;
"K-B3 ACOEM SW 5";2025-04-23 17:00:00;63,12;13,87;
"K-B3 ACOEM SW 5";2025-04-23 16:00:00;65,80;14,06;
"K-B3 ACOEM SW 5";2025-04-23 15:00:00;62,12;15,27;
"K-B3 ACOEM SW 5";2025-04-23 14:00:00;59,41;15,80;
"K-B3 ACOEM SW 5";2025-04-23 13:00:00;61,93;15,17;
"K-B3 ACOEM SW 5";2025-04-23 12:00:00;67,99;13,25;
"K-B3 ACOEM SW 5";2025-04-23 11:00:00;70,68;12,60;
"K-B3 ACOEM SW 5";2025-04-23 10:00:00;71,06;12,61;
"K-B3 ACOEM SW 5";2025-04-23 09:00:00;81,67;9,61;
"K-B3 ACOEM SW 5";2025-04-23 08:00:00;89,33;7,14;
"K-B3 ACOEM SW 5";2025-04-23 07:00:00;89,44;6,77;
"K-B3 ACOEM SW 5";2025-04-23 06:00:00;89,68;6,83;
"K-B3 ACOEM SW 5";2025-04-23 05:00:00;89,21;7,01;
"K-B3 ACOEM SW 5";2025-04-23 04:00:00;89,45;7,00;
"K-B3 ACOEM SW 5";2025-04-23 03:00:00;89,11;7,26;
"K-B3 ACOEM SW 5";2025-04-23 02:00:00;88,24;7,65;
"K-B3 ACOEM SW 5";2025-04-23 01:00:00;87,78;7,94;
"K-B3 ACOEM SW 5";2025-04-23 00:00:00;85,95;8,51;
"K-B3 ACOEM SW 5";2025-04-22 23:00:00;84,59;9,00;
"K-B3 ACOEM SW 5";2025-04-22 22:00:00;82,85;9,43;
"K-B3 ACOEM SW 5";2025-04-22 21:00:00;81,76;9,60;
"K-B3 ACOEM SW 5";2025-04-22 20:00:00;79,49;10,10;
"K-B3 ACOEM SW 5";2025-04-22 19:00:00;78,06;10,46;
"K-B3 ACOEM SW 5";2025-04-22 18:00:00;75,77;10,87;
"K-B3 ACOEM SW 5";2025-04-22 17:00:00;76,50;10,56;
"K-B3 ACOEM SW 5";2025-04-22 16:00:00;75,15;10,64;
"K-B3 ACOEM SW 5";2025-04-22 15:00:00;74,99;10,43;
"K-B3 ACOEM SW 5";2025-04-22 14:00:00;76,70;10,11;
"K-B3 ACOEM SW 5";2025-04-22 13:00:00;77,42;9,67;
"K-B3 ACOEM SW 5";2025-04-22 12:00:00;78,15;9,28;
"K-B3 ACOEM SW 5";2025-04-22 11:00:00;78,87;8,74;
"K-B3 ACOEM SW 5";2025-04-22 10:00:00;81,01;8,20;
"K-B3 ACOEM SW 5";2025-04-22 09:00:00;83,86;7,67;
"K-B3 ACOEM SW 5";2025-04-22 08:00:00;87,96;7,14;
"K-B3 ACOEM SW 5";2025-04-22 07:00:00;88,91;7,03;
"K-B3 ACOEM SW 5";2025-04-22 06:00:00;87,66;7,17;
"K-B3 ACOEM SW 5";2025-04-22 05:00:00;86,84;7,28;
"K-B3 ACOEM SW 5";2025-04-22 04:00:00;86,37;7,41;
"K-B3 ACOEM SW 5";2025-04-22 03:00:00;86,44;7,43;
"K-B3 ACOEM SW 5";2025-04-22 02:00:00;86,97;7,33;
"K-B3 ACOEM SW 5";2025-04-22 01:00:00;85,35;7,47;
"K-B3 ACOEM SW 5";2025-04-22 00:00:00;83,33;7,64;
"K-B3 ACOEM SW 5";2025-04-21 23:00:00;83,33;7,64;
"K-B3 ACOEM SW 5";2025-04-21 22:00:00;83,24;7,79;
"K-B3 ACOEM SW 5";2025-04-21 21:00:00;82,81;7,87;
"K-B3 ACOEM SW 5";2025-04-21 20:00:00;80,52;8,21;
"K-B3 ACOEM SW 5";2025-04-21 19:00:00;77,33;8,88;
"K-B3 ACOEM SW 5";2025-04-21 18:00:00;73,38;9,73;
"K-B3 ACOEM SW 5";2025-04-21 17:00:00;71,07;10,08;
"K-B3 ACOEM SW 5";2025-04-21 16:00:00;68,97;10,61;
"K-B3 ACOEM SW 5";2025-04-21 15:00:00;67,70;11,01;
"K-B3 ACOEM SW 5";2025-04-21 14:00:00;66,60;11,05;
"K-B3 ACOEM SW 5";2025-04-21 13:00:00;63,28;11,54;
"K-B3 ACOEM SW 5";2025-04-21 12:00:00;62,91;11,36;
"K-B3 ACOEM SW 5";2025-04-21 11:00:00;64,11;10,81;
"K-B3 ACOEM SW 5";2025-04-21 10:00:00;70,47;9,30;
"K-B3 ACOEM SW 5";2025-04-21 09:00:00;77,04;7,58;
"K-B3 ACOEM SW 5";2025-04-21 08:00:00;81,05;6,98;
"K-B3 ACOEM SW 5";2025-04-21 07:00:00;86,02;6,10;
"K-B3 ACOEM SW 5";2025-04-21 06:00:00;84,30;6,78;
"K-B3 ACOEM SW 5";2025-04-21 05:00:00;81,74;7,30;
"K-B3 ACOEM SW 5";2025-04-21 04:00:00;82,13;7,31;
"K-B3 ACOEM SW 5";2025-04-21 03:00:00;82,97;7,40;
"K-B3 ACOEM SW 5";2025-04-21 02:00:00;82,22;7,68;
"K-B3 ACOEM SW 5";2025-04-21 01:00:00;82,60;7,74;
"K-B3 ACOEM SW 5";2025-04-21 00:00:00;81,73;7,87;
"K-B3 ACOEM SW 5";2025-04-20 23:00:00;80,78;7,97;
"K-B3 ACOEM SW 5";2025-04-20 22:00:00;81,23;8,04;
"K-B3 ACOEM SW 5";2025-04-20 21:00:00;81,56;8,17;
"K-B3 ACOEM SW 5";2025-04-20 20:00:00;80,63;8,25;
"K-B3 ACOEM SW 5";2025-04-20 19:00:00;79,36;8,60;
"K-B3 ACOEM SW 5";2025-04-20 18:00:00;77,76;8,96;
"K-B3 ACOEM SW 5";2025-04-20 17:00:00;77,82;9,23;
"K-B3 ACOEM SW 5";2025-04-20 16:00:00;71,72;9,63;
"K-B3 ACOEM SW 5";2025-04-20 15:00:00;72,82;9,37;
"K-B3 ACOEM SW 5";2025-04-20 14:00:00;75,86;9,01;
"K-B3 ACOEM SW 5";2025-04-20 13:00:00;79,80;8,58;
"K-B3 ACOEM SW 5";2025-04-20 12:00:00;83,66;8,10;
"K-B3 ACOEM SW 5";2025-04-20 11:00:00;89,28;7,37;
"K-B3 ACOEM SW 5";2025-04-20 10:00:00;91,51;6,93;
"K-B3 ACOEM SW 5";2025-04-20 09:00:00;89,60;6,92;
"K-B3 ACOEM SW 5";2025-04-20 08:00:00;86,70;7,06;
"K-B3 ACOEM SW 5";2025-04-20 07:00:00;86,97;6,97;
"K-B3 ACOEM SW 5";2025-04-20 06:00:00;89,89;6,82;
"K-B3 ACOEM SW 5";2025-04-20 05:00:00;91,70;6,82;
"K-B3 ACOEM SW 5";2025-04-20 04:00:00;92,43;6,87;
"K-B3 ACOEM SW 5";2025-04-20 03:00:00;91,36;7,14;
"K-B3 ACOEM SW 5";2025-04-20 02:00:00;88,21;7,59;
"K-B3 ACOEM SW 5";2025-04-20 01:00:00;88,35;7,87;
"K-B3 ACOEM SW 5";2025-04-20 00:00:00;88,91;8,21;
"K-B3 ACOEM SW 5";2025-04-19 23:00:00;90,76;8,31;
"K-B3 ACOEM SW 5";2025-04-19 22:00:00;89,66;8,83;
"K-B3 ACOEM SW 5";2025-04-19 21:00:00;87,79;9,42;
"K-B3 ACOEM SW 5";2025-04-19 20:00:00;86,21;9,88;
"K-B3 ACOEM SW 5";2025-04-19 19:00:00;86,71;10,27;
"K-B3 ACOEM SW 5";2025-04-19 18:00:00;85,55;10,55;
"K-B3 ACOEM SW 5";2025-04-19 17:00:00;82,51;11,05;
"K-B3 ACOEM SW 5";2025-04-19 16:00:00;83,87;11,09;
"K-B3 ACOEM SW 5";2025-04-19 15:00:00;79,12;11,68;
"K-B3 ACOEM SW 5";2025-04-19 14:00:00;73,34;12,52;
"K-B3 ACOEM SW 5";2025-04-19 13:00:00;63,71;14,01;
"K-B3 ACOEM SW 5";2025-04-19 12:00:00;56,79;14,52;
"K-B3 ACOEM SW 5";2025-04-19 11:00:00;52,31;13,45;
"K-B3 ACOEM SW 5";2025-04-19 10:00:00;53,64;11,52;
"K-B3 ACOEM SW 5";2025-04-19 09:00:00;61,91;8,88;
"K-B3 ACOEM SW 5";2025-04-19 08:00:00;62,75;8,44;
"K-B3 ACOEM SW 5";2025-04-19 07:00:00;63,57;8,17;
"K-B3 ACOEM SW 5";2025-04-19 06:00:00;63,08;8,32;
"K-B3 ACOEM SW 5";2025-04-19 05:00:00;65,20;8,04;
"K-B3 ACOEM SW 5";2025-04-19 04:00:00;67,37;8,14;
"K-B3 ACOEM SW 5";2025-04-19 03:00:00;71,34;8,23;
"K-B3 ACOEM SW 5";2025-04-19 02:00:00;79,10;8,16;
"K-B3 ACOEM SW 5";2025-04-19 01:00:00;82,24;8,21;
"K-B3 ACOEM SW 5";2025-04-19 00:00:00;79,23;8,71;
"K-B3 ACOEM SW 5";2025-04-18 23:00:00;73,55;9,65;
"K-B3 ACOEM SW 5";2025-04-18 22:00:00;67,25;10,87;
"K-B3 ACOEM SW 5";2025-04-18 21:00:00;59,56;12,98;
"K-B3 ACOEM SW 5";2025-04-18 20:00:00;58,27;13,67;
"K-B3 ACOEM SW 5";2025-04-18 19:00:00;58,52;13,63;
"K-B3 ACOEM SW 5";2025-04-18 18:00:00;57,99;13,75;
"K-B3 ACOEM SW 5";2025-04-18 17:00:00;57,03;14,00;
"K-B3 ACOEM SW 5";2025-04-18 16:00:00;52,79;15,17;
"K-B3 ACOEM SW 5";2025-04-18 15:00:00;57,15;15,05;
"K-B3 ACOEM SW 5";2025-04-18 14:00:00;59,66;14,71;
"K-B3 ACOEM SW 5";2025-04-18 13:00:00;63,63;14,18;
"K-B3 ACOEM SW 5";2025-04-18 12:00:00;60,73;14,56;
"K-B3 ACOEM SW 5";2025-04-18 11:00:00;63,19;13,57;
"K-B3 ACOEM SW 5";2025-04-18 10:00:00;69,92;11,32;
"K-B3 ACOEM SW 5";2025-04-18 09:00:00;77,26;10,12;
"K-B3 ACOEM SW 5";2025-04-18 08:00:00;82,76;7,74;
"K-B3 ACOEM SW 5";2025-04-18 07:00:00;83,53;7,56;
"K-B3 ACOEM SW 5";2025-04-18 06:00:00;87,26;7,44;
"K-B3 ACOEM SW 5";2025-04-18 05:00:00;87,69;7,61;
"K-B3 ACOEM SW 5";2025-04-18 04:00:00;89,54;7,40;
"K-B3 ACOEM SW 5";2025-04-18 03:00:00;91,56;7,36;
"K-B3 ACOEM SW 5";2025-04-18 02:00:00;92,57;7,38;
"K-B3 ACOEM SW 5";2025-04-18 01:00:00;93,03;7,48;
"K-B3 ACOEM SW 5";2025-04-18 00:00:00;91,72;7,79;
"K-B3 ACOEM SW 5";2025-04-17 23:00:00;88,33;8,13;
"K-B3 ACOEM SW 5";2025-04-17 22:00:00;88,74;8,16;
"K-B3 ACOEM SW 5";2025-04-17 21:00:00;86,60;8,52;
"K-B3 ACOEM SW 5";2025-04-17 20:00:00;84,92;8,93;
"K-B3 ACOEM SW 5";2025-04-17 19:00:00;85,79;9,16;
"K-B3 ACOEM SW 5";2025-04-17 18:00:00;86,92;9,66;
"K-B3 ACOEM SW 5";2025-04-17 17:00:00;86,71;11,08;
"K-B3 ACOEM SW 5";2025-04-17 16:00:00;93,83;11,59;
"K-B3 ACOEM SW 5";2025-04-17 15:00:00;93,42;11,34;
"K-B3 ACOEM SW 5";2025-04-17 14:00:00;93,37;11,24;
"K-B3 ACOEM SW 5";2025-04-17 13:00:00;95,29;10,60;
"K-B3 ACOEM SW 5";2025-04-17 12:00:00;96,20;10,35;
"K-B3 ACOEM SW 5";2025-04-17 11:00:00;96,23;10,23;
"K-B3 ACOEM SW 5";2025-04-17 10:00:00;95,74;10,11;
"K-B3 ACOEM SW 5";2025-04-17 09:00:00;95,56;10,12;
"K-B3 ACOEM SW 5";2025-04-17 08:00:00;95,84;9,69;
"K-B3 ACOEM SW 5";2025-04-17 07:00:00;94,40;9,76;
"K-B3 ACOEM SW 5";2025-04-17 06:00:00;94,08;9,80;
"K-B3 ACOEM SW 5";2025-04-17 05:00:00;94,52;9,73;
"K-B3 ACOEM SW 5";2025-04-17 04:00:00;94,27;9,72;
"K-B3 ACOEM SW 5";2025-04-17 03:00:00;94,21;9,76;
"K-B3 ACOEM SW 5";2025-04-17 02:00:00;94,25;9,96;
"K-B3 ACOEM SW 5";2025-04-17 01:00:00;94,71;10,37;
"K-B3 ACOEM SW 5";2025-04-17 00:00:00;95,91;10,26;
"K-B3 ACOEM SW 5";2025-04-16 23:00:00;96,10;10,34;
"K-B3 ACOEM SW 5";2025-04-16 22:00:00;95,36;10,18;
"K-B3 ACOEM SW 5";2025-04-16 21:00:00;94,15;10,34;
"K-B3 ACOEM SW 5";2025-04-16 20:00:00;90,37;11,06;
"K-B3 ACOEM SW 5";2025-04-16 19:00:00;89,36;11,80;
"K-B3 ACOEM SW 5";2025-04-16 18:00:00;87,84;11,94;
"K-B3 ACOEM SW 5";2025-04-16 17:00:00;87,72;11,96;
"K-B3 ACOEM SW 5";2025-04-16 16:00:00;87,66;12,44;
"K-B3 ACOEM SW 5";2025-04-16 15:00:00;90,96;11,69;
"K-B3 ACOEM SW 5";2025-04-16 14:00:00;93,53;10,73;
"K-B3 ACOEM SW 5";2025-04-16 13:00:00;94,41;9,91;
"K-B3 ACOEM SW 5";2025-04-16 12:00:00;94,08;9,56;
"K-B3 ACOEM SW 5";2025-04-16 11:00:00;93,92;9,41;
"K-B3 ACOEM SW 5";2025-04-16 10:00:00;92,59;9,46;
"K-B3 ACOEM SW 5";2025-04-16 09:00:00;89,85;9,76;
"K-B3 ACOEM SW 5";2025-04-16 08:00:00;82,49;10,99;
"K-B3 ACOEM SW 5";2025-04-16 07:00:00;78,45;11,62;
"K-B3 ACOEM SW 5";2025-04-16 06:00:00;77,05;12,01;
"K-B3 ACOEM SW 5";2025-04-16 05:00:00;75,39;12,24;
"K-B3 ACOEM SW 5";2025-04-16 04:00:00;73,64;12,17;
"K-B3 ACOEM SW 5";2025-04-16 03:00:00;71,99;12,06;
"K-B3 ACOEM SW 5";2025-04-16 02:00:00;69,83;12,24;
"K-B3 ACOEM SW 5";2025-04-16 01:00:00;69,01;12,53;
"K-B3 ACOEM SW 5";2025-04-16 00:00:00;73,31;12,07;
"K-B3 ACOEM SW 5";2025-04-15 23:00:00;73,37;12,22;
"K-B3 ACOEM SW 5";2025-04-15 22:00:00;73,95;12,14;
"K-B3 ACOEM SW 5";2025-04-15 21:00:00;76,73;11,68;
"K-B3 ACOEM SW 5";2025-04-15 20:00:00;78,31;11,31;
"K-B3 ACOEM SW 5";2025-04-15 19:00:00;74,55;11,80;
"K-B3 ACOEM SW 5";2025-04-15 18:00:00;73,28;11,91;
"K-B3 ACOEM SW 5";2025-04-15 17:00:00;73,27;11,96;
"K-B3 ACOEM SW 5";2025-04-15 16:00:00;75,15;11,50;
"K-B3 ACOEM SW 5";2025-04-15 15:00:00;79,54;10,17;
"K-B3 ACOEM SW 5";2025-04-15 14:00:00;82,01;9,02;
"K-B3 ACOEM SW 5";2025-04-15 13:00:00;81,31;9,08;
"K-B3 ACOEM SW 5";2025-04-15 12:00:00;77,29;10,30;
"K-B3 ACOEM SW 5";2025-04-15 11:00:00;81,46;9,64;
"K-B3 ACOEM SW 5";2025-04-15 10:00:00;87,98;7,77;
"K-B3 ACOEM SW 5";2025-04-15 09:00:00;92,39;5,94;
"K-B3 ACOEM SW 5";2025-04-15 08:00:00;94,25;4,19;
"K-B3 ACOEM SW 5";2025-04-15 07:00:00;92,94;3,62;
"K-B3 ACOEM SW 5";2025-04-15 06:00:00;92,43;4,10;
"K-B3 ACOEM SW 5";2025-04-15 05:00:00;92,38;4,21;
"K-B3 ACOEM SW 5";2025-04-15 04:00:00;91,76;4,05;
"K-B3 ACOEM SW 5";2025-04-15 03:00:00;91,49;4,53;
"K-B3 ACOEM SW 5";2025-04-15 02:00:00;90,42;5,18;
"K-B3 ACOEM SW 5";2025-04-15 01:00:00;90,11;5,93;
"K-B3 ACOEM SW 5";2025-04-15 00:00:00;90,36;6,21;
"K-B3 ACOEM SW 5";2025-04-14 23:00:00;88,21;6,82;
"K-B3 ACOEM SW 5";2025-04-14 22:00:00;87,64;7,31;
"K-B3 ACOEM SW 5";2025-04-14 21:00:00;83,36;8,44;
"K-B3 ACOEM SW 5";2025-04-14 20:00:00;77,03;10,17;
"K-B3 ACOEM SW 5";2025-04-14 19:00:00;72,28;11,47;
"K-B3 ACOEM SW 5";2025-04-14 18:00:00;69,42;12,05;
"K-B3 ACOEM SW 5";2025-04-14 17:00:00;69,38;12,07;
"K-B3 ACOEM SW 5";2025-04-14 16:00:00;63,05;13,14;
"K-B3 ACOEM SW 5";2025-04-14 15:00:00;59,35;13,99;
"K-B3 ACOEM SW 5";2025-04-14 14:00:00;61,09;13,64;
"K-B3 ACOEM SW 5";2025-04-14 13:00:00;54,25;13,72;
"K-B3 ACOEM SW 5";2025-04-14 12:00:00;48,50;13,03;
"K-B3 ACOEM SW 5";2025-04-14 11:00:00;60,23;10,79;
"K-B3 ACOEM SW 5";2025-04-14 10:00:00;75,16;8,84;
"K-B3 ACOEM SW 5";2025-04-14 09:00:00;83,66;7,04;
"K-B3 ACOEM SW 5";2025-04-14 08:00:00;87,37;5,75;
"K-B3 ACOEM SW 5";2025-04-14 07:00:00;88,98;5,93;
"K-B3 ACOEM SW 5";2025-04-14 06:00:00;92,62;6,04;
"K-B3 ACOEM SW 5";2025-04-14 05:00:00;93,47;6,26;
"K-B3 ACOEM SW 5";2025-04-14 04:00:00;93,95;6,56;
"K-B3 ACOEM SW 5";2025-04-14 03:00:00;94,56;6,80;
"K-B3 ACOEM SW 5";2025-04-14 02:00:00;93,31;7,18;
"K-B3 ACOEM SW 5";2025-04-14 01:00:00;95,15;7,60;
"K-B3 ACOEM SW 5";2025-04-14 00:00:00;94,88;8,21;
"K-B3 ACOEM SW 5";2025-04-13 23:00:00;94,87;8,64;
"K-B3 ACOEM SW 5";2025-04-13 22:00:00;93,52;8,74;
"K-B3 ACOEM SW 5";2025-04-13 21:00:00;91,97;9,37;
"K-B3 ACOEM SW 5";2025-04-13 20:00:00;92,86;9,41;
"K-B3 ACOEM SW 5";2025-04-13 19:00:00;95,32;8,94;
"K-B3 ACOEM SW 5";2025-04-13 18:00:00;94,42;8,75;
"K-B3 ACOEM SW 5";2025-04-13 17:00:00;93,73;8,62;
"K-B3 ACOEM SW 5";2025-04-13 16:00:00;91,52;8,76;
"K-B3 ACOEM SW 5";2025-04-13 15:00:00;90,91;8,76;
"K-B3 ACOEM SW 5";2025-04-13 14:00:00;92,13;8,66;
"K-B3 ACOEM SW 5";2025-04-13 13:00:00;93,43;8,38;
"K-B3 ACOEM SW 5";2025-04-13 12:00:00;92,91;8,03;
"K-B3 ACOEM SW 5";2025-04-13 11:00:00;93,32;7,37;
"K-B3 ACOEM SW 5";2025-04-13 10:00:00;93,46;6,14;
"K-B3 ACOEM SW 5";2025-04-13 09:00:00;89,92;5,20;
"K-B3 ACOEM SW 5";2025-04-13 08:00:00;86,92;4,27;
"K-B3 ACOEM SW 5";2025-04-13 07:00:00;90,30;3,57;
"K-B3 ACOEM SW 5";2025-04-13 06:00:00;88,98;4,38;
"K-B3 ACOEM SW 5";2025-04-13 05:00:00;88,89;5,21;
"K-B3 ACOEM SW 5";2025-04-13 04:00:00;80,83;5,62;
"K-B3 ACOEM SW 5";2025-04-13 03:00:00;68,68;6,88;
"K-B3 ACOEM SW 5";2025-04-13 02:00:00;62,40;8,63;
"K-B3 ACOEM SW 5";2025-04-13 01:00:00;55,69;10,26;
"K-B3 ACOEM SW 5";2025-04-13 00:00:00;54,88;11,26;
"K-B3 ACOEM SW 5";2025-04-12 23:00:00;55,24;12,11;
"K-B3 ACOEM SW 5";2025-04-12 22:00:00;59,18;12,93;
"K-B3 ACOEM SW 5";2025-04-12 21:00:00;59,58;14,29;
"K-B3 ACOEM SW 5";2025-04-12 20:00:00;54,07;17,02;
"K-B3 ACOEM SW 5";2025-04-12 19:00:00;47,93;18,93;
"K-B3 ACOEM SW 5";2025-04-12 18:00:00;45,51;19,75;
"K-B3 ACOEM SW 5";2025-04-12 17:00:00;44,96;20,22;
"K-B3 ACOEM SW 5";2025-04-12 16:00:00;44,62;20,72;
"K-B3 ACOEM SW 5";2025-04-12 15:00:00;40,18;21,97;
"K-B3 ACOEM SW 5";2025-04-12 14:00:00;41,78;20,67;
"K-B3 ACOEM SW 5";2025-04-12 13:00:00;40,78;19,46;
"K-B3 ACOEM SW 5";2025-04-12 12:00:00;44,02;18,04;
"K-B3 ACOEM SW 5";2025-04-12 11:00:00;49,61;16,25;
"K-B3 ACOEM SW 5";2025-04-12 10:00:00;59,74;14,57;
"K-B3 ACOEM SW 5";2025-04-12 09:00:00;69,54;12,04;
"K-B3 ACOEM SW 5";2025-04-12 08:00:00;74,37;10,51;
"K-B3 ACOEM SW 5";2025-04-12 07:00:00;76,39;10,22;
"K-B3 ACOEM SW 5";2025-04-12 06:00:00;75,28;10,67;
"K-B3 ACOEM SW 5";2025-04-12 05:00:00;77,81;10,13;
"K-B3 ACOEM SW 5";2025-04-12 04:00:00;82,16;9,48;
"K-B3 ACOEM SW 5";2025-04-12 03:00:00;77,35;10,39;
"K-B3 ACOEM SW 5";2025-04-12 02:00:00;70,31;11,21;
"K-B3 ACOEM SW 5";2025-04-12 01:00:00;67,30;11,76;
"K-B3 ACOEM SW 5";2025-04-12 00:00:00;64,60;12,09;
"K-B3 ACOEM SW 5";2025-04-11 23:00:00;61,19;12,79;
"K-B3 ACOEM SW 5";2025-04-11 22:00:00;58,57;13,76;
"K-B3 ACOEM SW 5";2025-04-11 21:00:00;57,96;14,38;
"K-B3 ACOEM SW 5";2025-04-11 20:00:00;53,65;15,64;
"K-B3 ACOEM SW 5";2025-04-11 19:00:00;51,62;16,09;
"K-B3 ACOEM SW 5";2025-04-11 18:00:00;49,03;16,91;
"K-B3 ACOEM SW 5";2025-04-11 17:00:00;49,47;16,80;
"K-B3 ACOEM SW 5";2025-04-11 16:00:00;48,19;17,08;
"K-B3 ACOEM SW 5";2025-04-11 15:00:00;44,64;18,58;
"K-B3 ACOEM SW 5";2025-04-11 14:00:00;41,50;19,68;
"K-B3 ACOEM SW 5";2025-04-11 13:00:00;43,34;18,93;
"K-B3 ACOEM SW 5";2025-04-11 12:00:00;47,61;17,35;
"K-B3 ACOEM SW 5";2025-04-11 11:00:00;52,51;15,39;
"K-B3 ACOEM SW 5";2025-04-11 10:00:00;57,10;13,75;
"K-B3 ACOEM SW 5";2025-04-11 09:00:00;63,85;11,01;
"K-B3 ACOEM SW 5";2025-04-11 08:00:00;65,31;9,74;
"K-B3 ACOEM SW 5";2025-04-11 07:00:00;63,67;9,38;
"K-B3 ACOEM SW 5";2025-04-11 06:00:00;62,09;9,38;
"K-B3 ACOEM SW 5";2025-04-11 05:00:00;62,19;9,25;
"K-B3 ACOEM SW 5";2025-04-11 04:00:00;60,86;9,30;
"K-B3 ACOEM SW 5";2025-04-11 03:00:00;61,78;8,77;
"K-B3 ACOEM SW 5";2025-04-11 02:00:00;66,28;8,00;
"K-B3 ACOEM SW 5";2025-04-11 01:00:00;69,63;7,74;
"K-B3 ACOEM SW 5";2025-04-11 00:00:00;65,97;8,42;
"K-B3 ACOEM SW 5";2025-04-10 23:00:00;59,44;10,01;
"K-B3 ACOEM SW 5";2025-04-10 22:00:00;54,36;11,55;
"K-B3 ACOEM SW 5";2025-04-10 21:00:00;51,35;12,47;
"K-B3 ACOEM SW 5";2025-04-10 20:00:00;48,91;12,98;
"K-B3 ACOEM SW 5";2025-04-10 19:00:00;46,88;13,33;
"K-B3 ACOEM SW 5";2025-04-10 18:00:00;44,55;13,85;
"K-B3 ACOEM SW 5";2025-04-10 17:00:00;40,00;14,65;
"K-B3 ACOEM SW 5";2025-04-10 16:00:00;39,73;15,84;
"K-B3 ACOEM SW 5";2025-04-10 15:00:00;47,65;15,03;
"K-B3 ACOEM SW 5";2025-04-10 14:00:00;56,85;12,53;
"K-B3 ACOEM SW 5";2025-04-10 13:00:00;58,56;11,35;
"K-B3 ACOEM SW 5";2025-04-10 12:00:00;51,89;11,76;
"K-B3 ACOEM SW 5";2025-04-10 11:00:00;53,58;11,85;
"K-B3 ACOEM SW 5";2025-04-10 10:00:00;59,08;9,46;
"K-B3 ACOEM SW 5";2025-04-10 09:00:00;67,00;6,12;
"K-B3 ACOEM SW 5";2025-04-10 08:00:00;76,65;3,27;
"K-B3 ACOEM SW 5";2025-04-10 07:00:00;80,61;2,24;
"K-B3 ACOEM SW 5";2025-04-10 06:00:00;76,17;3,11;
"K-B3 ACOEM SW 5";2025-04-10 05:00:00;73,00;3,92;
"K-B3 ACOEM SW 5";2025-04-10 04:00:00;69,97;5,07;
"K-B3 ACOEM SW 5";2025-04-10 03:00:00;68,47;5,99;
"K-B3 ACOEM SW 5";2025-04-10 02:00:00;67,25;6,83;
"K-B3 ACOEM SW 5";2025-04-10 01:00:00;67,19;6,62;
"K-B3 ACOEM SW 5";2025-04-10 00:00:00;80,00;6,09;
"K-B3 ACOEM SW 5";2025-04-09 23:00:00;82,36;6,60;
"K-B3 ACOEM SW 5";2025-04-09 22:00:00;79,02;7,60;
"K-B3 ACOEM SW 5";2025-04-09 21:00:00;75,42;8,84;
"K-B3 ACOEM SW 5";2025-04-09 20:00:00;56,03;11,56;
"K-B3 ACOEM SW 5";2025-04-09 19:00:00;46,02;12,67;
"K-B3 ACOEM SW 5";2025-04-09 18:00:00;44,82;13,60;
"K-B3 ACOEM SW 5";2025-04-09 17:00:00;41,43;14,68;
"K-B3 ACOEM SW 5";2025-04-09 16:00:00;42,61;14,67;
"K-B3 ACOEM SW 5";2025-04-09 15:00:00;38,75;15,76;
"K-B3 ACOEM SW 5";2025-04-09 14:00:00;38,72;15,69;
"K-B3 ACOEM SW 5";2025-04-09 13:00:00;40,01;15,17;
"K-B3 ACOEM SW 5";2025-04-09 12:00:00;45,32;13,36;
"K-B3 ACOEM SW 5";2025-04-09 11:00:00;51,86;11,41;
"K-B3 ACOEM SW 5";2025-04-09 10:00:00;59,26;9,30;
"K-B3 ACOEM SW 5";2025-04-09 09:00:00;65,20;7,73;
"K-B3 ACOEM SW 5";2025-04-09 08:00:00;72,05;5,74;
"K-B3 ACOEM SW 5";2025-04-09 07:00:00;73,61;5,34;
"K-B3 ACOEM SW 5";2025-04-09 06:00:00;71,29;5,64;
"K-B3 ACOEM SW 5";2025-04-09 05:00:00;72,82;5,50;
"K-B3 ACOEM SW 5";2025-04-09 04:00:00;72,79;5,59;
"K-B3 ACOEM SW 5";2025-04-09 03:00:00;70,94;6,37;
"K-B3 ACOEM SW 5";2025-04-09 02:00:00;67,53;7,51;
"K-B3 ACOEM SW 5";2025-04-09 01:00:00;68,95;7,64;
"K-B3 ACOEM SW 5";2025-04-09 00:00:00;70,67;7,97;
"K-B3 ACOEM SW 5";2025-04-08 23:00:00;67,77;8,84;
"K-B3 ACOEM SW 5";2025-04-08 22:00:00;64,04;9,42;
"K-B3 ACOEM SW 5";2025-04-08 21:00:00;61,80;9,96;
"K-B3 ACOEM SW 5";2025-04-08 20:00:00;61,19;11,09;
"K-B3 ACOEM SW 5";2025-04-08 19:00:00;52,31;12,20;
"K-B3 ACOEM SW 5";2025-04-08 18:00:00;51,03;12,53;
"K-B3 ACOEM SW 5";2025-04-08 17:00:00;49,84;13,02;
"K-B3 ACOEM SW 5";2025-04-08 16:00:00;49,60;12,93;
"K-B3 ACOEM SW 5";2025-04-08 15:00:00;47,05;12,25;
"K-B3 ACOEM SW 5";2025-04-08 14:00:00;52,85;11,33;
"K-B3 ACOEM SW 5";2025-04-08 13:00:00;49,56;12,19;
"K-B3 ACOEM SW 5";2025-04-08 12:00:00;49,09;12,76;
"K-B3 ACOEM SW 5";2025-04-08 11:00:00;54,19;11,00;
"K-B3 ACOEM SW 5";2025-04-08 10:00:00;56,88;9,94;
"K-B3 ACOEM SW 5";2025-04-08 09:00:00;71,28;5,32;
"K-B3 ACOEM SW 5";2025-04-08 08:00:00;78,28;2,98;
"K-B3 ACOEM SW 5";2025-04-08 07:00:00;78,49;2,60;
"K-B3 ACOEM SW 5";2025-04-08 06:00:00;78,15;2,71;
"K-B3 ACOEM SW 5";2025-04-08 05:00:00;76,95;3,05;
"K-B3 ACOEM SW 5";2025-04-08 04:00:00;76,08;3,33;
"K-B3 ACOEM SW 5";2025-04-08 03:00:00;74,38;3,70;
"K-B3 ACOEM SW 5";2025-04-08 02:00:00;69,75;4,69;
"K-B3 ACOEM SW 5";2025-04-08 01:00:00;67,44;5,30;
"K-B3 ACOEM SW 5";2025-04-08 00:00:00;66,48;5,80;
"K-B3 ACOEM SW 5";2025-04-07 23:00:00;63,13;6,73;
"K-B3 ACOEM SW 5";2025-04-07 22:00:00;55,51;8,36;
"K-B3 ACOEM SW 5";2025-04-07 21:00:00;48,38;10,66;
"K-B3 ACOEM SW 5";2025-04-07 20:00:00;43,77;12,30;
"K-B3 ACOEM SW 5";2025-04-07 19:00:00;45,74;12,04;
"K-B3 ACOEM SW 5";2025-04-07 18:00:00;45,36;12,23;
"K-B3 ACOEM SW 5";2025-04-07 17:00:00;44,81;12,88;
"K-B3 ACOEM SW 5";2025-04-07 16:00:00;46,01;12,35;
"K-B3 ACOEM SW 5";2025-04-07 15:00:00;50,26;11,81;
"K-B3 ACOEM SW 5";2025-04-07 14:00:00;49,94;10,72;
"K-B3 ACOEM SW 5";2025-04-07 13:00:00;50,19;10,53;
"K-B3 ACOEM SW 5";2025-04-07 12:00:00;49,09;10,12;
"K-B3 ACOEM SW 5";2025-04-07 11:00:00;49,31;9,97;
"K-B3 ACOEM SW 5";2025-04-07 10:00:00;51,46;8,86;
"K-B3 ACOEM SW 5";2025-04-07 09:00:00;54,84;7,47;
"K-B3 ACOEM SW 5";2025-04-07 08:00:00;57,87;6,20;
"K-B3 ACOEM SW 5";2025-04-07 07:00:00;58,64;6,09;
"K-B3 ACOEM SW 5";2025-04-07 06:00:00;58,84;6,48;
"K-B3 ACOEM SW 5";2025-04-07 05:00:00;61,17;6,15;
"K-B3 ACOEM SW 5";2025-04-07 04:00:00;61,69;6,34;
"K-B3 ACOEM SW 5";2025-04-07 03:00:00;60,10;6,84;
"K-B3 ACOEM SW 5";2025-04-07 02:00:00;59,67;7,27;
"K-B3 ACOEM SW 5";2025-04-07 01:00:00;60,00;7,60;
"K-B3 ACOEM SW 5";2025-04-07 00:00:00;61,06;7,85;
"K-B3 ACOEM SW 5";2025-04-06 23:00:00;61,38;8,47;
"K-B3 ACOEM SW 5";2025-04-06 22:00:00;63,96;10,02;
"K-B3 ACOEM SW 5";2025-04-06 21:00:00;59,70;12,41;
"K-B3 ACOEM SW 5";2025-04-06 20:00:00;54,71;14,72;
"K-B3 ACOEM SW 5";2025-04-06 19:00:00;47,59;15,54;
"K-B3 ACOEM SW 5";2025-04-06 18:00:00;47,00;14,73;
"K-B3 ACOEM SW 5";2025-04-06 17:00:00;43,76;14,58;
"K-B3 ACOEM SW 5";2025-04-06 16:00:00;47,11;13,91;
"K-B3 ACOEM SW 5";2025-04-06 15:00:00;43,66;13,74;
"K-B3 ACOEM SW 5";2025-04-06 14:00:00;43,00;12,92;
"K-B3 ACOEM SW 5";2025-04-06 13:00:00;42,66;13,02;
"K-B3 ACOEM SW 5";2025-04-06 12:00:00;40,78;13,80;
"K-B3 ACOEM SW 5";2025-04-06 11:00:00;44,08;12,67;
"K-B3 ACOEM SW 5";2025-04-06 10:00:00;56,02;8,75;
"K-B3 ACOEM SW 5";2025-04-06 09:00:00;69,23;4,56;
"K-B3 ACOEM SW 5";2025-04-06 08:00:00;76,44;2,16;
"K-B3 ACOEM SW 5";2025-04-06 07:00:00;75,94;1,95;
"K-B3 ACOEM SW 5";2025-04-06 06:00:00;74,55;2,08;
"K-B3 ACOEM SW 5";2025-04-06 05:00:00;72,77;2,35;
"K-B3 ACOEM SW 5";2025-04-06 04:00:00;70,26;2,49;
"K-B3 ACOEM SW 5";2025-04-06 03:00:00;68,94;2,52;
"K-B3 ACOEM SW 5";2025-04-06 02:00:00;68,13;2,69;
"K-B3 ACOEM SW 5";2025-04-06 01:00:00;67,07;3,08;
"K-B3 ACOEM SW 5";2025-04-06 00:00:00;63,88;3,77;
"K-B3 ACOEM SW 5";2025-04-05 23:00:00;61,51;4,41;
"K-B3 ACOEM SW 5";2025-04-05 22:00:00;53,79;6,01;
"K-B3 ACOEM SW 5";2025-04-05 21:00:00;46,09;8,01;
"K-B3 ACOEM SW 5";2025-04-05 20:00:00;42,02;9,54;
"K-B3 ACOEM SW 5";2025-04-05 19:00:00;43,36;9,99;
"K-B3 ACOEM SW 5";2025-04-05 18:00:00;47,70;9,33;
"K-B3 ACOEM SW 5";2025-04-05 17:00:00;47,36;9,92;
"K-B3 ACOEM SW 5";2025-04-05 16:00:00;45,70;10,21;
"K-B3 ACOEM SW 5";2025-04-05 15:00:00;46,97;9,65;
"K-B3 ACOEM SW 5";2025-04-05 14:00:00;48,39;9,05;
"K-B3 ACOEM SW 5";2025-04-05 13:00:00;47,63;8,82;
"K-B3 ACOEM SW 5";2025-04-05 12:00:00;46,19;8,37;
"K-B3 ACOEM SW 5";2025-04-05 11:00:00;43,86;8,01;
"K-B3 ACOEM SW 5";2025-04-05 10:00:00;47,26;6,68;
"K-B3 ACOEM SW 5";2025-04-05 09:00:00;62,46;3,50;
"K-B3 ACOEM SW 5";2025-04-05 08:00:00;67,82;2,04;
"K-B3 ACOEM SW 5";2025-04-05 07:00:00;68,19;2,12;
"K-B3 ACOEM SW 5";2025-04-05 06:00:00;71,12;2,33;
"K-B3 ACOEM SW 5";2025-04-05 05:00:00;69,27;3,46;
"K-B3 ACOEM SW 5";2025-04-05 04:00:00;64,02;4,62;
"K-B3 ACOEM SW 5";2025-04-05 03:00:00;70,05;3,77;
"K-B3 ACOEM SW 5";2025-04-05 02:00:00;76,91;3,20;
"K-B3 ACOEM SW 5";2025-04-05 01:00:00;77,15;3,42;
"K-B3 ACOEM SW 5";2025-04-05 00:00:00;73,19;4,33;
"K-B3 ACOEM SW 5";2025-04-04 23:00:00;71,25;5,20;
"K-B3 ACOEM SW 5";2025-04-04 22:00:00;68,54;5,74;
"K-B3 ACOEM SW 5";2025-04-04 21:00:00;65,48;6,42;
"K-B3 ACOEM SW 5";2025-04-04 20:00:00;57,39;8,03;
"K-B3 ACOEM SW 5";2025-04-04 19:00:00;56,15;8,76;
"K-B3 ACOEM SW 5";2025-04-04 18:00:00;54,84;9,07;
"K-B3 ACOEM SW 5";2025-04-04 17:00:00;50,48;10,00;
"K-B3 ACOEM SW 5";2025-04-04 16:00:00;49,00;10,07;
"K-B3 ACOEM SW 5";2025-04-04 15:00:00;47,69;10,16;
"K-B3 ACOEM SW 5";2025-04-04 14:00:00;48,27;9,13;
"K-B3 ACOEM SW 5";2025-04-04 13:00:00;50,33;8,14;
"K-B3 ACOEM SW 5";2025-04-04 12:00:00;52,52;7,92;
"K-B3 ACOEM SW 5";2025-04-04 11:00:00;54,19;7,60;
"K-B3 ACOEM SW 5";2025-04-04 10:00:00;56,15;7,54;
"K-B3 ACOEM SW 5";2025-04-04 09:00:00;58,67;7,58;
"K-B3 ACOEM SW 5";2025-04-04 08:00:00;57,82;7,18;
"K-B3 ACOEM SW 5";2025-04-04 07:00:00;55,52;7,59;
"K-B3 ACOEM SW 5";2025-04-04 06:00:00;56,20;8,37;
"K-B3 ACOEM SW 5";2025-04-04 05:00:00;54,54;8,92;
"K-B3 ACOEM SW 5";2025-04-04 04:00:00;54,62;8,57;
"K-B3 ACOEM SW 5";2025-04-04 03:00:00;52,23;9,48;
"K-B3 ACOEM SW 5";2025-04-04 02:00:00;47,65;10,82;
"K-B3 ACOEM SW 5";2025-04-04 01:00:00;45,13;11,61;
"K-B3 ACOEM SW 5";2025-04-04 00:00:00;41,50;12,93;
"K-B3 ACOEM SW 5";2025-04-03 23:00:00;39,10;14,20;
"K-B3 ACOEM SW 5";2025-04-03 22:00:00;35,56;15,96;
"K-B3 ACOEM SW 5";2025-04-03 21:00:00;30,53;18,10;
"K-B3 ACOEM SW 5";2025-04-03 20:00:00;26,89;20,43;
"K-B3 ACOEM SW 5";2025-04-03 19:00:00;37,65;20,22;
"K-B3 ACOEM SW 5";2025-04-03 18:00:00;40,97;19,82;
"K-B3 ACOEM SW 5";2025-04-03 17:00:00;40,51;20,24;
"K-B3 ACOEM SW 5";2025-04-03 16:00:00;41,05;20,07;
"K-B3 ACOEM SW 5";2025-04-03 15:00:00;42,33;20,15;
"K-B3 ACOEM SW 5";2025-04-03 14:00:00;42,75;20,64;
"K-B3 ACOEM SW 5";2025-04-03 13:00:00;43,52;19,88;
"K-B3 ACOEM SW 5";2025-04-03 12:00:00;44,47;18,10;
"K-B3 ACOEM SW 5";2025-04-03 11:00:00;51,58;15,41;
"K-B3 ACOEM SW 5";2025-04-03 10:00:00;61,09;12,24;
"K-B3 ACOEM SW 5";2025-04-03 09:00:00;75,04;7,73;
"K-B3 ACOEM SW 5";2025-04-03 08:00:00;84,21;4,69;
"K-B3 ACOEM SW 5";2025-04-03 07:00:00;83,61;4,54;
"K-B3 ACOEM SW 5";2025-04-03 06:00:00;81,67;5,10;
"K-B3 ACOEM SW 5";2025-04-03 05:00:00;80,43;5,26;
"K-B3 ACOEM SW 5";2025-04-03 04:00:00;76,33;6,04;
"K-B3 ACOEM SW 5";2025-04-03 03:00:00;73,13;6,70;
"K-B3 ACOEM SW 5";2025-04-03 02:00:00;68,25;7,79;
"K-B3 ACOEM SW 5";2025-04-03 01:00:00;62,90;9,03;
"K-B3 ACOEM SW 5";2025-04-03 00:00:00;60,49;9,49;
"K-B3 ACOEM SW 5";2025-04-02 23:00:00;59,26;9,53;
"K-B3 ACOEM SW 5";2025-04-02 22:00:00;58,70;9,96;
"K-B3 ACOEM SW 5";2025-04-02 21:00:00;54,58;11,65;
"K-B3 ACOEM SW 5";2025-04-02 20:00:00;46,38;13,68;
"K-B3 ACOEM SW 5";2025-04-02 19:00:00;41,24;14,82;
"K-B3 ACOEM SW 5";2025-04-02 18:00:00;40,93;15,43;
"K-B3 ACOEM SW 5";2025-04-02 17:00:00;44,66;15,70;
"K-B3 ACOEM SW 5";2025-04-02 16:00:00;47,95;16,06;
"K-B3 ACOEM SW 5";2025-04-02 15:00:00;44,83;15,46;
"K-B3 ACOEM SW 5";2025-04-02 14:00:00;54,22;13,48;
"K-B3 ACOEM SW 5";2025-04-02 13:00:00;57,09;12,49;
"K-B3 ACOEM SW 5";2025-04-02 12:00:00;57,93;12,40;
"K-B3 ACOEM SW 5";2025-04-02 11:00:00;60,73;11,87;
"K-B3 ACOEM SW 5";2025-04-02 10:00:00;69,53;8,90;
"K-B3 ACOEM SW 5";2025-04-02 09:00:00;80,99;5,09;
"K-B3 ACOEM SW 5";2025-04-02 08:00:00;85,82;3,45;
"K-B3 ACOEM SW 5";2025-04-02 07:00:00;85,61;3,33;
"K-B3 ACOEM SW 5";2025-04-02 06:00:00;84,85;3,75;
"K-B3 ACOEM SW 5";2025-04-02 05:00:00;84,84;3,84;
"K-B3 ACOEM SW 5";2025-04-02 04:00:00;83,60;4,33;
"K-B3 ACOEM SW 5";2025-04-02 03:00:00;82,79;4,65;
"K-B3 ACOEM SW 5";2025-04-02 02:00:00;78,80;5,37;
"K-B3 ACOEM SW 5";2025-04-02 01:00:00;73,73;6,22;
"K-B3 ACOEM SW 5";2025-04-02 00:00:00;69,40;7,31;
"K-B3 ACOEM SW 5";2025-04-01 23:00:00;64,00;8,26;
"K-B3 ACOEM SW 5";2025-04-01 22:00:00;58,87;9,20;
"K-B3 ACOEM SW 5";2025-04-01 21:00:00;55,63;10,66;
"K-B3 ACOEM SW 5";2025-04-01 20:00:00;49,70;11,77;
"K-B3 ACOEM SW 5";2025-04-01 19:00:00;49,14;11,72;
"K-B3 ACOEM SW 5";2025-04-01 18:00:00;48,92;12,65;
"K-B3 ACOEM SW 5";2025-04-01 17:00:00;47,82;14,05;
"K-B3 ACOEM SW 5";2025-04-01 16:00:00;45,32;14,72;
"K-B3 ACOEM SW 5";2025-04-01 15:00:00;40,30;16,21;
"K-B3 ACOEM SW 5";2025-04-01 14:00:00;40,28;15,05;
"K-B3 ACOEM SW 5";2025-04-01 13:00:00;41,56;14,17;
"K-B3 ACOEM SW 5";2025-04-01 12:00:00;43,12;15,19;
"K-B3 ACOEM SW 5";2025-04-01 11:00:00;46,64;14,30;
"K-B3 ACOEM SW 5";2025-04-01 10:00:00;57,87;10,65;
"K-B3 ACOEM SW 5";2025-04-01 09:00:00;65,70;6,68;
"K-B3 ACOEM SW 5";2025-04-01 08:00:00;67,95;4,97;
"K-B3 ACOEM SW 5";2025-04-01 07:00:00;64,48;5,57;
"K-B3 ACOEM SW 5";2025-04-01 06:00:00;60,59;5,91;
"K-B3 ACOEM SW 5";2025-04-01 05:00:00;58,25;5,98;
"K-B3 ACOEM SW 5";2025-04-01 04:00:00;54,30;6,48;
"K-B3 ACOEM SW 5";2025-04-01 03:00:00;51,24;7,22;
"K-B3 ACOEM SW 5";2025-04-01 02:00:00;50,00;7,50;
"K-B3 ACOEM SW 5";2025-04-01 01:00:00;42,56;8,93;
"K-B3 ACOEM SW 5";2025-04-01 00:00:00;39,52;9,58;
"K-B3 ACOEM SW 5";2025-03-31 23:00:00;39,85;10,17;
"K-B3 ACOEM SW 5";2025-03-31 22:00:00;44,80;9,96;
"K-B3 ACOEM SW 5";2025-03-31 21:00:00;65,94;9,21;
"K-B3 ACOEM SW 5";2025-03-31 20:00:00;64,37;10,34;
"K-B3 ACOEM SW 5";2025-03-31 19:00:00;58,05;10,94;
"K-B3 ACOEM SW 5";2025-03-31 18:00:00;55,76;10,66;
"K-B3 ACOEM SW 5";2025-03-31 17:00:00;47,00;11,31;
"K-B3 ACOEM SW 5";2025-03-31 16:00:00;41,91;11,73;
"K-B3 ACOEM SW 5";2025-03-31 15:00:00;41,02;11,92;
"K-B3 ACOEM SW 5";2025-03-31 14:00:00;41,74;12,31;
"K-B3 ACOEM SW 5";2025-03-31 13:00:00;39,20;13,48;
"K-B3 ACOEM SW 5";2025-03-31 12:00:00;38,08;12,70;
"K-B3 ACOEM SW 5";2025-03-31 11:00:00;45,87;10,60;
"K-B3 ACOEM SW 5";2025-03-31 10:00:00;56,64;7,69;
"K-B3 ACOEM SW 5";2025-03-31 09:00:00;65,45;4,95;
"K-B3 ACOEM SW 5";2025-03-31 08:00:00;70,52;3,30;
"K-B3 ACOEM SW 5";2025-03-31 07:00:00;70,64;3,48;
"K-B3 ACOEM SW 5";2025-03-31 06:00:00;69,78;3,88;
"K-B3 ACOEM SW 5";2025-03-31 05:00:00;72,24;3,73;
"K-B3 ACOEM SW 5";2025-03-31 04:00:00;72,37;4,04;
"K-B3 ACOEM SW 5";2025-03-31 03:00:00;74,81;4,06;
"K-B3 ACOEM SW 5";2025-03-31 02:00:00;81,81;3,58;
"K-B3 ACOEM SW 5";2025-03-31 01:00:00;87,81;3,52;
"K-B3 ACOEM SW 5";2025-03-31 00:00:00;85,90;4,29;
"K-B3 ACOEM SW 5";2025-03-30 23:00:00;85,27;4,76;
"K-B3 ACOEM SW 5";2025-03-30 22:00:00;81,70;5,88;
"K-B3 ACOEM SW 5";2025-03-30 21:00:00;77,64;7,00;
"K-B3 ACOEM SW 5";2025-03-30 20:00:00;74,80;8,13;
"K-B3 ACOEM SW 5";2025-03-30 19:00:00;78,53;7,84;
"K-B3 ACOEM SW 5";2025-03-30 18:00:00;85,25;6,87;
"K-B3 ACOEM SW 5";2025-03-30 17:00:00;88,91;6,05;
"K-B3 ACOEM SW 5";2025-03-30 16:00:00;89,50;5,63;
"K-B3 ACOEM SW 5";2025-03-30 15:00:00;88,87;6,38;
"K-B3 ACOEM SW 5";2025-03-30 14:00:00;89,87;6,35;
"K-B3 ACOEM SW 5";2025-03-30 13:00:00;93,47;5,97;
"K-B3 ACOEM SW 5";2025-03-30 12:00:00;93,37;6,04;
"K-B3 ACOEM SW 5";2025-03-30 11:00:00;93,75;6,49;
"K-B3 ACOEM SW 5";2025-03-30 10:00:00;95,60;6,30;
"K-B3 ACOEM SW 5";2025-03-30 09:00:00;96,90;5,89;
"K-B3 ACOEM SW 5";2025-03-30 08:00:00;96,99;5,55;
"K-B3 ACOEM SW 5";2025-03-30 07:00:00;96,96;5,35;
"K-B3 ACOEM SW 5";2025-03-30 06:00:00;95,93;4,32;
"K-B3 ACOEM SW 5";2025-03-30 05:00:00;92,90;3,82;
"K-B3 ACOEM SW 5";2025-03-30 04:00:00;92,53;3,81;
"K-B3 ACOEM SW 5";2025-03-30 02:00:00;90,85;4,07;
"K-B3 ACOEM SW 5";2025-03-30 01:00:00;89,85;5,18;
"K-B3 ACOEM SW 5";2025-03-30 00:00:00;89,66;5,88;
"K-B3 ACOEM SW 5";2025-03-29 23:00:00;88,91;6,08;
"K-B3 ACOEM SW 5";2025-03-29 22:00:00;85,48;5,85;
"K-B3 ACOEM SW 5";2025-03-29 21:00:00;79,68;6,08;
"K-B3 ACOEM SW 5";2025-03-29 20:00:00;65,07;7,23;
"K-B3 ACOEM SW 5";2025-03-29 19:00:00;54,50;9,02;
"K-B3 ACOEM SW 5";2025-03-29 18:00:00;50,86;10,51;
"K-B3 ACOEM SW 5";2025-03-29 17:00:00;50,13;10,84;
"K-B3 ACOEM SW 5";2025-03-29 16:00:00;48,14;11,88;
"K-B3 ACOEM SW 5";2025-03-29 15:00:00;50,48;12,09;
"K-B3 ACOEM SW 5";2025-03-29 14:00:00;53,87;11,93;
"K-B3 ACOEM SW 5";2025-03-29 13:00:00;57,07;11,34;
"K-B3 ACOEM SW 5";2025-03-29 12:00:00;55,72;11,83;
"K-B3 ACOEM SW 5";2025-03-29 11:00:00;63,16;10,18;
"K-B3 ACOEM SW 5";2025-03-29 10:00:00;74,15;9,06;
"K-B3 ACOEM SW 5";2025-03-29 09:00:00;85,10;7,56;
"K-B3 ACOEM SW 5";2025-03-29 08:00:00;96,02;5,70;
"K-B3 ACOEM SW 5";2025-03-29 07:00:00;96,56;4,63;
"K-B3 ACOEM SW 5";2025-03-29 06:00:00;96,11;4,43;
"K-B3 ACOEM SW 5";2025-03-29 05:00:00;95,09;4,61;
"K-B3 ACOEM SW 5";2025-03-29 04:00:00;95,34;4,83;
"K-B3 ACOEM SW 5";2025-03-29 03:00:00;95,56;4,83;
"K-B3 ACOEM SW 5";2025-03-29 02:00:00;94,79;4,93;
"K-B3 ACOEM SW 5";2025-03-29 01:00:00;93,69;5,35;
"K-B3 ACOEM SW 5";2025-03-29 00:00:00;93,44;6,08;
"K-B3 ACOEM SW 5";2025-03-28 23:00:00;93,43;6,63;
"K-B3 ACOEM SW 5";2025-03-28 22:00:00;95,70;6,72;
"K-B3 ACOEM SW 5";2025-03-28 21:00:00;95,44;6,71;
"K-B3 ACOEM SW 5";2025-03-28 20:00:00;95,32;7,07;
"K-B3 ACOEM SW 5";2025-03-28 19:00:00;96,08;7,36;
"K-B3 ACOEM SW 5";2025-03-28 18:00:00;97,01;7,29;
"K-B3 ACOEM SW 5";2025-03-28 17:00:00;96,92;7,38;
"K-B3 ACOEM SW 5";2025-03-28 16:00:00;97,09;7,32;
"K-B3 ACOEM SW 5";2025-03-28 15:00:00;96,21;7,53;
"K-B3 ACOEM SW 5";2025-03-28 14:00:00;96,11;7,56;
"K-B3 ACOEM SW 5";2025-03-28 13:00:00;96,19;7,66;
"K-B3 ACOEM SW 5";2025-03-28 12:00:00;96,29;7,83;
"K-B3 ACOEM SW 5";2025-03-28 11:00:00;97,31;7,46;
"K-B3 ACOEM SW 5";2025-03-28 10:00:00;97,89;7,09;
"K-B3 ACOEM SW 5";2025-03-28 09:00:00;98,55;6,77;
"K-B3 ACOEM SW 5";2025-03-28 08:00:00;98,53;6,52;
"K-B3 ACOEM SW 5";2025-03-28 07:00:00;98,26;6,32;
"K-B3 ACOEM SW 5";2025-03-28 06:00:00;98,00;6,17;
"K-B3 ACOEM SW 5";2025-03-28 05:00:00;97,63;6,03;
"K-B3 ACOEM SW 5";2025-03-28 04:00:00;96,99;5,96;
"K-B3 ACOEM SW 5";2025-03-28 03:00:00;96,08;6,19;
"K-B3 ACOEM SW 5";2025-03-28 02:00:00;94,27;6,65;
"K-B3 ACOEM SW 5";2025-03-28 01:00:00;93,33;7,19;
"K-B3 ACOEM SW 5";2025-03-28 00:00:00;94,33;7,22;
"K-B3 ACOEM SW 5";2025-03-27 23:00:00;93,70;7,34;
"K-B3 ACOEM SW 5";2025-03-27 22:00:00;91,29;7,88;
"K-B3 ACOEM SW 5";2025-03-27 21:00:00;90,22;8,13;
"K-B3 ACOEM SW 5";2025-03-27 20:00:00;87,24;8,89;
"K-B3 ACOEM SW 5";2025-03-27 19:00:00;81,62;10,12;
"K-B3 ACOEM SW 5";2025-03-27 18:00:00;78,58;10,62;
"K-B3 ACOEM SW 5";2025-03-27 17:00:00;71,27;12,74;
"K-B3 ACOEM SW 5";2025-03-27 16:00:00;64,61;14,79;
"K-B3 ACOEM SW 5";2025-03-27 15:00:00;63,35;14,96;
"K-B3 ACOEM SW 5";2025-03-27 14:00:00;64,91;14,35;
"K-B3 ACOEM SW 5";2025-03-27 13:00:00;68,94;12,70;
"K-B3 ACOEM SW 5";2025-03-27 12:00:00;71,89;11,50;
"K-B3 ACOEM SW 5";2025-03-27 11:00:00;72,18;11,29;
"K-B3 ACOEM SW 5";2025-03-27 10:00:00;75,95;9,71;
"K-B3 ACOEM SW 5";2025-03-27 09:00:00;77,45;8,29;
"K-B3 ACOEM SW 5";2025-03-27 08:00:00;77,72;7,70;
"K-B3 ACOEM SW 5";2025-03-27 07:00:00;77,73;7,32;
"K-B3 ACOEM SW 5";2025-03-27 06:00:00;78,03;7,18;
"K-B3 ACOEM SW 5";2025-03-27 05:00:00;79,49;7,39;
"K-B3 ACOEM SW 5";2025-03-27 04:00:00;83,94;7,36;
"K-B3 ACOEM SW 5";2025-03-27 03:00:00;80,07;7,27;
"K-B3 ACOEM SW 5";2025-03-27 02:00:00;77,26;7,02;
"K-B3 ACOEM SW 5";2025-03-27 01:00:00;73,11;6,99;
"K-B3 ACOEM SW 5";2025-03-27 00:00:00;70,39;7,54;
"K-B3 ACOEM SW 5";2025-03-26 23:00:00;67,31;8,43;
"K-B3 ACOEM SW 5";2025-03-26 22:00:00;63,47;9,27;
"K-B3 ACOEM SW 5";2025-03-26 21:00:00;58,93;10,09;
"K-B3 ACOEM SW 5";2025-03-26 20:00:00;54,56;10,95;
"K-B3 ACOEM SW 5";2025-03-26 19:00:00;50,65;11,87;
"K-B3 ACOEM SW 5";2025-03-26 18:00:00;46,29;12,99;
"K-B3 ACOEM SW 5";2025-03-26 17:00:00;41,72;14,22;
"K-B3 ACOEM SW 5";2025-03-26 16:00:00;37,20;16,73;
"K-B3 ACOEM SW 5";2025-03-26 15:00:00;35,45;17,36;
"K-B3 ACOEM SW 5";2025-03-26 14:00:00;36,21;16,48;
"K-B3 ACOEM SW 5";2025-03-26 13:00:00;40,09;14,84;
"K-B3 ACOEM SW 5";2025-03-26 12:00:00;45,73;12,84;
"K-B3 ACOEM SW 5";2025-03-26 11:00:00;50,14;11,96;
"K-B3 ACOEM SW 5";2025-03-26 10:00:00;54,25;10,47;
"K-B3 ACOEM SW 5";2025-03-26 09:00:00;58,29;9,22;
"K-B3 ACOEM SW 5";2025-03-26 08:00:00;64,38;7,25;
"K-B3 ACOEM SW 5";2025-03-26 07:00:00;67,35;6,39;
"K-B3 ACOEM SW 5";2025-03-26 06:00:00;65,20;6,91;
"K-B3 ACOEM SW 5";2025-03-26 05:00:00;65,41;7,10;
"K-B3 ACOEM SW 5";2025-03-26 04:00:00;65,30;7,56;
"K-B3 ACOEM SW 5";2025-03-26 03:00:00;63,44;8,58;
"K-B3 ACOEM SW 5";2025-03-26 02:00:00;62,19;9,21;
"K-B3 ACOEM SW 5";2025-03-26 01:00:00;63,17;9,33;
"K-B3 ACOEM SW 5";2025-03-26 00:00:00;62,14;9,93;
"K-B3 ACOEM SW 5";2025-03-25 23:00:00;63,05;10,47;
"K-B3 ACOEM SW 5";2025-03-25 22:00:00;64,11;10,87;
"K-B3 ACOEM SW 5";2025-03-25 21:00:00;62,15;11,62;
"K-B3 ACOEM SW 5";2025-03-25 20:00:00;57,67;12,54;
"K-B3 ACOEM SW 5";2025-03-25 19:00:00;52,90;13,97;
"K-B3 ACOEM SW 5";2025-03-25 18:00:00;46,11;15,73;
"K-B3 ACOEM SW 5";2025-03-25 17:00:00;42,85;16,88;
"K-B3 ACOEM SW 5";2025-03-25 16:00:00;42,57;17,54;
"K-B3 ACOEM SW 5";2025-03-25 15:00:00;43,43;18,13;
"K-B3 ACOEM SW 5";2025-03-25 14:00:00;54,89;17,07;
"K-B3 ACOEM SW 5";2025-03-25 13:00:00;66,19;14,70;
"K-B3 ACOEM SW 5";2025-03-25 12:00:00;71,82;12,65;
"K-B3 ACOEM SW 5";2025-03-25 11:00:00;76,09;11,06;
"K-B3 ACOEM SW 5";2025-03-25 10:00:00;84,97;8,84;
"K-B3 ACOEM SW 5";2025-03-25 09:00:00;90,29;7,25;
"K-B3 ACOEM SW 5";2025-03-25 08:00:00;90,69;6,73;
"K-B3 ACOEM SW 5";2025-03-25 07:00:00;89,58;6,48;
"K-B3 ACOEM SW 5";2025-03-25 06:00:00;88,61;6,46;
"K-B3 ACOEM SW 5";2025-03-25 05:00:00;87,00;6,40;
"K-B3 ACOEM SW 5";2025-03-25 04:00:00;77,48;6,67;
"K-B3 ACOEM SW 5";2025-03-25 03:00:00;67,81;6,84;
"K-B3 ACOEM SW 5";2025-03-25 02:00:00;72,41;6,64;
"K-B3 ACOEM SW 5";2025-03-25 01:00:00;81,59;6,30;
"K-B3 ACOEM SW 5";2025-03-25 00:00:00;83,40;6,16;
"K-B3 ACOEM SW 5";2025-03-24 23:00:00;77,92;6,55;
"K-B3 ACOEM SW 5";2025-03-24 22:00:00;76,03;6,46;
"K-B3 ACOEM SW 5";2025-03-24 21:00:00;75,14;6,36;
"K-B3 ACOEM SW 5";2025-03-24 20:00:00;73,98;6,45;
"K-B3 ACOEM SW 5";2025-03-24 19:00:00;76,35;6,11;
"K-B3 ACOEM SW 5";2025-03-24 18:00:00;71,92;6,86;
"K-B3 ACOEM SW 5";2025-03-24 17:00:00;68,11;7,68;
"K-B3 ACOEM SW 5";2025-03-24 16:00:00;68,23;8,14;
"K-B3 ACOEM SW 5";2025-03-24 15:00:00;67,56;8,20;
"K-B3 ACOEM SW 5";2025-03-24 14:00:00;65,11;8,55;
"K-B3 ACOEM SW 5";2025-03-24 13:00:00;65,15;8,40;
"K-B3 ACOEM SW 5";2025-03-24 12:00:00;66,22;7,71;
"K-B3 ACOEM SW 5";2025-03-24 11:00:00;65,95;7,30;
"K-B3 ACOEM SW 5";2025-03-24 10:00:00;70,34;5,63;
"K-B3 ACOEM SW 5";2025-03-24 09:00:00;77,89;3,57;
"K-B3 ACOEM SW 5";2025-03-24 08:00:00;80,13;2,55;
"K-B3 ACOEM SW 5";2025-03-24 07:00:00;81,87;1,84;
"K-B3 ACOEM SW 5";2025-03-24 06:00:00;81,29;2,25;
"K-B3 ACOEM SW 5";2025-03-24 05:00:00;79,85;2,81;
"K-B3 ACOEM SW 5";2025-03-24 04:00:00;77,05;3,46;
"K-B3 ACOEM SW 5";2025-03-24 03:00:00;74,67;4,23;
"K-B3 ACOEM SW 5";2025-03-24 02:00:00;71,07;5,26;
"K-B3 ACOEM SW 5";2025-03-24 01:00:00;66,78;6,04;
"K-B3 ACOEM SW 5";2025-03-24 00:00:00;63,69;6,72;
"K-B3 ACOEM SW 5";2025-03-23 23:00:00;61,81;7,12;
"K-B3 ACOEM SW 5";2025-03-23 22:00:00;61,93;7,43;
"K-B3 ACOEM SW 5";2025-03-23 21:00:00;63,59;7,69;
"K-B3 ACOEM SW 5";2025-03-23 20:00:00;64,35;7,82;
"K-B3 ACOEM SW 5";2025-03-23 19:00:00;63,84;8,22;
"K-B3 ACOEM SW 5";2025-03-23 18:00:00;63,95;8,38;
"K-B3 ACOEM SW 5";2025-03-23 17:00:00;64,06;8,51;
"K-B3 ACOEM SW 5";2025-03-23 16:00:00;64,50;8,47;
"K-B3 ACOEM SW 5";2025-03-23 15:00:00;67,74;7,59;
"K-B3 ACOEM SW 5";2025-03-23 14:00:00;70,53;6,93;
"K-B3 ACOEM SW 5";2025-03-23 13:00:00;74,12;6,02;
"K-B3 ACOEM SW 5";2025-03-23 12:00:00;77,33;5,17;
"K-B3 ACOEM SW 5";2025-03-23 11:00:00;81,90;4,07;
"K-B3 ACOEM SW 5";2025-03-23 10:00:00;83,67;3,64;
"K-B3 ACOEM SW 5";2025-03-23 09:00:00;84,85;3,54;
"K-B3 ACOEM SW 5";2025-03-23 08:00:00;84,90;3,49;
"K-B3 ACOEM SW 5";2025-03-23 07:00:00;84,71;3,44;
"K-B3 ACOEM SW 5";2025-03-23 06:00:00;83,31;3,68;
"K-B3 ACOEM SW 5";2025-03-23 05:00:00;81,03;4,02;
"K-B3 ACOEM SW 5";2025-03-23 04:00:00;78,88;4,27;
"K-B3 ACOEM SW 5";2025-03-23 03:00:00;77,89;4,69;
"K-B3 ACOEM SW 5";2025-03-23 02:00:00;77,78;5,13;
"K-B3 ACOEM SW 5";2025-03-23 01:00:00;77,78;5,41;
"K-B3 ACOEM SW 5";2025-03-23 00:00:00;76,48;5,62;
"K-B3 ACOEM SW 5";2025-03-22 23:00:00;72,50;5,87;
"K-B3 ACOEM SW 5";2025-03-22 22:00:00;68,78;6,20;
"K-B3 ACOEM SW 5";2025-03-22 21:00:00;67,75;6,23;
"K-B3 ACOEM SW 5";2025-03-22 20:00:00;65,85;6,07;
"K-B3 ACOEM SW 5";2025-03-22 19:00:00;63,51;6,16;
"K-B3 ACOEM SW 5";2025-03-22 18:00:00;64,71;6,06;
"K-B3 ACOEM SW 5";2025-03-22 17:00:00;70,58;5,63;
"K-B3 ACOEM SW 5";2025-03-22 16:00:00;72,13;5,91;
"K-B3 ACOEM SW 5";2025-03-22 15:00:00;76,10;5,07;
"K-B3 ACOEM SW 5";2025-03-22 14:00:00;79,04;4,66;
"K-B3 ACOEM SW 5";2025-03-22 13:00:00;79,39;4,71;
"K-B3 ACOEM SW 5";2025-03-22 12:00:00;80,73;4,37;
"K-B3 ACOEM SW 5";2025-03-22 11:00:00;79,52;4,37;
"K-B3 ACOEM SW 5";2025-03-22 10:00:00;79,01;4,32;
"K-B3 ACOEM SW 5";2025-03-22 09:00:00;79,14;4,36;
"K-B3 ACOEM SW 5";2025-03-22 08:00:00;79,23;4,36;
"K-B3 ACOEM SW 5";2025-03-22 07:00:00;80,61;4,39;
"K-B3 ACOEM SW 5";2025-03-22 06:00:00;81,45;4,63;
"K-B3 ACOEM SW 5";2025-03-22 05:00:00;78,72;5,10;
"K-B3 ACOEM SW 5";2025-03-22 04:00:00;81,65;4,84;
"K-B3 ACOEM SW 5";2025-03-22 03:00:00;83,85;3,97;
"K-B3 ACOEM SW 5";2025-03-22 02:00:00;81,47;3,98;
"K-B3 ACOEM SW 5";2025-03-22 01:00:00;78,94;4,79;
"K-B3 ACOEM SW 5";2025-03-22 00:00:00;74,60;5,05;
"K-B3 ACOEM SW 5";2025-03-21 23:00:00;68,49;5,17;
"K-B3 ACOEM SW 5";2025-03-21 22:00:00;65,08;5,22;
"K-B3 ACOEM SW 5";2025-03-21 21:00:00;63,82;4,91;
"K-B3 ACOEM SW 5";2025-03-21 20:00:00;65,48;5,16;
"K-B3 ACOEM SW 5";2025-03-21 19:00:00;65,18;6,07;
"K-B3 ACOEM SW 5";2025-03-21 18:00:00;67,90;6,17;
"K-B3 ACOEM SW 5";2025-03-21 17:00:00;70,97;6,17;
"K-B3 ACOEM SW 5";2025-03-21 16:00:00;68,42;6,98;
"K-B3 ACOEM SW 5";2025-03-21 15:00:00;68,22;6,98;
"K-B3 ACOEM SW 5";2025-03-21 14:00:00;66,05;7,57;
"K-B3 ACOEM SW 5";2025-03-21 13:00:00;64,11;7,81;
"K-B3 ACOEM SW 5";2025-03-21 12:00:00;64,66;7,36;
"K-B3 ACOEM SW 5";2025-03-21 11:00:00;62,27;7,19;
"K-B3 ACOEM SW 5";2025-03-21 10:00:00;60,54;6,24;
"K-B3 ACOEM SW 5";2025-03-21 09:00:00;62,52;4,42;
"K-B3 ACOEM SW 5";2025-03-21 08:00:00;69,60;2,34;
"K-B3 ACOEM SW 5";2025-03-21 07:00:00;73,02;1,30;
"K-B3 ACOEM SW 5";2025-03-21 06:00:00;72,01;1,39;
"K-B3 ACOEM SW 5";2025-03-21 05:00:00;72,28;1,36;
"K-B3 ACOEM SW 5";2025-03-21 04:00:00;70,82;1,53;
"K-B3 ACOEM SW 5";2025-03-21 03:00:00;68,16;1,90;
"K-B3 ACOEM SW 5";2025-03-21 02:00:00;66,23;1,90;
"K-B3 ACOEM SW 5";2025-03-21 01:00:00;64,18;2,20;
"K-B3 ACOEM SW 5";2025-03-21 00:00:00;62,43;2,63;
"K-B3 ACOEM SW 5";2025-03-20 23:00:00;63,60;3,03;
"K-B3 ACOEM SW 5";2025-03-20 22:00:00;62,42;3,98;
"K-B3 ACOEM SW 5";2025-03-20 21:00:00;67,92;5,09;
"K-B3 ACOEM SW 5";2025-03-20 20:00:00;72,19;6,29;
"K-B3 ACOEM SW 5";2025-03-20 19:00:00;66,42;8,34;
"K-B3 ACOEM SW 5";2025-03-20 18:00:00;62,10;9,73;
"K-B3 ACOEM SW 5";2025-03-20 17:00:00;53,92;10,50;
"K-B3 ACOEM SW 5";2025-03-20 16:00:00;56,43;11,06;
"K-B3 ACOEM SW 5";2025-03-20 15:00:00;48,09;12,26;
"K-B3 ACOEM SW 5";2025-03-20 14:00:00;44,34;12,67;
"K-B3 ACOEM SW 5";2025-03-20 13:00:00;49,62;11,52;
"K-B3 ACOEM SW 5";2025-03-20 12:00:00;39,42;11,89;
"K-B3 ACOEM SW 5";2025-03-20 11:00:00;34,05;10,72;
"K-B3 ACOEM SW 5";2025-03-20 10:00:00;41,25;7,65;
"K-B3 ACOEM SW 5";2025-03-20 09:00:00;49,59;4,72;
"K-B3 ACOEM SW 5";2025-03-20 08:00:00;53,62;2,78;
"K-B3 ACOEM SW 5";2025-03-20 07:00:00;54,15;2,35;
"K-B3 ACOEM SW 5";2025-03-20 06:00:00;58,67;2,21;
"K-B3 ACOEM SW 5";2025-03-20 05:00:00;61,14;1,72;
"K-B3 ACOEM SW 5";2025-03-20 04:00:00;54,82;1,82;
"K-B3 ACOEM SW 5";2025-03-20 03:00:00;54,67;1,86;
"K-B3 ACOEM SW 5";2025-03-20 02:00:00;52,87;1,70;
"K-B3 ACOEM SW 5";2025-03-20 01:00:00;49,54;2,37;
"K-B3 ACOEM SW 5";2025-03-20 00:00:00;48,18;3,16;
"K-B3 ACOEM SW 5";2025-03-19 23:00:00;45,81;4,05;
"K-B3 ACOEM SW 5";2025-03-19 22:00:00;42,88;5,21;
"K-B3 ACOEM SW 5";2025-03-19 21:00:00;41,34;6,45;
"K-B3 ACOEM SW 5";2025-03-19 20:00:00;45,35;7,49;
"K-B3 ACOEM SW 5";2025-03-19 19:00:00;49,62;9,25;
"K-B3 ACOEM SW 5";2025-03-19 18:00:00;48,35;11,06;
"K-B3 ACOEM SW 5";2025-03-19 17:00:00;48,48;11,92;
"K-B3 ACOEM SW 5";2025-03-19 16:00:00;44,15;12,65;
"K-B3 ACOEM SW 5";2025-03-19 15:00:00;44,35;12,02;
"K-B3 ACOEM SW 5";2025-03-19 14:00:00;41,41;10,89;
"K-B3 ACOEM SW 5";2025-03-19 13:00:00;39,73;10,88;
"K-B3 ACOEM SW 5";2025-03-19 12:00:00;45,44;10,85;
"K-B3 ACOEM SW 5";2025-03-19 11:00:00;41,01;11,38;
"K-B3 ACOEM SW 5";2025-03-19 10:00:00;49,71;7,56;
"K-B3 ACOEM SW 5";2025-03-19 09:00:00;59,36;4,31;
"K-B3 ACOEM SW 5";2025-03-19 08:00:00;67,99;1,68;
"K-B3 ACOEM SW 5";2025-03-19 07:00:00;68,92;1,27;
"K-B3 ACOEM SW 5";2025-03-19 06:00:00;67,38;1,79;
"K-B3 ACOEM SW 5";2025-03-19 05:00:00;62,29;2,83;
"K-B3 ACOEM SW 5";2025-03-19 04:00:00;63,13;2,66;
"K-B3 ACOEM SW 5";2025-03-19 03:00:00;61,85;3,18;
"K-B3 ACOEM SW 5";2025-03-19 02:00:00;59,30;3,83;
"K-B3 ACOEM SW 5";2025-03-19 01:00:00;53,74;5,14;
"K-B3 ACOEM SW 5";2025-03-19 00:00:00;47,27;6,77;
"K-B3 ACOEM SW 5";2025-03-18 23:00:00;43,68;7,92;
"K-B3 ACOEM SW 5";2025-03-18 22:00:00;41,18;8,90;
"K-B3 ACOEM SW 5";2025-03-18 21:00:00;38,09;10,10;
"K-B3 ACOEM SW 5";2025-03-18 20:00:00;35,89;11,30;
"K-B3 ACOEM SW 5";2025-03-18 19:00:00;47,11;12,27;
"K-B3 ACOEM SW 5";2025-03-18 18:00:00;48,04;13,02;
"K-B3 ACOEM SW 5";2025-03-18 17:00:00;44,35;13,30;
"K-B3 ACOEM SW 5";2025-03-18 16:00:00;42,84;13,79;
"K-B3 ACOEM SW 5";2025-03-18 15:00:00;42,03;13,17;
"K-B3 ACOEM SW 5";2025-03-18 14:00:00;39,89;13,14;
"K-B3 ACOEM SW 5";2025-03-18 13:00:00;40,27;12,48;
"K-B3 ACOEM SW 5";2025-03-18 12:00:00;41,66;12,02;
"K-B3 ACOEM SW 5";2025-03-18 11:00:00;46,95;11,11;
"K-B3 ACOEM SW 5";2025-03-18 10:00:00;46,84;10,26;
"K-B3 ACOEM SW 5";2025-03-18 09:00:00;56,19;6,57;
"K-B3 ACOEM SW 5";2025-03-18 08:00:00;64,99;3,30;
"K-B3 ACOEM SW 5";2025-03-18 07:00:00;65,00;3,12;
"K-B3 ACOEM SW 5";2025-03-18 06:00:00;63,29;3,60;
"K-B3 ACOEM SW 5";2025-03-18 05:00:00;61,83;3,91;
"K-B3 ACOEM SW 5";2025-03-18 04:00:00;61,04;4,04;
"K-B3 ACOEM SW 5";2025-03-18 03:00:00;61,37;3,93;
"K-B3 ACOEM SW 5";2025-03-18 02:00:00;60,52;3,88;
"K-B3 ACOEM SW 5";2025-03-18 01:00:00;60,55;3,47;
"K-B3 ACOEM SW 5";2025-03-18 00:00:00;58,40;3,67;
"K-B3 ACOEM SW 5";2025-03-17 23:00:00;55,09;4,32;
"K-B3 ACOEM SW 5";2025-03-17 22:00:00;52,01;4,96;
"K-B3 ACOEM SW 5";2025-03-17 21:00:00;49,79;5,75;
"K-B3 ACOEM SW 5";2025-03-17 20:00:00;45,92;6,68;
"K-B3 ACOEM SW 5";2025-03-17 19:00:00;40,61;7,81;
"K-B3 ACOEM SW 5";2025-03-17 18:00:00;36,50;8,89;
"K-B3 ACOEM SW 5";2025-03-17 17:00:00;32,85;9,36;
"K-B3 ACOEM SW 5";2025-03-17 16:00:00;29,69;9,85;
"K-B3 ACOEM SW 5";2025-03-17 15:00:00;29,53;10,09;
"K-B3 ACOEM SW 5";2025-03-17 14:00:00;35,12;9,73;
"K-B3 ACOEM SW 5";2025-03-17 13:00:00;44,76;8,61;
"K-B3 ACOEM SW 5";2025-03-17 12:00:00;39,90;7,66;
"K-B3 ACOEM SW 5";2025-03-17 11:00:00;35,68;6,22;
"K-B3 ACOEM SW 5";2025-03-17 10:00:00;38,41;4,84;
"K-B3 ACOEM SW 5";2025-03-17 09:00:00;41,85;3,08;
"K-B3 ACOEM SW 5";2025-03-17 08:00:00;44,97;1,58;
"K-B3 ACOEM SW 5";2025-03-17 07:00:00;50,34;0,12;
"K-B3 ACOEM SW 5";2025-03-17 06:00:00;55,64;-0,71;
"K-B3 ACOEM SW 5";2025-03-17 05:00:00;52,05;-0,66;
"K-B3 ACOEM SW 5";2025-03-17 04:00:00;52,02;-0,43;
"K-B3 ACOEM SW 5";2025-03-17 03:00:00;48,93;0,25;
"K-B3 ACOEM SW 5";2025-03-17 02:00:00;49,63;0,50;
"K-B3 ACOEM SW 5";2025-03-17 01:00:00;46,29;1,17;
"K-B3 ACOEM SW 5";2025-03-17 00:00:00;41,52;1,58;
"K-B3 ACOEM SW 5";2025-03-16 23:00:00;45,19;1,62;
"K-B3 ACOEM SW 5";2025-03-16 22:00:00;51,90;2,28;
"K-B3 ACOEM SW 5";2025-03-16 21:00:00;50,18;3,04;
"K-B3 ACOEM SW 5";2025-03-16 20:00:00;48,63;4,05;
"K-B3 ACOEM SW 5";2025-03-16 19:00:00;52,54;4,84;
"K-B3 ACOEM SW 5";2025-03-16 18:00:00;52,95;5,55;
"K-B3 ACOEM SW 5";2025-03-16 17:00:00;53,46;5,93;
"K-B3 ACOEM SW 5";2025-03-16 16:00:00;58,48;5,68;
"K-B3 ACOEM SW 5";2025-03-16 15:00:00;59,00;5,81;
"K-B3 ACOEM SW 5";2025-03-16 14:00:00;61,48;5,87;
"K-B3 ACOEM SW 5";2025-03-16 13:00:00;59,20;6,78;
"K-B3 ACOEM SW 5";2025-03-16 12:00:00;53,23;8,39;
"K-B3 ACOEM SW 5";2025-03-16 11:00:00;40,94;10,13;
"K-B3 ACOEM SW 5";2025-03-16 10:00:00;45,83;9,43;
"K-B3 ACOEM SW 5";2025-03-16 09:00:00;53,13;6,98;
"K-B3 ACOEM SW 5";2025-03-16 08:00:00;55,70;6,14;
"K-B3 ACOEM SW 5";2025-03-16 07:00:00;57,54;6,43;
"K-B3 ACOEM SW 5";2025-03-16 06:00:00;59,11;7,03;
"K-B3 ACOEM SW 5";2025-03-16 05:00:00;64,48;6,86;
"K-B3 ACOEM SW 5";2025-03-16 04:00:00;80,10;5,13;
"K-B3 ACOEM SW 5";2025-03-16 03:00:00;84,25;4,91;
"K-B3 ACOEM SW 5";2025-03-16 02:00:00;84,25;5,04;
"K-B3 ACOEM SW 5";2025-03-16 01:00:00;81,55;5,55;
"K-B3 ACOEM SW 5";2025-03-16 00:00:00;77,51;5,67;
"K-B3 ACOEM SW 5";2025-03-15 23:00:00;75,75;5,34;
"K-B3 ACOEM SW 5";2025-03-15 22:00:00;73,69;5,06;
"K-B3 ACOEM SW 5";2025-03-15 21:00:00;69,69;5,13;
"K-B3 ACOEM SW 5";2025-03-15 20:00:00;63,56;5,66;
"K-B3 ACOEM SW 5";2025-03-15 19:00:00;58,08;6,59;
"K-B3 ACOEM SW 5";2025-03-15 18:00:00;53,24;7,56;
"K-B3 ACOEM SW 5";2025-03-15 17:00:00;49,79;8,11;
"K-B3 ACOEM SW 5";2025-03-15 16:00:00;47,87;9,20;
"K-B3 ACOEM SW 5";2025-03-15 15:00:00;47,41;9,33;
"K-B3 ACOEM SW 5";2025-03-15 14:00:00;46,91;8,91;
"K-B3 ACOEM SW 5";2025-03-15 13:00:00;47,90;8,19;
"K-B3 ACOEM SW 5";2025-03-15 12:00:00;49,96;7,11;
"K-B3 ACOEM SW 5";2025-03-15 11:00:00;54,51;5,70;
"K-B3 ACOEM SW 5";2025-03-15 10:00:00;60,24;4,18;
"K-B3 ACOEM SW 5";2025-03-15 09:00:00;66,16;2,40;
"K-B3 ACOEM SW 5";2025-03-15 08:00:00;72,93;-1,04;
"K-B3 ACOEM SW 5";2025-03-15 07:00:00;72,39;-1,90;
"K-B3 ACOEM SW 5";2025-03-15 06:00:00;73,30;-2,01;
"K-B3 ACOEM SW 5";2025-03-15 05:00:00;73,51;-1,98;
"K-B3 ACOEM SW 5";2025-03-15 04:00:00;74,31;-1,90;
"K-B3 ACOEM SW 5";2025-03-15 03:00:00;75,04;-1,68;
"K-B3 ACOEM SW 5";2025-03-15 02:00:00;70,99;-0,72;
"K-B3 ACOEM SW 5";2025-03-15 01:00:00;75,37;-0,60;
"K-B3 ACOEM SW 5";2025-03-15 00:00:00;83,13;-0,56;
"K-B3 ACOEM SW 5";2025-03-14 23:00:00;81,89;0,28;
"K-B3 ACOEM SW 5";2025-03-14 22:00:00;79,12;0,85;
"K-B3 ACOEM SW 5";2025-03-14 21:00:00;74,98;1,65;
"K-B3 ACOEM SW 5";2025-03-14 20:00:00;72,78;2,71;
"K-B3 ACOEM SW 5";2025-03-14 19:00:00;69,71;4,06;
"K-B3 ACOEM SW 5";2025-03-14 18:00:00;65,84;4,83;
"K-B3 ACOEM SW 5";2025-03-14 17:00:00;63,59;5,19;
"K-B3 ACOEM SW 5";2025-03-14 16:00:00;63,26;5,55;
"K-B3 ACOEM SW 5";2025-03-14 15:00:00;58,47;5,49;
"K-B3 ACOEM SW 5";2025-03-14 14:00:00;52,38;5,73;
"K-B3 ACOEM SW 5";2025-03-14 13:00:00;51,11;5,78;
"K-B3 ACOEM SW 5";2025-03-14 12:00:00;49,35;5,53;
"K-B3 ACOEM SW 5";2025-03-14 11:00:00;55,06;4,22;
"K-B3 ACOEM SW 5";2025-03-14 10:00:00;66,28;0,45;
"K-B3 ACOEM SW 5";2025-03-14 09:00:00;73,98;-2,06;
"K-B3 ACOEM SW 5";2025-03-14 08:00:00;81,57;-3,86;
"K-B3 ACOEM SW 5";2025-03-14 07:00:00;81,38;-3,71;
"K-B3 ACOEM SW 5";2025-03-14 06:00:00;81,25;-3,57;
"K-B3 ACOEM SW 5";2025-03-14 05:00:00;82,95;-3,46;
"K-B3 ACOEM SW 5";2025-03-14 04:00:00;85,49;-3,37;
"K-B3 ACOEM SW 5";2025-03-14 03:00:00;86,44;-3,08;
"K-B3 ACOEM SW 5";2025-03-14 02:00:00;84,97;-2,58;
"K-B3 ACOEM SW 5";2025-03-14 01:00:00;86,14;-2,77;
"K-B3 ACOEM SW 5";2025-03-14 00:00:00;85,92;-2,48;
"K-B3 ACOEM SW 5";2025-03-13 23:00:00;85,31;-1,99;
"K-B3 ACOEM SW 5";2025-03-13 22:00:00;83,43;-1,60;
"K-B3 ACOEM SW 5";2025-03-13 21:00:00;78,30;-0,78;
"K-B3 ACOEM SW 5";2025-03-13 20:00:00;73,64;0,17;
"K-B3 ACOEM SW 5";2025-03-13 19:00:00;69,35;1,12;
"K-B3 ACOEM SW 5";2025-03-13 18:00:00;63,48;1,85;
"K-B3 ACOEM SW 5";2025-03-13 17:00:00;63,46;2,59;
"K-B3 ACOEM SW 5";2025-03-13 16:00:00;59,34;2,77;
"K-B3 ACOEM SW 5";2025-03-13 15:00:00;60,93;2,45;
"K-B3 ACOEM SW 5";2025-03-13 14:00:00;63,44;2,31;
"K-B3 ACOEM SW 5";2025-03-13 13:00:00;65,43;1,75;
"K-B3 ACOEM SW 5";2025-03-13 12:00:00;68,21;1,25;
"K-B3 ACOEM SW 5";2025-03-13 11:00:00;71,75;0,65;
"K-B3 ACOEM SW 5";2025-03-13 10:00:00;74,50;-0,51;
"K-B3 ACOEM SW 5";2025-03-13 09:00:00;78,47;-1,23;
"K-B3 ACOEM SW 5";2025-03-13 08:00:00;80,04;-1,43;
"K-B3 ACOEM SW 5";2025-03-13 07:00:00;79,94;-1,39;
"K-B3 ACOEM SW 5";2025-03-13 06:00:00;80,38;-1,39;
"K-B3 ACOEM SW 5";2025-03-13 05:00:00;81,64;-1,49;
"K-B3 ACOEM SW 5";2025-03-13 04:00:00;82,42;-1,73;
"K-B3 ACOEM SW 5";2025-03-13 03:00:00;83,14;-1,96;
"K-B3 ACOEM SW 5";2025-03-13 02:00:00;84,14;-1,95;
"K-B3 ACOEM SW 5";2025-03-13 01:00:00;85,71;-1,85;
"K-B3 ACOEM SW 5";2025-03-13 00:00:00;86,30;-1,79;
"K-B3 ACOEM SW 5";2025-03-12 23:00:00;84,83;-1,55;
"K-B3 ACOEM SW 5";2025-03-12 22:00:00;83,21;-1,06;
"K-B3 ACOEM SW 5";2025-03-12 21:00:00;84,74;-0,93;
"K-B3 ACOEM SW 5";2025-03-12 20:00:00;85,44;-0,49;
"K-B3 ACOEM SW 5";2025-03-12 19:00:00;87,95;-0,12;
"K-B3 ACOEM SW 5";2025-03-12 18:00:00;85,08;0,53;
"K-B3 ACOEM SW 5";2025-03-12 17:00:00;85,26;0,58;
"K-B3 ACOEM SW 5";2025-03-12 16:00:00;84,34;0,61;
"K-B3 ACOEM SW 5";2025-03-12 15:00:00;84,93;0,48;
"K-B3 ACOEM SW 5";2025-03-12 14:00:00;87,16;0,33;
"K-B3 ACOEM SW 5";2025-03-12 13:00:00;87,77;0,25;
"K-B3 ACOEM SW 5";2025-03-12 12:00:00;87,49;0,39;
"K-B3 ACOEM SW 5";2025-03-12 11:00:00;87,46;0,17;
"K-B3 ACOEM SW 5";2025-03-12 10:00:00;88,74;-0,03;
"K-B3 ACOEM SW 5";2025-03-12 09:00:00;90,97;-0,29;
"K-B3 ACOEM SW 5";2025-03-12 08:00:00;92,83;-0,58;
"K-B3 ACOEM SW 5";2025-03-12 07:00:00;93,29;-0,51;
"K-B3 ACOEM SW 5";2025-03-12 06:00:00;92,41;-0,36;
"K-B3 ACOEM SW 5";2025-03-12 05:00:00;91,91;-0,30;
"K-B3 ACOEM SW 5";2025-03-12 04:00:00;92,88;-0,31;
"K-B3 ACOEM SW 5";2025-03-12 03:00:00;92,25;-0,21;
"K-B3 ACOEM SW 5";2025-03-12 02:00:00;92,61;-0,19;
"K-B3 ACOEM SW 5";2025-03-12 01:00:00;92,53;-0,12;
"K-B3 ACOEM SW 5";2025-03-12 00:00:00;92,89;-0,03;
"K-B3 ACOEM SW 5";2025-03-11 23:00:00;93,50;0,03;
"K-B3 ACOEM SW 5";2025-03-11 22:00:00;94,07;0,18;
"K-B3 ACOEM SW 5";2025-03-11 21:00:00;93,95;0,37;
"K-B3 ACOEM SW 5";2025-03-11 20:00:00;94,50;0,49;
"K-B3 ACOEM SW 5";2025-03-11 19:00:00;94,25;0,67;
"K-B3 ACOEM SW 5";2025-03-11 18:00:00;92,69;1,11;
"K-B3 ACOEM SW 5";2025-03-11 17:00:00;93,06;1,42;
"K-B3 ACOEM SW 5";2025-03-11 16:00:00;93,46;1,33;
"K-B3 ACOEM SW 5";2025-03-11 15:00:00;93,77;1,14;
"K-B3 ACOEM SW 5";2025-03-11 14:00:00;93,16;1,20;
"K-B3 ACOEM SW 5";2025-03-11 13:00:00;91,78;1,38;
"K-B3 ACOEM SW 5";2025-03-11 12:00:00;92,06;1,32;
"K-B3 ACOEM SW 5";2025-03-11 11:00:00;92,60;1,11;
"K-B3 ACOEM SW 5";2025-03-11 10:00:00;93,39;0,94;
"K-B3 ACOEM SW 5";2025-03-11 09:00:00;93,77;0,71;
"K-B3 ACOEM SW 5";2025-03-11 08:00:00;94,27;0,66;
"K-B3 ACOEM SW 5";2025-03-11 07:00:00;94,69;0,69;
"K-B3 ACOEM SW 5";2025-03-11 06:00:00;94,35;0,82;
"K-B3 ACOEM SW 5";2025-03-11 05:00:00;94,99;0,82;
"K-B3 ACOEM SW 5";2025-03-11 04:00:00;95,35;0,87;
"K-B3 ACOEM SW 5";2025-03-11 03:00:00;95,27;0,96;
"K-B3 ACOEM SW 5";2025-03-11 02:00:00;95,70;0,98;
"K-B3 ACOEM SW 5";2025-03-11 01:00:00;95,24;1,11;
"K-B3 ACOEM SW 5";2025-03-11 00:00:00;93,50;1,81;
"K-B3 ACOEM SW 5";2025-03-10 23:00:00;90,60;2,47;
"K-B3 ACOEM SW 5";2025-03-10 22:00:00;88,39;2,89;
"K-B3 ACOEM SW 5";2025-03-10 21:00:00;86,90;3,40;
"K-B3 ACOEM SW 5";2025-03-10 20:00:00;87,50;3,84;
"K-B3 ACOEM SW 5";2025-03-10 19:00:00;88,81;4,33;
"K-B3 ACOEM SW 5";2025-03-10 18:00:00;88,96;4,71;
"K-B3 ACOEM SW 5";2025-03-10 17:00:00;89,10;5,20;
"K-B3 ACOEM SW 5";2025-03-10 16:00:00;88,41;5,20;
"K-B3 ACOEM SW 5";2025-03-10 15:00:00;89,70;4,72;
"K-B3 ACOEM SW 5";2025-03-10 14:00:00;90,51;4,18;
"K-B3 ACOEM SW 5";2025-03-10 13:00:00;91,14;4,26;
"K-B3 ACOEM SW 5";2025-03-10 12:00:00;91,56;4,35;
"K-B3 ACOEM SW 5";2025-03-10 11:00:00;92,41;3,89;
"K-B3 ACOEM SW 5";2025-03-10 10:00:00;93,41;3,12;
"K-B3 ACOEM SW 5";2025-03-10 09:00:00;94,33;2,76;
"K-B3 ACOEM SW 5";2025-03-10 08:00:00;94,99;2,38;
"K-B3 ACOEM SW 5";2025-03-10 07:00:00;94,85;2,47;
"K-B3 ACOEM SW 5";2025-03-10 06:00:00;94,15;2,58;
"K-B3 ACOEM SW 5";2025-03-10 05:00:00;94,37;2,60;
"K-B3 ACOEM SW 5";2025-03-10 04:00:00;94,54;2,56;
"K-B3 ACOEM SW 5";2025-03-10 03:00:00;94,70;2,50;
"K-B3 ACOEM SW 5";2025-03-10 02:00:00;94,47;2,65;
"K-B3 ACOEM SW 5";2025-03-10 01:00:00;94,52;2,82;
"K-B3 ACOEM SW 5";2025-03-10 00:00:00;94,33;3,10;
"K-B3 ACOEM SW 5";2025-03-09 23:00:00;94,20;3,16;
"K-B3 ACOEM SW 5";2025-03-09 22:00:00;94,03;3,58;
"K-B3 ACOEM SW 5";2025-03-09 21:00:00;94,80;3,88;
"K-B3 ACOEM SW 5";2025-03-09 20:00:00;94,45;4,06;
"K-B3 ACOEM SW 5";2025-03-09 19:00:00;93,92;4,62;
"K-B3 ACOEM SW 5";2025-03-09 18:00:00;92,53;5,23;
"K-B3 ACOEM SW 5";2025-03-09 17:00:00;90,16;6,13;
"K-B3 ACOEM SW 5";2025-03-09 16:00:00;88,84;6,58;
"K-B3 ACOEM SW 5";2025-03-09 15:00:00;89,17;6,39;
"K-B3 ACOEM SW 5";2025-03-09 14:00:00;90,48;6,26;
"K-B3 ACOEM SW 5";2025-03-09 13:00:00;90,30;6,48;
"K-B3 ACOEM SW 5";2025-03-09 12:00:00;90,24;6,36;
"K-B3 ACOEM SW 5";2025-03-09 11:00:00;91,93;5,88;
"K-B3 ACOEM SW 5";2025-03-09 10:00:00;93,67;5,30;
"K-B3 ACOEM SW 5";2025-03-09 09:00:00;94,11;4,92;
"K-B3 ACOEM SW 5";2025-03-09 08:00:00;94,37;4,83;
"K-B3 ACOEM SW 5";2025-03-09 07:00:00;95,47;4,72;
"K-B3 ACOEM SW 5";2025-03-09 06:00:00;96,02;4,51;
"K-B3 ACOEM SW 5";2025-03-09 05:00:00;95,56;4,72;
"K-B3 ACOEM SW 5";2025-03-09 04:00:00;94,91;4,96;
"K-B3 ACOEM SW 5";2025-03-09 03:00:00;94,41;5,18;
"K-B3 ACOEM SW 5";2025-03-09 02:00:00;94,24;4,96;
"K-B3 ACOEM SW 5";2025-03-09 01:00:00;93,90;4,94;
"K-B3 ACOEM SW 5";2025-03-09 00:00:00;93,05;4,99;
"K-B3 ACOEM SW 5";2025-03-08 23:00:00;94,19;4,85;
"K-B3 ACOEM SW 5";2025-03-08 22:00:00;95,06;4,80;
"K-B3 ACOEM SW 5";2025-03-08 21:00:00;95,88;4,70;
"K-B3 ACOEM SW 5";2025-03-08 20:00:00;95,19;4,84;
"K-B3 ACOEM SW 5";2025-03-08 19:00:00;93,53;5,17;
"K-B3 ACOEM SW 5";2025-03-08 18:00:00;89,88;5,71;
"K-B3 ACOEM SW 5";2025-03-08 17:00:00;86,23;6,31;
"K-B3 ACOEM SW 5";2025-03-08 16:00:00;83,71;6,95;
"K-B3 ACOEM SW 5";2025-03-08 15:00:00;83,39;7,11;
"K-B3 ACOEM SW 5";2025-03-08 14:00:00;78,70;8,26;
"K-B3 ACOEM SW 5";2025-03-08 13:00:00;79,34;8,14;
"K-B3 ACOEM SW 5";2025-03-08 12:00:00;83,21;7,53;
"K-B3 ACOEM SW 5";2025-03-08 11:00:00;86,39;6,64;
"K-B3 ACOEM SW 5";2025-03-08 10:00:00;89,41;6,05;
"K-B3 ACOEM SW 5";2025-03-08 09:00:00;88,48;5,53;
"K-B3 ACOEM SW 5";2025-03-08 08:00:00;87,98;5,34;
"K-B3 ACOEM SW 5";2025-03-08 07:00:00;88,60;5,13;
"K-B3 ACOEM SW 5";2025-03-08 06:00:00;91,21;4,96;
"K-B3 ACOEM SW 5";2025-03-08 05:00:00;93,70;4,96;
"K-B3 ACOEM SW 5";2025-03-08 04:00:00;93,93;5,15;
"K-B3 ACOEM SW 5";2025-03-08 03:00:00;93,42;5,57;
"K-B3 ACOEM SW 5";2025-03-08 02:00:00;93,82;6,07;
"K-B3 ACOEM SW 5";2025-03-08 01:00:00;93,45;6,39;
"K-B3 ACOEM SW 5";2025-03-08 00:00:00;92,93;6,82;
"K-B3 ACOEM SW 5";2025-03-07 23:00:00;92,82;7,18;
"K-B3 ACOEM SW 5";2025-03-07 22:00:00;92,69;7,49;
"K-B3 ACOEM SW 5";2025-03-07 21:00:00;91,90;7,81;
"K-B3 ACOEM SW 5";2025-03-07 20:00:00;91,86;7,82;
"K-B3 ACOEM SW 5";2025-03-07 19:00:00;90,87;8,26;
"K-B3 ACOEM SW 5";2025-03-07 18:00:00;90,90;8,49;
"K-B3 ACOEM SW 5";2025-03-07 17:00:00;91,60;8,40;
"K-B3 ACOEM SW 5";2025-03-07 16:00:00;92,29;8,26;
"K-B3 ACOEM SW 5";2025-03-07 15:00:00;89,25;8,54;
"K-B3 ACOEM SW 5";2025-03-07 14:00:00;84,41;9,44;
"K-B3 ACOEM SW 5";2025-03-07 13:00:00;85,64;9,17;
"K-B3 ACOEM SW 5";2025-03-07 12:00:00;91,39;7,55;
"K-B3 ACOEM SW 5";2025-03-07 11:00:00;93,71;6,60;
"K-B3 ACOEM SW 5";2025-03-07 10:00:00;95,11;5,89;
"K-B3 ACOEM SW 5";2025-03-07 09:00:00;95,61;5,35;
"K-B3 ACOEM SW 5";2025-03-07 08:00:00;95,64;4,56;
"K-B3 ACOEM SW 5";2025-03-07 07:00:00;95,60;4,64;
"K-B3 ACOEM SW 5";2025-03-07 06:00:00;96,05;4,47;
"K-B3 ACOEM SW 5";2025-03-07 05:00:00;95,54;4,17;
"K-B3 ACOEM SW 5";2025-03-07 04:00:00;96,35;4,56;
"K-B3 ACOEM SW 5";2025-03-07 03:00:00;95,06;4,41;
"K-B3 ACOEM SW 5";2025-03-07 02:00:00;94,42;4,53;
"K-B3 ACOEM SW 5";2025-03-07 01:00:00;93,29;4,86;
"K-B3 ACOEM SW 5";2025-03-07 00:00:00;92,63;5,31;
"K-B3 ACOEM SW 5";2025-03-06 23:00:00;92,35;5,71;
"K-B3 ACOEM SW 5";2025-03-06 22:00:00;91,24;6,27;
"K-B3 ACOEM SW 5";2025-03-06 21:00:00;89,32;7,04;
"K-B3 ACOEM SW 5";2025-03-06 20:00:00;84,26;8,70;
"K-B3 ACOEM SW 5";2025-03-06 19:00:00;80,81;10,26;
"K-B3 ACOEM SW 5";2025-03-06 18:00:00;79,63;10,81;
"K-B3 ACOEM SW 5";2025-03-06 17:00:00;77,13;11,63;
"K-B3 ACOEM SW 5";2025-03-06 16:00:00;74,40;12,57;
"K-B3 ACOEM SW 5";2025-03-06 15:00:00;71,57;13,26;
"K-B3 ACOEM SW 5";2025-03-06 14:00:00;72,84;13,09;
"K-B3 ACOEM SW 5";2025-03-06 13:00:00;73,62;12,96;
"K-B3 ACOEM SW 5";2025-03-06 12:00:00;70,62;13,68;
"K-B3 ACOEM SW 5";2025-03-06 11:00:00;74,47;12,55;
"K-B3 ACOEM SW 5";2025-03-06 10:00:00;78,70;11,36;
"K-B3 ACOEM SW 5";2025-03-06 09:00:00;84,69;9,60;
"K-B3 ACOEM SW 5";2025-03-06 08:00:00;87,13;8,73;
"K-B3 ACOEM SW 5";2025-03-06 07:00:00;86,35;8,86;
"K-B3 ACOEM SW 5";2025-03-06 06:00:00;85,52;9,06;
"K-B3 ACOEM SW 5";2025-03-06 05:00:00;85,21;9,11;
"K-B3 ACOEM SW 5";2025-03-06 04:00:00;84,79;9,25;
"K-B3 ACOEM SW 5";2025-03-06 03:00:00;84,82;9,37;
"K-B3 ACOEM SW 5";2025-03-06 02:00:00;84,76;9,47;
"K-B3 ACOEM SW 5";2025-03-06 01:00:00;85,58;9,59;
"K-B3 ACOEM SW 5";2025-03-06 00:00:00;84,96;9,92;
"K-B3 ACOEM SW 5";2025-03-05 23:00:00;84,27;9,97;
"K-B3 ACOEM SW 5";2025-03-05 22:00:00;83,17;10,17;
"K-B3 ACOEM SW 5";2025-03-05 21:00:00;82,28;10,36;
"K-B3 ACOEM SW 5";2025-03-05 20:00:00;81,61;10,52;
"K-B3 ACOEM SW 5";2025-03-05 19:00:00;80,49;10,86;
"K-B3 ACOEM SW 5";2025-03-05 18:00:00;78,75;11,38;
"K-B3 ACOEM SW 5";2025-03-05 17:00:00;77,72;11,62;
"K-B3 ACOEM SW 5";2025-03-05 16:00:00;76,63;11,95;
"K-B3 ACOEM SW 5";2025-03-05 15:00:00;75,88;12,25;
"K-B3 ACOEM SW 5";2025-03-05 14:00:00;77,14;11,58;
"K-B3 ACOEM SW 5";2025-03-05 13:00:00;77,43;11,17;
"K-B3 ACOEM SW 5";2025-03-05 12:00:00;78,49;10,79;
"K-B3 ACOEM SW 5";2025-03-05 11:00:00;79,25;10,32;
"K-B3 ACOEM SW 5";2025-03-05 10:00:00;80,12;9,73;
"K-B3 ACOEM SW 5";2025-03-05 09:00:00;80,83;9,09;
"K-B3 ACOEM SW 5";2025-03-05 08:00:00;81,10;8,66;
"K-B3 ACOEM SW 5";2025-03-05 07:00:00;80,74;8,68;
"K-B3 ACOEM SW 5";2025-03-05 06:00:00;80,39;8,62;
"K-B3 ACOEM SW 5";2025-03-05 05:00:00;80,84;8,52;
"K-B3 ACOEM SW 5";2025-03-05 04:00:00;81,03;8,40;
"K-B3 ACOEM SW 5";2025-03-05 03:00:00;80,35;8,26;
"K-B3 ACOEM SW 5";2025-03-05 02:00:00;80,81;8,40;
"K-B3 ACOEM SW 5";2025-03-05 01:00:00;81,45;8,32;
"K-B3 ACOEM SW 5";2025-03-05 00:00:00;82,50;8,11;
"K-B3 ACOEM SW 5";2025-03-04 23:00:00;83,14;7,94;
"K-B3 ACOEM SW 5";2025-03-04 22:00:00;84,80;7,66;
"K-B3 ACOEM SW 5";2025-03-04 21:00:00;84,39;7,70;
"K-B3 ACOEM SW 5";2025-03-04 20:00:00;80,76;8,14;
"K-B3 ACOEM SW 5";2025-03-04 19:00:00;79,58;8,59;
"K-B3 ACOEM SW 5";2025-03-04 18:00:00;79,03;9,23;
"K-B3 ACOEM SW 5";2025-03-04 17:00:00;76,13;9,92;
"K-B3 ACOEM SW 5";2025-03-04 16:00:00;74,38;10,40;
"K-B3 ACOEM SW 5";2025-03-04 15:00:00;72,27;10,37;
"K-B3 ACOEM SW 5";2025-03-04 14:00:00;66,93;10,47;
"K-B3 ACOEM SW 5";2025-03-04 13:00:00;66,56;9,74;
"K-B3 ACOEM SW 5";2025-03-04 12:00:00;64,50;9,40;
"K-B3 ACOEM SW 5";2025-03-04 11:00:00;66,89;8,73;
"K-B3 ACOEM SW 5";2025-03-04 10:00:00;70,82;7,72;
"K-B3 ACOEM SW 5";2025-03-04 09:00:00;74,73;6,50;
"K-B3 ACOEM SW 5";2025-03-04 08:00:00;76,09;5,98;
"K-B3 ACOEM SW 5";2025-03-04 07:00:00;73,90;6,56;
"K-B3 ACOEM SW 5";2025-03-04 06:00:00;72,58;7,03;
"K-B3 ACOEM SW 5";2025-03-04 05:00:00;69,80;7,55;
"K-B3 ACOEM SW 5";2025-03-04 04:00:00;69,04;7,84;
"K-B3 ACOEM SW 5";2025-03-04 03:00:00;68,82;8,02;
"K-B3 ACOEM SW 5";2025-03-04 02:00:00;70,56;7,64;
"K-B3 ACOEM SW 5";2025-03-04 01:00:00;72,71;7,48;
"K-B3 ACOEM SW 5";2025-03-04 00:00:00;74,54;7,29;
"K-B3 ACOEM SW 5";2025-03-03 23:00:00;73,40;7,38;
"K-B3 ACOEM SW 5";2025-03-03 22:00:00;70,00;7,70;
"K-B3 ACOEM SW 5";2025-03-03 21:00:00;67,35;8,02;
"K-B3 ACOEM SW 5";2025-03-03 20:00:00;65,83;8,19;
"K-B3 ACOEM SW 5";2025-03-03 19:00:00;63,80;8,56;
"K-B3 ACOEM SW 5";2025-03-03 18:00:00;59,98;9,28;
"K-B3 ACOEM SW 5";2025-03-03 17:00:00;55,46;10,16;
"K-B3 ACOEM SW 5";2025-03-03 16:00:00;53,36;11,09;
"K-B3 ACOEM SW 5";2025-03-03 15:00:00;50,63;11,81;
"K-B3 ACOEM SW 5";2025-03-03 14:00:00;52,71;11,60;
"K-B3 ACOEM SW 5";2025-03-03 13:00:00;56,86;11,40;
"K-B3 ACOEM SW 5";2025-03-03 12:00:00;59,53;11,28;
"K-B3 ACOEM SW 5";2025-03-03 11:00:00;66,27;10,22;
"K-B3 ACOEM SW 5";2025-03-03 10:00:00;74,19;8,45;
"K-B3 ACOEM SW 5";2025-03-03 09:00:00;80,50;6,59;
"K-B3 ACOEM SW 5";2025-03-03 08:00:00;83,64;5,66;
"K-B3 ACOEM SW 5";2025-03-03 07:00:00;82,30;5,42;
"K-B3 ACOEM SW 5";2025-03-03 06:00:00;79,48;5,52;
"K-B3 ACOEM SW 5";2025-03-03 05:00:00;78,11;5,36;
"K-B3 ACOEM SW 5";2025-03-03 04:00:00;77,42;5,22;
"K-B3 ACOEM SW 5";2025-03-03 03:00:00;76,98;5,41;
"K-B3 ACOEM SW 5";2025-03-03 02:00:00;78,01;5,11;
"K-B3 ACOEM SW 5";2025-03-03 01:00:00;78,75;4,91;
"K-B3 ACOEM SW 5";2025-03-03 00:00:00;78,05;5,27;
"K-B3 ACOEM SW 5";2025-03-02 23:00:00;77,45;5,48;
"K-B3 ACOEM SW 5";2025-03-02 22:00:00;78,18;5,60;
"K-B3 ACOEM SW 5";2025-03-02 21:00:00;77,40;6,10;
"K-B3 ACOEM SW 5";2025-03-02 20:00:00;77,84;6,46;
"K-B3 ACOEM SW 5";2025-03-02 19:00:00;78,31;6,75;
"K-B3 ACOEM SW 5";2025-03-02 18:00:00;80,14;6,62;
"K-B3 ACOEM SW 5";2025-03-02 17:00:00;74,02;7,60;
"K-B3 ACOEM SW 5";2025-03-02 16:00:00;67,48;8,36;
"K-B3 ACOEM SW 5";2025-03-02 15:00:00;66,31;8,57;
"K-B3 ACOEM SW 5";2025-03-02 14:00:00;65,65;8,82;
"K-B3 ACOEM SW 5";2025-03-02 13:00:00;68,29;8,36;
"K-B3 ACOEM SW 5";2025-03-02 12:00:00;70,84;7,97;
"K-B3 ACOEM SW 5";2025-03-02 11:00:00;72,69;7,63;
"K-B3 ACOEM SW 5";2025-03-02 10:00:00;74,60;7,25;
"K-B3 ACOEM SW 5";2025-03-02 09:00:00;76,32;6,89;
"K-B3 ACOEM SW 5";2025-03-02 08:00:00;77,17;6,48;
"K-B3 ACOEM SW 5";2025-03-02 07:00:00;77,35;6,31;
"K-B3 ACOEM SW 5";2025-03-02 06:00:00;79,88;5,45;
"K-B3 ACOEM SW 5";2025-03-02 05:00:00;80,52;5,22;
"K-B3 ACOEM SW 5";2025-03-02 04:00:00;77,35;5,74;
"K-B3 ACOEM SW 5";2025-03-02 03:00:00;73,12;6,04;
"K-B3 ACOEM SW 5";2025-03-02 02:00:00;73,01;5,84;
"K-B3 ACOEM SW 5";2025-03-02 01:00:00;77,15;5,70;
"K-B3 ACOEM SW 5";2025-03-02 00:00:00;79,44;5,62;
"K-B3 ACOEM SW 5";2025-03-01 23:00:00;83,52;5,07;
"K-B3 ACOEM SW 5";2025-03-01 22:00:00;82,55;5,54;
"K-B3 ACOEM SW 5";2025-03-01 21:00:00;80,24;5,70;
"K-B3 ACOEM SW 5";2025-03-01 20:00:00;77,04;6,23;
"K-B3 ACOEM SW 5";2025-03-01 19:00:00;73,14;6,88;
"K-B3 ACOEM SW 5";2025-03-01 18:00:00;68,86;7,49;
"K-B3 ACOEM SW 5";2025-03-01 17:00:00;66,14;8,12;
"K-B3 ACOEM SW 5";2025-03-01 16:00:00;65,27;8,30;
"K-B3 ACOEM SW 5";2025-03-01 15:00:00;64,58;8,40;
"K-B3 ACOEM SW 5";2025-03-01 14:00:00;63,63;8,34;
"K-B3 ACOEM SW 5";2025-03-01 13:00:00;67,33;7,95;
"K-B3 ACOEM SW 5";2025-03-01 12:00:00;69,50;6,89;
"K-B3 ACOEM SW 5";2025-03-01 11:00:00;76,54;4,15;
"K-B3 ACOEM SW 5";2025-03-01 10:00:00;78,43;2,52;
"K-B3 ACOEM SW 5";2025-03-01 09:00:00;76,37;2,65;
"K-B3 ACOEM SW 5";2025-03-01 08:00:00;76,05;2,02;
"K-B3 ACOEM SW 5";2025-03-01 07:00:00;75,17;1,83;
"K-B3 ACOEM SW 5";2025-03-01 06:00:00;74,54;2,01;
"K-B3 ACOEM SW 5";2025-03-01 05:00:00;77,22;1,77;
"K-B3 ACOEM SW 5";2025-03-01 04:00:00;81,57;1,02;
"K-B3 ACOEM SW 5";2025-03-01 03:00:00;83,78;0,70;
"K-B3 ACOEM SW 5";2025-03-01 02:00:00;83,46;0,99;
"K-B3 ACOEM SW 5";2025-03-01 01:00:00;85,02;0,87;
"K-B3 ACOEM SW 5";2025-03-01 00:00:00;87,18;0,66;
"K-B3 ACOEM SW 5";2025-02-28 23:00:00;91,42;0,08;
"K-B3 ACOEM SW 5";2025-02-28 22:00:00;93,70;-0,10;
"K-B3 ACOEM SW 5";2025-02-28 21:00:00;93,39;-0,15;
"K-B3 ACOEM SW 5";2025-02-28 20:00:00;94,15;0,48;
"K-B3 ACOEM SW 5";2025-02-28 19:00:00;94,54;0,75;
"K-B3 ACOEM SW 5";2025-02-28 18:00:00;91,72;1,16;
"K-B3 ACOEM SW 5";2025-02-28 17:00:00;86,08;2,93;
"K-B3 ACOEM SW 5";2025-02-28 16:00:00;83,96;3,68;
"K-B3 ACOEM SW 5";2025-02-28 15:00:00;82,73;3,86;
"K-B3 ACOEM SW 5";2025-02-28 14:00:00;80,90;3,85;
"K-B3 ACOEM SW 5";2025-02-28 13:00:00;79,21;4,26;
"K-B3 ACOEM SW 5";2025-02-28 12:00:00;77,17;4,89;
"K-B3 ACOEM SW 5";2025-02-28 11:00:00;75,41;4,89;
"K-B3 ACOEM SW 5";2025-02-28 10:00:00;78,28;2,63;
"K-B3 ACOEM SW 5";2025-02-28 09:00:00;89,79;-0,40;
"K-B3 ACOEM SW 5";2025-02-28 08:00:00;91,39;-1,29;
"K-B3 ACOEM SW 5";2025-02-28 07:00:00;90,12;-0,88;
"K-B3 ACOEM SW 5";2025-02-28 06:00:00;86,66;-0,23;
"K-B3 ACOEM SW 5";2025-02-28 05:00:00;84,73;0,36;
"K-B3 ACOEM SW 5";2025-02-28 04:00:00;83,54;0,75;
"K-B3 ACOEM SW 5";2025-02-28 03:00:00;82,28;1,18;
"K-B3 ACOEM SW 5";2025-02-28 02:00:00;82,56;1,34;
"K-B3 ACOEM SW 5";2025-02-28 01:00:00;83,52;1,45;
"K-B3 ACOEM SW 5";2025-02-28 00:00:00;84,42;1,64;
"K-B3 ACOEM SW 5";2025-02-27 23:00:00;86,45;1,71;
"K-B3 ACOEM SW 5";2025-02-27 22:00:00;88,25;1,87;
"K-B3 ACOEM SW 5";2025-02-27 21:00:00;90,87;2,32;
"K-B3 ACOEM SW 5";2025-02-27 20:00:00;92,69;2,88;
"K-B3 ACOEM SW 5";2025-02-27 19:00:00;89,01;4,01;
"K-B3 ACOEM SW 5";2025-02-27 18:00:00;83,56;5,59;
"K-B3 ACOEM SW 5";2025-02-27 17:00:00;81,44;6,86;
"K-B3 ACOEM SW 5";2025-02-27 16:00:00;77,31;8,49;
"K-B3 ACOEM SW 5";2025-02-27 15:00:00;75,21;8,96;
"K-B3 ACOEM SW 5";2025-02-27 14:00:00;82,01;7,62;
"K-B3 ACOEM SW 5";2025-02-27 13:00:00;78,93;8,52;
"K-B3 ACOEM SW 5";2025-02-27 12:00:00;83,96;7,92;
"K-B3 ACOEM SW 5";2025-02-27 11:00:00;92,06;4,33;
"K-B3 ACOEM SW 5";2025-02-27 10:00:00;95,90;2,75;
"K-B3 ACOEM SW 5";2025-02-27 09:00:00;96,15;1,42;
"K-B3 ACOEM SW 5";2025-02-27 08:00:00;95,76;1,40;
"K-B3 ACOEM SW 5";2025-02-27 07:00:00;95,87;1,74;
"K-B3 ACOEM SW 5";2025-02-27 06:00:00;96,75;1,69;
"K-B3 ACOEM SW 5";2025-02-27 05:00:00;96,18;2,09;
"K-B3 ACOEM SW 5";2025-02-27 04:00:00;95,24;3,14;
"K-B3 ACOEM SW 5";2025-02-27 03:00:00;96,03;4,06;
"K-B3 ACOEM SW 5";2025-02-27 02:00:00;96,04;4,27;
"K-B3 ACOEM SW 5";2025-02-27 01:00:00;96,45;4,46;
"K-B3 ACOEM SW 5";2025-02-27 00:00:00;97,02;4,33;
"K-B3 ACOEM SW 5";2025-02-26 23:00:00;97,13;4,36;
"K-B3 ACOEM SW 5";2025-02-26 22:00:00;97,51;4,49;
"K-B3 ACOEM SW 5";2025-02-26 21:00:00;97,74;4,39;
"K-B3 ACOEM SW 5";2025-02-26 20:00:00;97,38;4,55;
"K-B3 ACOEM SW 5";2025-02-26 19:00:00;97,55;4,92;
"K-B3 ACOEM SW 5";2025-02-26 18:00:00;98,36;4,91;
"K-B3 ACOEM SW 5";2025-02-26 17:00:00;98,58;5,05;
"K-B3 ACOEM SW 5";2025-02-26 16:00:00;98,86;4,80;
"K-B3 ACOEM SW 5";2025-02-26 15:00:00;98,45;4,72;
"K-B3 ACOEM SW 5";2025-02-26 14:00:00;97,05;5,01;
"K-B3 ACOEM SW 5";2025-02-26 13:00:00;95,27;5,72;
"K-B3 ACOEM SW 5";2025-02-26 12:00:00;94,44;5,57;
"K-B3 ACOEM SW 5";2025-02-26 11:00:00;93,34;5,45;
"K-B3 ACOEM SW 5";2025-02-26 10:00:00;96,89;4,81;
"K-B3 ACOEM SW 5";2025-02-26 09:00:00;96,63;3,79;
"K-B3 ACOEM SW 5";2025-02-26 08:00:00;97,00;3,87;
"K-B3 ACOEM SW 5";2025-02-26 07:00:00;97,21;3,75;
"K-B3 ACOEM SW 5";2025-02-26 06:00:00;97,96;3,65;
"K-B3 ACOEM SW 5";2025-02-26 05:00:00;97,74;3,17;
"K-B3 ACOEM SW 5";2025-02-26 04:00:00;97,15;3,31;
"K-B3 ACOEM SW 5";2025-02-26 03:00:00;97,28;3,61;
"K-B3 ACOEM SW 5";2025-02-26 02:00:00;97,74;3,43;
"K-B3 ACOEM SW 5";2025-02-26 01:00:00;97,99;3,46;
"K-B3 ACOEM SW 5";2025-02-26 00:00:00;98,32;3,69;
"K-B3 ACOEM SW 5";2025-02-25 23:00:00;98,47;3,66;
"K-B3 ACOEM SW 5";2025-02-25 22:00:00;97,40;4,00;
"K-B3 ACOEM SW 5";2025-02-25 21:00:00;96,51;4,73;
"K-B3 ACOEM SW 5";2025-02-25 20:00:00;96,63;5,10;
"K-B3 ACOEM SW 5";2025-02-25 19:00:00;96,67;5,50;
"K-B3 ACOEM SW 5";2025-02-25 18:00:00;98,38;5,64;
"K-B3 ACOEM SW 5";2025-02-25 17:00:00;98,78;5,40;
"K-B3 ACOEM SW 5";2025-02-25 16:00:00;98,10;5,26;
"K-B3 ACOEM SW 5";2025-02-25 15:00:00;98,11;4,80;
"K-B3 ACOEM SW 5";2025-02-25 14:00:00;97,71;4,72;
"K-B3 ACOEM SW 5";2025-02-25 13:00:00;95,90;5,48;
"K-B3 ACOEM SW 5";2025-02-25 12:00:00;96,04;5,91;
"K-B3 ACOEM SW 5";2025-02-25 11:00:00;96,99;6,09;
"K-B3 ACOEM SW 5";2025-02-25 10:00:00;96,54;5,51;
"K-B3 ACOEM SW 5";2025-02-25 09:00:00;96,19;5,40;
"K-B3 ACOEM SW 5";2025-02-25 08:00:00;97,46;5,17;
"K-B3 ACOEM SW 5";2025-02-25 07:00:00;97,95;5,02;
"K-B3 ACOEM SW 5";2025-02-25 06:00:00;97,17;5,19;
"K-B3 ACOEM SW 5";2025-02-25 05:00:00;97,19;5,56;
"K-B3 ACOEM SW 5";2025-02-25 04:00:00;98,40;5,70;
"K-B3 ACOEM SW 5";2025-02-25 03:00:00;98,30;5,41;
"K-B3 ACOEM SW 5";2025-02-25 02:00:00;98,40;5,50;
"K-B3 ACOEM SW 5";2025-02-25 01:00:00;98,47;5,49;
"K-B3 ACOEM SW 5";2025-02-25 00:00:00;98,53;5,38;
"K-B3 ACOEM SW 5";2025-02-24 23:00:00;98,42;5,38;
"K-B3 ACOEM SW 5";2025-02-24 22:00:00;98,37;5,50;
"K-B3 ACOEM SW 5";2025-02-24 21:00:00;98,12;5,58;
"K-B3 ACOEM SW 5";2025-02-24 20:00:00;98,37;5,72;
"K-B3 ACOEM SW 5";2025-02-24 19:00:00;98,64;5,82;
"K-B3 ACOEM SW 5";2025-02-24 18:00:00;98,69;5,86;
"K-B3 ACOEM SW 5";2025-02-24 17:00:00;98,77;5,84;
"K-B3 ACOEM SW 5";2025-02-24 16:00:00;98,46;5,93;
"K-B3 ACOEM SW 5";2025-02-24 15:00:00;98,45;6,19;
"K-B3 ACOEM SW 5";2025-02-24 14:00:00;98,56;6,12;
"K-B3 ACOEM SW 5";2025-02-24 13:00:00;98,72;6,02;
"K-B3 ACOEM SW 5";2025-02-24 12:00:00;98,87;5,95;
"K-B3 ACOEM SW 5";2025-02-24 11:00:00;98,83;5,88;
"K-B3 ACOEM SW 5";2025-02-24 10:00:00;98,85;5,87;
"K-B3 ACOEM SW 5";2025-02-24 09:00:00;98,89;5,90;
"K-B3 ACOEM SW 5";2025-02-24 08:00:00;98,98;6,00;
"K-B3 ACOEM SW 5";2025-02-24 07:00:00;98,97;5,99;
"K-B3 ACOEM SW 5";2025-02-24 06:00:00;98,95;6,07;
"K-B3 ACOEM SW 5";2025-02-24 05:00:00;98,77;6,04;
"K-B3 ACOEM SW 5";2025-02-24 04:00:00;98,64;5,93;
"K-B3 ACOEM SW 5";2025-02-24 03:00:00;98,60;5,42;
"K-B3 ACOEM SW 5";2025-02-24 02:00:00;98,23;5,17;
"K-B3 ACOEM SW 5";2025-02-24 01:00:00;97,93;4,92;
"K-B3 ACOEM SW 5";2025-02-24 00:00:00;98,02;4,74;
"K-B3 ACOEM SW 5";2025-02-23 23:00:00;98,75;4,48;
"K-B3 ACOEM SW 5";2025-02-23 22:00:00;98,54;4,21;
"K-B3 ACOEM SW 5";2025-02-23 21:00:00;97,95;4,30;
"K-B3 ACOEM SW 5";2025-02-23 20:00:00;95,65;5,02;
"K-B3 ACOEM SW 5";2025-02-23 19:00:00;94,52;5,27;
"K-B3 ACOEM SW 5";2025-02-23 18:00:00;94,42;5,50;
"K-B3 ACOEM SW 5";2025-02-23 17:00:00;92,95;6,04;
"K-B3 ACOEM SW 5";2025-02-23 16:00:00;93,82;6,40;
"K-B3 ACOEM SW 5";2025-02-23 15:00:00;90,27;7,19;
"K-B3 ACOEM SW 5";2025-02-23 14:00:00;90,79;7,44;
"K-B3 ACOEM SW 5";2025-02-23 13:00:00;91,53;7,24;
"K-B3 ACOEM SW 5";2025-02-23 12:00:00;91,14;7,15;
"K-B3 ACOEM SW 5";2025-02-23 11:00:00;94,03;6,37;
"K-B3 ACOEM SW 5";2025-02-23 10:00:00;96,10;5,14;
"K-B3 ACOEM SW 5";2025-02-23 09:00:00;96,44;4,22;
"K-B3 ACOEM SW 5";2025-02-23 08:00:00;96,33;4,28;
"K-B3 ACOEM SW 5";2025-02-23 07:00:00;96,89;4,31;
"K-B3 ACOEM SW 5";2025-02-23 06:00:00;96,81;4,26;
"K-B3 ACOEM SW 5";2025-02-23 05:00:00;96,87;4,28;
"K-B3 ACOEM SW 5";2025-02-23 04:00:00;96,30;4,20;
"K-B3 ACOEM SW 5";2025-02-23 03:00:00;95,12;4,46;
"K-B3 ACOEM SW 5";2025-02-23 02:00:00;94,06;5,34;
"K-B3 ACOEM SW 5";2025-02-23 01:00:00;94,91;5,82;
"K-B3 ACOEM SW 5";2025-02-23 00:00:00;94,99;5,53;
"K-B3 ACOEM SW 5";2025-02-22 23:00:00;95,35;5,34;
"K-B3 ACOEM SW 5";2025-02-22 22:00:00;95,52;5,25;
"K-B3 ACOEM SW 5";2025-02-22 21:00:00;95,59;5,46;
"K-B3 ACOEM SW 5";2025-02-22 20:00:00;96,56;5,73;
"K-B3 ACOEM SW 5";2025-02-22 19:00:00;97,20;5,48;
"K-B3 ACOEM SW 5";2025-02-22 18:00:00;97,32;5,60;
"K-B3 ACOEM SW 5";2025-02-22 17:00:00;96,77;5,72;
"K-B3 ACOEM SW 5";2025-02-22 16:00:00;96,38;5,70;
"K-B3 ACOEM SW 5";2025-02-22 15:00:00;96,38;5,52;
"K-B3 ACOEM SW 5";2025-02-22 14:00:00;96,54;5,32;
"K-B3 ACOEM SW 5";2025-02-22 13:00:00;96,39;5,28;
"K-B3 ACOEM SW 5";2025-02-22 12:00:00;96,20;5,67;
"K-B3 ACOEM SW 5";2025-02-22 11:00:00;96,21;6,39;
"K-B3 ACOEM SW 5";2025-02-22 10:00:00;95,89;6,31;
"K-B3 ACOEM SW 5";2025-02-22 09:00:00;95,57;5,89;
"K-B3 ACOEM SW 5";2025-02-22 08:00:00;94,97;6,06;
"K-B3 ACOEM SW 5";2025-02-22 07:00:00;95,56;6,27;
"K-B3 ACOEM SW 5";2025-02-22 06:00:00;95,64;6,29;
"K-B3 ACOEM SW 5";2025-02-22 05:00:00;94,23;6,17;
"K-B3 ACOEM SW 5";2025-02-22 04:00:00;93,80;6,64;
"K-B3 ACOEM SW 5";2025-02-22 03:00:00;94,81;6,98;
"K-B3 ACOEM SW 5";2025-02-22 02:00:00;95,11;7,19;
"K-B3 ACOEM SW 5";2025-02-22 01:00:00;95,55;7,44;
"K-B3 ACOEM SW 5";2025-02-22 00:00:00;96,99;7,50;
"K-B3 ACOEM SW 5";2025-02-21 23:00:00;97,56;6,92;
"K-B3 ACOEM SW 5";2025-02-21 22:00:00;97,06;6,27;
"K-B3 ACOEM SW 5";2025-02-21 21:00:00;97,61;5,85;
"K-B3 ACOEM SW 5";2025-02-21 20:00:00;95,94;4,55;
"K-B3 ACOEM SW 5";2025-02-21 19:00:00;94,31;3,82;
"K-B3 ACOEM SW 5";2025-02-21 18:00:00;94,34;3,74;
"K-B3 ACOEM SW 5";2025-02-21 17:00:00;95,28;3,65;
"K-B3 ACOEM SW 5";2025-02-21 16:00:00;95,96;3,15;
"K-B3 ACOEM SW 5";2025-02-21 15:00:00;95,61;2,89;
"K-B3 ACOEM SW 5";2025-02-21 14:00:00;95,13;2,90;
"K-B3 ACOEM SW 5";2025-02-21 13:00:00;93,94;3,13;
"K-B3 ACOEM SW 5";2025-02-21 12:00:00;94,27;2,69;
"K-B3 ACOEM SW 5";2025-02-21 11:00:00;94,31;2,30;
"K-B3 ACOEM SW 5";2025-02-21 10:00:00;94,52;2,10;
"K-B3 ACOEM SW 5";2025-02-21 09:00:00;93,64;2,22;
"K-B3 ACOEM SW 5";2025-02-21 08:00:00;93,70;2,15;
"K-B3 ACOEM SW 5";2025-02-21 07:00:00;93,95;2,02;
"K-B3 ACOEM SW 5";2025-02-21 06:00:00;94,76;1,77;
"K-B3 ACOEM SW 5";2025-02-21 05:00:00;94,83;1,61;
"K-B3 ACOEM SW 5";2025-02-21 04:00:00;94,56;1,47;
"K-B3 ACOEM SW 5";2025-02-21 03:00:00;94,26;1,73;
"K-B3 ACOEM SW 5";2025-02-21 02:00:00;95,04;1,63;
"K-B3 ACOEM SW 5";2025-02-21 01:00:00;95,35;1,20;
"K-B3 ACOEM SW 5";2025-02-21 00:00:00;95,35;1,43;
"K-B3 ACOEM SW 5";2025-02-20 23:00:00;96,14;1,74;
"K-B3 ACOEM SW 5";2025-02-20 22:00:00;95,02;1,62;
"K-B3 ACOEM SW 5";2025-02-20 21:00:00;92,39;1,59;
"K-B3 ACOEM SW 5";2025-02-20 20:00:00;88,88;1,73;
"K-B3 ACOEM SW 5";2025-02-20 19:00:00;80,11;2,34;
"K-B3 ACOEM SW 5";2025-02-20 18:00:00;74,80;2,72;
"K-B3 ACOEM SW 5";2025-02-20 17:00:00;72,10;2,93;
"K-B3 ACOEM SW 5";2025-02-20 16:00:00;71,32;3,06;
"K-B3 ACOEM SW 5";2025-02-20 15:00:00;72,97;2,85;
"K-B3 ACOEM SW 5";2025-02-20 14:00:00;70,57;3,16;
"K-B3 ACOEM SW 5";2025-02-20 13:00:00;70,23;3,41;
"K-B3 ACOEM SW 5";2025-02-20 12:00:00;72,72;2,89;
"K-B3 ACOEM SW 5";2025-02-20 11:00:00;81,16;0,89;
"K-B3 ACOEM SW 5";2025-02-20 10:00:00;86,44;-2,01;
"K-B3 ACOEM SW 5";2025-02-20 09:00:00;87,77;-2,90;
"K-B3 ACOEM SW 5";2025-02-20 08:00:00;88,80;-3,69;
"K-B3 ACOEM SW 5";2025-02-20 07:00:00;88,36;-4,12;
"K-B3 ACOEM SW 5";2025-02-20 06:00:00;86,67;-3,80;
"K-B3 ACOEM SW 5";2025-02-20 05:00:00;82,71;-2,55;
"K-B3 ACOEM SW 5";2025-02-20 04:00:00;80,82;0,00;
"K-B3 ACOEM SW 5";2025-02-20 03:00:00;85,64;-0,11;
"K-B3 ACOEM SW 5";2025-02-20 02:00:00;90,12;-1,40;
"K-B3 ACOEM SW 5";2025-02-20 01:00:00;87,53;-1,98;
"K-B3 ACOEM SW 5";2025-02-20 00:00:00;88,96;-2,09;
"K-B3 ACOEM SW 5";2025-02-19 23:00:00;88,49;-1,90;
"K-B3 ACOEM SW 5";2025-02-19 22:00:00;89,73;-1,64;
"K-B3 ACOEM SW 5";2025-02-19 21:00:00;89,05;-2,07;
"K-B3 ACOEM SW 5";2025-02-19 20:00:00;87,34;-1,83;
"K-B3 ACOEM SW 5";2025-02-19 19:00:00;85,92;-1,29;
"K-B3 ACOEM SW 5";2025-02-19 18:00:00;82,22;-0,29;
"K-B3 ACOEM SW 5";2025-02-19 17:00:00;75,39;1,23;
"K-B3 ACOEM SW 5";2025-02-19 16:00:00;69,74;2,34;
"K-B3 ACOEM SW 5";2025-02-19 15:00:00;64,89;3,03;
"K-B3 ACOEM SW 5";2025-02-19 14:00:00;58,63;3,74;
"K-B3 ACOEM SW 5";2025-02-19 13:00:00;54,23;3,57;
"K-B3 ACOEM SW 5";2025-02-19 12:00:00;52,75;1,18;
"K-B3 ACOEM SW 5";2025-02-19 11:00:00;60,00;-2,57;
"K-B3 ACOEM SW 5";2025-02-19 10:00:00;69,08;-5,54;
"K-B3 ACOEM SW 5";2025-02-19 09:00:00;72,64;-7,03;
"K-B3 ACOEM SW 5";2025-02-19 08:00:00;73,12;-7,07;
"K-B3 ACOEM SW 5";2025-02-19 07:00:00;72,87;-6,59;
"K-B3 ACOEM SW 5";2025-02-19 06:00:00;70,19;-6,21;
"K-B3 ACOEM SW 5";2025-02-19 05:00:00;66,25;-5,66;
"K-B3 ACOEM SW 5";2025-02-19 04:00:00;66,59;-5,35;
"K-B3 ACOEM SW 5";2025-02-19 03:00:00;68,24;-5,02;
"K-B3 ACOEM SW 5";2025-02-19 02:00:00;68,44;-4,39;
"K-B3 ACOEM SW 5";2025-02-19 01:00:00;65,45;-3,70;
"K-B3 ACOEM SW 5";2025-02-19 00:00:00;64,70;-3,09;
"K-B3 ACOEM SW 5";2025-02-18 23:00:00;60,07;-1,93;
"K-B3 ACOEM SW 5";2025-02-18 22:00:00;57,87;-1,14;
"K-B3 ACOEM SW 5";2025-02-18 21:00:00;57,67;-0,21;
"K-B3 ACOEM SW 5";2025-02-18 20:00:00;51,28;0,58;
"K-B3 ACOEM SW 5";2025-02-18 19:00:00;48,64;1,47;
"K-B3 ACOEM SW 5";2025-02-18 18:00:00;47,49;3,04;
"K-B3 ACOEM SW 5";2025-02-18 17:00:00;43,87;5,21;
"K-B3 ACOEM SW 5";2025-02-18 16:00:00;41,34;6,53;
"K-B3 ACOEM SW 5";2025-02-18 15:00:00;30,75;6,61;
"K-B3 ACOEM SW 5";2025-02-18 14:00:00;34,59;5,82;
"K-B3 ACOEM SW 5";2025-02-18 13:00:00;49,33;4,09;
"K-B3 ACOEM SW 5";2025-02-18 12:00:00;45,29;2,87;
"K-B3 ACOEM SW 5";2025-02-18 11:00:00;53,79;-0,86;
"K-B3 ACOEM SW 5";2025-02-18 10:00:00;62,00;-3,71;
"K-B3 ACOEM SW 5";2025-02-18 09:00:00;68,18;-5,63;
"K-B3 ACOEM SW 5";2025-02-18 08:00:00;66,45;-5,49;
"K-B3 ACOEM SW 5";2025-02-18 07:00:00;65,75;-5,15;
"K-B3 ACOEM SW 5";2025-02-18 06:00:00;63,38;-4,79;
"K-B3 ACOEM SW 5";2025-02-18 05:00:00;64,76;-4,62;
"K-B3 ACOEM SW 5";2025-02-18 04:00:00;64,55;-4,34;
"K-B3 ACOEM SW 5";2025-02-18 03:00:00;63,00;-4,01;
"K-B3 ACOEM SW 5";2025-02-18 02:00:00;63,69;-3,67;
"K-B3 ACOEM SW 5";2025-02-18 01:00:00;61,40;-3,32;
"K-B3 ACOEM SW 5";2025-02-18 00:00:00;58,93;-2,80;
"K-B3 ACOEM SW 5";2025-02-17 23:00:00;57,80;-2,33;
"K-B3 ACOEM SW 5";2025-02-17 22:00:00;56,45;-1,90;
"K-B3 ACOEM SW 5";2025-02-17 21:00:00;52,53;-1,18;
"K-B3 ACOEM SW 5";2025-02-17 20:00:00;58,34;-1,64;
"K-B3 ACOEM SW 5";2025-02-17 19:00:00;55,53;-0,80;
"K-B3 ACOEM SW 5";2025-02-17 18:00:00;51,79;0,71;
"K-B3 ACOEM SW 5";2025-02-17 17:00:00;46,32;2,89;
"K-B3 ACOEM SW 5";2025-02-17 16:00:00;43,33;3,80;
"K-B3 ACOEM SW 5";2025-02-17 15:00:00;41,73;3,91;
"K-B3 ACOEM SW 5";2025-02-17 14:00:00;43,97;4,21;
"K-B3 ACOEM SW 5";2025-02-17 13:00:00;35,38;3,56;
"K-B3 ACOEM SW 5";2025-02-17 12:00:00;38,70;1,37;
"K-B3 ACOEM SW 5";2025-02-17 11:00:00;44,78;-1,17;
"K-B3 ACOEM SW 5";2025-02-17 10:00:00;51,11;-4,05;
"K-B3 ACOEM SW 5";2025-02-17 09:00:00;59,75;-6,52;
"K-B3 ACOEM SW 5";2025-02-17 08:00:00;63,46;-6,82;
"K-B3 ACOEM SW 5";2025-02-17 07:00:00;64,00;-7,39;
"K-B3 ACOEM SW 5";2025-02-17 06:00:00;61,27;-7,08;
"K-B3 ACOEM SW 5";2025-02-17 05:00:00;57,90;-6,92;
"K-B3 ACOEM SW 5";2025-02-17 04:00:00;59,14;-6,77;
"K-B3 ACOEM SW 5";2025-02-17 03:00:00;54,34;-6,42;
"K-B3 ACOEM SW 5";2025-02-17 02:00:00;52,69;-6,29;
"K-B3 ACOEM SW 5";2025-02-17 01:00:00;48,68;-5,95;
"K-B3 ACOEM SW 5";2025-02-17 00:00:00;43,38;-5,54;
"K-B3 ACOEM SW 5";2025-02-16 23:00:00;42,74;-5,17;
"K-B3 ACOEM SW 5";2025-02-16 22:00:00;38,24;-4,53;
"K-B3 ACOEM SW 5";2025-02-16 21:00:00;35,69;-3,99;
"K-B3 ACOEM SW 5";2025-02-16 20:00:00;34,55;-3,40;
"K-B3 ACOEM SW 5";2025-02-16 19:00:00;32,48;-2,64;
"K-B3 ACOEM SW 5";2025-02-16 18:00:00;31,46;-1,49;
"K-B3 ACOEM SW 5";2025-02-16 17:00:00;28,86;-0,02;
"K-B3 ACOEM SW 5";2025-02-16 16:00:00;27,51;0,53;
"K-B3 ACOEM SW 5";2025-02-16 15:00:00;29,94;0,60;
"K-B3 ACOEM SW 5";2025-02-16 14:00:00;32,08;0,45;
"K-B3 ACOEM SW 5";2025-02-16 13:00:00;33,06;-0,62;
"K-B3 ACOEM SW 5";2025-02-16 12:00:00;42,41;-2,70;
"K-B3 ACOEM SW 5";2025-02-16 11:00:00;52,38;-5,02;
"K-B3 ACOEM SW 5";2025-02-16 10:00:00;63,54;-7,46;
"K-B3 ACOEM SW 5";2025-02-16 09:00:00;72,64;-8,90;
"K-B3 ACOEM SW 5";2025-02-16 08:00:00;68,65;-8,75;
"K-B3 ACOEM SW 5";2025-02-16 07:00:00;65,44;-8,31;
"K-B3 ACOEM SW 5";2025-02-16 06:00:00;62,20;-7,80;
"K-B3 ACOEM SW 5";2025-02-16 05:00:00;60,61;-7,23;
"K-B3 ACOEM SW 5";2025-02-16 04:00:00;59,72;-6,76;
"K-B3 ACOEM SW 5";2025-02-16 03:00:00;60,69;-6,44;
"K-B3 ACOEM SW 5";2025-02-16 02:00:00;59,79;-5,93;
"K-B3 ACOEM SW 5";2025-02-16 01:00:00;61,01;-5,46;
"K-B3 ACOEM SW 5";2025-02-16 00:00:00;61,68;-5,32;
"K-B3 ACOEM SW 5";2025-02-15 23:00:00;60,27;-4,90;
"K-B3 ACOEM SW 5";2025-02-15 22:00:00;58,89;-4,22;
"K-B3 ACOEM SW 5";2025-02-15 21:00:00;57,20;-3,54;
"K-B3 ACOEM SW 5";2025-02-15 20:00:00;52,78;-2,67;
"K-B3 ACOEM SW 5";2025-02-15 19:00:00;51,54;-2,04;
"K-B3 ACOEM SW 5";2025-02-15 18:00:00;57,76;-1,70;
"K-B3 ACOEM SW 5";2025-02-15 17:00:00;61,66;-1,19;
"K-B3 ACOEM SW 5";2025-02-15 16:00:00;61,54;-1,08;
"K-B3 ACOEM SW 5";2025-02-15 15:00:00;61,94;-0,45;
"K-B3 ACOEM SW 5";2025-02-15 14:00:00;55,95;0,10;
"K-B3 ACOEM SW 5";2025-02-15 13:00:00;56,60;0,33;
"K-B3 ACOEM SW 5";2025-02-15 12:00:00;61,85;0,32;
"K-B3 ACOEM SW 5";2025-02-15 11:00:00;67,15;0,42;
"K-B3 ACOEM SW 5";2025-02-15 10:00:00;80,71;0,47;
"K-B3 ACOEM SW 5";2025-02-15 09:00:00;86,61;0,50;
"K-B3 ACOEM SW 5";2025-02-15 08:00:00;86,67;0,62;
"K-B3 ACOEM SW 5";2025-02-15 07:00:00;83,43;-0,30;
"K-B3 ACOEM SW 5";2025-02-15 06:00:00;80,01;-0,32;
"K-B3 ACOEM SW 5";2025-02-15 05:00:00;77,68;0,33;
"K-B3 ACOEM SW 5";2025-02-15 04:00:00;77,07;0,46;
"K-B3 ACOEM SW 5";2025-02-15 03:00:00;76,07;0,59;
"K-B3 ACOEM SW 5";2025-02-15 02:00:00;75,28;0,59;
"K-B3 ACOEM SW 5";2025-02-15 01:00:00;73,82;0,30;
"K-B3 ACOEM SW 5";2025-02-15 00:00:00;72,94;0,12;
"K-B3 ACOEM SW 5";2025-02-14 23:00:00;71,92;0,25;
"K-B3 ACOEM SW 5";2025-02-14 22:00:00;70,65;0,26;
"K-B3 ACOEM SW 5";2025-02-14 21:00:00;70,05;0,21;
"K-B3 ACOEM SW 5";2025-02-14 20:00:00;68,87;0,27;
"K-B3 ACOEM SW 5";2025-02-14 19:00:00;67,68;0,36;
"K-B3 ACOEM SW 5";2025-02-14 18:00:00;65,58;0,82;
"K-B3 ACOEM SW 5";2025-02-14 17:00:00;62,14;1,56;
"K-B3 ACOEM SW 5";2025-02-14 16:00:00;55,10;3,53;
"K-B3 ACOEM SW 5";2025-02-14 15:00:00;49,90;4,20;
"K-B3 ACOEM SW 5";2025-02-14 14:00:00;52,66;3,56;
"K-B3 ACOEM SW 5";2025-02-14 13:00:00;61,04;1,76;
"K-B3 ACOEM SW 5";2025-02-14 12:00:00;70,19;-0,01;
"K-B3 ACOEM SW 5";2025-02-14 11:00:00;77,54;-2,44;
"K-B3 ACOEM SW 5";2025-02-14 10:00:00;82,45;-4,15;
"K-B3 ACOEM SW 5";2025-02-14 09:00:00;88,19;-5,55;
"K-B3 ACOEM SW 5";2025-02-14 08:00:00;86,97;-5,37;
"K-B3 ACOEM SW 5";2025-02-14 07:00:00;87,21;-5,03;
"K-B3 ACOEM SW 5";2025-02-14 06:00:00;86,05;-4,42;
"K-B3 ACOEM SW 5";2025-02-14 05:00:00;84,55;-3,87;
"K-B3 ACOEM SW 5";2025-02-14 04:00:00;82,45;-3,14;
"K-B3 ACOEM SW 5";2025-02-14 03:00:00;77,15;-2,07;
"K-B3 ACOEM SW 5";2025-02-14 02:00:00;70,31;-1,10;
"K-B3 ACOEM SW 5";2025-02-14 01:00:00;71,69;-0,91;
"K-B3 ACOEM SW 5";2025-02-14 00:00:00;74,08;-0,84;
"K-B3 ACOEM SW 5";2025-02-13 23:00:00;76,17;-0,68;
"K-B3 ACOEM SW 5";2025-02-13 22:00:00;76,55;-0,42;
"K-B3 ACOEM SW 5";2025-02-13 21:00:00;74,93;-0,17;
"K-B3 ACOEM SW 5";2025-02-13 20:00:00;76,32;0,12;
"K-B3 ACOEM SW 5";2025-02-13 19:00:00;77,37;0,36;
"K-B3 ACOEM SW 5";2025-02-13 18:00:00;77,30;0,44;
"K-B3 ACOEM SW 5";2025-02-13 17:00:00;77,46;0,95;
"K-B3 ACOEM SW 5";2025-02-13 16:00:00;78,52;1,03;
"K-B3 ACOEM SW 5";2025-02-13 15:00:00;82,61;0,77;
"K-B3 ACOEM SW 5";2025-02-13 14:00:00;85,76;0,56;
"K-B3 ACOEM SW 5";2025-02-13 13:00:00;89,06;0,29;
"K-B3 ACOEM SW 5";2025-02-13 12:00:00;87,42;0,19;
"K-B3 ACOEM SW 5";2025-02-13 11:00:00;89,13;-0,10;
"K-B3 ACOEM SW 5";2025-02-13 10:00:00;88,48;-0,24;
"K-B3 ACOEM SW 5";2025-02-13 09:00:00;85,58;-0,23;
"K-B3 ACOEM SW 5";2025-02-13 08:00:00;83,78;-0,17;
"K-B3 ACOEM SW 5";2025-02-13 07:00:00;83,98;-0,37;
"K-B3 ACOEM SW 5";2025-02-13 06:00:00;83,46;-0,85;
"K-B3 ACOEM SW 5";2025-02-13 05:00:00;81,67;-1,20;
"K-B3 ACOEM SW 5";2025-02-13 04:00:00;81,54;-1,67;
"K-B3 ACOEM SW 5";2025-02-13 03:00:00;82,73;-2,09;
"K-B3 ACOEM SW 5";2025-02-13 02:00:00;86,98;-2,52;
"K-B3 ACOEM SW 5";2025-02-13 01:00:00;86,30;-2,17;
"K-B3 ACOEM SW 5";2025-02-13 00:00:00;84,70;-1,33;
"K-B3 ACOEM SW 5";2025-02-12 23:00:00;82,80;-0,89;
"K-B3 ACOEM SW 5";2025-02-12 22:00:00;82,05;-0,76;
"K-B3 ACOEM SW 5";2025-02-12 21:00:00;82,76;-0,70;
"K-B3 ACOEM SW 5";2025-02-12 20:00:00;84,24;-0,76;
"K-B3 ACOEM SW 5";2025-02-12 19:00:00;84,87;-0,75;
"K-B3 ACOEM SW 5";2025-02-12 18:00:00;85,72;-0,78;
"K-B3 ACOEM SW 5";2025-02-12 17:00:00;85,59;-0,73;
"K-B3 ACOEM SW 5";2025-02-12 16:00:00;83,16;-0,21;
"K-B3 ACOEM SW 5";2025-02-12 15:00:00;83,87;-0,33;
"K-B3 ACOEM SW 5";2025-02-12 14:00:00;85,64;-0,72;
"K-B3 ACOEM SW 5";2025-02-12 13:00:00;85,42;-0,62;
"K-B3 ACOEM SW 5";2025-02-12 12:00:00;87,78;-0,68;
"K-B3 ACOEM SW 5";2025-02-12 11:00:00;88,42;-0,81;
"K-B3 ACOEM SW 5";2025-02-12 10:00:00;87,88;-0,67;
"K-B3 ACOEM SW 5";2025-02-12 09:00:00;86,72;-0,53;
"K-B3 ACOEM SW 5";2025-02-12 08:00:00;85,19;-0,59;
"K-B3 ACOEM SW 5";2025-02-12 07:00:00;84,78;-0,34;
"K-B3 ACOEM SW 5";2025-02-12 06:00:00;84,44;-0,09;
"K-B3 ACOEM SW 5";2025-02-12 05:00:00;84,17;0,20;
"K-B3 ACOEM SW 5";2025-02-12 04:00:00;84,60;0,48;
"K-B3 ACOEM SW 5";2025-02-12 03:00:00;83,57;0,87;
"K-B3 ACOEM SW 5";2025-02-12 02:00:00;82,99;1,11;
"K-B3 ACOEM SW 5";2025-02-12 01:00:00;82,08;1,51;
"K-B3 ACOEM SW 5";2025-02-12 00:00:00;82,14;1,75;
"K-B3 ACOEM SW 5";2025-02-11 23:00:00;82,28;1,71;
"K-B3 ACOEM SW 5";2025-02-11 22:00:00;81,06;1,76;
"K-B3 ACOEM SW 5";2025-02-11 21:00:00;79,89;2,04;
"K-B3 ACOEM SW 5";2025-02-11 20:00:00;78,98;2,55;
"K-B3 ACOEM SW 5";2025-02-11 19:00:00;79,68;2,74;
"K-B3 ACOEM SW 5";2025-02-11 18:00:00;80,40;2,65;
"K-B3 ACOEM SW 5";2025-02-11 17:00:00;82,00;2,49;
"K-B3 ACOEM SW 5";2025-02-11 16:00:00;83,95;2,32;
"K-B3 ACOEM SW 5";2025-02-11 15:00:00;84,24;2,26;
"K-B3 ACOEM SW 5";2025-02-11 14:00:00;83,77;2,30;
"K-B3 ACOEM SW 5";2025-02-11 13:00:00;82,46;2,22;
"K-B3 ACOEM SW 5";2025-02-11 12:00:00;78,52;1,84;
"K-B3 ACOEM SW 5";2025-02-11 11:00:00;76,46;1,23;
"K-B3 ACOEM SW 5";2025-02-11 10:00:00;78,04;0,64;
"K-B3 ACOEM SW 5";2025-02-11 09:00:00;80,32;-0,06;
"K-B3 ACOEM SW 5";2025-02-11 08:00:00;79,83;-0,05;
"K-B3 ACOEM SW 5";2025-02-11 07:00:00;79,59;-0,02;
"K-B3 ACOEM SW 5";2025-02-11 06:00:00;78,44;0,33;
"K-B3 ACOEM SW 5";2025-02-11 05:00:00;78,48;0,65;
"K-B3 ACOEM SW 5";2025-02-11 04:00:00;78,47;0,73;
"K-B3 ACOEM SW 5";2025-02-11 03:00:00;78,00;0,83;
"K-B3 ACOEM SW 5";2025-02-11 02:00:00;77,77;1,33;
"K-B3 ACOEM SW 5";2025-02-11 01:00:00;78,91;2,19;
"K-B3 ACOEM SW 5";2025-02-11 00:00:00;79,01;2,27;
"K-B3 ACOEM SW 5";2025-02-10 23:00:00;76,80;2,09;
"K-B3 ACOEM SW 5";2025-02-10 22:00:00;76,98;2,47;
"K-B3 ACOEM SW 5";2025-02-10 21:00:00;75,63;2,12;
"K-B3 ACOEM SW 5";2025-02-10 20:00:00;73,87;1,70;
"K-B3 ACOEM SW 5";2025-02-10 19:00:00;72,03;1,90;
"K-B3 ACOEM SW 5";2025-02-10 18:00:00;69,15;2,37;
"K-B3 ACOEM SW 5";2025-02-10 17:00:00;65,76;3,08;
"K-B3 ACOEM SW 5";2025-02-10 16:00:00;63,69;3,50;
"K-B3 ACOEM SW 5";2025-02-10 15:00:00;62,00;3,73;
"K-B3 ACOEM SW 5";2025-02-10 14:00:00;63,20;3,22;
"K-B3 ACOEM SW 5";2025-02-10 13:00:00;62,28;2,87;
"K-B3 ACOEM SW 5";2025-02-10 12:00:00;63,11;2,03;
"K-B3 ACOEM SW 5";2025-02-10 11:00:00;64,20;0,99;
"K-B3 ACOEM SW 5";2025-02-10 10:00:00;68,30;-0,35;
"K-B3 ACOEM SW 5";2025-02-10 09:00:00;72,26;-1,49;
"K-B3 ACOEM SW 5";2025-02-10 08:00:00;72,65;-1,59;
"K-B3 ACOEM SW 5";2025-02-10 07:00:00;72,85;-1,49;
"K-B3 ACOEM SW 5";2025-02-10 06:00:00;73,21;-1,65;
"K-B3 ACOEM SW 5";2025-02-10 05:00:00;73,83;-1,87;
"K-B3 ACOEM SW 5";2025-02-10 04:00:00;74,31;-1,97;
"K-B3 ACOEM SW 5";2025-02-10 03:00:00;74,74;-2,00;
"K-B3 ACOEM SW 5";2025-02-10 02:00:00;74,43;-1,90;
"K-B3 ACOEM SW 5";2025-02-10 01:00:00;74,74;-2,05;
"K-B3 ACOEM SW 5";2025-02-10 00:00:00;74,56;-2,08;
"K-B3 ACOEM SW 5";2025-02-09 23:00:00;74,37;-2,00;
"K-B3 ACOEM SW 5";2025-02-09 22:00:00;76,08;-1,90;
"K-B3 ACOEM SW 5";2025-02-09 21:00:00;76,61;-1,55;
"K-B3 ACOEM SW 5";2025-02-09 20:00:00;76,79;-1,28;
"K-B3 ACOEM SW 5";2025-02-09 19:00:00;76,98;-0,89;
"K-B3 ACOEM SW 5";2025-02-09 18:00:00;74,83;-0,27;
"K-B3 ACOEM SW 5";2025-02-09 17:00:00;70,95;0,51;
"K-B3 ACOEM SW 5";2025-02-09 16:00:00;67,67;1,34;
"K-B3 ACOEM SW 5";2025-02-09 15:00:00;68,66;1,63;
"K-B3 ACOEM SW 5";2025-02-09 14:00:00;69,29;1,33;
"K-B3 ACOEM SW 5";2025-02-09 13:00:00;70,03;0,80;
"K-B3 ACOEM SW 5";2025-02-09 12:00:00;70,63;0,58;
"K-B3 ACOEM SW 5";2025-02-09 11:00:00;73,12;-0,49;
"K-B3 ACOEM SW 5";2025-02-09 10:00:00;77,81;-1,57;
"K-B3 ACOEM SW 5";2025-02-09 09:00:00;80,21;-1,99;
"K-B3 ACOEM SW 5";2025-02-09 08:00:00;79,81;-1,52;
"K-B3 ACOEM SW 5";2025-02-09 07:00:00;80,52;-1,01;
"K-B3 ACOEM SW 5";2025-02-09 06:00:00;82,21;-0,53;
"K-B3 ACOEM SW 5";2025-02-09 05:00:00;84,61;-0,26;
"K-B3 ACOEM SW 5";2025-02-09 04:00:00;86,95;-0,17;
"K-B3 ACOEM SW 5";2025-02-09 03:00:00;88,19;-0,04;
"K-B3 ACOEM SW 5";2025-02-09 02:00:00;88,16;0,20;
"K-B3 ACOEM SW 5";2025-02-09 01:00:00;88,67;0,38;
"K-B3 ACOEM SW 5";2025-02-09 00:00:00;89,78;0,39;
"K-B3 ACOEM SW 5";2025-02-08 23:00:00;89,99;0,42;
"K-B3 ACOEM SW 5";2025-02-08 22:00:00;89,90;0,63;
"K-B3 ACOEM SW 5";2025-02-08 21:00:00;89,77;0,77;
"K-B3 ACOEM SW 5";2025-02-08 20:00:00;83,88;1,63;
"K-B3 ACOEM SW 5";2025-02-08 19:00:00;79,49;2,09;
"K-B3 ACOEM SW 5";2025-02-08 18:00:00;80,98;1,88;
"K-B3 ACOEM SW 5";2025-02-08 17:00:00;88,32;1,50;
"K-B3 ACOEM SW 5";2025-02-08 16:00:00;85,19;1,86;
"K-B3 ACOEM SW 5";2025-02-08 15:00:00;83,22;2,01;
"K-B3 ACOEM SW 5";2025-02-08 14:00:00;84,33;2,03;
"K-B3 ACOEM SW 5";2025-02-08 13:00:00;88,68;1,78;
"K-B3 ACOEM SW 5";2025-02-08 12:00:00;90,42;1,62;
"K-B3 ACOEM SW 5";2025-02-08 11:00:00;93,88;1,22;
"K-B3 ACOEM SW 5";2025-02-08 10:00:00;92,10;1,14;
"K-B3 ACOEM SW 5";2025-02-08 09:00:00;88,52;1,80;
"K-B3 ACOEM SW 5";2025-02-08 08:00:00;82,90;2,54;
"K-B3 ACOEM SW 5";2025-02-08 07:00:00;81,22;2,93;
"K-B3 ACOEM SW 5";2025-02-08 06:00:00;87,57;2,66;
"K-B3 ACOEM SW 5";2025-02-08 05:00:00;93,15;2,22;
"K-B3 ACOEM SW 5";2025-02-08 04:00:00;93,26;2,10;
"K-B3 ACOEM SW 5";2025-02-08 03:00:00;93,75;2,22;
"K-B3 ACOEM SW 5";2025-02-08 02:00:00;91,82;2,31;
"K-B3 ACOEM SW 5";2025-02-08 01:00:00;94,13;1,75;
"K-B3 ACOEM SW 5";2025-02-08 00:00:00;91,14;1,68;
"K-B3 ACOEM SW 5";2025-02-07 23:00:00;85,36;1,98;
"K-B3 ACOEM SW 5";2025-02-07 22:00:00;84,10;2,63;
"K-B3 ACOEM SW 5";2025-02-07 21:00:00;83,00;1,54;
"K-B3 ACOEM SW 5";2025-02-07 20:00:00;81,10;1,26;
"K-B3 ACOEM SW 5";2025-02-07 19:00:00;82,58;1,63;
"K-B3 ACOEM SW 5";2025-02-07 18:00:00;78,72;2,23;
"K-B3 ACOEM SW 5";2025-02-07 17:00:00;76,48;3,13;
"K-B3 ACOEM SW 5";2025-02-07 16:00:00;75,75;4,10;
"K-B3 ACOEM SW 5";2025-02-07 15:00:00;74,10;4,48;
"K-B3 ACOEM SW 5";2025-02-07 14:00:00;76,13;4,04;
"K-B3 ACOEM SW 5";2025-02-07 13:00:00;75,15;3,25;
"K-B3 ACOEM SW 5";2025-02-07 12:00:00;72,15;2,67;
"K-B3 ACOEM SW 5";2025-02-07 11:00:00;72,26;2,24;
"K-B3 ACOEM SW 5";2025-02-07 10:00:00;80,34;0,45;
"K-B3 ACOEM SW 5";2025-02-07 09:00:00;82,77;-0,33;
"K-B3 ACOEM SW 5";2025-02-07 08:00:00;81,61;-0,02;
"K-B3 ACOEM SW 5";2025-02-07 07:00:00;82,39;-0,07;
"K-B3 ACOEM SW 5";2025-02-07 06:00:00;83,80;-0,29;
"K-B3 ACOEM SW 5";2025-02-07 05:00:00;83,56;-0,32;
"K-B3 ACOEM SW 5";2025-02-07 04:00:00;84,45;-0,50;
"K-B3 ACOEM SW 5";2025-02-07 03:00:00;85,74;-0,32;
"K-B3 ACOEM SW 5";2025-02-07 02:00:00;85,29;-0,24;
"K-B3 ACOEM SW 5";2025-02-07 01:00:00;84,68;0,07;
"K-B3 ACOEM SW 5";2025-02-07 00:00:00;86,45;-0,06;
"K-B3 ACOEM SW 5";2025-02-06 23:00:00;87,71;-0,38;
"K-B3 ACOEM SW 5";2025-02-06 22:00:00;85,58;-0,04;
"K-B3 ACOEM SW 5";2025-02-06 21:00:00;81,60;0,87;
"K-B3 ACOEM SW 5";2025-02-06 20:00:00;75,77;1,94;
"K-B3 ACOEM SW 5";2025-02-06 19:00:00;70,01;3,21;
"K-B3 ACOEM SW 5";2025-02-06 18:00:00;64,93;5,10;
"K-B3 ACOEM SW 5";2025-02-06 17:00:00;55,57;7,47;
"K-B3 ACOEM SW 5";2025-02-06 16:00:00;62,38;7,97;
"K-B3 ACOEM SW 5";2025-02-06 15:00:00;58,36;8,74;
"K-B3 ACOEM SW 5";2025-02-06 14:00:00;65,24;8,05;
"K-B3 ACOEM SW 5";2025-02-06 13:00:00;63,42;7,78;
"K-B3 ACOEM SW 5";2025-02-06 12:00:00;68,78;5,19;
"K-B3 ACOEM SW 5";2025-02-06 11:00:00;74,83;3,08;
"K-B3 ACOEM SW 5";2025-02-06 10:00:00;80,75;1,33;
"K-B3 ACOEM SW 5";2025-02-06 09:00:00;84,68;0,23;
"K-B3 ACOEM SW 5";2025-02-06 08:00:00;88,15;-0,32;
"K-B3 ACOEM SW 5";2025-02-06 07:00:00;88,03;-0,17;
"K-B3 ACOEM SW 5";2025-02-06 06:00:00;87,75;0,02;
"K-B3 ACOEM SW 5";2025-02-06 05:00:00;87,54;0,19;
"K-B3 ACOEM SW 5";2025-02-06 04:00:00;86,77;0,49;
"K-B3 ACOEM SW 5";2025-02-06 03:00:00;84,63;0,95;
"K-B3 ACOEM SW 5";2025-02-06 02:00:00;82,49;1,57;
"K-B3 ACOEM SW 5";2025-02-06 01:00:00;81,73;2,07;
"K-B3 ACOEM SW 5";2025-02-06 00:00:00;84,53;2,01;
"K-B3 ACOEM SW 5";2025-02-05 23:00:00;83,25;2,69;
"K-B3 ACOEM SW 5";2025-02-05 22:00:00;82,05;3,30;
"K-B3 ACOEM SW 5";2025-02-05 21:00:00;82,09;3,71;
"K-B3 ACOEM SW 5";2025-02-05 20:00:00;81,48;4,17;
"K-B3 ACOEM SW 5";2025-02-05 19:00:00;79,00;4,92;
"K-B3 ACOEM SW 5";2025-02-05 18:00:00;76,44;5,74;
"K-B3 ACOEM SW 5";2025-02-05 17:00:00;74,83;6,95;
"K-B3 ACOEM SW 5";2025-02-05 16:00:00;72,54;7,62;
"K-B3 ACOEM SW 5";2025-02-05 15:00:00;69,07;8,33;
"K-B3 ACOEM SW 5";2025-02-05 14:00:00;68,40;8,67;
"K-B3 ACOEM SW 5";2025-02-05 13:00:00;72,23;8,46;
"K-B3 ACOEM SW 5";2025-02-05 12:00:00;74,93;7,73;
"K-B3 ACOEM SW 5";2025-02-05 11:00:00;79,94;6,58;
"K-B3 ACOEM SW 5";2025-02-05 10:00:00;84,18;5,50;
"K-B3 ACOEM SW 5";2025-02-05 09:00:00;86,04;5,48;
"K-B3 ACOEM SW 5";2025-02-05 08:00:00;92,99;5,64;
"K-B3 ACOEM SW 5";2025-02-05 07:00:00;95,91;5,81;
"K-B3 ACOEM SW 5";2025-02-05 06:00:00;96,44;5,93;
"K-B3 ACOEM SW 5";2025-02-05 05:00:00;96,72;5,87;
"K-B3 ACOEM SW 5";2025-02-05 04:00:00;96,33;6,23;
"K-B3 ACOEM SW 5";2025-02-05 03:00:00;96,77;6,79;
"K-B3 ACOEM SW 5";2025-02-05 02:00:00;98,15;6,73;
"K-B3 ACOEM SW 5";2025-02-05 01:00:00;98,75;6,32;
"K-B3 ACOEM SW 5";2025-02-05 00:00:00;98,84;6,19;
"K-B3 ACOEM SW 5";2025-02-04 23:00:00;98,55;6,06;
"K-B3 ACOEM SW 5";2025-02-04 22:00:00;97,94;5,97;
"K-B3 ACOEM SW 5";2025-02-04 21:00:00;96,10;6,09;
"K-B3 ACOEM SW 5";2025-02-04 20:00:00;95,34;6,17;
"K-B3 ACOEM SW 5";2025-02-04 19:00:00;96,04;5,96;
"K-B3 ACOEM SW 5";2025-02-04 18:00:00;96,50;5,87;
"K-B3 ACOEM SW 5";2025-02-04 17:00:00;97,01;5,82;
"K-B3 ACOEM SW 5";2025-02-04 16:00:00;95,88;5,90;
"K-B3 ACOEM SW 5";2025-02-04 15:00:00;95,07;6,05;
"K-B3 ACOEM SW 5";2025-02-04 14:00:00;94,24;6,27;
"K-B3 ACOEM SW 5";2025-02-04 13:00:00;93,58;6,34;
"K-B3 ACOEM SW 5";2025-02-04 12:00:00;95,58;5,92;
"K-B3 ACOEM SW 5";2025-02-04 11:00:00;96,10;5,58;
"K-B3 ACOEM SW 5";2025-02-04 10:00:00;97,32;5,38;
"K-B3 ACOEM SW 5";2025-02-04 09:00:00;97,58;5,39;
"K-B3 ACOEM SW 5";2025-02-04 08:00:00;97,71;5,49;
"K-B3 ACOEM SW 5";2025-02-04 07:00:00;97,95;5,49;
"K-B3 ACOEM SW 5";2025-02-04 06:00:00;98,14;5,20;
"K-B3 ACOEM SW 5";2025-02-04 05:00:00;98,24;4,89;
"K-B3 ACOEM SW 5";2025-02-04 04:00:00;97,85;4,97;
"K-B3 ACOEM SW 5";2025-02-04 03:00:00;97,92;4,79;
"K-B3 ACOEM SW 5";2025-02-04 02:00:00;98,14;4,55;
"K-B3 ACOEM SW 5";2025-02-04 01:00:00;97,81;4,36;
"K-B3 ACOEM SW 5";2025-02-04 00:00:00;97,50;4,34;
"K-B3 ACOEM SW 5";2025-02-03 23:00:00;97,53;4,22;
"K-B3 ACOEM SW 5";2025-02-03 22:00:00;97,49;4,07;
"K-B3 ACOEM SW 5";2025-02-03 21:00:00;97,65;3,97;
"K-B3 ACOEM SW 5";2025-02-03 20:00:00;97,78;3,91;
"K-B3 ACOEM SW 5";2025-02-03 19:00:00;97,49;3,77;
"K-B3 ACOEM SW 5";2025-02-03 18:00:00;97,70;3,41;
"K-B3 ACOEM SW 5";2025-02-03 17:00:00;94,81;2,44;
"K-B3 ACOEM SW 5";2025-02-03 16:00:00;93,70;2,10;
"K-B3 ACOEM SW 5";2025-02-03 15:00:00;93,58;1,94;
"K-B3 ACOEM SW 5";2025-02-03 14:00:00;93,84;1,63;
"K-B3 ACOEM SW 5";2025-02-03 13:00:00;93,53;1,40;
"K-B3 ACOEM SW 5";2025-02-03 12:00:00;93,08;1,20;
"K-B3 ACOEM SW 5";2025-02-03 11:00:00;93,03;1,06;
"K-B3 ACOEM SW 5";2025-02-03 10:00:00;93,02;0,81;
"K-B3 ACOEM SW 5";2025-02-03 09:00:00;92,11;0,61;
"K-B3 ACOEM SW 5";2025-02-03 08:00:00;91,01;0,18;
"K-B3 ACOEM SW 5";2025-02-03 07:00:00;90,50;0,07;
"K-B3 ACOEM SW 5";2025-02-03 06:00:00;91,25;-0,21;
"K-B3 ACOEM SW 5";2025-02-03 05:00:00;91,18;-0,39;
"K-B3 ACOEM SW 5";2025-02-03 04:00:00;90,65;-0,54;
"K-B3 ACOEM SW 5";2025-02-03 03:00:00;89,08;-0,59;
"K-B3 ACOEM SW 5";2025-02-03 02:00:00;87,40;-0,55;
"K-B3 ACOEM SW 5";2025-02-03 01:00:00;87,40;-0,68;
"K-B3 ACOEM SW 5";2025-02-03 00:00:00;87,55;-0,67;
"K-B3 ACOEM SW 5";2025-02-02 23:00:00;88,25;-0,65;
"K-B3 ACOEM SW 5";2025-02-02 22:00:00;89,05;-0,68;
"K-B3 ACOEM SW 5";2025-02-02 21:00:00;89,98;-0,53;
"K-B3 ACOEM SW 5";2025-02-02 20:00:00;91,94;-0,42;
"K-B3 ACOEM SW 5";2025-02-02 19:00:00;93,51;-0,10;
"K-B3 ACOEM SW 5";2025-02-02 18:00:00;93,20;0,10;
"K-B3 ACOEM SW 5";2025-02-02 17:00:00;93,09;0,45;
"K-B3 ACOEM SW 5";2025-02-02 16:00:00;91,68;0,72;
"K-B3 ACOEM SW 5";2025-02-02 15:00:00;91,50;0,95;
"K-B3 ACOEM SW 5";2025-02-02 14:00:00;92,02;1,73;
"K-B3 ACOEM SW 5";2025-02-02 13:00:00;90,83;2,27;
"K-B3 ACOEM SW 5";2025-02-02 12:00:00;90,67;2,31;
"K-B3 ACOEM SW 5";2025-02-02 11:00:00;92,27;1,85;
"K-B3 ACOEM SW 5";2025-02-02 10:00:00;92,60;1,46;
"K-B3 ACOEM SW 5";2025-02-02 09:00:00;92,57;1,38;
"K-B3 ACOEM SW 5";2025-02-02 08:00:00;92,80;1,19;
"K-B3 ACOEM SW 5";2025-02-02 07:00:00;92,19;1,04;
"K-B3 ACOEM SW 5";2025-02-02 06:00:00;90,70;1,20;
"K-B3 ACOEM SW 5";2025-02-02 05:00:00;90,13;1,02;
"K-B3 ACOEM SW 5";2025-02-02 04:00:00;90,60;0,77;
"K-B3 ACOEM SW 5";2025-02-02 03:00:00;90,98;0,56;
"K-B3 ACOEM SW 5";2025-02-02 02:00:00;90,31;0,53;
"K-B3 ACOEM SW 5";2025-02-02 01:00:00;89,57;0,66;
"K-B3 ACOEM SW 5";2025-02-02 00:00:00;90,41;0,76;
"K-B3 ACOEM SW 5";2025-02-01 23:00:00;90,29;0,49;
"K-B3 ACOEM SW 5";2025-02-01 22:00:00;91,26;0,10;
"K-B3 ACOEM SW 5";2025-02-01 21:00:00;91,68;-0,25;
"K-B3 ACOEM SW 5";2025-02-01 20:00:00;90,77;-0,22;
"K-B3 ACOEM SW 5";2025-02-01 19:00:00;88,63;0,47;
"K-B3 ACOEM SW 5";2025-02-01 18:00:00;84,69;1,53;
"K-B3 ACOEM SW 5";2025-02-01 17:00:00;79,49;2,87;
"K-B3 ACOEM SW 5";2025-02-01 16:00:00;75,56;3,98;
"K-B3 ACOEM SW 5";2025-02-01 15:00:00;73,11;4,52;
"K-B3 ACOEM SW 5";2025-02-01 14:00:00;72,43;4,36;
"K-B3 ACOEM SW 5";2025-02-01 13:00:00;72,63;3,96;
"K-B3 ACOEM SW 5";2025-02-01 12:00:00;74,73;2,99;
"K-B3 ACOEM SW 5";2025-02-01 11:00:00;80,11;1,33;
"K-B3 ACOEM SW 5";2025-02-01 10:00:00;85,20;-0,14;
"K-B3 ACOEM SW 5";2025-02-01 09:00:00;86,48;-0,48;
"K-B3 ACOEM SW 5";2025-02-01 08:00:00;86,45;-0,06;
"K-B3 ACOEM SW 5";2025-02-01 07:00:00;86,01;0,23;
"K-B3 ACOEM SW 5";2025-02-01 06:00:00;86,71;0,57;
"K-B3 ACOEM SW 5";2025-02-01 05:00:00;87,60;0,12;
"K-B3 ACOEM SW 5";2025-02-01 04:00:00;85,58;0,49;
"K-B3 ACOEM SW 5";2025-02-01 03:00:00;85,84;0,21;
"K-B3 ACOEM SW 5";2025-02-01 02:00:00;87,53;0,28;
"K-B3 ACOEM SW 5";2025-02-01 01:00:00;87,87;0,39;
"K-B3 ACOEM SW 5";2025-02-01 00:00:00;90,02;0,17;
"K-B3 ACOEM SW 5";2025-01-31 23:00:00;89,68;0,13;
"K-B3 ACOEM SW 5";2025-01-31 22:00:00;90,23;0,17;
"K-B3 ACOEM SW 5";2025-01-31 21:00:00;91,54;0,05;
"K-B3 ACOEM SW 5";2025-01-31 20:00:00;91,50;0,47;
"K-B3 ACOEM SW 5";2025-01-31 19:00:00;89,75;1,10;
"K-B3 ACOEM SW 5";2025-01-31 18:00:00;84,62;2,72;
"K-B3 ACOEM SW 5";2025-01-31 17:00:00;76,23;5,08;
"K-B3 ACOEM SW 5";2025-01-31 16:00:00;70,75;6,42;
"K-B3 ACOEM SW 5";2025-01-31 15:00:00;71,71;6,48;
"K-B3 ACOEM SW 5";2025-01-31 14:00:00;71,41;5,96;
"K-B3 ACOEM SW 5";2025-01-31 13:00:00;72,30;4,84;
"K-B3 ACOEM SW 5";2025-01-31 12:00:00;79,65;2,95;
"K-B3 ACOEM SW 5";2025-01-31 11:00:00;84,36;0,80;
"K-B3 ACOEM SW 5";2025-01-31 10:00:00;89,71;-0,83;
"K-B3 ACOEM SW 5";2025-01-31 09:00:00;90,65;-1,26;
"K-B3 ACOEM SW 5";2025-01-31 08:00:00;90,76;-1,17;
"K-B3 ACOEM SW 5";2025-01-31 07:00:00;91,08;-0,91;
"K-B3 ACOEM SW 5";2025-01-31 06:00:00;91,36;-0,67;
"K-B3 ACOEM SW 5";2025-01-31 05:00:00;92,30;-0,50;
"K-B3 ACOEM SW 5";2025-01-31 04:00:00;93,42;-0,31;
"K-B3 ACOEM SW 5";2025-01-31 03:00:00;93,45;-0,03;
"K-B3 ACOEM SW 5";2025-01-31 02:00:00;92,21;0,44;
"K-B3 ACOEM SW 5";2025-01-31 01:00:00;92,48;0,84;
"K-B3 ACOEM SW 5";2025-01-31 00:00:00;93,48;1,49;
"K-B3 ACOEM SW 5";2025-01-30 23:00:00;93,36;2,21;
"K-B3 ACOEM SW 5";2025-01-30 22:00:00;93,08;2,73;
"K-B3 ACOEM SW 5";2025-01-30 21:00:00;93,40;2,84;
"K-B3 ACOEM SW 5";2025-01-30 20:00:00;93,07;3,04;
"K-B3 ACOEM SW 5";2025-01-30 19:00:00;93,37;3,29;
"K-B3 ACOEM SW 5";2025-01-30 18:00:00;92,48;3,59;
"K-B3 ACOEM SW 5";2025-01-30 17:00:00;89,80;4,16;
"K-B3 ACOEM SW 5";2025-01-30 16:00:00;87,49;5,10;
"K-B3 ACOEM SW 5";2025-01-30 15:00:00;85,18;5,39;
"K-B3 ACOEM SW 5";2025-01-30 14:00:00;86,81;5,08;
"K-B3 ACOEM SW 5";2025-01-30 13:00:00;88,53;4,27;
"K-B3 ACOEM SW 5";2025-01-30 12:00:00;88,74;3,74;
"K-B3 ACOEM SW 5";2025-01-30 11:00:00;88,91;3,57;
"K-B3 ACOEM SW 5";2025-01-30 10:00:00;89,34;3,57;
"K-B3 ACOEM SW 5";2025-01-30 09:00:00;90,23;3,42;
"K-B3 ACOEM SW 5";2025-01-30 08:00:00;91,12;3,26;
"K-B3 ACOEM SW 5";2025-01-30 07:00:00;90,38;3,46;
"K-B3 ACOEM SW 5";2025-01-30 06:00:00;90,28;3,74;
"K-B3 ACOEM SW 5";2025-01-30 05:00:00;90,58;3,75;
"K-B3 ACOEM SW 5";2025-01-30 04:00:00;90,17;3,97;
"K-B3 ACOEM SW 5";2025-01-30 03:00:00;89,72;4,10;
"K-B3 ACOEM SW 5";2025-01-30 02:00:00;89,64;4,02;
"K-B3 ACOEM SW 5";2025-01-30 01:00:00;90,14;4,03;
"K-B3 ACOEM SW 5";2025-01-30 00:00:00;89,15;4,19;
"K-B3 ACOEM SW 5";2025-01-29 23:00:00;89,73;4,06;
"K-B3 ACOEM SW 5";2025-01-29 22:00:00;90,90;4,06;
"K-B3 ACOEM SW 5";2025-01-29 21:00:00;93,20;3,85;
"K-B3 ACOEM SW 5";2025-01-29 20:00:00;93,77;3,77;
"K-B3 ACOEM SW 5";2025-01-29 19:00:00;93,97;3,76;
"K-B3 ACOEM SW 5";2025-01-29 18:00:00;92,01;3,82;
"K-B3 ACOEM SW 5";2025-01-29 17:00:00;90,99;4,06;
"K-B3 ACOEM SW 5";2025-01-29 16:00:00;90,25;4,21;
"K-B3 ACOEM SW 5";2025-01-29 15:00:00;91,27;4,17;
"K-B3 ACOEM SW 5";2025-01-29 14:00:00;92,53;3,96;
"K-B3 ACOEM SW 5";2025-01-29 13:00:00;94,01;3,92;
"K-B3 ACOEM SW 5";2025-01-29 12:00:00;95,91;4,12;
"K-B3 ACOEM SW 5";2025-01-29 11:00:00;96,77;4,42;
"K-B3 ACOEM SW 5";2025-01-29 10:00:00;96,91;4,63;
"K-B3 ACOEM SW 5";2025-01-29 09:00:00;96,60;4,86;
"K-B3 ACOEM SW 5";2025-01-29 08:00:00;97,11;5,28;
"K-B3 ACOEM SW 5";2025-01-29 07:00:00;97,79;5,34;
"K-B3 ACOEM SW 5";2025-01-29 06:00:00;96,55;5,64;
"K-B3 ACOEM SW 5";2025-01-29 05:00:00;97,54;5,57;
"K-B3 ACOEM SW 5";2025-01-29 04:00:00;98,45;5,19;
"K-B3 ACOEM SW 5";2025-01-29 03:00:00;97,98;4,50;
"K-B3 ACOEM SW 5";2025-01-29 02:00:00;97,66;4,39;
"K-B3 ACOEM SW 5";2025-01-29 01:00:00;97,02;4,48;
"K-B3 ACOEM SW 5";2025-01-29 00:00:00;96,65;4,62;
"K-B3 ACOEM SW 5";2025-01-28 23:00:00;96,91;4,73;
"K-B3 ACOEM SW 5";2025-01-28 22:00:00;96,85;4,87;
"K-B3 ACOEM SW 5";2025-01-28 21:00:00;96,28;5,20;
"K-B3 ACOEM SW 5";2025-01-28 20:00:00;96,01;5,48;
"K-B3 ACOEM SW 5";2025-01-28 19:00:00;94,68;5,90;
"K-B3 ACOEM SW 5";2025-01-28 18:00:00;93,70;6,20;
"K-B3 ACOEM SW 5";2025-01-28 17:00:00;91,76;6,39;
"K-B3 ACOEM SW 5";2025-01-28 16:00:00;91,84;6,68;
"K-B3 ACOEM SW 5";2025-01-28 15:00:00;93,91;6,54;
"K-B3 ACOEM SW 5";2025-01-28 14:00:00;93,58;6,66;
"K-B3 ACOEM SW 5";2025-01-28 13:00:00;95,17;6,36;
"K-B3 ACOEM SW 5";2025-01-28 12:00:00;95,09;6,11;
"K-B3 ACOEM SW 5";2025-01-28 11:00:00;94,94;6,11;
"K-B3 ACOEM SW 5";2025-01-28 10:00:00;95,30;5,98;
"K-B3 ACOEM SW 5";2025-01-28 09:00:00;94,37;5,66;
"K-B3 ACOEM SW 5";2025-01-28 08:00:00;95,09;5,64;
"K-B3 ACOEM SW 5";2025-01-28 07:00:00;94,59;5,02;
"K-B3 ACOEM SW 5";2025-01-28 06:00:00;92,32;4,99;
"K-B3 ACOEM SW 5";2025-01-28 05:00:00;90,95;5,81;
"K-B3 ACOEM SW 5";2025-01-28 04:00:00;93,75;6,02;
"K-B3 ACOEM SW 5";2025-01-28 03:00:00;94,51;5,87;
"K-B3 ACOEM SW 5";2025-01-28 02:00:00;94,58;5,46;
"K-B3 ACOEM SW 5";2025-01-28 01:00:00;95,56;5,71;
"K-B3 ACOEM SW 5";2025-01-28 00:00:00;96,73;4,83;
"K-B3 ACOEM SW 5";2025-01-27 23:00:00;97,61;3,27;
"K-B3 ACOEM SW 5";2025-01-27 22:00:00;95,49;1,81;
"K-B3 ACOEM SW 5";2025-01-27 21:00:00;95,50;1,60;
"K-B3 ACOEM SW 5";2025-01-27 20:00:00;95,41;1,55;
"K-B3 ACOEM SW 5";2025-01-27 19:00:00;95,59;1,43;
"K-B3 ACOEM SW 5";2025-01-27 18:00:00;96,40;1,23;
"K-B3 ACOEM SW 5";2025-01-27 17:00:00;97,04;1,00;
"K-B3 ACOEM SW 5";2025-01-27 16:00:00;97,35;0,99;
"K-B3 ACOEM SW 5";2025-01-27 15:00:00;97,13;0,84;
"K-B3 ACOEM SW 5";2025-01-27 14:00:00;94,99;1,59;
"K-B3 ACOEM SW 5";2025-01-27 13:00:00;93,66;2,61;
"K-B3 ACOEM SW 5";2025-01-27 12:00:00;90,72;3,43;
"K-B3 ACOEM SW 5";2025-01-27 11:00:00;88,02;3,67;
"K-B3 ACOEM SW 5";2025-01-27 10:00:00;88,99;3,46;
"K-B3 ACOEM SW 5";2025-01-27 09:00:00;84,68;3,76;
"K-B3 ACOEM SW 5";2025-01-27 08:00:00;83,38;3,94;
"K-B3 ACOEM SW 5";2025-01-27 07:00:00;84,60;4,03;
"K-B3 ACOEM SW 5";2025-01-27 06:00:00;85,28;4,06;
"K-B3 ACOEM SW 5";2025-01-27 05:00:00;85,57;4,23;
"K-B3 ACOEM SW 5";2025-01-27 04:00:00;85,69;4,06;
"K-B3 ACOEM SW 5";2025-01-27 03:00:00;86,52;4,31;
"K-B3 ACOEM SW 5";2025-01-27 02:00:00;84,81;4,26;
"K-B3 ACOEM SW 5";2025-01-27 01:00:00;84,25;4,35;
"K-B3 ACOEM SW 5";2025-01-27 00:00:00;86,19;4,51;
"K-B3 ACOEM SW 5";2025-01-26 23:00:00;88,93;4,40;
"K-B3 ACOEM SW 5";2025-01-26 22:00:00;89,58;3,89;
"K-B3 ACOEM SW 5";2025-01-26 21:00:00;86,48;4,72;
"K-B3 ACOEM SW 5";2025-01-26 20:00:00;78,59;4,60;
"K-B3 ACOEM SW 5";2025-01-26 19:00:00;79,83;4,84;
"K-B3 ACOEM SW 5";2025-01-26 18:00:00;78,63;5,09;
"K-B3 ACOEM SW 5";2025-01-26 17:00:00;78,51;5,54;
"K-B3 ACOEM SW 5";2025-01-26 16:00:00;80,34;6,04;
"K-B3 ACOEM SW 5";2025-01-26 15:00:00;75,86;6,81;
"K-B3 ACOEM SW 5";2025-01-26 14:00:00;75,22;6,76;
"K-B3 ACOEM SW 5";2025-01-26 13:00:00;82,50;4,84;
"K-B3 ACOEM SW 5";2025-01-26 12:00:00;84,87;3,82;
"K-B3 ACOEM SW 5";2025-01-26 11:00:00;87,89;3,15;
"K-B3 ACOEM SW 5";2025-01-26 10:00:00;89,53;2,08;
"K-B3 ACOEM SW 5";2025-01-26 09:00:00;88,15;2,13;
"K-B3 ACOEM SW 5";2025-01-26 08:00:00;87,32;2,20;
"K-B3 ACOEM SW 5";2025-01-26 07:00:00;84,33;2,37;
"K-B3 ACOEM SW 5";2025-01-26 06:00:00;81,92;2,92;
"K-B3 ACOEM SW 5";2025-01-26 05:00:00;79,93;3,04;
"K-B3 ACOEM SW 5";2025-01-26 04:00:00;76,70;3,79;
"K-B3 ACOEM SW 5";2025-01-26 03:00:00;75,54;4,13;
"K-B3 ACOEM SW 5";2025-01-26 02:00:00;77,76;4,17;
"K-B3 ACOEM SW 5";2025-01-26 01:00:00;80,19;4,38;
"K-B3 ACOEM SW 5";2025-01-26 00:00:00;81,87;4,46;
"K-B3 ACOEM SW 5";2025-01-25 23:00:00;86,44;4,13;
"K-B3 ACOEM SW 5";2025-01-25 22:00:00;89,76;3,86;
"K-B3 ACOEM SW 5";2025-01-25 21:00:00;86,09;4,44;
"K-B3 ACOEM SW 5";2025-01-25 20:00:00;84,02;4,62;
"K-B3 ACOEM SW 5";2025-01-25 19:00:00;84,46;4,30;
"K-B3 ACOEM SW 5";2025-01-25 18:00:00;85,28;4,12;
"K-B3 ACOEM SW 5";2025-01-25 17:00:00;76,72;5,47;
"K-B3 ACOEM SW 5";2025-01-25 16:00:00;69,75;6,25;
"K-B3 ACOEM SW 5";2025-01-25 15:00:00;67,31;6,78;
"K-B3 ACOEM SW 5";2025-01-25 14:00:00;63,77;7,54;
"K-B3 ACOEM SW 5";2025-01-25 13:00:00;67,80;6,87;
"K-B3 ACOEM SW 5";2025-01-25 12:00:00;67,84;7,07;
"K-B3 ACOEM SW 5";2025-01-25 11:00:00;70,44;6,33;
"K-B3 ACOEM SW 5";2025-01-25 10:00:00;71,69;6,10;
"K-B3 ACOEM SW 5";2025-01-25 09:00:00;72,16;6,03;
"K-B3 ACOEM SW 5";2025-01-25 08:00:00;71,22;6,65;
"K-B3 ACOEM SW 5";2025-01-25 07:00:00;68,88;6,73;
"K-B3 ACOEM SW 5";2025-01-25 06:00:00;67,86;6,90;
"K-B3 ACOEM SW 5";2025-01-25 05:00:00;68,36;7,07;
"K-B3 ACOEM SW 5";2025-01-25 04:00:00;65,82;7,20;
"K-B3 ACOEM SW 5";2025-01-25 03:00:00;67,78;7,32;
"K-B3 ACOEM SW 5";2025-01-25 02:00:00;66,64;7,42;
"K-B3 ACOEM SW 5";2025-01-25 01:00:00;65,60;7,43;
"K-B3 ACOEM SW 5";2025-01-25 00:00:00;66,57;7,52;
"K-B3 ACOEM SW 5";2025-01-24 23:00:00;72,61;7,47;
"K-B3 ACOEM SW 5";2025-01-24 22:00:00;76,06;7,37;
"K-B3 ACOEM SW 5";2025-01-24 21:00:00;78,45;7,33;
"K-B3 ACOEM SW 5";2025-01-24 20:00:00;82,18;7,13;
"K-B3 ACOEM SW 5";2025-01-24 19:00:00;91,36;6,35;
"K-B3 ACOEM SW 5";2025-01-24 18:00:00;96,06;6,30;
"K-B3 ACOEM SW 5";2025-01-24 17:00:00;99,14;5,56;
"K-B3 ACOEM SW 5";2025-01-24 16:00:00;98,05;5,10;
"K-B3 ACOEM SW 5";2025-01-24 15:00:00;95,65;4,65;
"K-B3 ACOEM SW 5";2025-01-24 14:00:00;93,66;4,72;
"K-B3 ACOEM SW 5";2025-01-24 13:00:00;95,41;5,46;
"K-B3 ACOEM SW 5";2025-01-24 12:00:00;98,32;5,19;
"K-B3 ACOEM SW 5";2025-01-24 11:00:00;98,38;4,82;
"K-B3 ACOEM SW 5";2025-01-24 10:00:00;99,87;3,91;
"K-B3 ACOEM SW 5";2025-01-24 09:00:00;96,97;1,41;
"K-B3 ACOEM SW 5";2025-01-24 08:00:00;95,18;0,97;
"K-B3 ACOEM SW 5";2025-01-24 07:00:00;94,23;0,43;
"K-B3 ACOEM SW 5";2025-01-24 06:00:00;94,30;0,12;
"K-B3 ACOEM SW 5";2025-01-24 05:00:00;95,41;-0,26;
"K-B3 ACOEM SW 5";2025-01-24 04:00:00;95,87;-0,66;
"K-B3 ACOEM SW 5";2025-01-24 03:00:00;95,52;-0,87;
"K-B3 ACOEM SW 5";2025-01-24 02:00:00;94,84;-0,39;
"K-B3 ACOEM SW 5";2025-01-24 01:00:00;94,09;0,24;
"K-B3 ACOEM SW 5";2025-01-24 00:00:00;93,55;0,65;
"K-B3 ACOEM SW 5";2025-01-23 23:00:00;93,67;0,59;
"K-B3 ACOEM SW 5";2025-01-23 22:00:00;93,94;0,46;
"K-B3 ACOEM SW 5";2025-01-23 21:00:00;93,12;0,21;
"K-B3 ACOEM SW 5";2025-01-23 20:00:00;92,85;0,03;
"K-B3 ACOEM SW 5";2025-01-23 19:00:00;91,96;-0,06;
"K-B3 ACOEM SW 5";2025-01-23 18:00:00;91,70;-0,05;
"K-B3 ACOEM SW 5";2025-01-23 17:00:00;92,47;0,01;
"K-B3 ACOEM SW 5";2025-01-23 16:00:00;93,13;0,00;
"K-B3 ACOEM SW 5";2025-01-23 15:00:00;92,31;0,01;
"K-B3 ACOEM SW 5";2025-01-23 14:00:00;92,36;-0,12;
"K-B3 ACOEM SW 5";2025-01-23 13:00:00;93,49;-0,32;
"K-B3 ACOEM SW 5";2025-01-23 12:00:00;94,22;-0,41;
"K-B3 ACOEM SW 5";2025-01-23 11:00:00;95,07;-0,47;
"K-B3 ACOEM SW 5";2025-01-23 10:00:00;95,34;-0,38;
"K-B3 ACOEM SW 5";2025-01-23 09:00:00;96,36;-0,27;
"K-B3 ACOEM SW 5";2025-01-23 08:00:00;96,47;-0,14;
"K-B3 ACOEM SW 5";2025-01-23 07:00:00;96,51;-0,06;
"K-B3 ACOEM SW 5";2025-01-23 06:00:00;96,72;0,02;
"K-B3 ACOEM SW 5";2025-01-23 05:00:00;96,59;0,18;
"K-B3 ACOEM SW 5";2025-01-23 04:00:00;96,77;0,35;
"K-B3 ACOEM SW 5";2025-01-23 03:00:00;97,16;0,48;
"K-B3 ACOEM SW 5";2025-01-23 02:00:00;97,59;0,61;
"K-B3 ACOEM SW 5";2025-01-23 01:00:00;97,66;0,80;
"K-B3 ACOEM SW 5";2025-01-23 00:00:00;97,56;0,95;
"K-B3 ACOEM SW 5";2025-01-22 23:00:00;97,59;1,21;
"K-B3 ACOEM SW 5";2025-01-22 22:00:00;97,63;1,49;
"K-B3 ACOEM SW 5";2025-01-22 21:00:00;97,51;1,75;
"K-B3 ACOEM SW 5";2025-01-22 20:00:00;97,04;1,95;
"K-B3 ACOEM SW 5";2025-01-22 19:00:00;96,24;2,20;
"K-B3 ACOEM SW 5";2025-01-22 18:00:00;95,77;2,39;
"K-B3 ACOEM SW 5";2025-01-22 17:00:00;94,84;2,69;
"K-B3 ACOEM SW 5";2025-01-22 16:00:00;95,43;2,72;
"K-B3 ACOEM SW 5";2025-01-22 15:00:00;94,90;2,63;
"K-B3 ACOEM SW 5";2025-01-22 14:00:00;94,67;2,73;
"K-B3 ACOEM SW 5";2025-01-22 13:00:00;94,67;2,56;
"K-B3 ACOEM SW 5";2025-01-22 12:00:00;94,53;2,26;
"K-B3 ACOEM SW 5";2025-01-22 11:00:00;93,84;2,05;
"K-B3 ACOEM SW 5";2025-01-22 10:00:00;93,59;1,93;
"K-B3 ACOEM SW 5";2025-01-22 09:00:00;93,14;1,88;
"K-B3 ACOEM SW 5";2025-01-22 08:00:00;93,06;1,80;
"K-B3 ACOEM SW 5";2025-01-22 07:00:00;93,51;1,64;
"K-B3 ACOEM SW 5";2025-01-22 06:00:00;93,42;1,50;
"K-B3 ACOEM SW 5";2025-01-22 05:00:00;93,09;1,44;
"K-B3 ACOEM SW 5";2025-01-22 04:00:00;92,54;1,26;
"K-B3 ACOEM SW 5";2025-01-22 03:00:00;92,30;1,13;
"K-B3 ACOEM SW 5";2025-01-22 02:00:00;92,06;0,98;
"K-B3 ACOEM SW 5";2025-01-22 01:00:00;91,85;0,84;
"K-B3 ACOEM SW 5";2025-01-22 00:00:00;92,21;0,68;
"K-B3 ACOEM SW 5";2025-01-21 23:00:00;92,43;0,58;
"K-B3 ACOEM SW 5";2025-01-21 22:00:00;91,00;0,64;
"K-B3 ACOEM SW 5";2025-01-21 21:00:00;91,40;0,59;
"K-B3 ACOEM SW 5";2025-01-21 20:00:00;92,09;0,54;
"K-B3 ACOEM SW 5";2025-01-21 19:00:00;92,77;0,52;
"K-B3 ACOEM SW 5";2025-01-21 18:00:00;93,56;0,47;
"K-B3 ACOEM SW 5";2025-01-21 17:00:00;92,85;0,56;
"K-B3 ACOEM SW 5";2025-01-21 16:00:00;92,14;0,69;
"K-B3 ACOEM SW 5";2025-01-21 15:00:00;91,26;0,77;
"K-B3 ACOEM SW 5";2025-01-21 14:00:00;91,13;0,74;
"K-B3 ACOEM SW 5";2025-01-21 13:00:00;91,69;0,75;
"K-B3 ACOEM SW 5";2025-01-21 12:00:00;92,21;0,67;
"K-B3 ACOEM SW 5";2025-01-21 11:00:00;92,73;0,59;
"K-B3 ACOEM SW 5";2025-01-21 10:00:00;93,60;0,44;
"K-B3 ACOEM SW 5";2025-01-21 09:00:00;94,79;0,39;
"K-B3 ACOEM SW 5";2025-01-21 08:00:00;95,11;0,35;
"K-B3 ACOEM SW 5";2025-01-21 07:00:00;94,50;0,45;
"K-B3 ACOEM SW 5";2025-01-21 06:00:00;94,34;0,49;
"K-B3 ACOEM SW 5";2025-01-21 05:00:00;94,17;0,57;
"K-B3 ACOEM SW 5";2025-01-21 04:00:00;94,22;0,64;
"K-B3 ACOEM SW 5";2025-01-21 03:00:00;94,08;0,67;
"K-B3 ACOEM SW 5";2025-01-21 02:00:00;93,44;0,76;
"K-B3 ACOEM SW 5";2025-01-21 01:00:00;92,61;1,05;
"K-B3 ACOEM SW 5";2025-01-21 00:00:00;91,89;1,24;
"K-B3 ACOEM SW 5";2025-01-20 23:00:00;91,54;1,35;
"K-B3 ACOEM SW 5";2025-01-20 22:00:00;91,12;1,45;
"K-B3 ACOEM SW 5";2025-01-20 21:00:00;90,94;1,60;
"K-B3 ACOEM SW 5";2025-01-20 20:00:00;90,55;1,78;
"K-B3 ACOEM SW 5";2025-01-20 19:00:00;90,04;1,93;
"K-B3 ACOEM SW 5";2025-01-20 18:00:00;89,99;2,03;
"K-B3 ACOEM SW 5";2025-01-20 17:00:00;89,43;2,40;
"K-B3 ACOEM SW 5";2025-01-20 16:00:00;89,33;2,63;
"K-B3 ACOEM SW 5";2025-01-20 15:00:00;88,85;2,81;
"K-B3 ACOEM SW 5";2025-01-20 14:00:00;88,36;2,98;
"K-B3 ACOEM SW 5";2025-01-20 13:00:00;89,12;2,81;
"K-B3 ACOEM SW 5";2025-01-20 12:00:00;90,18;2,59;
"K-B3 ACOEM SW 5";2025-01-20 11:00:00;91,03;2,46;
"K-B3 ACOEM SW 5";2025-01-20 10:00:00;92,22;2,31;
"K-B3 ACOEM SW 5";2025-01-20 09:00:00;92,89;2,32;
"K-B3 ACOEM SW 5";2025-01-20 08:00:00;93,55;2,25;
"K-B3 ACOEM SW 5";2025-01-20 07:00:00;94,01;2,17;
"K-B3 ACOEM SW 5";2025-01-20 06:00:00;94,26;2,22;
"K-B3 ACOEM SW 5";2025-01-20 05:00:00;94,84;2,18;
"K-B3 ACOEM SW 5";2025-01-20 04:00:00;96,12;1,98;
"K-B3 ACOEM SW 5";2025-01-20 03:00:00;96,50;1,61;
"K-B3 ACOEM SW 5";2025-01-20 02:00:00;96,77;1,61;
"K-B3 ACOEM SW 5";2025-01-20 01:00:00;96,30;1,70;
"K-B3 ACOEM SW 5";2025-01-20 00:00:00;96,71;1,48;
"K-B3 ACOEM SW 5";2025-01-19 23:00:00;95,94;1,17;
"K-B3 ACOEM SW 5";2025-01-19 22:00:00;94,36;0,78;
"K-B3 ACOEM SW 5";2025-01-19 21:00:00;91,38;1,12;
"K-B3 ACOEM SW 5";2025-01-19 20:00:00;90,71;2,38;
"K-B3 ACOEM SW 5";2025-01-19 19:00:00;91,34;3,00;
"K-B3 ACOEM SW 5";2025-01-19 18:00:00;88,51;3,60;
"K-B3 ACOEM SW 5";2025-01-19 17:00:00;83,41;4,86;
"K-B3 ACOEM SW 5";2025-01-19 16:00:00;76,88;6,54;
"K-B3 ACOEM SW 5";2025-01-19 15:00:00;74,30;7,16;
"K-B3 ACOEM SW 5";2025-01-19 14:00:00;75,33;6,86;
"K-B3 ACOEM SW 5";2025-01-19 13:00:00;79,07;5,92;
"K-B3 ACOEM SW 5";2025-01-19 12:00:00;83,54;4,79;
"K-B3 ACOEM SW 5";2025-01-19 11:00:00;87,76;3,61;
"K-B3 ACOEM SW 5";2025-01-19 10:00:00;90,69;2,74;
"K-B3 ACOEM SW 5";2025-01-19 09:00:00;91,03;2,65;
"K-B3 ACOEM SW 5";2025-01-19 08:00:00;90,56;2,75;
"K-B3 ACOEM SW 5";2025-01-19 07:00:00;90,34;2,81;
"K-B3 ACOEM SW 5";2025-01-19 06:00:00;90,29;2,82;
"K-B3 ACOEM SW 5";2025-01-19 05:00:00;89,21;3,03;
"K-B3 ACOEM SW 5";2025-01-19 04:00:00;89,87;3,07;
"K-B3 ACOEM SW 5";2025-01-19 03:00:00;88,94;3,46;
"K-B3 ACOEM SW 5";2025-01-19 02:00:00;88,99;4,00;
"K-B3 ACOEM SW 5";2025-01-19 01:00:00;88,75;4,66;
"K-B3 ACOEM SW 5";2025-01-19 00:00:00;89,16;4,99;
"K-B3 ACOEM SW 5";2025-01-18 23:00:00;90,76;5,17;
"K-B3 ACOEM SW 5";2025-01-18 22:00:00;92,49;5,23;
"K-B3 ACOEM SW 5";2025-01-18 21:00:00;92,89;5,19;
"K-B3 ACOEM SW 5";2025-01-18 20:00:00;91,92;5,42;
"K-B3 ACOEM SW 5";2025-01-18 19:00:00;90,45;5,94;
"K-B3 ACOEM SW 5";2025-01-18 18:00:00;90,87;6,55;
"K-B3 ACOEM SW 5";2025-01-18 17:00:00;90,23;7,14;
"K-B3 ACOEM SW 5";2025-01-18 16:00:00;91,21;7,63;
"K-B3 ACOEM SW 5";2025-01-18 15:00:00;91,36;8,00;
"K-B3 ACOEM SW 5";2025-01-18 14:00:00;89,88;8,08;
"K-B3 ACOEM SW 5";2025-01-18 13:00:00;89,09;8,03;
"K-B3 ACOEM SW 5";2025-01-18 12:00:00;92,45;7,26;
"K-B3 ACOEM SW 5";2025-01-18 11:00:00;96,56;6,08;
"K-B3 ACOEM SW 5";2025-01-18 10:00:00;97,12;5,55;
"K-B3 ACOEM SW 5";2025-01-18 09:00:00;97,38;5,11;
"K-B3 ACOEM SW 5";2025-01-18 08:00:00;96,18;5,24;
"K-B3 ACOEM SW 5";2025-01-18 07:00:00;95,81;5,45;
"K-B3 ACOEM SW 5";2025-01-18 06:00:00;95,79;5,54;
"K-B3 ACOEM SW 5";2025-01-18 05:00:00;93,61;6,08;
"K-B3 ACOEM SW 5";2025-01-18 04:00:00;90,93;6,79;
"K-B3 ACOEM SW 5";2025-01-18 03:00:00;86,63;8,11;
"K-B3 ACOEM SW 5";2025-01-18 02:00:00;89,71;7,46;
"K-B3 ACOEM SW 5";2025-01-18 01:00:00;91,45;7,10;
"K-B3 ACOEM SW 5";2025-01-18 00:00:00;92,61;6,93;
"K-B3 ACOEM SW 5";2025-01-17 23:00:00;93,80;6,79;
"K-B3 ACOEM SW 5";2025-01-17 22:00:00;94,00;6,73;
"K-B3 ACOEM SW 5";2025-01-17 21:00:00;93,73;6,73;
"K-B3 ACOEM SW 5";2025-01-17 20:00:00;92,77;6,71;
"K-B3 ACOEM SW 5";2025-01-17 19:00:00;91,69;6,75;
"K-B3 ACOEM SW 5";2025-01-17 18:00:00;88,96;7,40;
"K-B3 ACOEM SW 5";2025-01-17 17:00:00;87,74;7,63;
"K-B3 ACOEM SW 5";2025-01-17 16:00:00;85,52;7,84;
"K-B3 ACOEM SW 5";2025-01-17 15:00:00;84,53;7,80;
"K-B3 ACOEM SW 5";2025-01-17 14:00:00;84,79;7,48;
"K-B3 ACOEM SW 5";2025-01-17 13:00:00;86,21;7,22;
"K-B3 ACOEM SW 5";2025-01-17 12:00:00;89,45;6,86;
"K-B3 ACOEM SW 5";2025-01-17 11:00:00;91,91;6,23;
"K-B3 ACOEM SW 5";2025-01-17 10:00:00;92,76;5,41;
"K-B3 ACOEM SW 5";2025-01-17 09:00:00;91,63;5,20;
"K-B3 ACOEM SW 5";2025-01-17 08:00:00;91,62;5,06;
"K-B3 ACOEM SW 5";2025-01-17 07:00:00;92,29;5,05;
"K-B3 ACOEM SW 5";2025-01-17 06:00:00;93,39;5,03;
"K-B3 ACOEM SW 5";2025-01-17 05:00:00;93,43;4,85;
"K-B3 ACOEM SW 5";2025-01-17 04:00:00;91,36;5,11;
"K-B3 ACOEM SW 5";2025-01-17 03:00:00;91,76;5,16;
"K-B3 ACOEM SW 5";2025-01-17 02:00:00;93,65;4,64;
"K-B3 ACOEM SW 5";2025-01-17 01:00:00;91,53;4,73;
"K-B3 ACOEM SW 5";2025-01-17 00:00:00;89,62;4,84;
"K-B3 ACOEM SW 5";2025-01-16 23:00:00;89,79;4,84;
"K-B3 ACOEM SW 5";2025-01-16 22:00:00;89,63;4,93;
"K-B3 ACOEM SW 5";2025-01-16 21:00:00;87,41;5,04;
"K-B3 ACOEM SW 5";2025-01-16 20:00:00;86,06;5,28;
"K-B3 ACOEM SW 5";2025-01-16 19:00:00;85,32;5,47;
"K-B3 ACOEM SW 5";2025-01-16 18:00:00;82,27;5,95;
"K-B3 ACOEM SW 5";2025-01-16 17:00:00;75,88;7,49;
"K-B3 ACOEM SW 5";2025-01-16 16:00:00;74,04;8,43;
"K-B3 ACOEM SW 5";2025-01-16 15:00:00;75,79;8,83;
"K-B3 ACOEM SW 5";2025-01-16 14:00:00;80,36;8,57;
"K-B3 ACOEM SW 5";2025-01-16 13:00:00;85,58;8,00;
"K-B3 ACOEM SW 5";2025-01-16 12:00:00;90,40;6,90;
"K-B3 ACOEM SW 5";2025-01-16 11:00:00;95,82;5,48;
"K-B3 ACOEM SW 5";2025-01-16 10:00:00;96,60;4,64;
"K-B3 ACOEM SW 5";2025-01-16 09:00:00;96,50;4,74;
"K-B3 ACOEM SW 5";2025-01-16 08:00:00;96,36;4,92;
"K-B3 ACOEM SW 5";2025-01-16 07:00:00;96,12;5,19;
"K-B3 ACOEM SW 5";2025-01-16 06:00:00;94,87;5,61;
"K-B3 ACOEM SW 5";2025-01-16 05:00:00;91,43;6,61;
"K-B3 ACOEM SW 5";2025-01-16 04:00:00;90,94;6,80;
"K-B3 ACOEM SW 5";2025-01-16 03:00:00;94,23;5,83;
"K-B3 ACOEM SW 5";2025-01-16 02:00:00;95,27;5,02;
"K-B3 ACOEM SW 5";2025-01-16 01:00:00;95,14;5,07;
"K-B3 ACOEM SW 5";2025-01-16 00:00:00;93,51;5,46;
"K-B3 ACOEM SW 5";2025-01-15 23:00:00;93,49;5,73;
"K-B3 ACOEM SW 5";2025-01-15 22:00:00;93,96;6,00;
"K-B3 ACOEM SW 5";2025-01-15 21:00:00;93,54;6,15;
"K-B3 ACOEM SW 5";2025-01-15 20:00:00;94,02;6,30;
"K-B3 ACOEM SW 5";2025-01-15 19:00:00;93,59;6,32;
"K-B3 ACOEM SW 5";2025-01-15 18:00:00;93,67;6,36;
"K-B3 ACOEM SW 5";2025-01-15 17:00:00;92,64;6,47;
"K-B3 ACOEM SW 5";2025-01-15 16:00:00;89,37;6,65;
"K-B3 ACOEM SW 5";2025-01-15 15:00:00;88,40;6,56;
"K-B3 ACOEM SW 5";2025-01-15 14:00:00;86,73;6,33;
"K-B3 ACOEM SW 5";2025-01-15 13:00:00;82,24;6,01;
"K-B3 ACOEM SW 5";2025-01-15 12:00:00;80,12;5,14;
"K-B3 ACOEM SW 5";2025-01-15 11:00:00;80,36;4,43;
"K-B3 ACOEM SW 5";2025-01-15 10:00:00;82,04;3,91;
"K-B3 ACOEM SW 5";2025-01-15 09:00:00;81,80;3,89;
"K-B3 ACOEM SW 5";2025-01-15 08:00:00;81,18;3,98;
"K-B3 ACOEM SW 5";2025-01-15 07:00:00;81,34;3,91;
"K-B3 ACOEM SW 5";2025-01-15 06:00:00;80,52;4,26;
"K-B3 ACOEM SW 5";2025-01-15 05:00:00;78,98;4,75;
"K-B3 ACOEM SW 5";2025-01-15 04:00:00;78,58;4,91;
"K-B3 ACOEM SW 5";2025-01-15 03:00:00;77,70;5,26;
"K-B3 ACOEM SW 5";2025-01-15 02:00:00;78,28;5,24;
"K-B3 ACOEM SW 5";2025-01-15 01:00:00;77,93;5,55;
"K-B3 ACOEM SW 5";2025-01-15 00:00:00;79,31;5,72;
"K-B3 ACOEM SW 5";2025-01-14 23:00:00;81,02;5,66;
"K-B3 ACOEM SW 5";2025-01-14 22:00:00;81,44;5,79;
"K-B3 ACOEM SW 5";2025-01-14 21:00:00;82,07;6,08;
"K-B3 ACOEM SW 5";2025-01-14 20:00:00;83,69;6,08;
"K-B3 ACOEM SW 5";2025-01-14 19:00:00;83,28;6,51;
"K-B3 ACOEM SW 5";2025-01-14 18:00:00;80,40;7,20;
"K-B3 ACOEM SW 5";2025-01-14 17:00:00;79,92;7,73;
"K-B3 ACOEM SW 5";2025-01-14 16:00:00;75,64;9,23;
"K-B3 ACOEM SW 5";2025-01-14 15:00:00;73,15;9,97;
"K-B3 ACOEM SW 5";2025-01-14 14:00:00;74,13;10,06;
"K-B3 ACOEM SW 5";2025-01-14 13:00:00;80,59;8,93;
"K-B3 ACOEM SW 5";2025-01-14 12:00:00;86,25;7,78;
"K-B3 ACOEM SW 5";2025-01-14 11:00:00;92,76;6,59;
"K-B3 ACOEM SW 5";2025-01-14 10:00:00;96,56;5,49;
"K-B3 ACOEM SW 5";2025-01-14 09:00:00;95,97;5,81;
"K-B3 ACOEM SW 5";2025-01-14 08:00:00;95,57;6,08;
"K-B3 ACOEM SW 5";2025-01-14 07:00:00;95,52;6,33;
"K-B3 ACOEM SW 5";2025-01-14 06:00:00;96,17;6,16;
"K-B3 ACOEM SW 5";2025-01-14 05:00:00;95,31;6,06;
"K-B3 ACOEM SW 5";2025-01-14 04:00:00;94,02;6,23;
"K-B3 ACOEM SW 5";2025-01-14 03:00:00;93,45;6,22;
"K-B3 ACOEM SW 5";2025-01-14 02:00:00;92,96;6,40;
"K-B3 ACOEM SW 5";2025-01-14 01:00:00;93,42;6,41;
"K-B3 ACOEM SW 5";2025-01-14 00:00:00;94,37;6,04;
"K-B3 ACOEM SW 5";2025-01-13 23:00:00;93,92;5,97;
"K-B3 ACOEM SW 5";2025-01-13 22:00:00;93,12;6,20;
"K-B3 ACOEM SW 5";2025-01-13 21:00:00;93,93;6,02;
"K-B3 ACOEM SW 5";2025-01-13 20:00:00;93,93;5,67;
"K-B3 ACOEM SW 5";2025-01-13 19:00:00;92,94;5,67;
"K-B3 ACOEM SW 5";2025-01-13 18:00:00;94,00;5,57;
"K-B3 ACOEM SW 5";2025-01-13 17:00:00;94,08;5,39;
"K-B3 ACOEM SW 5";2025-01-13 16:00:00;92,79;5,44;
"K-B3 ACOEM SW 5";2025-01-13 15:00:00;91,59;5,51;
"K-B3 ACOEM SW 5";2025-01-13 14:00:00;89,01;5,61;
"K-B3 ACOEM SW 5";2025-01-13 13:00:00;87,75;5,66;
"K-B3 ACOEM SW 5";2025-01-13 12:00:00;87,99;5,47;
"K-B3 ACOEM SW 5";2025-01-13 11:00:00;87,83;5,03;
"K-B3 ACOEM SW 5";2025-01-13 10:00:00;88,81;4,41;
"K-B3 ACOEM SW 5";2025-01-13 09:00:00;87,88;4,05;
"K-B3 ACOEM SW 5";2025-01-13 08:00:00;87,63;3,58;
"K-B3 ACOEM SW 5";2025-01-13 07:00:00;90,24;2,73;
"K-B3 ACOEM SW 5";2025-01-13 06:00:00;93,26;1,61;
"K-B3 ACOEM SW 5";2025-01-13 05:00:00;92,55;0,92;
"K-B3 ACOEM SW 5";2025-01-13 04:00:00;92,26;0,41;
"K-B3 ACOEM SW 5";2025-01-13 03:00:00;92,63;-0,42;
"K-B3 ACOEM SW 5";2025-01-13 02:00:00;92,73;-2,18;
"K-B3 ACOEM SW 5";2025-01-13 01:00:00;88,40;-4,80;
"K-B3 ACOEM SW 5";2025-01-13 00:00:00;85,15;-5,73;
"K-B3 ACOEM SW 5";2025-01-12 23:00:00;84,07;-5,90;
"K-B3 ACOEM SW 5";2025-01-12 22:00:00;83,99;-6,53;
"K-B3 ACOEM SW 5";2025-01-12 21:00:00;80,49;-6,50;
"K-B3 ACOEM SW 5";2025-01-12 20:00:00;77,12;-6,27;
"K-B3 ACOEM SW 5";2025-01-12 19:00:00;76,77;-5,91;
"K-B3 ACOEM SW 5";2025-01-12 18:00:00;75,70;-5,43;
"K-B3 ACOEM SW 5";2025-01-12 17:00:00;70,88;-4,27;
"K-B3 ACOEM SW 5";2025-01-12 16:00:00;66,94;-2,45;
"K-B3 ACOEM SW 5";2025-01-12 15:00:00;63,55;-0,64;
"K-B3 ACOEM SW 5";2025-01-12 14:00:00;59,83;0,22;
"K-B3 ACOEM SW 5";2025-01-12 13:00:00;65,98;-1,58;
"K-B3 ACOEM SW 5";2025-01-12 12:00:00;70,03;-3,30;
"K-B3 ACOEM SW 5";2025-01-12 11:00:00;73,73;-4,74;
"K-B3 ACOEM SW 5";2025-01-12 10:00:00;75,57;-5,26;
"K-B3 ACOEM SW 5";2025-01-12 09:00:00;76,95;-5,44;
"K-B3 ACOEM SW 5";2025-01-12 08:00:00;75,77;-5,12;
"K-B3 ACOEM SW 5";2025-01-12 07:00:00;74,40;-4,75;
"K-B3 ACOEM SW 5";2025-01-12 06:00:00;73,05;-4,23;
"K-B3 ACOEM SW 5";2025-01-12 05:00:00;71,41;-3,74;
"K-B3 ACOEM SW 5";2025-01-12 04:00:00;70,12;-3,40;
"K-B3 ACOEM SW 5";2025-01-12 03:00:00;69,62;-3,22;
"K-B3 ACOEM SW 5";2025-01-12 02:00:00;69,18;-3,11;
"K-B3 ACOEM SW 5";2025-01-12 01:00:00;67,26;-2,97;
"K-B3 ACOEM SW 5";2025-01-12 00:00:00;69,32;-3,07;
"K-B3 ACOEM SW 5";2025-01-11 23:00:00;69,68;-3,07;
"K-B3 ACOEM SW 5";2025-01-11 22:00:00;69,45;-2,87;
"K-B3 ACOEM SW 5";2025-01-11 21:00:00;70,70;-2,77;
"K-B3 ACOEM SW 5";2025-01-11 20:00:00;73,13;-2,63;
"K-B3 ACOEM SW 5";2025-01-11 19:00:00;70,20;-2,15;
"K-B3 ACOEM SW 5";2025-01-11 18:00:00;68,04;-1,37;
"K-B3 ACOEM SW 5";2025-01-11 17:00:00;65,39;-0,22;
"K-B3 ACOEM SW 5";2025-01-11 16:00:00;54,62;1,65;
"K-B3 ACOEM SW 5";2025-01-11 15:00:00;54,42;2,32;
"K-B3 ACOEM SW 5";2025-01-11 14:00:00;55,81;2,33;
"K-B3 ACOEM SW 5";2025-01-11 13:00:00;56,03;1,83;
"K-B3 ACOEM SW 5";2025-01-11 12:00:00;59,85;0,75;
"K-B3 ACOEM SW 5";2025-01-11 11:00:00;63,25;-0,46;
"K-B3 ACOEM SW 5";2025-01-11 10:00:00;67,55;-1,73;
"K-B3 ACOEM SW 5";2025-01-11 09:00:00;67,69;-1,98;
"K-B3 ACOEM SW 5";2025-01-11 08:00:00;65,42;-1,49;
"K-B3 ACOEM SW 5";2025-01-11 07:00:00;65,58;-1,54;
"K-B3 ACOEM SW 5";2025-01-11 06:00:00;68,90;-2,27;
"K-B3 ACOEM SW 5";2025-01-11 05:00:00;70,73;-2,76;
"K-B3 ACOEM SW 5";2025-01-11 04:00:00;70,23;-2,64;
"K-B3 ACOEM SW 5";2025-01-11 03:00:00;68,65;-2,47;
"K-B3 ACOEM SW 5";2025-01-11 02:00:00;71,00;-2,73;
"K-B3 ACOEM SW 5";2025-01-11 01:00:00;74,26;-2,94;
"K-B3 ACOEM SW 5";2025-01-11 00:00:00;76,07;-3,01;
"K-B3 ACOEM SW 5";2025-01-10 23:00:00;78,58;-2,97;
"K-B3 ACOEM SW 5";2025-01-10 22:00:00;82,37;-3,02;
"K-B3 ACOEM SW 5";2025-01-10 21:00:00;84,89;-3,02;
"K-B3 ACOEM SW 5";2025-01-10 20:00:00;85,08;-2,72;
"K-B3 ACOEM SW 5";2025-01-10 19:00:00;81,08;-1,91;
"K-B3 ACOEM SW 5";2025-01-10 18:00:00;77,61;-0,90;
"K-B3 ACOEM SW 5";2025-01-10 17:00:00;74,51;-0,23;
"K-B3 ACOEM SW 5";2025-01-10 16:00:00;74,55;0,22;
"K-B3 ACOEM SW 5";2025-01-10 15:00:00;72,94;0,86;
"K-B3 ACOEM SW 5";2025-01-10 14:00:00;71,70;1,43;
"K-B3 ACOEM SW 5";2025-01-10 13:00:00;71,06;1,28;
"K-B3 ACOEM SW 5";2025-01-10 12:00:00;71,31;1,06;
"K-B3 ACOEM SW 5";2025-01-10 11:00:00;73,70;0,10;
"K-B3 ACOEM SW 5";2025-01-10 10:00:00;79,65;-1,20;
"K-B3 ACOEM SW 5";2025-01-10 09:00:00;83,27;-1,72;
"K-B3 ACOEM SW 5";2025-01-10 08:00:00;84,04;-1,66;
"K-B3 ACOEM SW 5";2025-01-10 07:00:00;83,90;-1,19;
"K-B3 ACOEM SW 5";2025-01-10 06:00:00;82,65;-0,78;
"K-B3 ACOEM SW 5";2025-01-10 05:00:00;83,06;-0,84;
"K-B3 ACOEM SW 5";2025-01-10 04:00:00;85,26;-1,62;
"K-B3 ACOEM SW 5";2025-01-10 03:00:00;84,18;-1,61;
"K-B3 ACOEM SW 5";2025-01-10 02:00:00;86,09;-2,36;
"K-B3 ACOEM SW 5";2025-01-10 01:00:00;85,81;-2,98;
"K-B3 ACOEM SW 5";2025-01-10 00:00:00;84,92;-2,80;
"K-B3 ACOEM SW 5";2025-01-09 23:00:00;84,47;-2,71;
"K-B3 ACOEM SW 5";2025-01-09 22:00:00;83,67;-2,28;
"K-B3 ACOEM SW 5";2025-01-09 21:00:00;84,77;-2,34;
"K-B3 ACOEM SW 5";2025-01-09 20:00:00;83,59;-2,50;
"K-B3 ACOEM SW 5";2025-01-09 19:00:00;83,47;-2,46;
"K-B3 ACOEM SW 5";2025-01-09 18:00:00;82,06;-2,21;
"K-B3 ACOEM SW 5";2025-01-09 17:00:00;78,04;-1,14;
"K-B3 ACOEM SW 5";2025-01-09 16:00:00;78,85;-0,63;
"K-B3 ACOEM SW 5";2025-01-09 15:00:00;79,12;-0,53;
"K-B3 ACOEM SW 5";2025-01-09 14:00:00;77,94;-0,91;
"K-B3 ACOEM SW 5";2025-01-09 13:00:00;81,78;-1,70;
"K-B3 ACOEM SW 5";2025-01-09 12:00:00;81,65;-2,22;
"K-B3 ACOEM SW 5";2025-01-09 11:00:00;84,32;-2,98;
"K-B3 ACOEM SW 5";2025-01-09 10:00:00;85,88;-3,68;
"K-B3 ACOEM SW 5";2025-01-09 09:00:00;87,28;-4,43;
"K-B3 ACOEM SW 5";2025-01-09 08:00:00;88,82;-5,12;
"K-B3 ACOEM SW 5";2025-01-09 07:00:00;89,93;-5,62;
"K-B3 ACOEM SW 5";2025-01-09 06:00:00;90,28;-5,43;
"K-B3 ACOEM SW 5";2025-01-09 05:00:00;89,59;-5,17;
"K-B3 ACOEM SW 5";2025-01-09 04:00:00;90,54;-5,04;
"K-B3 ACOEM SW 5";2025-01-09 03:00:00;91,02;-4,96;
"K-B3 ACOEM SW 5";2025-01-09 02:00:00;90,85;-4,46;
"K-B3 ACOEM SW 5";2025-01-09 01:00:00;90,02;-3,94;
"K-B3 ACOEM SW 5";2025-01-09 00:00:00;89,36;-3,39;
"K-B3 ACOEM SW 5";2025-01-08 23:00:00;88,87;-2,80;
"K-B3 ACOEM SW 5";2025-01-08 22:00:00;90,36;-2,73;
"K-B3 ACOEM SW 5";2025-01-08 21:00:00;89,22;-2,24;
"K-B3 ACOEM SW 5";2025-01-08 20:00:00;88,98;-1,91;
"K-B3 ACOEM SW 5";2025-01-08 19:00:00;87,12;-1,46;
"K-B3 ACOEM SW 5";2025-01-08 18:00:00;84,94;-0,71;
"K-B3 ACOEM SW 5";2025-01-08 17:00:00;82,91;-0,19;
"K-B3 ACOEM SW 5";2025-01-08 16:00:00;76,22;1,14;
"K-B3 ACOEM SW 5";2025-01-08 15:00:00;72,63;2,03;
"K-B3 ACOEM SW 5";2025-01-08 14:00:00;73,73;2,10;
"K-B3 ACOEM SW 5";2025-01-08 13:00:00;73,91;1,17;
"K-B3 ACOEM SW 5";2025-01-08 12:00:00;78,85;0,63;
"K-B3 ACOEM SW 5";2025-01-08 11:00:00;85,89;-0,70;
"K-B3 ACOEM SW 5";2025-01-08 10:00:00;92,87;-1,93;
"K-B3 ACOEM SW 5";2025-01-08 09:00:00;92,54;-1,59;
"K-B3 ACOEM SW 5";2025-01-08 08:00:00;91,86;-0,99;
"K-B3 ACOEM SW 5";2025-01-08 07:00:00;91,40;-0,37;
"K-B3 ACOEM SW 5";2025-01-08 06:00:00;91,71;-0,22;
"K-B3 ACOEM SW 5";2025-01-08 05:00:00;91,87;-0,32;
"K-B3 ACOEM SW 5";2025-01-08 04:00:00;93,34;-0,03;
"K-B3 ACOEM SW 5";2025-01-08 03:00:00;93,55;0,44;
"K-B3 ACOEM SW 5";2025-01-08 02:00:00;94,41;0,41;
"K-B3 ACOEM SW 5";2025-01-08 01:00:00;93,41;0,37;
"K-B3 ACOEM SW 5";2025-01-08 00:00:00;93,26;0,86;
"K-B3 ACOEM SW 5";2025-01-07 23:00:00;94,07;1,08;
"K-B3 ACOEM SW 5";2025-01-07 22:00:00;93,47;1,57;
"K-B3 ACOEM SW 5";2025-01-07 21:00:00;92,89;1,99;
"K-B3 ACOEM SW 5";2025-01-07 20:00:00;93,62;1,93;
"K-B3 ACOEM SW 5";2025-01-07 19:00:00;92,71;2,06;
"K-B3 ACOEM SW 5";2025-01-07 18:00:00;91,47;2,28;
"K-B3 ACOEM SW 5";2025-01-07 17:00:00;90,70;2,40;
"K-B3 ACOEM SW 5";2025-01-07 16:00:00;90,60;2,43;
"K-B3 ACOEM SW 5";2025-01-07 15:00:00;88,85;2,66;
"K-B3 ACOEM SW 5";2025-01-07 14:00:00;89,81;2,91;
"K-B3 ACOEM SW 5";2025-01-07 13:00:00;92,10;2,50;
"K-B3 ACOEM SW 5";2025-01-07 12:00:00;94,43;2,24;
"K-B3 ACOEM SW 5";2025-01-07 11:00:00;94,54;2,66;
"K-B3 ACOEM SW 5";2025-01-07 10:00:00;95,77;3,20;
"K-B3 ACOEM SW 5";2025-01-07 09:00:00;98,00;4,51;
"K-B3 ACOEM SW 5";2025-01-07 08:00:00;97,09;3,82;
"K-B3 ACOEM SW 5";2025-01-07 07:00:00;93,37;3,20;
"K-B3 ACOEM SW 5";2025-01-07 06:00:00;89,16;3,75;
"K-B3 ACOEM SW 5";2025-01-07 05:00:00;91,92;3,29;
"K-B3 ACOEM SW 5";2025-01-07 04:00:00;90,01;4,06;
"K-B3 ACOEM SW 5";2025-01-07 03:00:00;90,15;4,02;
"K-B3 ACOEM SW 5";2025-01-07 02:00:00;94,22;2,89;
"K-B3 ACOEM SW 5";2025-01-07 01:00:00;96,54;1,49;
"K-B3 ACOEM SW 5";2025-01-07 00:00:00;97,19;1,02;
"K-B3 ACOEM SW 5";2025-01-06 23:00:00;96,78;0,61;
"K-B3 ACOEM SW 5";2025-01-06 22:00:00;96,40;0,69;
"K-B3 ACOEM SW 5";2025-01-06 21:00:00;97,15;0,65;
"K-B3 ACOEM SW 5";2025-01-06 20:00:00;98,37;0,54;
"K-B3 ACOEM SW 5";2025-01-06 19:00:00;99,41;0,41;
"K-B3 ACOEM SW 5";2025-01-06 18:00:00;99,87;0,40;
"K-B3 ACOEM SW 5";2025-01-06 17:00:00;99,58;0,39;
"K-B3 ACOEM SW 5";2025-01-06 16:00:00;98,98;0,45;
"K-B3 ACOEM SW 5";2025-01-06 15:00:00;98,04;0,37;
"K-B3 ACOEM SW 5";2025-01-06 14:00:00;97,41;0,47;
"K-B3 ACOEM SW 5";2025-01-06 13:00:00;97,56;0,61;
"K-B3 ACOEM SW 5";2025-01-06 12:00:00;98,01;0,59;
"K-B3 ACOEM SW 5";2025-01-06 11:00:00;98,08;0,57;
"K-B3 ACOEM SW 5";2025-01-06 10:00:00;97,86;0,57;
"K-B3 ACOEM SW 5";2025-01-06 09:00:00;97,36;0,72;
"K-B3 ACOEM SW 5";2025-01-06 08:00:00;96,68;0,78;
"K-B3 ACOEM SW 5";2025-01-06 07:00:00;95,93;0,93;
"K-B3 ACOEM SW 5";2025-01-06 06:00:00;95,00;1,19;
"K-B3 ACOEM SW 5";2025-01-06 05:00:00;93,74;1,43;
"K-B3 ACOEM SW 5";2025-01-06 04:00:00;94,89;1,21;
"K-B3 ACOEM SW 5";2025-01-06 03:00:00;96,31;0,93;
"K-B3 ACOEM SW 5";2025-01-06 02:00:00;95,60;-2,17;
"K-B3 ACOEM SW 5";2025-01-06 01:00:00;94,30;-2,57;
"K-B3 ACOEM SW 5";2025-01-06 00:00:00;93,45;-2,79;
"K-B3 ACOEM SW 5";2025-01-05 23:00:00;92,68;-2,79;
"K-B3 ACOEM SW 5";2025-01-05 22:00:00;92,76;-3,01;
"K-B3 ACOEM SW 5";2025-01-05 21:00:00;91,53;-3,06;
"K-B3 ACOEM SW 5";2025-01-05 20:00:00;90,63;-2,89;
"K-B3 ACOEM SW 5";2025-01-05 19:00:00;89,55;-2,83;
"K-B3 ACOEM SW 5";2025-01-05 18:00:00;89,47;-2,72;
"K-B3 ACOEM SW 5";2025-01-05 17:00:00;89,14;-2,55;
"K-B3 ACOEM SW 5";2025-01-05 16:00:00;88,68;-2,34;
"K-B3 ACOEM SW 5";2025-01-05 15:00:00;87,98;-2,10;
"K-B3 ACOEM SW 5";2025-01-05 14:00:00;88,01;-1,90;
"K-B3 ACOEM SW 5";2025-01-05 13:00:00;88,56;-1,86;
"K-B3 ACOEM SW 5";2025-01-05 12:00:00;88,81;-1,87;
"K-B3 ACOEM SW 5";2025-01-05 11:00:00;90,08;-2,30;
"K-B3 ACOEM SW 5";2025-01-05 10:00:00;91,71;-2,51;
"K-B3 ACOEM SW 5";2025-01-05 09:00:00;92,03;-2,29;
"K-B3 ACOEM SW 5";2025-01-05 08:00:00;90,69;-2,18;
"K-B3 ACOEM SW 5";2025-01-05 07:00:00;87,59;-2,36;
"K-B3 ACOEM SW 5";2025-01-05 06:00:00;87,29;-2,39;
"K-B3 ACOEM SW 5";2025-01-05 05:00:00;89,84;-2,00;
"K-B3 ACOEM SW 5";2025-01-05 04:00:00;90,69;-2,03;
"K-B3 ACOEM SW 5";2025-01-05 03:00:00;87,71;-1,99;
"K-B3 ACOEM SW 5";2025-01-05 02:00:00;76,55;-1,12;
"K-B3 ACOEM SW 5";2025-01-05 01:00:00;73,40;-1,04;
"K-B3 ACOEM SW 5";2025-01-05 00:00:00;74,17;-1,71;
"K-B3 ACOEM SW 5";2025-01-04 23:00:00;75,20;-2,06;
"K-B3 ACOEM SW 5";2025-01-04 22:00:00;74,39;-1,91;
"K-B3 ACOEM SW 5";2025-01-04 21:00:00;73,38;-1,74;
"K-B3 ACOEM SW 5";2025-01-04 20:00:00;74,89;-1,78;
"K-B3 ACOEM SW 5";2025-01-04 19:00:00;77,88;-2,00;
"K-B3 ACOEM SW 5";2025-01-04 18:00:00;79,47;-2,09;
"K-B3 ACOEM SW 5";2025-01-04 17:00:00;77,88;-1,71;
"K-B3 ACOEM SW 5";2025-01-04 16:00:00;75,08;-0,46;
"K-B3 ACOEM SW 5";2025-01-04 15:00:00;72,40;0,34;
"K-B3 ACOEM SW 5";2025-01-04 14:00:00;72,67;-0,24;
"K-B3 ACOEM SW 5";2025-01-04 13:00:00;75,14;-0,95;
"K-B3 ACOEM SW 5";2025-01-04 12:00:00;77,21;-1,74;
"K-B3 ACOEM SW 5";2025-01-04 11:00:00;77,72;-2,44;
"K-B3 ACOEM SW 5";2025-01-04 10:00:00;77,51;-3,06;
"K-B3 ACOEM SW 5";2025-01-04 09:00:00;75,75;-3,31;
"K-B3 ACOEM SW 5";2025-01-04 08:00:00;72,85;-2,98;
"K-B3 ACOEM SW 5";2025-01-04 07:00:00;72,66;-3,44;
"K-B3 ACOEM SW 5";2025-01-04 06:00:00;70,14;-4,39;
"K-B3 ACOEM SW 5";2025-01-04 05:00:00;67,81;-4,98;
"K-B3 ACOEM SW 5";2025-01-04 04:00:00;66,46;-5,52;
"K-B3 ACOEM SW 5";2025-01-04 03:00:00;69,35;-5,73;
"K-B3 ACOEM SW 5";2025-01-04 02:00:00;69,72;-5,73;
"K-B3 ACOEM SW 5";2025-01-04 01:00:00;67,73;-5,03;
"K-B3 ACOEM SW 5";2025-01-04 00:00:00;66,26;-4,60;
"K-B3 ACOEM SW 5";2025-01-03 23:00:00;69,25;-4,80;
"K-B3 ACOEM SW 5";2025-01-03 22:00:00;70,54;-4,58;
"K-B3 ACOEM SW 5";2025-01-03 21:00:00;68,19;-3,90;
"K-B3 ACOEM SW 5";2025-01-03 20:00:00;65,12;-3,29;
"K-B3 ACOEM SW 5";2025-01-03 19:00:00;63,06;-2,85;
"K-B3 ACOEM SW 5";2025-01-03 18:00:00;60,43;-1,89;
"K-B3 ACOEM SW 5";2025-01-03 17:00:00;55,80;-0,92;
"K-B3 ACOEM SW 5";2025-01-03 16:00:00;53,45;-0,37;
"K-B3 ACOEM SW 5";2025-01-03 15:00:00;53,25;-0,29;
"K-B3 ACOEM SW 5";2025-01-03 14:00:00;54,51;-0,95;
"K-B3 ACOEM SW 5";2025-01-03 13:00:00;59,04;-2,04;
"K-B3 ACOEM SW 5";2025-01-03 12:00:00;61,47;-3,26;
"K-B3 ACOEM SW 5";2025-01-03 11:00:00;62,24;-4,43;
"K-B3 ACOEM SW 5";2025-01-03 10:00:00;66,08;-5,42;
"K-B3 ACOEM SW 5";2025-01-03 09:00:00;64,65;-4,72;
"K-B3 ACOEM SW 5";2025-01-03 08:00:00;66,04;-3,92;
"K-B3 ACOEM SW 5";2025-01-03 07:00:00;70,84;-3,43;
"K-B3 ACOEM SW 5";2025-01-03 06:00:00;72,27;-2,69;
"K-B3 ACOEM SW 5";2025-01-03 05:00:00;75,45;-1,92;
"K-B3 ACOEM SW 5";2025-01-03 04:00:00;88,79;-1,71;
"K-B3 ACOEM SW 5";2025-01-03 03:00:00;94,23;-2,31;
"K-B3 ACOEM SW 5";2025-01-03 02:00:00;84,66;-4,14;
"K-B3 ACOEM SW 5";2025-01-03 01:00:00;82,48;-4,62;
"K-B3 ACOEM SW 5";2025-01-03 00:00:00;79,58;-4,53;
"K-B3 ACOEM SW 5";2025-01-02 23:00:00;74,13;-4,01;
"K-B3 ACOEM SW 5";2025-01-02 22:00:00;75,28;-3,92;
"K-B3 ACOEM SW 5";2025-01-02 21:00:00;81,69;-3,77;
"K-B3 ACOEM SW 5";2025-01-02 20:00:00;81,57;-3,43;
"K-B3 ACOEM SW 5";2025-01-02 19:00:00;80,17;-3,13;
"K-B3 ACOEM SW 5";2025-01-02 18:00:00;76,68;-2,74;
"K-B3 ACOEM SW 5";2025-01-02 17:00:00;72,47;-2,20;
"K-B3 ACOEM SW 5";2025-01-02 16:00:00;71,07;-1,52;
"K-B3 ACOEM SW 5";2025-01-02 15:00:00;69,97;-0,58;
"K-B3 ACOEM SW 5";2025-01-02 14:00:00;71,76;-0,51;
"K-B3 ACOEM SW 5";2025-01-02 13:00:00;72,38;-1,13;
"K-B3 ACOEM SW 5";2025-01-02 12:00:00;72,88;-2,04;
"K-B3 ACOEM SW 5";2025-01-02 11:00:00;72,69;-3,76;
"K-B3 ACOEM SW 5";2025-01-02 10:00:00;77,70;-5,68;
"K-B3 ACOEM SW 5";2025-01-02 09:00:00;76,28;-5,42;
"K-B3 ACOEM SW 5";2025-01-02 08:00:00;78,81;-5,28;
"K-B3 ACOEM SW 5";2025-01-02 07:00:00;78,49;-4,84;
"K-B3 ACOEM SW 5";2025-01-02 06:00:00;77,72;-4,78;
"K-B3 ACOEM SW 5";2025-01-02 05:00:00;78,11;-4,43;
"K-B3 ACOEM SW 5";2025-01-02 04:00:00;78,53;-3,90;
"K-B3 ACOEM SW 5";2025-01-02 03:00:00;77,92;-3,08;
"K-B3 ACOEM SW 5";2025-01-02 02:00:00;79,34;-2,67;
"K-B3 ACOEM SW 5";2025-01-02 01:00:00;81,09;-2,68;
"K-B3 ACOEM SW 5";2025-01-02 00:00:00;82,73;-2,73;
"K-B3 ACOEM SW 5";2025-01-01 23:00:00;82,76;-2,90;
"K-B3 ACOEM SW 5";2025-01-01 22:00:00;82,23;-3,17;
"K-B3 ACOEM SW 5";2025-01-01 21:00:00;84,09;-3,40;
"K-B3 ACOEM SW 5";2025-01-01 20:00:00;85,53;-3,31;
"K-B3 ACOEM SW 5";2025-01-01 19:00:00;87,44;-3,29;
"K-B3 ACOEM SW 5";2025-01-01 18:00:00;89,20;-3,31;
"K-B3 ACOEM SW 5";2025-01-01 17:00:00;89,46;-3,34;
"K-B3 ACOEM SW 5";2025-01-01 16:00:00;89,17;-3,38;
"K-B3 ACOEM SW 5";2025-01-01 15:00:00;91,74;-3,43;
"K-B3 ACOEM SW 5";2025-01-01 14:00:00;90,39;-2,84;
"K-B3 ACOEM SW 5";2025-01-01 13:00:00;92,98;-2,85;
"K-B3 ACOEM SW 5";2025-01-01 12:00:00;92,71;-2,69;
"K-B3 ACOEM SW 5";2025-01-01 11:00:00;92,17;-2,24;
"K-B3 ACOEM SW 5";2025-01-01 10:00:00;92,45;-1,93;
"K-B3 ACOEM SW 5";2025-01-01 09:00:00;92,46;-1,48;
"K-B3 ACOEM SW 5";2025-01-01 08:00:00;93,00;-1,32;
"K-B3 ACOEM SW 5";2025-01-01 07:00:00;92,09;-1,38;
"K-B3 ACOEM SW 5";2025-01-01 06:00:00;91,64;-1,15;
"K-B3 ACOEM SW 5";2025-01-01 05:00:00;91,10;-1,00;
"K-B3 ACOEM SW 5";2025-01-01 04:00:00;91,35;-0,78;
"K-B3 ACOEM SW 5";2025-01-01 03:00:00;91,52;-0,85;
"K-B3 ACOEM SW 5";2025-01-01 02:00:00;91,71;-0,74;
"K-B3 ACOEM SW 5";2025-01-01 01:00:00;91,69;-0,50;
"K-B3 ACOEM SW 5";2025-01-01 00:00:00;91,72;-0,17;
"K-B3 ACOEM SW 5";2024-12-31 23:00:00;93,77;0,46;
"K-B3 ACOEM SW 5";2024-12-31 22:00:00;94,48;1,02;
"K-B3 ACOEM SW 5";2024-12-31 21:00:00;94,38;1,13;
"K-B3 ACOEM SW 5";2024-12-31 20:00:00;94,83;1,19;
"K-B3 ACOEM SW 5";2024-12-31 19:00:00;95,82;1,04;
"K-B3 ACOEM SW 5";2024-12-31 18:00:00;96,41;1,26;
"K-B3 ACOEM SW 5";2024-12-31 17:00:00;96,59;1,11;
"K-B3 ACOEM SW 5";2024-12-31 16:00:00;96,02;1,11;
"K-B3 ACOEM SW 5";2024-12-31 15:00:00;95,79;0,78;
"K-B3 ACOEM SW 5";2024-12-31 14:00:00;92,66;0,89;
"K-B3 ACOEM SW 5";2024-12-31 13:00:00;80,05;1,50;
"K-B3 ACOEM SW 5";2024-12-31 12:00:00;72,76;1,56;
"K-B3 ACOEM SW 5";2024-12-31 11:00:00;71,02;1,33;
"K-B3 ACOEM SW 5";2024-12-31 10:00:00;67,73;1,48;
"K-B3 ACOEM SW 5";2024-12-31 09:00:00;65,66;1,35;
"K-B3 ACOEM SW 5";2024-12-31 08:00:00;68,59;1,02;
"K-B3 ACOEM SW 5";2024-12-31 07:00:00;70,21;0,77;
"K-B3 ACOEM SW 5";2024-12-31 06:00:00;71,09;0,78;
"K-B3 ACOEM SW 5";2024-12-31 05:00:00;67,64;1,03;
"K-B3 ACOEM SW 5";2024-12-31 04:00:00;70,34;0,66;
"K-B3 ACOEM SW 5";2024-12-31 03:00:00;71,08;0,64;
"K-B3 ACOEM SW 5";2024-12-31 02:00:00;67,66;1,15;
"K-B3 ACOEM SW 5";2024-12-31 01:00:00;66,68;1,55;
"K-B3 ACOEM SW 5";2024-12-31 00:00:00;68,89;1,42;
"K-B3 ACOEM SW 5";2024-12-30 23:00:00;74,94;1,23;
"K-B3 ACOEM SW 5";2024-12-30 22:00:00;73,13;1,96;
"K-B3 ACOEM SW 5";2024-12-30 21:00:00;72,37;2,44;
"K-B3 ACOEM SW 5";2024-12-30 20:00:00;73,08;2,76;
"K-B3 ACOEM SW 5";2024-12-30 19:00:00;73,79;2,96;
"K-B3 ACOEM SW 5";2024-12-30 18:00:00;78,36;2,89;
"K-B3 ACOEM SW 5";2024-12-30 17:00:00;77,27;3,34;
"K-B3 ACOEM SW 5";2024-12-30 16:00:00;69,49;4,21;
"K-B3 ACOEM SW 5";2024-12-30 15:00:00;66,89;4,49;
"K-B3 ACOEM SW 5";2024-12-30 14:00:00;68,30;4,47;
"K-B3 ACOEM SW 5";2024-12-30 13:00:00;69,36;4,54;
"K-B3 ACOEM SW 5";2024-12-30 12:00:00;68,84;4,48;
"K-B3 ACOEM SW 5";2024-12-30 11:00:00;68,84;4,48;
"K-B3 ACOEM SW 5";2024-12-30 10:00:00;66,81;4,65;
"K-B3 ACOEM SW 5";2024-12-30 09:00:00;66,83;4,72;
"K-B3 ACOEM SW 5";2024-12-30 08:00:00;65,80;4,88;
"K-B3 ACOEM SW 5";2024-12-30 07:00:00;67,85;5,04;
"K-B3 ACOEM SW 5";2024-12-30 06:00:00;70,05;5,40;
"K-B3 ACOEM SW 5";2024-12-30 05:00:00;69,33;6,49;
"K-B3 ACOEM SW 5";2024-12-30 04:00:00;79,86;8,05;
"K-B3 ACOEM SW 5";2024-12-30 03:00:00;78,97;8,47;
"K-B3 ACOEM SW 5";2024-12-30 02:00:00;77,37;8,90;
"K-B3 ACOEM SW 5";2024-12-30 01:00:00;80,83;8,85;
"K-B3 ACOEM SW 5";2024-12-30 00:00:00;81,89;8,86;
"K-B3 ACOEM SW 5";2024-12-29 23:00:00;82,51;9,59;
"K-B3 ACOEM SW 5";2024-12-29 22:00:00;83,81;9,76;
"K-B3 ACOEM SW 5";2024-12-29 21:00:00;85,15;9,54;
"K-B3 ACOEM SW 5";2024-12-29 20:00:00;88,49;9,24;
"K-B3 ACOEM SW 5";2024-12-29 19:00:00;92,15;8,67;
"K-B3 ACOEM SW 5";2024-12-29 18:00:00;91,43;8,64;
"K-B3 ACOEM SW 5";2024-12-29 17:00:00;89,06;8,71;
"K-B3 ACOEM SW 5";2024-12-29 16:00:00;86,80;8,82;
"K-B3 ACOEM SW 5";2024-12-29 15:00:00;81,91;9,28;
"K-B3 ACOEM SW 5";2024-12-29 14:00:00;77,95;9,65;
"K-B3 ACOEM SW 5";2024-12-29 13:00:00;76,78;9,52;
"K-B3 ACOEM SW 5";2024-12-29 12:00:00;80,66;8,98;
"K-B3 ACOEM SW 5";2024-12-29 11:00:00;85,11;8,14;
"K-B3 ACOEM SW 5";2024-12-29 10:00:00;85,30;7,55;
"K-B3 ACOEM SW 5";2024-12-29 09:00:00;89,90;6,90;
"K-B3 ACOEM SW 5";2024-12-29 08:00:00;92,53;6,61;
"K-B3 ACOEM SW 5";2024-12-29 07:00:00;91,17;6,67;
"K-B3 ACOEM SW 5";2024-12-29 06:00:00;91,62;7,00;
"K-B3 ACOEM SW 5";2024-12-29 05:00:00;93,27;7,37;
"K-B3 ACOEM SW 5";2024-12-29 04:00:00;93,10;8,04;
"K-B3 ACOEM SW 5";2024-12-29 03:00:00;94,26;8,12;
"K-B3 ACOEM SW 5";2024-12-29 02:00:00;94,71;8,08;
"K-B3 ACOEM SW 5";2024-12-29 01:00:00;93,58;7,98;
"K-B3 ACOEM SW 5";2024-12-29 00:00:00;93,61;7,83;
"K-B3 ACOEM SW 5";2024-12-28 23:00:00;94,33;7,57;
"K-B3 ACOEM SW 5";2024-12-28 22:00:00;94,09;7,51;
"K-B3 ACOEM SW 5";2024-12-28 21:00:00;94,65;7,53;
"K-B3 ACOEM SW 5";2024-12-28 20:00:00;94,78;7,58;
"K-B3 ACOEM SW 5";2024-12-28 19:00:00;94,52;7,65;
"K-B3 ACOEM SW 5";2024-12-28 18:00:00;95,22;7,66;
"K-B3 ACOEM SW 5";2024-12-28 17:00:00;94,94;7,64;
"K-B3 ACOEM SW 5";2024-12-28 16:00:00;94,22;7,68;
"K-B3 ACOEM SW 5";2024-12-28 15:00:00;93,58;7,68;
"K-B3 ACOEM SW 5";2024-12-28 14:00:00;92,41;7,76;
"K-B3 ACOEM SW 5";2024-12-28 13:00:00;91,40;7,75;
"K-B3 ACOEM SW 5";2024-12-28 12:00:00;92,39;7,48;
"K-B3 ACOEM SW 5";2024-12-28 11:00:00;93,81;6,95;
"K-B3 ACOEM SW 5";2024-12-28 10:00:00;94,87;6,72;
"K-B3 ACOEM SW 5";2024-12-28 09:00:00;96,07;6,47;
"K-B3 ACOEM SW 5";2024-12-28 08:00:00;95,80;6,16;
"K-B3 ACOEM SW 5";2024-12-28 07:00:00;95,91;5,84;
"K-B3 ACOEM SW 5";2024-12-28 06:00:00;94,63;5,67;
"K-B3 ACOEM SW 5";2024-12-28 05:00:00;94,95;5,62;
"K-B3 ACOEM SW 5";2024-12-28 04:00:00;94,40;5,74;
"K-B3 ACOEM SW 5";2024-12-28 03:00:00;93,34;6,04;
"K-B3 ACOEM SW 5";2024-12-28 02:00:00;92,97;6,25;
"K-B3 ACOEM SW 5";2024-12-28 01:00:00;93,86;6,18;
"K-B3 ACOEM SW 5";2024-12-28 00:00:00;93,59;6,35;
"K-B3 ACOEM SW 5";2024-12-27 23:00:00;93,05;6,65;
"K-B3 ACOEM SW 5";2024-12-27 22:00:00;92,59;6,97;
"K-B3 ACOEM SW 5";2024-12-27 21:00:00;93,33;7,16;
"K-B3 ACOEM SW 5";2024-12-27 20:00:00;94,45;7,29;
"K-B3 ACOEM SW 5";2024-12-27 19:00:00;94,97;7,30;
"K-B3 ACOEM SW 5";2024-12-27 18:00:00;94,76;7,52;
"K-B3 ACOEM SW 5";2024-12-27 17:00:00;93,37;8,03;
"K-B3 ACOEM SW 5";2024-12-27 16:00:00;90,82;8,24;
"K-B3 ACOEM SW 5";2024-12-27 15:00:00;87,90;8,14;
"K-B3 ACOEM SW 5";2024-12-27 14:00:00;84,62;8,20;
"K-B3 ACOEM SW 5";2024-12-27 13:00:00;84,27;7,74;
"K-B3 ACOEM SW 5";2024-12-27 12:00:00;87,11;7,35;
"K-B3 ACOEM SW 5";2024-12-27 11:00:00;88,78;6,65;
"K-B3 ACOEM SW 5";2024-12-27 10:00:00;88,04;6,80;
"K-B3 ACOEM SW 5";2024-12-27 09:00:00;88,68;6,82;
"K-B3 ACOEM SW 5";2024-12-27 08:00:00;90,84;7,01;
"K-B3 ACOEM SW 5";2024-12-27 07:00:00;92,04;7,17;
"K-B3 ACOEM SW 5";2024-12-27 06:00:00;90,75;7,64;
"K-B3 ACOEM SW 5";2024-12-27 05:00:00;90,80;8,04;
"K-B3 ACOEM SW 5";2024-12-27 04:00:00;90,78;8,33;
"K-B3 ACOEM SW 5";2024-12-27 03:00:00;90,05;8,65;
"K-B3 ACOEM SW 5";2024-12-27 02:00:00;90,58;8,96;
"K-B3 ACOEM SW 5";2024-12-27 01:00:00;92,45;8,86;
"K-B3 ACOEM SW 5";2024-12-27 00:00:00;93,00;8,89;
"K-B3 ACOEM SW 5";2024-12-26 23:00:00;93,03;8,96;
"K-B3 ACOEM SW 5";2024-12-26 22:00:00;92,70;9,05;
"K-B3 ACOEM SW 5";2024-12-26 21:00:00;93,22;9,00;
"K-B3 ACOEM SW 5";2024-12-26 20:00:00;93,85;8,85;
"K-B3 ACOEM SW 5";2024-12-26 19:00:00;93,17;9,03;
"K-B3 ACOEM SW 5";2024-12-26 18:00:00;93,69;9,21;
"K-B3 ACOEM SW 5";2024-12-26 17:00:00;91,59;9,59;
"K-B3 ACOEM SW 5";2024-12-26 16:00:00;90,76;9,36;
"K-B3 ACOEM SW 5";2024-12-26 15:00:00;89,98;9,50;
"K-B3 ACOEM SW 5";2024-12-26 14:00:00;89,50;9,47;
"K-B3 ACOEM SW 5";2024-12-26 13:00:00;90,14;9,42;
"K-B3 ACOEM SW 5";2024-12-26 12:00:00;91,06;9,03;
"K-B3 ACOEM SW 5";2024-12-26 11:00:00;91,47;8,64;
"K-B3 ACOEM SW 5";2024-12-26 10:00:00;92,27;8,19;
"K-B3 ACOEM SW 5";2024-12-26 09:00:00;91,29;8,41;
"K-B3 ACOEM SW 5";2024-12-26 08:00:00;90,84;8,56;
"K-B3 ACOEM SW 5";2024-12-26 07:00:00;90,22;8,85;
"K-B3 ACOEM SW 5";2024-12-26 06:00:00;89,78;9,09;
"K-B3 ACOEM SW 5";2024-12-26 05:00:00;90,35;8,93;
"K-B3 ACOEM SW 5";2024-12-26 04:00:00;90,18;9,06;
"K-B3 ACOEM SW 5";2024-12-26 03:00:00;89,98;9,45;
"K-B3 ACOEM SW 5";2024-12-26 02:00:00;91,63;9,42;
"K-B3 ACOEM SW 5";2024-12-26 01:00:00;90,81;9,53;
"K-B3 ACOEM SW 5";2024-12-26 00:00:00;90,68;9,53;
"K-B3 ACOEM SW 5";2024-12-25 23:00:00;90,79;9,54;
"K-B3 ACOEM SW 5";2024-12-25 22:00:00;92,25;9,47;
"K-B3 ACOEM SW 5";2024-12-25 21:00:00;91,85;9,58;
"K-B3 ACOEM SW 5";2024-12-25 20:00:00;91,17;9,71;
"K-B3 ACOEM SW 5";2024-12-25 19:00:00;91,98;9,67;
"K-B3 ACOEM SW 5";2024-12-25 18:00:00;92,63;9,66;
"K-B3 ACOEM SW 5";2024-12-25 17:00:00;92,91;9,86;
"K-B3 ACOEM SW 5";2024-12-25 16:00:00;92,49;10,21;
"K-B3 ACOEM SW 5";2024-12-25 15:00:00;94,60;10,12;
"K-B3 ACOEM SW 5";2024-12-25 14:00:00;97,05;9,38;
"K-B3 ACOEM SW 5";2024-12-25 13:00:00;97,20;8,44;
"K-B3 ACOEM SW 5";2024-12-25 12:00:00;97,86;8,03;
"K-B3 ACOEM SW 5";2024-12-25 11:00:00;97,78;7,69;
"K-B3 ACOEM SW 5";2024-12-25 10:00:00;97,54;7,66;
"K-B3 ACOEM SW 5";2024-12-25 09:00:00;97,33;7,92;
"K-B3 ACOEM SW 5";2024-12-25 08:00:00;97,41;8,25;
"K-B3 ACOEM SW 5";2024-12-25 07:00:00;97,51;8,52;
"K-B3 ACOEM SW 5";2024-12-25 06:00:00;97,55;8,21;
"K-B3 ACOEM SW 5";2024-12-25 05:00:00;96,49;8,15;
"K-B3 ACOEM SW 5";2024-12-25 04:00:00;96,38;8,28;
"K-B3 ACOEM SW 5";2024-12-25 03:00:00;96,36;8,43;
"K-B3 ACOEM SW 5";2024-12-25 02:00:00;96,43;8,47;
"K-B3 ACOEM SW 5";2024-12-25 01:00:00;96,78;8,51;
"K-B3 ACOEM SW 5";2024-12-25 00:00:00;97,40;8,37;
"K-B3 ACOEM SW 5";2024-12-24 23:00:00;97,66;8,20;
"K-B3 ACOEM SW 5";2024-12-24 22:00:00;97,55;8,19;
"K-B3 ACOEM SW 5";2024-12-24 21:00:00;97,81;8,04;
"K-B3 ACOEM SW 5";2024-12-24 20:00:00;97,85;7,92;
"K-B3 ACOEM SW 5";2024-12-24 19:00:00;98,08;7,83;
"K-B3 ACOEM SW 5";2024-12-24 18:00:00;98,38;7,63;
"K-B3 ACOEM SW 5";2024-12-24 17:00:00;98,00;7,36;
"K-B3 ACOEM SW 5";2024-12-24 16:00:00;97,64;6,96;
"K-B3 ACOEM SW 5";2024-12-24 15:00:00;97,47;6,50;
"K-B3 ACOEM SW 5";2024-12-24 14:00:00;97,22;5,91;
"K-B3 ACOEM SW 5";2024-12-24 13:00:00;96,81;4,93;
"K-B3 ACOEM SW 5";2024-12-24 12:00:00;96,04;3,78;
"K-B3 ACOEM SW 5";2024-12-24 11:00:00;94,26;2,53;
"K-B3 ACOEM SW 5";2024-12-24 10:00:00;90,62;2,09;
"K-B3 ACOEM SW 5";2024-12-24 09:00:00;88,92;2,11;
"K-B3 ACOEM SW 5";2024-12-24 08:00:00;81,51;2,35;
"K-B3 ACOEM SW 5";2024-12-24 07:00:00;70,42;2,15;
"K-B3 ACOEM SW 5";2024-12-24 06:00:00;70,45;1,43;
"K-B3 ACOEM SW 5";2024-12-24 05:00:00;74,24;0,77;
"K-B3 ACOEM SW 5";2024-12-24 04:00:00;74,96;0,54;
"K-B3 ACOEM SW 5";2024-12-24 03:00:00;75,07;0,29;
"K-B3 ACOEM SW 5";2024-12-24 02:00:00;74,83;0,20;
"K-B3 ACOEM SW 5";2024-12-24 01:00:00;75,48;-0,20;
"K-B3 ACOEM SW 5";2024-12-24 00:00:00;74,17;-0,16;
"K-B3 ACOEM SW 5";2024-12-23 23:00:00;71,16;0,44;
"K-B3 ACOEM SW 5";2024-12-23 22:00:00;67,57;1,02;
"K-B3 ACOEM SW 5";2024-12-23 21:00:00;65,41;1,61;
"K-B3 ACOEM SW 5";2024-12-23 20:00:00;63,73;2,30;
"K-B3 ACOEM SW 5";2024-12-23 19:00:00;59,83;2,87;
"K-B3 ACOEM SW 5";2024-12-23 18:00:00;59,49;3,03;
"K-B3 ACOEM SW 5";2024-12-23 17:00:00;57,88;3,80;
"K-B3 ACOEM SW 5";2024-12-23 16:00:00;56,32;4,47;
"K-B3 ACOEM SW 5";2024-12-23 15:00:00;54,34;4,88;
"K-B3 ACOEM SW 5";2024-12-23 14:00:00;53,40;5,40;
"K-B3 ACOEM SW 5";2024-12-23 13:00:00;53,59;5,15;
"K-B3 ACOEM SW 5";2024-12-23 12:00:00;56,38;4,81;
"K-B3 ACOEM SW 5";2024-12-23 11:00:00;61,33;4,47;
"K-B3 ACOEM SW 5";2024-12-23 10:00:00;68,58;3,97;
"K-B3 ACOEM SW 5";2024-12-23 09:00:00;75,84;3,42;
"K-B3 ACOEM SW 5";2024-12-23 08:00:00;84,33;2,49;
"K-B3 ACOEM SW 5";2024-12-23 07:00:00;92,39;1,72;
"K-B3 ACOEM SW 5";2024-12-23 06:00:00;92,75;1,86;
"K-B3 ACOEM SW 5";2024-12-23 05:00:00;92,11;2,16;
"K-B3 ACOEM SW 5";2024-12-23 04:00:00;92,39;2,61;
"K-B3 ACOEM SW 5";2024-12-23 03:00:00;90,29;2,71;
"K-B3 ACOEM SW 5";2024-12-23 02:00:00;90,86;3,30;
"K-B3 ACOEM SW 5";2024-12-23 01:00:00;92,79;3,64;
"K-B3 ACOEM SW 5";2024-12-23 00:00:00;92,42;4,50;
"K-B3 ACOEM SW 5";2024-12-22 23:00:00;93,56;4,60;
"K-B3 ACOEM SW 5";2024-12-22 22:00:00;93,14;4,70;
"K-B3 ACOEM SW 5";2024-12-22 21:00:00;92,13;5,07;
"K-B3 ACOEM SW 5";2024-12-22 20:00:00;90,23;5,55;
"K-B3 ACOEM SW 5";2024-12-22 19:00:00;89,72;5,52;
"K-B3 ACOEM SW 5";2024-12-22 18:00:00;89,16;5,47;
"K-B3 ACOEM SW 5";2024-12-22 17:00:00;88,15;5,47;
"K-B3 ACOEM SW 5";2024-12-22 16:00:00;87,72;5,71;
"K-B3 ACOEM SW 5";2024-12-22 15:00:00;87,54;5,93;
"K-B3 ACOEM SW 5";2024-12-22 14:00:00;86,63;5,95;
"K-B3 ACOEM SW 5";2024-12-22 13:00:00;85,50;6,00;
"K-B3 ACOEM SW 5";2024-12-22 12:00:00;87,79;5,53;
"K-B3 ACOEM SW 5";2024-12-22 11:00:00;89,48;4,68;
"K-B3 ACOEM SW 5";2024-12-22 10:00:00;88,43;3,90;
"K-B3 ACOEM SW 5";2024-12-22 09:00:00;88,07;3,38;
"K-B3 ACOEM SW 5";2024-12-22 08:00:00;88,90;3,51;
"K-B3 ACOEM SW 5";2024-12-22 07:00:00;85,15;4,20;
"K-B3 ACOEM SW 5";2024-12-22 06:00:00;87,57;4,41;
"K-B3 ACOEM SW 5";2024-12-22 05:00:00;86,06;5,08;
"K-B3 ACOEM SW 5";2024-12-22 04:00:00;85,06;5,37;
"K-B3 ACOEM SW 5";2024-12-22 03:00:00;86,91;5,37;
"K-B3 ACOEM SW 5";2024-12-22 02:00:00;87,96;5,51;
"K-B3 ACOEM SW 5";2024-12-22 01:00:00;89,74;5,64;
"K-B3 ACOEM SW 5";2024-12-22 00:00:00;90,17;5,35;
"K-B3 ACOEM SW 5";2024-12-21 23:00:00;91,59;5,18;
"K-B3 ACOEM SW 5";2024-12-21 22:00:00;90,02;5,53;
"K-B3 ACOEM SW 5";2024-12-21 21:00:00;90,47;5,73;
"K-B3 ACOEM SW 5";2024-12-21 20:00:00;87,79;6,68;
"K-B3 ACOEM SW 5";2024-12-21 19:00:00;91,65;7,51;
"K-B3 ACOEM SW 5";2024-12-21 18:00:00;95,57;7,81;
"K-B3 ACOEM SW 5";2024-12-21 17:00:00;96,82;7,34;
"K-B3 ACOEM SW 5";2024-12-21 16:00:00;95,28;7,17;
"K-B3 ACOEM SW 5";2024-12-21 15:00:00;92,77;7,00;
"K-B3 ACOEM SW 5";2024-12-21 14:00:00;90,06;6,74;
"K-B3 ACOEM SW 5";2024-12-21 13:00:00;89,79;6,60;
"K-B3 ACOEM SW 5";2024-12-21 12:00:00;88,56;6,37;
"K-B3 ACOEM SW 5";2024-12-21 11:00:00;91,34;5,89;
"K-B3 ACOEM SW 5";2024-12-21 10:00:00;92,33;5,47;
"K-B3 ACOEM SW 5";2024-12-21 09:00:00;93,55;5,04;
"K-B3 ACOEM SW 5";2024-12-21 08:00:00;93,68;4,67;
"K-B3 ACOEM SW 5";2024-12-21 07:00:00;93,45;4,38;
"K-B3 ACOEM SW 5";2024-12-21 06:00:00;93,17;4,46;
"K-B3 ACOEM SW 5";2024-12-21 05:00:00;92,87;4,77;
"K-B3 ACOEM SW 5";2024-12-21 04:00:00;93,33;5,09;
"K-B3 ACOEM SW 5";2024-12-21 03:00:00;93,32;5,37;
"K-B3 ACOEM SW 5";2024-12-21 02:00:00;92,53;5,92;
"K-B3 ACOEM SW 5";2024-12-21 01:00:00;92,83;6,59;
"K-B3 ACOEM SW 5";2024-12-21 00:00:00;93,51;6,81;
"K-B3 ACOEM SW 5";2024-12-20 23:00:00;95,90;6,33;
"K-B3 ACOEM SW 5";2024-12-20 22:00:00;94,71;4,82;
"K-B3 ACOEM SW 5";2024-12-20 21:00:00;82,67;2,91;
"K-B3 ACOEM SW 5";2024-12-20 20:00:00;72,21;2,54;
"K-B3 ACOEM SW 5";2024-12-20 19:00:00;72,08;1,99;
"K-B3 ACOEM SW 5";2024-12-20 18:00:00;69,86;2,17;
"K-B3 ACOEM SW 5";2024-12-20 17:00:00;64,42;3,12;
"K-B3 ACOEM SW 5";2024-12-20 16:00:00;58,96;3,81;
"K-B3 ACOEM SW 5";2024-12-20 15:00:00;53,72;4,55;
"K-B3 ACOEM SW 5";2024-12-20 14:00:00;53,65;4,58;
"K-B3 ACOEM SW 5";2024-12-20 13:00:00;54,56;4,36;
"K-B3 ACOEM SW 5";2024-12-20 12:00:00;54,74;4,28;
"K-B3 ACOEM SW 5";2024-12-20 11:00:00;55,41;4,22;
"K-B3 ACOEM SW 5";2024-12-20 10:00:00;54,49;4,04;
"K-B3 ACOEM SW 5";2024-12-20 09:00:00;52,14;3,75;
"K-B3 ACOEM SW 5";2024-12-20 08:00:00;51,98;3,95;
"K-B3 ACOEM SW 5";2024-12-20 07:00:00;48,41;4,28;
"K-B3 ACOEM SW 5";2024-12-20 06:00:00;48,78;4,46;
"K-B3 ACOEM SW 5";2024-12-20 05:00:00;52,05;4,40;
"K-B3 ACOEM SW 5";2024-12-20 04:00:00;54,00;4,57;
"K-B3 ACOEM SW 5";2024-12-20 03:00:00;50,29;5,00;
"K-B3 ACOEM SW 5";2024-12-20 02:00:00;49,99;5,41;
"K-B3 ACOEM SW 5";2024-12-20 01:00:00;55,85;5,56;
"K-B3 ACOEM SW 5";2024-12-20 00:00:00;57,13;5,94;
"K-B3 ACOEM SW 5";2024-12-19 23:00:00;56,23;6,35;
"K-B3 ACOEM SW 5";2024-12-19 22:00:00;54,59;6,89;
"K-B3 ACOEM SW 5";2024-12-19 21:00:00;63,35;6,23;
"K-B3 ACOEM SW 5";2024-12-19 20:00:00;75,12;5,10;
"K-B3 ACOEM SW 5";2024-12-19 19:00:00;79,70;4,84;
"K-B3 ACOEM SW 5";2024-12-19 18:00:00;81,87;4,59;
"K-B3 ACOEM SW 5";2024-12-19 17:00:00;83,03;4,40;
"K-B3 ACOEM SW 5";2024-12-19 16:00:00;81,28;4,85;
"K-B3 ACOEM SW 5";2024-12-19 15:00:00;79,25;5,39;
"K-B3 ACOEM SW 5";2024-12-19 14:00:00;80,15;5,28;
"K-B3 ACOEM SW 5";2024-12-19 13:00:00;82,60;4,49;
"K-B3 ACOEM SW 5";2024-12-19 12:00:00;83,82;4,32;
"K-B3 ACOEM SW 5";2024-12-19 11:00:00;85,82;4,17;
"K-B3 ACOEM SW 5";2024-12-19 10:00:00;87,54;4,17;
"K-B3 ACOEM SW 5";2024-12-19 09:00:00;87,05;4,65;
"K-B3 ACOEM SW 5";2024-12-19 08:00:00;85,85;4,99;
"K-B3 ACOEM SW 5";2024-12-19 07:00:00;83,37;5,32;
"K-B3 ACOEM SW 5";2024-12-19 06:00:00;83,62;5,40;
"K-B3 ACOEM SW 5";2024-12-19 05:00:00;81,01;5,95;
"K-B3 ACOEM SW 5";2024-12-19 04:00:00;79,76;6,57;
"K-B3 ACOEM SW 5";2024-12-19 03:00:00;79,94;6,81;
"K-B3 ACOEM SW 5";2024-12-19 02:00:00;79,64;6,97;
"K-B3 ACOEM SW 5";2024-12-19 01:00:00;77,94;7,69;
"K-B3 ACOEM SW 5";2024-12-19 00:00:00;80,00;8,27;
"K-B3 ACOEM SW 5";2024-12-18 23:00:00;84,70;8,59;
"K-B3 ACOEM SW 5";2024-12-18 22:00:00;85,55;8,79;
"K-B3 ACOEM SW 5";2024-12-18 21:00:00;88,75;9,64;
"K-B3 ACOEM SW 5";2024-12-18 20:00:00;94,83;9,73;
"K-B3 ACOEM SW 5";2024-12-18 19:00:00;96,32;9,86;
"K-B3 ACOEM SW 5";2024-12-18 18:00:00;97,84;9,95;
"K-B3 ACOEM SW 5";2024-12-18 17:00:00;98,49;9,81;
"K-B3 ACOEM SW 5";2024-12-18 16:00:00;98,32;9,72;
"K-B3 ACOEM SW 5";2024-12-18 15:00:00;98,06;9,67;
"K-B3 ACOEM SW 5";2024-12-18 14:00:00;97,98;9,54;
"K-B3 ACOEM SW 5";2024-12-18 13:00:00;97,40;9,38;
"K-B3 ACOEM SW 5";2024-12-18 12:00:00;97,15;9,21;
"K-B3 ACOEM SW 5";2024-12-18 11:00:00;97,82;8,99;
"K-B3 ACOEM SW 5";2024-12-18 10:00:00;98,51;8,64;
"K-B3 ACOEM SW 5";2024-12-18 09:00:00;98,35;8,24;
"K-B3 ACOEM SW 5";2024-12-18 08:00:00;97,70;8,10;
"K-B3 ACOEM SW 5";2024-12-18 07:00:00;97,41;8,08;
"K-B3 ACOEM SW 5";2024-12-18 06:00:00;97,51;8,20;
"K-B3 ACOEM SW 5";2024-12-18 05:00:00;97,52;8,33;
"K-B3 ACOEM SW 5";2024-12-18 04:00:00;97,15;8,41;
"K-B3 ACOEM SW 5";2024-12-18 03:00:00;97,44;8,29;
"K-B3 ACOEM SW 5";2024-12-18 02:00:00;96,89;7,55;
"K-B3 ACOEM SW 5";2024-12-18 01:00:00;95,50;6,83;
"K-B3 ACOEM SW 5";2024-12-18 00:00:00;91,61;6,35;
"K-B3 ACOEM SW 5";2024-12-17 23:00:00;88,15;6,02;
"K-B3 ACOEM SW 5";2024-12-17 22:00:00;88,15;5,62;
"K-B3 ACOEM SW 5";2024-12-17 21:00:00;86,99;5,68;
"K-B3 ACOEM SW 5";2024-12-17 20:00:00;85,32;5,75;
"K-B3 ACOEM SW 5";2024-12-17 19:00:00;84,79;5,73;
"K-B3 ACOEM SW 5";2024-12-17 18:00:00;83,83;5,92;
"K-B3 ACOEM SW 5";2024-12-17 17:00:00;83,98;5,93;
"K-B3 ACOEM SW 5";2024-12-17 16:00:00;82,54;6,25;
"K-B3 ACOEM SW 5";2024-12-17 15:00:00;79,38;6,76;
"K-B3 ACOEM SW 5";2024-12-17 14:00:00;76,08;7,32;
"K-B3 ACOEM SW 5";2024-12-17 13:00:00;76,61;7,07;
"K-B3 ACOEM SW 5";2024-12-17 12:00:00;79,37;6,23;
"K-B3 ACOEM SW 5";2024-12-17 11:00:00;83,24;5,19;
"K-B3 ACOEM SW 5";2024-12-17 10:00:00;86,18;4,28;
"K-B3 ACOEM SW 5";2024-12-17 09:00:00;86,33;4,15;
"K-B3 ACOEM SW 5";2024-12-17 08:00:00;86,12;4,12;
"K-B3 ACOEM SW 5";2024-12-17 07:00:00;84,07;4,46;
"K-B3 ACOEM SW 5";2024-12-17 06:00:00;81,29;4,82;
"K-B3 ACOEM SW 5";2024-12-17 05:00:00;78,87;5,27;
"K-B3 ACOEM SW 5";2024-12-17 04:00:00;79,26;5,39;
"K-B3 ACOEM SW 5";2024-12-17 03:00:00;77,94;6,03;
"K-B3 ACOEM SW 5";2024-12-17 02:00:00;77,34;6,38;
"K-B3 ACOEM SW 5";2024-12-17 01:00:00;77,50;6,60;
"K-B3 ACOEM SW 5";2024-12-17 00:00:00;78,02;6,71;
"K-B3 ACOEM SW 5";2024-12-16 23:00:00;77,49;6,84;
"K-B3 ACOEM SW 5";2024-12-16 22:00:00;77,62;6,90;
"K-B3 ACOEM SW 5";2024-12-16 21:00:00;80,74;6,76;
"K-B3 ACOEM SW 5";2024-12-16 20:00:00;79,70;6,74;
"K-B3 ACOEM SW 5";2024-12-16 19:00:00;77,78;7,00;
"K-B3 ACOEM SW 5";2024-12-16 18:00:00;74,97;7,38;
"K-B3 ACOEM SW 5";2024-12-16 17:00:00;71,33;7,64;
"K-B3 ACOEM SW 5";2024-12-16 16:00:00;70,23;7,72;
"K-B3 ACOEM SW 5";2024-12-16 15:00:00;67,99;8,04;
"K-B3 ACOEM SW 5";2024-12-16 14:00:00;68,12;7,91;
"K-B3 ACOEM SW 5";2024-12-16 13:00:00;70,61;7,72;
"K-B3 ACOEM SW 5";2024-12-16 12:00:00;70,09;7,20;
"K-B3 ACOEM SW 5";2024-12-16 11:00:00;70,76;6,59;
"K-B3 ACOEM SW 5";2024-12-16 10:00:00;74,26;5,94;
"K-B3 ACOEM SW 5";2024-12-16 09:00:00;75,43;5,90;
"K-B3 ACOEM SW 5";2024-12-16 08:00:00;70,76;6,49;
"K-B3 ACOEM SW 5";2024-12-16 07:00:00;63,15;7,07;
"K-B3 ACOEM SW 5";2024-12-16 06:00:00;58,09;7,63;
"K-B3 ACOEM SW 5";2024-12-16 05:00:00;61,34;7,80;
"K-B3 ACOEM SW 5";2024-12-16 04:00:00;62,46;8,06;
"K-B3 ACOEM SW 5";2024-12-16 03:00:00;61,55;8,79;
"K-B3 ACOEM SW 5";2024-12-16 02:00:00;68,92;9,15;
"K-B3 ACOEM SW 5";2024-12-16 01:00:00;73,82;10,14;
"K-B3 ACOEM SW 5";2024-12-16 00:00:00;80,68;11,84;
"K-B3 ACOEM SW 5";2024-12-15 23:00:00;80,74;11,64;
"K-B3 ACOEM SW 5";2024-12-15 22:00:00;81,28;11,50;
"K-B3 ACOEM SW 5";2024-12-15 21:00:00;78,47;11,65;
"K-B3 ACOEM SW 5";2024-12-15 20:00:00;76,05;11,65;
"K-B3 ACOEM SW 5";2024-12-15 19:00:00;75,72;11,46;
"K-B3 ACOEM SW 5";2024-12-15 18:00:00;76,57;11,07;
"K-B3 ACOEM SW 5";2024-12-15 17:00:00;83,76;9,87;
"K-B3 ACOEM SW 5";2024-12-15 16:00:00;92,34;8,54;
"K-B3 ACOEM SW 5";2024-12-15 15:00:00;93,57;8,37;
"K-B3 ACOEM SW 5";2024-12-15 14:00:00;95,51;8,00;
"K-B3 ACOEM SW 5";2024-12-15 13:00:00;97,08;6,49;
"K-B3 ACOEM SW 5";2024-12-15 12:00:00;95,67;5,05;
"K-B3 ACOEM SW 5";2024-12-15 11:00:00;93,68;3,89;
"K-B3 ACOEM SW 5";2024-12-15 10:00:00;90,50;3,42;
"K-B3 ACOEM SW 5";2024-12-15 09:00:00;81,44;3,95;
"K-B3 ACOEM SW 5";2024-12-15 08:00:00;74,43;4,44;
"K-B3 ACOEM SW 5";2024-12-15 07:00:00;73,80;4,30;
"K-B3 ACOEM SW 5";2024-12-15 06:00:00;74,29;3,89;
"K-B3 ACOEM SW 5";2024-12-15 05:00:00;71,17;3,66;
"K-B3 ACOEM SW 5";2024-12-15 04:00:00;69,70;3,50;
"K-B3 ACOEM SW 5";2024-12-15 03:00:00;71,98;3,11;
"K-B3 ACOEM SW 5";2024-12-15 02:00:00;72,29;3,12;
"K-B3 ACOEM SW 5";2024-12-15 01:00:00;70,62;3,53;
"K-B3 ACOEM SW 5";2024-12-15 00:00:00;69,65;3,67;
"K-B3 ACOEM SW 5";2024-12-14 23:00:00;69,13;3,73;
"K-B3 ACOEM SW 5";2024-12-14 22:00:00;68,65;3,79;
"K-B3 ACOEM SW 5";2024-12-14 21:00:00;68,00;3,79;
"K-B3 ACOEM SW 5";2024-12-14 20:00:00;67,79;3,93;
"K-B3 ACOEM SW 5";2024-12-14 19:00:00;66,82;3,96;
"K-B3 ACOEM SW 5";2024-12-14 18:00:00;66,53;4,04;
"K-B3 ACOEM SW 5";2024-12-14 17:00:00;67,19;4,08;
"K-B3 ACOEM SW 5";2024-12-14 16:00:00;64,56;4,59;
"K-B3 ACOEM SW 5";2024-12-14 15:00:00;61,93;5,33;
"K-B3 ACOEM SW 5";2024-12-14 14:00:00;64,07;5,47;
"K-B3 ACOEM SW 5";2024-12-14 13:00:00;71,73;5,01;
"K-B3 ACOEM SW 5";2024-12-14 12:00:00;76,39;5,07;
"K-B3 ACOEM SW 5";2024-12-14 11:00:00;80,33;4,80;
"K-B3 ACOEM SW 5";2024-12-14 10:00:00;86,09;4,26;
"K-B3 ACOEM SW 5";2024-12-14 09:00:00;89,08;4,62;
"K-B3 ACOEM SW 5";2024-12-14 08:00:00;89,84;5,40;
"K-B3 ACOEM SW 5";2024-12-14 07:00:00;89,71;5,95;
"K-B3 ACOEM SW 5";2024-12-14 06:00:00;94,57;5,91;
"K-B3 ACOEM SW 5";2024-12-14 05:00:00;95,45;5,46;
"K-B3 ACOEM SW 5";2024-12-14 04:00:00;94,83;5,11;
"K-B3 ACOEM SW 5";2024-12-14 03:00:00;93,56;4,96;
"K-B3 ACOEM SW 5";2024-12-14 02:00:00;94,32;4,77;
"K-B3 ACOEM SW 5";2024-12-14 01:00:00;93,99;5,02;
"K-B3 ACOEM SW 5";2024-12-14 00:00:00;92,86;5,27;
"K-B3 ACOEM SW 5";2024-12-13 23:00:00;94,91;5,62;
"K-B3 ACOEM SW 5";2024-12-13 22:00:00;94,79;6,28;
"K-B3 ACOEM SW 5";2024-12-13 21:00:00;92,58;6,74;
"K-B3 ACOEM SW 5";2024-12-13 20:00:00;93,64;6,87;
"K-B3 ACOEM SW 5";2024-12-13 19:00:00;94,29;6,88;
"K-B3 ACOEM SW 5";2024-12-13 18:00:00;94,55;6,80;
"K-B3 ACOEM SW 5";2024-12-13 17:00:00;94,75;6,59;
"K-B3 ACOEM SW 5";2024-12-13 16:00:00;94,05;6,54;
"K-B3 ACOEM SW 5";2024-12-13 15:00:00;95,05;6,07;
"K-B3 ACOEM SW 5";2024-12-13 14:00:00;95,87;4,95;
"K-B3 ACOEM SW 5";2024-12-13 13:00:00;95,46;4,31;
"K-B3 ACOEM SW 5";2024-12-13 12:00:00;95,45;3,94;
"K-B3 ACOEM SW 5";2024-12-13 11:00:00;95,94;3,52;
"K-B3 ACOEM SW 5";2024-12-13 10:00:00;93,09;3,12;
"K-B3 ACOEM SW 5";2024-12-13 09:00:00;90,41;2,43;
"K-B3 ACOEM SW 5";2024-12-13 08:00:00;89,68;1,94;
"K-B3 ACOEM SW 5";2024-12-13 07:00:00;90,11;1,49;
"K-B3 ACOEM SW 5";2024-12-13 06:00:00;89,96;0,86;
"K-B3 ACOEM SW 5";2024-12-13 05:00:00;89,68;-0,46;
"K-B3 ACOEM SW 5";2024-12-13 04:00:00;89,26;-1,45;
"K-B3 ACOEM SW 5";2024-12-13 03:00:00;87,27;-1,67;
"K-B3 ACOEM SW 5";2024-12-13 02:00:00;87,60;-1,84;
"K-B3 ACOEM SW 5";2024-12-13 01:00:00;89,15;-2,16;
"K-B3 ACOEM SW 5";2024-12-13 00:00:00;89,36;-1,82;
"K-B3 ACOEM SW 5";2024-12-12 23:00:00;86,57;-1,37;
"K-B3 ACOEM SW 5";2024-12-12 22:00:00;83,59;-0,97;
"K-B3 ACOEM SW 5";2024-12-12 21:00:00;81,20;-0,43;
"K-B3 ACOEM SW 5";2024-12-12 20:00:00;78,04;0,16;
"K-B3 ACOEM SW 5";2024-12-12 19:00:00;77,68;0,38;
"K-B3 ACOEM SW 5";2024-12-12 18:00:00;77,88;0,54;
"K-B3 ACOEM SW 5";2024-12-12 17:00:00;78,56;0,78;
"K-B3 ACOEM SW 5";2024-12-12 16:00:00;77,73;1,27;
"K-B3 ACOEM SW 5";2024-12-12 15:00:00;76,05;1,75;
"K-B3 ACOEM SW 5";2024-12-12 14:00:00;75,15;1,82;
"K-B3 ACOEM SW 5";2024-12-12 13:00:00;75,36;1,53;
"K-B3 ACOEM SW 5";2024-12-12 12:00:00;74,93;1,31;
"K-B3 ACOEM SW 5";2024-12-12 11:00:00;83,79;0,05;
"K-B3 ACOEM SW 5";2024-12-12 10:00:00;89,66;-0,79;
"K-B3 ACOEM SW 5";2024-12-12 09:00:00;89,42;-0,45;
"K-B3 ACOEM SW 5";2024-12-12 08:00:00;87,74;0,22;
"K-B3 ACOEM SW 5";2024-12-12 07:00:00;89,07;0,37;
"K-B3 ACOEM SW 5";2024-12-12 06:00:00;88,19;-0,44;
"K-B3 ACOEM SW 5";2024-12-12 05:00:00;84,14;0,08;
"K-B3 ACOEM SW 5";2024-12-12 04:00:00;83,82;-0,27;
"K-B3 ACOEM SW 5";2024-12-12 03:00:00;86,45;-0,89;
"K-B3 ACOEM SW 5";2024-12-12 02:00:00;86,90;-0,59;
"K-B3 ACOEM SW 5";2024-12-12 01:00:00;85,52;-0,15;
"K-B3 ACOEM SW 5";2024-12-12 00:00:00;84,16;0,26;
"K-B3 ACOEM SW 5";2024-12-11 23:00:00;83,82;0,52;
"K-B3 ACOEM SW 5";2024-12-11 22:00:00;85,24;0,67;
"K-B3 ACOEM SW 5";2024-12-11 21:00:00;85,23;1,31;
"K-B3 ACOEM SW 5";2024-12-11 20:00:00;82,93;2,18;
"K-B3 ACOEM SW 5";2024-12-11 19:00:00;85,64;2,25;
"K-B3 ACOEM SW 5";2024-12-11 18:00:00;88,34;1,94;
"K-B3 ACOEM SW 5";2024-12-11 17:00:00;90,65;1,53;
"K-B3 ACOEM SW 5";2024-12-11 16:00:00;90,25;1,27;
"K-B3 ACOEM SW 5";2024-12-11 15:00:00;88,61;1,32;
"K-B3 ACOEM SW 5";2024-12-11 14:00:00;88,25;1,56;
"K-B3 ACOEM SW 5";2024-12-11 13:00:00;88,44;1,41;
"K-B3 ACOEM SW 5";2024-12-11 12:00:00;91,70;1,09;
"K-B3 ACOEM SW 5";2024-12-11 11:00:00;90,44;0,55;
"K-B3 ACOEM SW 5";2024-12-11 10:00:00;93,05;-0,31;
"K-B3 ACOEM SW 5";2024-12-11 09:00:00;93,06;-0,74;
"K-B3 ACOEM SW 5";2024-12-11 08:00:00;92,26;-0,63;
"K-B3 ACOEM SW 5";2024-12-11 07:00:00;91,49;-0,63;
"K-B3 ACOEM SW 5";2024-12-11 06:00:00;91,59;-0,77;
"K-B3 ACOEM SW 5";2024-12-11 05:00:00;90,59;-0,79;
"K-B3 ACOEM SW 5";2024-12-11 04:00:00;91,29;-0,81;
"K-B3 ACOEM SW 5";2024-12-11 03:00:00;90,79;-0,83;
"K-B3 ACOEM SW 5";2024-12-11 02:00:00;90,93;-1,04;
"K-B3 ACOEM SW 5";2024-12-11 01:00:00;91,02;-1,21;
"K-B3 ACOEM SW 5";2024-12-11 00:00:00;91,55;-1,15;
"K-B3 ACOEM SW 5";2024-12-10 23:00:00;90,92;-1,18;
"K-B3 ACOEM SW 5";2024-12-10 22:00:00;90,17;-1,09;
"K-B3 ACOEM SW 5";2024-12-10 21:00:00;88,57;-0,91;
"K-B3 ACOEM SW 5";2024-12-10 20:00:00;88,03;-0,78;
"K-B3 ACOEM SW 5";2024-12-10 19:00:00;88,13;-0,55;
"K-B3 ACOEM SW 5";2024-12-10 18:00:00;87,92;-0,17;
"K-B3 ACOEM SW 5";2024-12-10 17:00:00;82,24;0,88;
"K-B3 ACOEM SW 5";2024-12-10 16:00:00;74,61;2,68;
"K-B3 ACOEM SW 5";2024-12-10 15:00:00;72,64;3,69;
"K-B3 ACOEM SW 5";2024-12-10 14:00:00;72,04;3,05;
"K-B3 ACOEM SW 5";2024-12-10 13:00:00;73,36;0,92;
"K-B3 ACOEM SW 5";2024-12-10 12:00:00;78,70;-0,78;
"K-B3 ACOEM SW 5";2024-12-10 11:00:00;82,80;-2,47;
"K-B3 ACOEM SW 5";2024-12-10 10:00:00;86,98;-3,53;
"K-B3 ACOEM SW 5";2024-12-10 09:00:00;86,46;-3,56;
"K-B3 ACOEM SW 5";2024-12-10 08:00:00;85,76;-3,25;
"K-B3 ACOEM SW 5";2024-12-10 07:00:00;85,42;-3,05;
"K-B3 ACOEM SW 5";2024-12-10 06:00:00;87,70;-2,96;
"K-B3 ACOEM SW 5";2024-12-10 05:00:00;87,47;-2,79;
"K-B3 ACOEM SW 5";2024-12-10 04:00:00;85,07;-2,45;
"K-B3 ACOEM SW 5";2024-12-10 03:00:00;83,61;-2,21;
"K-B3 ACOEM SW 5";2024-12-10 02:00:00;83,99;-2,00;
"K-B3 ACOEM SW 5";2024-12-10 01:00:00;85,09;-1,75;
"K-B3 ACOEM SW 5";2024-12-10 00:00:00;87,31;-1,50;
"K-B3 ACOEM SW 5";2024-12-09 23:00:00;84,99;-1,27;
"K-B3 ACOEM SW 5";2024-12-09 22:00:00;81,79;-1,06;
"K-B3 ACOEM SW 5";2024-12-09 21:00:00;80,21;-0,67;
"K-B3 ACOEM SW 5";2024-12-09 20:00:00;79,92;-0,42;
"K-B3 ACOEM SW 5";2024-12-09 19:00:00;78,49;0,07;
"K-B3 ACOEM SW 5";2024-12-09 18:00:00;76,54;0,59;
"K-B3 ACOEM SW 5";2024-12-09 17:00:00;76,40;0,99;
"K-B3 ACOEM SW 5";2024-12-09 16:00:00;73,58;1,89;
"K-B3 ACOEM SW 5";2024-12-09 15:00:00;70,15;2,76;
"K-B3 ACOEM SW 5";2024-12-09 14:00:00;68,45;3,12;
"K-B3 ACOEM SW 5";2024-12-09 13:00:00;69,14;3,01;
"K-B3 ACOEM SW 5";2024-12-09 12:00:00;70,85;2,58;
"K-B3 ACOEM SW 5";2024-12-09 11:00:00;73,81;1,83;
"K-B3 ACOEM SW 5";2024-12-09 10:00:00;75,72;1,38;
"K-B3 ACOEM SW 5";2024-12-09 09:00:00;75,05;1,71;
"K-B3 ACOEM SW 5";2024-12-09 08:00:00;74,58;2,09;
"K-B3 ACOEM SW 5";2024-12-09 07:00:00;74,42;2,44;
"K-B3 ACOEM SW 5";2024-12-09 06:00:00;73,93;2,77;
"K-B3 ACOEM SW 5";2024-12-09 05:00:00;75,12;2,91;
"K-B3 ACOEM SW 5";2024-12-09 04:00:00;74,19;3,41;
"K-B3 ACOEM SW 5";2024-12-09 03:00:00;74,41;3,73;
"K-B3 ACOEM SW 5";2024-12-09 02:00:00;77,54;3,35;
"K-B3 ACOEM SW 5";2024-12-09 01:00:00;80,14;3,20;
"K-B3 ACOEM SW 5";2024-12-09 00:00:00;81,00;3,13;
"K-B3 ACOEM SW 5";2024-12-08 23:00:00;81,11;3,00;
"K-B3 ACOEM SW 5";2024-12-08 22:00:00;81,52;2,62;
"K-B3 ACOEM SW 5";2024-12-08 21:00:00;82,20;2,41;
"K-B3 ACOEM SW 5";2024-12-08 20:00:00;83,79;2,12;
"K-B3 ACOEM SW 5";2024-12-08 19:00:00;84,79;1,84;
"K-B3 ACOEM SW 5";2024-12-08 18:00:00;85,59;1,75;
"K-B3 ACOEM SW 5";2024-12-08 17:00:00;86,14;1,93;
"K-B3 ACOEM SW 5";2024-12-08 16:00:00;86,78;2,33;
"K-B3 ACOEM SW 5";2024-12-08 15:00:00;86,01;2,84;
"K-B3 ACOEM SW 5";2024-12-08 14:00:00;85,99;3,14;
"K-B3 ACOEM SW 5";2024-12-08 13:00:00;87,06;3,12;
"K-B3 ACOEM SW 5";2024-12-08 12:00:00;88,89;2,85;
"K-B3 ACOEM SW 5";2024-12-08 11:00:00;91,01;2,57;
"K-B3 ACOEM SW 5";2024-12-08 10:00:00;92,72;2,28;
"K-B3 ACOEM SW 5";2024-12-08 09:00:00;94,00;2,05;
"K-B3 ACOEM SW 5";2024-12-08 08:00:00;93,73;2,04;
"K-B3 ACOEM SW 5";2024-12-08 07:00:00;94,17;1,98;
"K-B3 ACOEM SW 5";2024-12-08 06:00:00;94,86;1,96;
"K-B3 ACOEM SW 5";2024-12-08 05:00:00;95,26;1,94;
"K-B3 ACOEM SW 5";2024-12-08 04:00:00;95,67;2,04;
"K-B3 ACOEM SW 5";2024-12-08 03:00:00;96,04;2,16;
"K-B3 ACOEM SW 5";2024-12-08 02:00:00;96,41;2,04;
"K-B3 ACOEM SW 5";2024-12-08 01:00:00;96,96;1,61;
"K-B3 ACOEM SW 5";2024-12-08 00:00:00;96,67;1,16;
"K-B3 ACOEM SW 5";2024-12-07 23:00:00;96,23;1,14;
"K-B3 ACOEM SW 5";2024-12-07 22:00:00;93,22;2,34;
"K-B3 ACOEM SW 5";2024-12-07 21:00:00;93,31;4,75;
"K-B3 ACOEM SW 5";2024-12-07 20:00:00;93,20;4,63;
"K-B3 ACOEM SW 5";2024-12-07 19:00:00;92,34;4,66;
"K-B3 ACOEM SW 5";2024-12-07 18:00:00;92,61;4,69;
"K-B3 ACOEM SW 5";2024-12-07 17:00:00;92,61;4,76;
"K-B3 ACOEM SW 5";2024-12-07 16:00:00;92,65;4,94;
"K-B3 ACOEM SW 5";2024-12-07 15:00:00;93,72;5,09;
"K-B3 ACOEM SW 5";2024-12-07 14:00:00;94,31;5,17;
"K-B3 ACOEM SW 5";2024-12-07 13:00:00;94,96;5,24;
"K-B3 ACOEM SW 5";2024-12-07 12:00:00;94,55;5,13;
"K-B3 ACOEM SW 5";2024-12-07 11:00:00;94,70;5,03;
"K-B3 ACOEM SW 5";2024-12-07 10:00:00;96,07;4,95;
"K-B3 ACOEM SW 5";2024-12-07 09:00:00;95,89;4,98;
"K-B3 ACOEM SW 5";2024-12-07 08:00:00;90,91;5,46;
"K-B3 ACOEM SW 5";2024-12-07 07:00:00;87,10;5,54;
"K-B3 ACOEM SW 5";2024-12-07 06:00:00;89,46;5,20;
"K-B3 ACOEM SW 5";2024-12-07 05:00:00;90,98;5,10;
"K-B3 ACOEM SW 5";2024-12-07 04:00:00;94,76;4,43;
"K-B3 ACOEM SW 5";2024-12-07 03:00:00;96,83;3,44;
"K-B3 ACOEM SW 5";2024-12-07 02:00:00;96,26;3,29;
"K-B3 ACOEM SW 5";2024-12-07 01:00:00;95,50;3,16;
"K-B3 ACOEM SW 5";2024-12-07 00:00:00;94,08;3,34;
"K-B3 ACOEM SW 5";2024-12-06 23:00:00;94,21;3,30;
"K-B3 ACOEM SW 5";2024-12-06 22:00:00;94,47;3,21;
"K-B3 ACOEM SW 5";2024-12-06 21:00:00;94,53;3,25;
"K-B3 ACOEM SW 5";2024-12-06 20:00:00;94,14;3,26;
"K-B3 ACOEM SW 5";2024-12-06 19:00:00;93,99;3,26;
"K-B3 ACOEM SW 5";2024-12-06 18:00:00;93,64;3,41;
"K-B3 ACOEM SW 5";2024-12-06 17:00:00;92,83;3,65;
"K-B3 ACOEM SW 5";2024-12-06 16:00:00;92,42;4,67;
"K-B3 ACOEM SW 5";2024-12-06 15:00:00;91,87;5,02;
"K-B3 ACOEM SW 5";2024-12-06 14:00:00;92,46;5,00;
"K-B3 ACOEM SW 5";2024-12-06 13:00:00;93,61;5,03;
"K-B3 ACOEM SW 5";2024-12-06 12:00:00;93,90;5,26;
"K-B3 ACOEM SW 5";2024-12-06 11:00:00;94,00;5,42;
"K-B3 ACOEM SW 5";2024-12-06 10:00:00;91,88;5,65;
"K-B3 ACOEM SW 5";2024-12-06 09:00:00;93,94;5,56;
"K-B3 ACOEM SW 5";2024-12-06 08:00:00;95,65;5,52;
"K-B3 ACOEM SW 5";2024-12-06 07:00:00;96,40;5,44;
"K-B3 ACOEM SW 5";2024-12-06 06:00:00;97,00;5,39;
"K-B3 ACOEM SW 5";2024-12-06 05:00:00;96,97;5,41;
"K-B3 ACOEM SW 5";2024-12-06 04:00:00;95,98;5,41;
"K-B3 ACOEM SW 5";2024-12-06 03:00:00;97,23;5,24;
"K-B3 ACOEM SW 5";2024-12-06 02:00:00;97,24;5,23;
"K-B3 ACOEM SW 5";2024-12-06 01:00:00;96,36;5,21;
"K-B3 ACOEM SW 5";2024-12-06 00:00:00;95,64;5,12;
"K-B3 ACOEM SW 5";2024-12-05 23:00:00;92,86;4,69;
"K-B3 ACOEM SW 5";2024-12-05 22:00:00;92,09;4,49;
"K-B3 ACOEM SW 5";2024-12-05 21:00:00;91,65;4,87;
"K-B3 ACOEM SW 5";2024-12-05 20:00:00;91,61;5,02;
"K-B3 ACOEM SW 5";2024-12-05 19:00:00;91,87;5,24;
"K-B3 ACOEM SW 5";2024-12-05 18:00:00;90,78;5,59;
"K-B3 ACOEM SW 5";2024-12-05 17:00:00;89,08;5,76;
"K-B3 ACOEM SW 5";2024-12-05 16:00:00;87,30;5,86;
"K-B3 ACOEM SW 5";2024-12-05 15:00:00;85,99;5,81;
"K-B3 ACOEM SW 5";2024-12-05 14:00:00;85,62;5,64;
"K-B3 ACOEM SW 5";2024-12-05 13:00:00;85,21;5,46;
"K-B3 ACOEM SW 5";2024-12-05 12:00:00;85,22;5,32;
"K-B3 ACOEM SW 5";2024-12-05 11:00:00;86,93;5,25;
"K-B3 ACOEM SW 5";2024-12-05 10:00:00;88,22;5,09;
"K-B3 ACOEM SW 5";2024-12-05 09:00:00;87,39;4,97;
"K-B3 ACOEM SW 5";2024-12-05 08:00:00;89,33;4,77;
"K-B3 ACOEM SW 5";2024-12-05 07:00:00;92,12;4,35;
"K-B3 ACOEM SW 5";2024-12-05 06:00:00;91,75;4,19;
"K-B3 ACOEM SW 5";2024-12-05 05:00:00;86,28;4,37;
"K-B3 ACOEM SW 5";2024-12-05 04:00:00;85,43;4,24;
"K-B3 ACOEM SW 5";2024-12-05 03:00:00;89,33;3,73;
"K-B3 ACOEM SW 5";2024-12-05 02:00:00;92,89;3,48;
"K-B3 ACOEM SW 5";2024-12-05 01:00:00;90,31;3,37;
"K-B3 ACOEM SW 5";2024-12-05 00:00:00;88,84;3,05;
"K-B3 ACOEM SW 5";2024-12-04 23:00:00;94,49;1,34;
"K-B3 ACOEM SW 5";2024-12-04 22:00:00;94,30;-0,70;
"K-B3 ACOEM SW 5";2024-12-04 21:00:00;93,93;-1,12;
"K-B3 ACOEM SW 5";2024-12-04 20:00:00;93,68;-1,37;
"K-B3 ACOEM SW 5";2024-12-04 19:00:00;93,62;-1,49;
"K-B3 ACOEM SW 5";2024-12-04 18:00:00;92,96;-1,61;
"K-B3 ACOEM SW 5";2024-12-04 17:00:00;92,60;-1,69;
"K-B3 ACOEM SW 5";2024-12-04 16:00:00;91,30;-1,51;
"K-B3 ACOEM SW 5";2024-12-04 15:00:00;90,95;-1,28;
"K-B3 ACOEM SW 5";2024-12-04 14:00:00;87,24;-0,92;
"K-B3 ACOEM SW 5";2024-12-04 13:00:00;78,60;-0,58;
"K-B3 ACOEM SW 5";2024-12-04 12:00:00;77,26;-0,76;
"K-B3 ACOEM SW 5";2024-12-04 11:00:00;78,12;-1,15;
"K-B3 ACOEM SW 5";2024-12-04 10:00:00;78,06;-1,66;
"K-B3 ACOEM SW 5";2024-12-04 09:00:00;78,31;-2,10;
"K-B3 ACOEM SW 5";2024-12-04 08:00:00;77,71;-2,16;
"K-B3 ACOEM SW 5";2024-12-04 07:00:00;76,16;-1,92;
"K-B3 ACOEM SW 5";2024-12-04 06:00:00;75,47;-1,77;
"K-B3 ACOEM SW 5";2024-12-04 05:00:00;73,87;-1,67;
"K-B3 ACOEM SW 5";2024-12-04 04:00:00;71,76;-1,66;
"K-B3 ACOEM SW 5";2024-12-04 03:00:00;69,67;-1,93;
"K-B3 ACOEM SW 5";2024-12-04 02:00:00;68,58;-2,04;
"K-B3 ACOEM SW 5";2024-12-04 01:00:00;67,88;-1,91;
"K-B3 ACOEM SW 5";2024-12-04 00:00:00;66,99;-1,72;
"K-B3 ACOEM SW 5";2024-12-03 23:00:00;65,52;-1,40;
"K-B3 ACOEM SW 5";2024-12-03 22:00:00;63,14;-0,97;
"K-B3 ACOEM SW 5";2024-12-03 21:00:00;61,67;-0,83;
"K-B3 ACOEM SW 5";2024-12-03 20:00:00;62,19;-1,01;
"K-B3 ACOEM SW 5";2024-12-03 19:00:00;60,01;-0,80;
"K-B3 ACOEM SW 5";2024-12-03 18:00:00;57,90;-0,40;
"K-B3 ACOEM SW 5";2024-12-03 17:00:00;55,98;0,12;
"K-B3 ACOEM SW 5";2024-12-03 16:00:00;55,12;0,88;
"K-B3 ACOEM SW 5";2024-12-03 15:00:00;56,04;1,57;
"K-B3 ACOEM SW 5";2024-12-03 14:00:00;57,42;1,91;
"K-B3 ACOEM SW 5";2024-12-03 13:00:00;58,32;2,00;
"K-B3 ACOEM SW 5";2024-12-03 12:00:00;60,68;1,87;
"K-B3 ACOEM SW 5";2024-12-03 11:00:00;64,41;1,58;
"K-B3 ACOEM SW 5";2024-12-03 10:00:00;69,64;1,13;
"K-B3 ACOEM SW 5";2024-12-03 09:00:00;73,83;1,33;
"K-B3 ACOEM SW 5";2024-12-03 08:00:00;75,90;1,74;
"K-B3 ACOEM SW 5";2024-12-03 07:00:00;76,84;2,31;
"K-B3 ACOEM SW 5";2024-12-03 06:00:00;76,96;2,98;
"K-B3 ACOEM SW 5";2024-12-03 05:00:00;77,90;3,30;
"K-B3 ACOEM SW 5";2024-12-03 04:00:00;79,44;3,52;
"K-B3 ACOEM SW 5";2024-12-03 03:00:00;82,50;3,61;
"K-B3 ACOEM SW 5";2024-12-03 02:00:00;84,77;3,80;
"K-B3 ACOEM SW 5";2024-12-03 01:00:00;88,51;4,20;
"K-B3 ACOEM SW 5";2024-12-03 00:00:00;90,72;4,63;
"K-B3 ACOEM SW 5";2024-12-02 23:00:00;92,33;5,85;
"K-B3 ACOEM SW 5";2024-12-02 22:00:00;94,52;7,42;
"K-B3 ACOEM SW 5";2024-12-02 21:00:00;94,12;8,18;
"K-B3 ACOEM SW 5";2024-12-02 20:00:00;94,01;8,76;
"K-B3 ACOEM SW 5";2024-12-02 19:00:00;94,83;8,93;
"K-B3 ACOEM SW 5";2024-12-02 18:00:00;95,08;9,33;
"K-B3 ACOEM SW 5";2024-12-02 17:00:00;94,96;9,72;
"K-B3 ACOEM SW 5";2024-12-02 16:00:00;95,07;10,14;
"K-B3 ACOEM SW 5";2024-12-02 15:00:00;95,09;10,51;
"K-B3 ACOEM SW 5";2024-12-02 14:00:00;95,93;10,44;
"K-B3 ACOEM SW 5";2024-12-02 13:00:00;96,64;10,24;
"K-B3 ACOEM SW 5";2024-12-02 12:00:00;97,98;10,13;
"K-B3 ACOEM SW 5";2024-12-02 11:00:00;97,88;9,85;
"K-B3 ACOEM SW 5";2024-12-02 10:00:00;97,89;9,49;
"K-B3 ACOEM SW 5";2024-12-02 09:00:00;97,77;9,46;
"K-B3 ACOEM SW 5";2024-12-02 08:00:00;97,37;9,57;
"K-B3 ACOEM SW 5";2024-12-02 07:00:00;97,08;9,54;
"K-B3 ACOEM SW 5";2024-12-02 06:00:00;97,44;9,48;
"K-B3 ACOEM SW 5";2024-12-02 05:00:00;96,79;9,54;
"K-B3 ACOEM SW 5";2024-12-02 04:00:00;97,45;9,66;
"K-B3 ACOEM SW 5";2024-12-02 03:00:00;98,26;9,46;
"K-B3 ACOEM SW 5";2024-12-02 02:00:00;98,33;9,18;
"K-B3 ACOEM SW 5";2024-12-02 01:00:00;98,25;8,87;
"K-B3 ACOEM SW 5";2024-12-02 00:00:00;98,30;8,47;
"K-B3 ACOEM SW 5";2024-12-01 23:00:00;97,68;8,24;
"K-B3 ACOEM SW 5";2024-12-01 22:00:00;96,98;8,51;
"K-B3 ACOEM SW 5";2024-12-01 21:00:00;96,15;8,93;
"K-B3 ACOEM SW 5";2024-12-01 20:00:00;95,22;8,96;
"K-B3 ACOEM SW 5";2024-12-01 19:00:00;94,13;9,10;
"K-B3 ACOEM SW 5";2024-12-01 18:00:00;93,66;9,19;
"K-B3 ACOEM SW 5";2024-12-01 17:00:00;95,10;9,43;
"K-B3 ACOEM SW 5";2024-12-01 16:00:00;96,11;9,65;
"K-B3 ACOEM SW 5";2024-12-01 15:00:00;96,97;9,61;
"K-B3 ACOEM SW 5";2024-12-01 14:00:00;97,05;9,77;
"K-B3 ACOEM SW 5";2024-12-01 13:00:00;97,03;10,03;
"K-B3 ACOEM SW 5";2024-12-01 12:00:00;97,48;10,09;
"K-B3 ACOEM SW 5";2024-12-01 11:00:00;97,86;10,08;
"K-B3 ACOEM SW 5";2024-12-01 10:00:00;98,24;10,25;
"K-B3 ACOEM SW 5";2024-12-01 09:00:00;98,15;10,39;
"K-B3 ACOEM SW 5";2024-12-01 08:00:00;98,07;9,94;
"K-B3 ACOEM SW 5";2024-12-01 07:00:00;96,92;9,54;
"K-B3 ACOEM SW 5";2024-12-01 06:00:00;96,25;9,40;
"K-B3 ACOEM SW 5";2024-12-01 05:00:00;94,90;9,48;
"K-B3 ACOEM SW 5";2024-12-01 04:00:00;94,81;9,56;
"K-B3 ACOEM SW 5";2024-12-01 03:00:00;95,53;9,53;
"K-B3 ACOEM SW 5";2024-12-01 02:00:00;95,82;9,55;
"K-B3 ACOEM SW 5";2024-12-01 01:00:00;95,76;9,53;
"K-B3 ACOEM SW 5";2024-12-01 00:00:00;94,26;9,60;
"K-B3 ACOEM SW 5";2024-11-30 23:00:00;95,21;9,71;
"K-B3 ACOEM SW 5";2024-11-30 22:00:00;95,47;9,77;
"K-B3 ACOEM SW 5";2024-11-30 21:00:00;94,95;9,77;
"K-B3 ACOEM SW 5";2024-11-30 20:00:00;96,04;9,64;
"K-B3 ACOEM SW 5";2024-11-30 19:00:00;95,89;9,58;
"K-B3 ACOEM SW 5";2024-11-30 18:00:00;95,67;9,53;
"K-B3 ACOEM SW 5";2024-11-30 17:00:00;95,31;9,56;
"K-B3 ACOEM SW 5";2024-11-30 16:00:00;95,76;9,58;
"K-B3 ACOEM SW 5";2024-11-30 15:00:00;95,96;9,52;
"K-B3 ACOEM SW 5";2024-11-30 14:00:00;97,07;9,22;
"K-B3 ACOEM SW 5";2024-11-30 13:00:00;96,75;8,87;
"K-B3 ACOEM SW 5";2024-11-30 12:00:00;95,89;8,77;
"K-B3 ACOEM SW 5";2024-11-30 11:00:00;94,70;8,71;
"K-B3 ACOEM SW 5";2024-11-30 10:00:00;92,59;8,67;
"K-B3 ACOEM SW 5";2024-11-30 09:00:00;87,96;8,84;
"K-B3 ACOEM SW 5";2024-11-30 08:00:00;84,36;8,74;
"K-B3 ACOEM SW 5";2024-11-30 07:00:00;82,90;8,74;
"K-B3 ACOEM SW 5";2024-11-30 06:00:00;84,18;8,90;
"K-B3 ACOEM SW 5";2024-11-30 05:00:00;85,15;8,92;
"K-B3 ACOEM SW 5";2024-11-30 04:00:00;86,57;8,73;
"K-B3 ACOEM SW 5";2024-11-30 03:00:00;86,59;8,43;
"K-B3 ACOEM SW 5";2024-11-30 02:00:00;85,68;8,59;
"K-B3 ACOEM SW 5";2024-11-30 01:00:00;86,19;8,66;
"K-B3 ACOEM SW 5";2024-11-30 00:00:00;85,96;8,39;
"K-B3 ACOEM SW 5";2024-11-29 23:00:00;83,04;8,38;
"K-B3 ACOEM SW 5";2024-11-29 22:00:00;82,60;8,46;
"K-B3 ACOEM SW 5";2024-11-29 21:00:00;83,30;8,53;
"K-B3 ACOEM SW 5";2024-11-29 20:00:00;83,66;8,66;
"K-B3 ACOEM SW 5";2024-11-29 19:00:00;83,94;8,56;
"K-B3 ACOEM SW 5";2024-11-29 18:00:00;83,53;8,31;
"K-B3 ACOEM SW 5";2024-11-29 17:00:00;82,13;8,34;
"K-B3 ACOEM SW 5";2024-11-29 16:00:00;82,15;8,25;
"K-B3 ACOEM SW 5";2024-11-29 15:00:00;82,00;8,17;
"K-B3 ACOEM SW 5";2024-11-29 14:00:00;82,14;7,74;
"K-B3 ACOEM SW 5";2024-11-29 13:00:00;81,88;7,06;
"K-B3 ACOEM SW 5";2024-11-29 12:00:00;81,05;6,33;
"K-B3 ACOEM SW 5";2024-11-29 11:00:00;81,07;5,66;
"K-B3 ACOEM SW 5";2024-11-29 10:00:00;81,35;5,18;
"K-B3 ACOEM SW 5";2024-11-29 09:00:00;81,58;4,82;
"K-B3 ACOEM SW 5";2024-11-29 08:00:00;82,05;4,37;
"K-B3 ACOEM SW 5";2024-11-29 07:00:00;82,86;3,84;
"K-B3 ACOEM SW 5";2024-11-29 06:00:00;85,94;2,92;
"K-B3 ACOEM SW 5";2024-11-29 05:00:00;89,96;1,93;
"K-B3 ACOEM SW 5";2024-11-29 04:00:00;90,32;1,74;
"K-B3 ACOEM SW 5";2024-11-29 03:00:00;88,12;1,65;
"K-B3 ACOEM SW 5";2024-11-29 02:00:00;85,86;1,89;
"K-B3 ACOEM SW 5";2024-11-29 01:00:00;87,86;0,58;
"K-B3 ACOEM SW 5";2024-11-29 00:00:00;90,21;-0,27;
"K-B3 ACOEM SW 5";2024-11-28 23:00:00;90,20;-0,27;
"K-B3 ACOEM SW 5";2024-11-28 22:00:00;89,07;-0,01;
"K-B3 ACOEM SW 5";2024-11-28 21:00:00;87,19;0,22;
"K-B3 ACOEM SW 5";2024-11-28 20:00:00;87,47;0,45;
"K-B3 ACOEM SW 5";2024-11-28 19:00:00;84,00;1,00;
"K-B3 ACOEM SW 5";2024-11-28 18:00:00;76,39;2,06;
"K-B3 ACOEM SW 5";2024-11-28 17:00:00;70,71;3,28;
"K-B3 ACOEM SW 5";2024-11-28 16:00:00;66,07;4,82;
"K-B3 ACOEM SW 5";2024-11-28 15:00:00;63,97;5,51;
"K-B3 ACOEM SW 5";2024-11-28 14:00:00;63,83;5,62;
"K-B3 ACOEM SW 5";2024-11-28 13:00:00;65,71;5,05;
"K-B3 ACOEM SW 5";2024-11-28 12:00:00;68,75;4,43;
"K-B3 ACOEM SW 5";2024-11-28 11:00:00;72,80;3,26;
"K-B3 ACOEM SW 5";2024-11-28 10:00:00;74,09;2,99;
"K-B3 ACOEM SW 5";2024-11-28 09:00:00;74,99;2,79;
"K-B3 ACOEM SW 5";2024-11-28 08:00:00;75,35;3,10;
"K-B3 ACOEM SW 5";2024-11-28 07:00:00;75,90;3,25;
"K-B3 ACOEM SW 5";2024-11-28 06:00:00;76,84;2,99;
"K-B3 ACOEM SW 5";2024-11-28 05:00:00;78,23;2,73;
"K-B3 ACOEM SW 5";2024-11-28 04:00:00;79,20;2,54;
"K-B3 ACOEM SW 5";2024-11-28 03:00:00;79,97;2,49;
"K-B3 ACOEM SW 5";2024-11-28 02:00:00;81,28;2,30;
"K-B3 ACOEM SW 5";2024-11-28 01:00:00;84,31;2,26;
"K-B3 ACOEM SW 5";2024-11-28 00:00:00;80,15;2,76;
"K-B3 ACOEM SW 5";2024-11-27 23:00:00;79,24;2,79;
"K-B3 ACOEM SW 5";2024-11-27 22:00:00;80,03;2,68;
"K-B3 ACOEM SW 5";2024-11-27 21:00:00;80,74;2,93;
"K-B3 ACOEM SW 5";2024-11-27 20:00:00;81,23;3,32;
"K-B3 ACOEM SW 5";2024-11-27 19:00:00;81,86;3,21;
"K-B3 ACOEM SW 5";2024-11-27 18:00:00;82,19;3,50;
"K-B3 ACOEM SW 5";2024-11-27 17:00:00;82,81;3,85;
"K-B3 ACOEM SW 5";2024-11-27 16:00:00;80,67;4,41;
"K-B3 ACOEM SW 5";2024-11-27 15:00:00;78,51;4,95;
"K-B3 ACOEM SW 5";2024-11-27 14:00:00;78,13;5,29;
"K-B3 ACOEM SW 5";2024-11-27 13:00:00;77,80;5,78;
"K-B3 ACOEM SW 5";2024-11-27 12:00:00;78,81;5,77;
"K-B3 ACOEM SW 5";2024-11-27 11:00:00;80,43;5,62;
"K-B3 ACOEM SW 5";2024-11-27 10:00:00;82,77;5,53;
"K-B3 ACOEM SW 5";2024-11-27 09:00:00;85,25;5,73;
"K-B3 ACOEM SW 5";2024-11-27 08:00:00;81,88;6,10;
"K-B3 ACOEM SW 5";2024-11-27 07:00:00;84,90;5,73;
"K-B3 ACOEM SW 5";2024-11-27 06:00:00;84,66;6,21;
"K-B3 ACOEM SW 5";2024-11-27 05:00:00;84,33;6,46;
"K-B3 ACOEM SW 5";2024-11-27 04:00:00;84,59;6,65;
"K-B3 ACOEM SW 5";2024-11-27 03:00:00;85,34;6,52;
"K-B3 ACOEM SW 5";2024-11-27 02:00:00;89,03;6,01;
"K-B3 ACOEM SW 5";2024-11-27 01:00:00;89,72;5,90;
"K-B3 ACOEM SW 5";2024-11-27 00:00:00;88,46;6,40;
"K-B3 ACOEM SW 5";2024-11-26 23:00:00;89,57;6,33;
"K-B3 ACOEM SW 5";2024-11-26 22:00:00;89,31;6,58;
"K-B3 ACOEM SW 5";2024-11-26 21:00:00;88,06;6,72;
"K-B3 ACOEM SW 5";2024-11-26 20:00:00;86,78;6,96;
"K-B3 ACOEM SW 5";2024-11-26 19:00:00;86,96;7,27;
"K-B3 ACOEM SW 5";2024-11-26 18:00:00;85,87;7,42;
"K-B3 ACOEM SW 5";2024-11-26 17:00:00;83,74;7,81;
"K-B3 ACOEM SW 5";2024-11-26 16:00:00;81,37;8,76;
"K-B3 ACOEM SW 5";2024-11-26 15:00:00;79,08;10,01;
"K-B3 ACOEM SW 5";2024-11-26 14:00:00;82,99;9,70;
"K-B3 ACOEM SW 5";2024-11-26 13:00:00;84,88;9,82;
"K-B3 ACOEM SW 5";2024-11-26 12:00:00;90,28;8,83;
"K-B3 ACOEM SW 5";2024-11-26 11:00:00;91,91;8,50;
"K-B3 ACOEM SW 5";2024-11-26 10:00:00;93,02;8,34;
"K-B3 ACOEM SW 5";2024-11-26 09:00:00;93,55;8,45;
"K-B3 ACOEM SW 5";2024-11-26 08:00:00;94,53;8,40;
"K-B3 ACOEM SW 5";2024-11-26 07:00:00;93,54;8,36;
"K-B3 ACOEM SW 5";2024-11-26 06:00:00;91,91;8,29;
"K-B3 ACOEM SW 5";2024-11-26 05:00:00;91,72;8,00;
"K-B3 ACOEM SW 5";2024-11-26 04:00:00;88,28;8,24;
"K-B3 ACOEM SW 5";2024-11-26 03:00:00;85,35;8,04;
"K-B3 ACOEM SW 5";2024-11-26 02:00:00;84,11;8,15;
"K-B3 ACOEM SW 5";2024-11-26 01:00:00;86,94;7,48;
"K-B3 ACOEM SW 5";2024-11-26 00:00:00;86,78;7,84;
"K-B3 ACOEM SW 5";2024-11-25 23:00:00;82,15;8,44;
"K-B3 ACOEM SW 5";2024-11-25 22:00:00;82,87;8,57;
"K-B3 ACOEM SW 5";2024-11-25 21:00:00;85,34;8,63;
"K-B3 ACOEM SW 5";2024-11-25 20:00:00;82,67;9,36;
"K-B3 ACOEM SW 5";2024-11-25 19:00:00;83,28;9,67;
"K-B3 ACOEM SW 5";2024-11-25 18:00:00;86,86;9,63;
"K-B3 ACOEM SW 5";2024-11-25 17:00:00;87,31;9,80;
"K-B3 ACOEM SW 5";2024-11-25 16:00:00;86,73;10,18;
"K-B3 ACOEM SW 5";2024-11-25 15:00:00;87,99;10,44;
"K-B3 ACOEM SW 5";2024-11-25 14:00:00;92,09;10,40;
"K-B3 ACOEM SW 5";2024-11-25 13:00:00;92,87;10,33;
"K-B3 ACOEM SW 5";2024-11-25 12:00:00;93,69;10,17;
"K-B3 ACOEM SW 5";2024-11-25 11:00:00;93,73;10,18;
"K-B3 ACOEM SW 5";2024-11-25 10:00:00;93,23;10,03;
"K-B3 ACOEM SW 5";2024-11-25 09:00:00;95,47;10,01;
"K-B3 ACOEM SW 5";2024-11-25 08:00:00;95,53;9,62;
"K-B3 ACOEM SW 5";2024-11-25 07:00:00;95,11;9,24;
"K-B3 ACOEM SW 5";2024-11-25 06:00:00;96,59;9,04;
"K-B3 ACOEM SW 5";2024-11-25 05:00:00;95,85;8,95;
"K-B3 ACOEM SW 5";2024-11-25 04:00:00;95,77;9,14;
"K-B3 ACOEM SW 5";2024-11-25 03:00:00;94,76;9,40;
"K-B3 ACOEM SW 5";2024-11-25 02:00:00;93,04;9,84;
"K-B3 ACOEM SW 5";2024-11-25 01:00:00;95,94;10,58;
"K-B3 ACOEM SW 5";2024-11-25 00:00:00;97,35;10,81;
"K-B3 ACOEM SW 5";2024-11-24 23:00:00;98,05;11,01;
"K-B3 ACOEM SW 5";2024-11-24 22:00:00;98,06;10,87;
"K-B3 ACOEM SW 5";2024-11-24 21:00:00;96,50;10,87;
"K-B3 ACOEM SW 5";2024-11-24 20:00:00;96,95;11,07;
"K-B3 ACOEM SW 5";2024-11-24 19:00:00;97,22;10,82;
"K-B3 ACOEM SW 5";2024-11-24 18:00:00;97,60;10,60;
"K-B3 ACOEM SW 5";2024-11-24 17:00:00;97,46;10,48;
"K-B3 ACOEM SW 5";2024-11-24 16:00:00;97,86;10,26;
"K-B3 ACOEM SW 5";2024-11-24 15:00:00;96,20;8,09;
"K-B3 ACOEM SW 5";2024-11-24 14:00:00;95,69;7,42;
"K-B3 ACOEM SW 5";2024-11-24 13:00:00;97,18;7,27;
"K-B3 ACOEM SW 5";2024-11-24 12:00:00;97,02;6,79;
"K-B3 ACOEM SW 5";2024-11-24 11:00:00;96,41;6,27;
"K-B3 ACOEM SW 5";2024-11-24 10:00:00;95,33;5,79;
"K-B3 ACOEM SW 5";2024-11-24 09:00:00;94,02;5,27;
"K-B3 ACOEM SW 5";2024-11-24 08:00:00;92,64;5,01;
"K-B3 ACOEM SW 5";2024-11-24 07:00:00;88,51;5,10;
"K-B3 ACOEM SW 5";2024-11-24 06:00:00;86,63;5,10;
"K-B3 ACOEM SW 5";2024-11-24 05:00:00;87,86;4,74;
"K-B3 ACOEM SW 5";2024-11-24 04:00:00;86,81;4,72;
"K-B3 ACOEM SW 5";2024-11-24 03:00:00;88,58;4,53;
"K-B3 ACOEM SW 5";2024-11-24 02:00:00;87,90;4,52;
"K-B3 ACOEM SW 5";2024-11-24 01:00:00;84,64;4,67;
"K-B3 ACOEM SW 5";2024-11-24 00:00:00;86,12;5,06;
"K-B3 ACOEM SW 5";2024-11-23 23:00:00;81,36;5,47;
"K-B3 ACOEM SW 5";2024-11-23 22:00:00;80,40;2,95;
"K-B3 ACOEM SW 5";2024-11-23 21:00:00;70,22;1,09;
"K-B3 ACOEM SW 5";2024-11-23 20:00:00;72,12;0,46;
"K-B3 ACOEM SW 5";2024-11-23 19:00:00;78,19;0,33;
"K-B3 ACOEM SW 5";2024-11-23 18:00:00;69,60;0,82;
"K-B3 ACOEM SW 5";2024-11-23 17:00:00;65,86;1,76;
"K-B3 ACOEM SW 5";2024-11-23 16:00:00;63,16;2,65;
"K-B3 ACOEM SW 5";2024-11-23 15:00:00;61,90;3,11;
"K-B3 ACOEM SW 5";2024-11-23 14:00:00;61,05;3,38;
"K-B3 ACOEM SW 5";2024-11-23 13:00:00;62,43;3,37;
"K-B3 ACOEM SW 5";2024-11-23 12:00:00;61,92;3,19;
"K-B3 ACOEM SW 5";2024-11-23 11:00:00;63,75;2,49;
"K-B3 ACOEM SW 5";2024-11-23 10:00:00;63,11;1,90;
"K-B3 ACOEM SW 5";2024-11-23 09:00:00;65,62;-0,01;
"K-B3 ACOEM SW 5";2024-11-23 08:00:00;65,90;-0,63;
"K-B3 ACOEM SW 5";2024-11-23 07:00:00;66,18;-0,50;
"K-B3 ACOEM SW 5";2024-11-23 06:00:00;63,72;-0,09;
"K-B3 ACOEM SW 5";2024-11-23 05:00:00;59,70;0,53;
"K-B3 ACOEM SW 5";2024-11-23 04:00:00;61,95;0,08;
"K-B3 ACOEM SW 5";2024-11-23 03:00:00;59,92;0,65;
"K-B3 ACOEM SW 5";2024-11-23 02:00:00;59,58;0,25;
"K-B3 ACOEM SW 5";2024-11-23 01:00:00;57,31;0,26;
"K-B3 ACOEM SW 5";2024-11-23 00:00:00;55,75;0,01;
"K-B3 ACOEM SW 5";2024-11-22 23:00:00;53,92;-0,23;
"K-B3 ACOEM SW 5";2024-11-22 22:00:00;52,89;-0,75;
"K-B3 ACOEM SW 5";2024-11-22 21:00:00;53,31;-1,11;
"K-B3 ACOEM SW 5";2024-11-22 20:00:00;52,95;-1,45;
"K-B3 ACOEM SW 5";2024-11-22 19:00:00;50,01;-1,78;
"K-B3 ACOEM SW 5";2024-11-22 18:00:00;47,56;-2,22;
"K-B3 ACOEM SW 5";2024-11-22 17:00:00;42,98;-2,07;
"K-B3 ACOEM SW 5";2024-11-22 16:00:00;37,26;-1,19;
"K-B3 ACOEM SW 5";2024-11-22 15:00:00;39,34;-0,86;
"K-B3 ACOEM SW 5";2024-11-22 14:00:00;45,55;-1,07;
"K-B3 ACOEM SW 5";2024-11-22 13:00:00;49,05;-2,09;
"K-B3 ACOEM SW 5";2024-11-22 12:00:00;55,23;-4,05;
"K-B3 ACOEM SW 5";2024-11-22 11:00:00;73,86;-6,04;
"K-B3 ACOEM SW 5";2024-11-22 10:00:00;82,08;-7,23;
"K-B3 ACOEM SW 5";2024-11-22 09:00:00;82,32;-7,37;
"K-B3 ACOEM SW 5";2024-11-22 08:00:00;81,11;-7,25;
"K-B3 ACOEM SW 5";2024-11-22 07:00:00;83,72;-7,16;
"K-B3 ACOEM SW 5";2024-11-22 06:00:00;77,70;-7,06;
"K-B3 ACOEM SW 5";2024-11-22 05:00:00;80,97;-6,61;
"K-B3 ACOEM SW 5";2024-11-22 04:00:00;77,80;-6,32;
"K-B3 ACOEM SW 5";2024-11-22 03:00:00;78,48;-6,07;
"K-B3 ACOEM SW 5";2024-11-22 02:00:00;75,56;-5,88;
"K-B3 ACOEM SW 5";2024-11-22 01:00:00;79,61;-5,61;
"K-B3 ACOEM SW 5";2024-11-22 00:00:00;84,55;-5,24;
"K-B3 ACOEM SW 5";2024-11-21 23:00:00;79,49;-4,73;
"K-B3 ACOEM SW 5";2024-11-21 22:00:00;74,78;-4,32;
"K-B3 ACOEM SW 5";2024-11-21 21:00:00;74,15;-3,89;
"K-B3 ACOEM SW 5";2024-11-21 20:00:00;74,50;-3,30;
"K-B3 ACOEM SW 5";2024-11-21 19:00:00;71,22;-2,64;
"K-B3 ACOEM SW 5";2024-11-21 18:00:00;59,08;-1,95;
"K-B3 ACOEM SW 5";2024-11-21 17:00:00;53,58;-0,33;
"K-B3 ACOEM SW 5";2024-11-21 16:00:00;48,08;1,50;
"K-B3 ACOEM SW 5";2024-11-21 15:00:00;46,22;2,70;
"K-B3 ACOEM SW 5";2024-11-21 14:00:00;50,43;2,66;
"K-B3 ACOEM SW 5";2024-11-21 13:00:00;53,40;1,40;
"K-B3 ACOEM SW 5";2024-11-21 12:00:00;59,99;-0,04;
"K-B3 ACOEM SW 5";2024-11-21 11:00:00;65,28;-1,72;
"K-B3 ACOEM SW 5";2024-11-21 10:00:00;72,42;-3,45;
"K-B3 ACOEM SW 5";2024-11-21 09:00:00;75,89;-4,21;
"K-B3 ACOEM SW 5";2024-11-21 08:00:00;78,84;-4,19;
"K-B3 ACOEM SW 5";2024-11-21 07:00:00;76,47;-4,10;
"K-B3 ACOEM SW 5";2024-11-21 06:00:00;77,93;-4,04;
"K-B3 ACOEM SW 5";2024-11-21 05:00:00;77,51;-3,98;
"K-B3 ACOEM SW 5";2024-11-21 04:00:00;80,93;-3,75;
"K-B3 ACOEM SW 5";2024-11-21 03:00:00;77,38;-3,46;
"K-B3 ACOEM SW 5";2024-11-21 02:00:00;75,18;-3,18;
"K-B3 ACOEM SW 5";2024-11-21 01:00:00;74,27;-2,74;
"K-B3 ACOEM SW 5";2024-11-21 00:00:00;74,46;-2,34;
"K-B3 ACOEM SW 5";2024-11-20 23:00:00;73,30;-1,78;
"K-B3 ACOEM SW 5";2024-11-20 22:00:00;69,11;-1,02;
"K-B3 ACOEM SW 5";2024-11-20 21:00:00;64,47;-0,15;
"K-B3 ACOEM SW 5";2024-11-20 20:00:00;63,03;0,64;
"K-B3 ACOEM SW 5";2024-11-20 19:00:00;62,93;0,58;
"K-B3 ACOEM SW 5";2024-11-20 18:00:00;62,80;0,35;
"K-B3 ACOEM SW 5";2024-11-20 17:00:00;62,08;0,30;
"K-B3 ACOEM SW 5";2024-11-20 16:00:00;59,75;1,00;
"K-B3 ACOEM SW 5";2024-11-20 15:00:00;56,92;1,65;
"K-B3 ACOEM SW 5";2024-11-20 14:00:00;56,02;1,50;
"K-B3 ACOEM SW 5";2024-11-20 13:00:00;56,94;1,56;
"K-B3 ACOEM SW 5";2024-11-20 12:00:00;60,14;1,70;
"K-B3 ACOEM SW 5";2024-11-20 11:00:00;65,44;1,74;
"K-B3 ACOEM SW 5";2024-11-20 10:00:00;74,31;-0,19;
"K-B3 ACOEM SW 5";2024-11-20 09:00:00;76,37;-0,71;
"K-B3 ACOEM SW 5";2024-11-20 08:00:00;76,77;-0,65;
"K-B3 ACOEM SW 5";2024-11-20 07:00:00;76,92;-0,61;
"K-B3 ACOEM SW 5";2024-11-20 06:00:00;76,27;-0,24;
"K-B3 ACOEM SW 5";2024-11-20 05:00:00;78,00;-0,09;
"K-B3 ACOEM SW 5";2024-11-20 04:00:00;80,03;0,04;
"K-B3 ACOEM SW 5";2024-11-20 03:00:00;78,88;0,18;
"K-B3 ACOEM SW 5";2024-11-20 02:00:00;77,78;0,48;
"K-B3 ACOEM SW 5";2024-11-20 01:00:00;78,48;0,24;
"K-B3 ACOEM SW 5";2024-11-20 00:00:00;78,37;-0,16;
"K-B3 ACOEM SW 5";2024-11-19 23:00:00;78,90;-0,16;
"K-B3 ACOEM SW 5";2024-11-19 22:00:00;80,06;0,25;
"K-B3 ACOEM SW 5";2024-11-19 21:00:00;79,39;0,60;
"K-B3 ACOEM SW 5";2024-11-19 20:00:00;80,42;0,61;
"K-B3 ACOEM SW 5";2024-11-19 19:00:00;78,96;0,13;
"K-B3 ACOEM SW 5";2024-11-19 18:00:00;72,64;0,54;
"K-B3 ACOEM SW 5";2024-11-19 17:00:00;71,10;1,36;
"K-B3 ACOEM SW 5";2024-11-19 16:00:00;65,02;2,60;
"K-B3 ACOEM SW 5";2024-11-19 15:00:00;59,55;3,12;
"K-B3 ACOEM SW 5";2024-11-19 14:00:00;52,84;3,76;
"K-B3 ACOEM SW 5";2024-11-19 13:00:00;50,50;3,56;
"K-B3 ACOEM SW 5";2024-11-19 12:00:00;57,53;2,57;
"K-B3 ACOEM SW 5";2024-11-19 11:00:00;65,79;0,44;
"K-B3 ACOEM SW 5";2024-11-19 10:00:00;71,97;-1,30;
"K-B3 ACOEM SW 5";2024-11-19 09:00:00;70,89;-1,87;
"K-B3 ACOEM SW 5";2024-11-19 08:00:00;71,98;-1,83;
"K-B3 ACOEM SW 5";2024-11-19 07:00:00;70,81;-1,68;
"K-B3 ACOEM SW 5";2024-11-19 06:00:00;68,55;-1,46;
"K-B3 ACOEM SW 5";2024-11-19 05:00:00;64,91;-1,12;
"K-B3 ACOEM SW 5";2024-11-19 04:00:00;63,52;-0,84;
"K-B3 ACOEM SW 5";2024-11-19 03:00:00;64,59;-0,72;
"K-B3 ACOEM SW 5";2024-11-19 02:00:00;66,13;-0,86;
"K-B3 ACOEM SW 5";2024-11-19 01:00:00;66,89;-0,98;
"K-B3 ACOEM SW 5";2024-11-19 00:00:00;65,63;-0,85;
"K-B3 ACOEM SW 5";2024-11-18 23:00:00;63,31;0,01;
"K-B3 ACOEM SW 5";2024-11-18 22:00:00;61,37;0,93;
"K-B3 ACOEM SW 5";2024-11-18 21:00:00;58,50;1,45;
"K-B3 ACOEM SW 5";2024-11-18 20:00:00;57,71;1,70;
"K-B3 ACOEM SW 5";2024-11-18 19:00:00;57,60;1,94;
"K-B3 ACOEM SW 5";2024-11-18 18:00:00;55,39;2,54;
"K-B3 ACOEM SW 5";2024-11-18 17:00:00;51,27;3,80;
"K-B3 ACOEM SW 5";2024-11-18 16:00:00;49,62;5,68;
"K-B3 ACOEM SW 5";2024-11-18 15:00:00;48,11;6,37;
"K-B3 ACOEM SW 5";2024-11-18 14:00:00;59,19;5,54;
"K-B3 ACOEM SW 5";2024-11-18 13:00:00;67,05;4,92;
"K-B3 ACOEM SW 5";2024-11-18 12:00:00;72,30;3,49;
"K-B3 ACOEM SW 5";2024-11-18 11:00:00;76,63;3,01;
"K-B3 ACOEM SW 5";2024-11-18 10:00:00;80,07;2,74;
"K-B3 ACOEM SW 5";2024-11-18 09:00:00;80,78;2,87;
"K-B3 ACOEM SW 5";2024-11-18 08:00:00;84,22;2,74;
"K-B3 ACOEM SW 5";2024-11-18 07:00:00;86,72;2,79;
"K-B3 ACOEM SW 5";2024-11-18 06:00:00;84,12;3,32;
"K-B3 ACOEM SW 5";2024-11-18 05:00:00;81,64;4,00;
"K-B3 ACOEM SW 5";2024-11-18 04:00:00;80,14;4,52;
"K-B3 ACOEM SW 5";2024-11-18 03:00:00;81,08;4,85;
"K-B3 ACOEM SW 5";2024-11-18 02:00:00;73,91;5,19;
"K-B3 ACOEM SW 5";2024-11-18 01:00:00;65,35;5,07;
"K-B3 ACOEM SW 5";2024-11-18 00:00:00;68,00;4,57;
"K-B3 ACOEM SW 5";2024-11-17 23:00:00;66,37;4,93;
"K-B3 ACOEM SW 5";2024-11-17 22:00:00;65,38;5,32;
"K-B3 ACOEM SW 5";2024-11-17 21:00:00;65,70;5,47;
"K-B3 ACOEM SW 5";2024-11-17 20:00:00;64,40;5,81;
"K-B3 ACOEM SW 5";2024-11-17 19:00:00;63,04;6,18;
"K-B3 ACOEM SW 5";2024-11-17 18:00:00;61,68;6,51;
"K-B3 ACOEM SW 5";2024-11-17 17:00:00;60,22;6,96;
"K-B3 ACOEM SW 5";2024-11-17 16:00:00;57,78;7,66;
"K-B3 ACOEM SW 5";2024-11-17 15:00:00;57,59;7,72;
"K-B3 ACOEM SW 5";2024-11-17 14:00:00;58,48;7,69;
"K-B3 ACOEM SW 5";2024-11-17 13:00:00;58,13;7,75;
"K-B3 ACOEM SW 5";2024-11-17 12:00:00;60,58;7,20;
"K-B3 ACOEM SW 5";2024-11-17 11:00:00;60,09;6,85;
"K-B3 ACOEM SW 5";2024-11-17 10:00:00;63,31;6,42;
"K-B3 ACOEM SW 5";2024-11-17 09:00:00;67,50;5,91;
"K-B3 ACOEM SW 5";2024-11-17 08:00:00;77,00;5,34;
"K-B3 ACOEM SW 5";2024-11-17 07:00:00;78,93;5,46;
"K-B3 ACOEM SW 5";2024-11-17 06:00:00;78,54;5,32;
"K-B3 ACOEM SW 5";2024-11-17 05:00:00;81,66;4,64;
"K-B3 ACOEM SW 5";2024-11-17 04:00:00;83,62;4,20;
"K-B3 ACOEM SW 5";2024-11-17 03:00:00;82,16;4,35;
"K-B3 ACOEM SW 5";2024-11-17 02:00:00;80,50;4,66;
"K-B3 ACOEM SW 5";2024-11-17 01:00:00;79,52;5,04;
"K-B3 ACOEM SW 5";2024-11-17 00:00:00;78,88;5,48;
"K-B3 ACOEM SW 5";2024-11-16 23:00:00;76,62;5,53;
"K-B3 ACOEM SW 5";2024-11-16 22:00:00;74,85;5,60;
"K-B3 ACOEM SW 5";2024-11-16 21:00:00;74,27;5,38;
"K-B3 ACOEM SW 5";2024-11-16 20:00:00;72,27;5,15;
"K-B3 ACOEM SW 5";2024-11-16 19:00:00;72,73;4,87;
"K-B3 ACOEM SW 5";2024-11-16 18:00:00;72,38;5,05;
"K-B3 ACOEM SW 5";2024-11-16 17:00:00;71,62;5,29;
"K-B3 ACOEM SW 5";2024-11-16 16:00:00;71,15;5,76;
"K-B3 ACOEM SW 5";2024-11-16 15:00:00;66,73;6,92;
"K-B3 ACOEM SW 5";2024-11-16 14:00:00;58,68;7,85;
"K-B3 ACOEM SW 5";2024-11-16 13:00:00;60,63;7,67;
"K-B3 ACOEM SW 5";2024-11-16 12:00:00;63,95;7,76;
"K-B3 ACOEM SW 5";2024-11-16 11:00:00;60,69;8,02;
"K-B3 ACOEM SW 5";2024-11-16 10:00:00;62,36;7,81;
"K-B3 ACOEM SW 5";2024-11-16 09:00:00;63,98;7,80;
"K-B3 ACOEM SW 5";2024-11-16 08:00:00;71,31;8,06;
"K-B3 ACOEM SW 5";2024-11-16 07:00:00;70,61;8,54;
"K-B3 ACOEM SW 5";2024-11-16 06:00:00;67,06;9,68;
"K-B3 ACOEM SW 5";2024-11-16 05:00:00;77,32;11,56;
"K-B3 ACOEM SW 5";2024-11-16 04:00:00;84,71;11,51;
"K-B3 ACOEM SW 5";2024-11-16 03:00:00;87,85;11,11;
"K-B3 ACOEM SW 5";2024-11-16 02:00:00;88,33;10,96;
"K-B3 ACOEM SW 5";2024-11-16 01:00:00;89,16;10,68;
"K-B3 ACOEM SW 5";2024-11-16 00:00:00;89,42;10,19;
"K-B3 ACOEM SW 5";2024-11-15 23:00:00;88,65;10,17;
"K-B3 ACOEM SW 5";2024-11-15 22:00:00;85,25;10,34;
"K-B3 ACOEM SW 5";2024-11-15 21:00:00;85,80;10,37;
"K-B3 ACOEM SW 5";2024-11-15 20:00:00;83,03;10,17;
"K-B3 ACOEM SW 5";2024-11-15 19:00:00;79,03;10,25;
"K-B3 ACOEM SW 5";2024-11-15 18:00:00;79,32;10,74;
"K-B3 ACOEM SW 5";2024-11-15 17:00:00;79,29;11,70;
"K-B3 ACOEM SW 5";2024-11-15 16:00:00;76,56;12,33;
"K-B3 ACOEM SW 5";2024-11-15 15:00:00;72,65;13,09;
"K-B3 ACOEM SW 5";2024-11-15 14:00:00;69,10;13,53;
"K-B3 ACOEM SW 5";2024-11-15 13:00:00;67,14;13,76;
"K-B3 ACOEM SW 5";2024-11-15 12:00:00;67,38;13,94;
"K-B3 ACOEM SW 5";2024-11-15 11:00:00;70,28;13,00;
"K-B3 ACOEM SW 5";2024-11-15 10:00:00;75,90;11,31;
"K-B3 ACOEM SW 5";2024-11-15 09:00:00;77,83;10,87;
"K-B3 ACOEM SW 5";2024-11-15 08:00:00;74,13;12,02;
"K-B3 ACOEM SW 5";2024-11-15 07:00:00;73,27;12,31;
"K-B3 ACOEM SW 5";2024-11-15 06:00:00;72,61;12,06;
"K-B3 ACOEM SW 5";2024-11-15 05:00:00;73,38;11,60;
"K-B3 ACOEM SW 5";2024-11-15 04:00:00;76,68;9,60;
"K-B3 ACOEM SW 5";2024-11-15 03:00:00;74,64;9,67;
"K-B3 ACOEM SW 5";2024-11-15 02:00:00;73,30;9,94;
"K-B3 ACOEM SW 5";2024-11-15 01:00:00;76,49;8,80;
"K-B3 ACOEM SW 5";2024-11-15 00:00:00;77,87;7,75;
"K-B3 ACOEM SW 5";2024-11-14 23:00:00;76,54;7,13;
"K-B3 ACOEM SW 5";2024-11-14 22:00:00;66,74;8,12;
"K-B3 ACOEM SW 5";2024-11-14 21:00:00;56,57;9,34;
"K-B3 ACOEM SW 5";2024-11-14 20:00:00;50,83;9,73;
"K-B3 ACOEM SW 5";2024-11-14 19:00:00;50,91;9,44;
"K-B3 ACOEM SW 5";2024-11-14 18:00:00;58,30;8,86;
"K-B3 ACOEM SW 5";2024-11-14 17:00:00;58,45;9,73;
"K-B3 ACOEM SW 5";2024-11-14 16:00:00;55,33;11,41;
"K-B3 ACOEM SW 5";2024-11-14 15:00:00;50,39;12,56;
"K-B3 ACOEM SW 5";2024-11-14 14:00:00;46,14;12,83;
"K-B3 ACOEM SW 5";2024-11-14 13:00:00;51,23;11,44;
"K-B3 ACOEM SW 5";2024-11-14 12:00:00;55,81;10,48;
"K-B3 ACOEM SW 5";2024-11-14 11:00:00;60,73;9,43;
"K-B3 ACOEM SW 5";2024-11-14 10:00:00;65,78;8,26;
"K-B3 ACOEM SW 5";2024-11-14 09:00:00;73,78;6,69;
"K-B3 ACOEM SW 5";2024-11-14 08:00:00;75,42;6,83;
"K-B3 ACOEM SW 5";2024-11-14 07:00:00;71,22;8,05;
"K-B3 ACOEM SW 5";2024-11-14 06:00:00;67,66;8,76;
"K-B3 ACOEM SW 5";2024-11-14 05:00:00;70,30;7,90;
"K-B3 ACOEM SW 5";2024-11-14 04:00:00;71,39;7,34;
"K-B3 ACOEM SW 5";2024-11-14 03:00:00;68,04;7,73;
"K-B3 ACOEM SW 5";2024-11-14 02:00:00;63,32;8,74;
"K-B3 ACOEM SW 5";2024-11-14 01:00:00;59,74;9,37;
"K-B3 ACOEM SW 5";2024-11-14 00:00:00;64,04;8,90;
"K-B3 ACOEM SW 5";2024-11-13 23:00:00;64,14;9,28;
"K-B3 ACOEM SW 5";2024-11-13 22:00:00;66,17;9,34;
"K-B3 ACOEM SW 5";2024-11-13 21:00:00;70,63;9,10;
"K-B3 ACOEM SW 5";2024-11-13 20:00:00;70,24;9,45;
"K-B3 ACOEM SW 5";2024-11-13 19:00:00;75,38;9,73;
"K-B3 ACOEM SW 5";2024-11-13 18:00:00;71,96;10,64;
"K-B3 ACOEM SW 5";2024-11-13 17:00:00;81,05;10,77;
"K-B3 ACOEM SW 5";2024-11-13 16:00:00;80,39;11,66;
"K-B3 ACOEM SW 5";2024-11-13 15:00:00;74,81;12,88;
"K-B3 ACOEM SW 5";2024-11-13 14:00:00;74,00;12,90;
"K-B3 ACOEM SW 5";2024-11-13 13:00:00;76,48;12,01;
"K-B3 ACOEM SW 5";2024-11-13 12:00:00;77,61;11,54;
"K-B3 ACOEM SW 5";2024-11-13 11:00:00;81,68;10,21;
"K-B3 ACOEM SW 5";2024-11-13 10:00:00;83,94;6,77;
"K-B3 ACOEM SW 5";2024-11-13 09:00:00;88,84;5,77;
"K-B3 ACOEM SW 5";2024-11-13 08:00:00;91,89;4,00;
"K-B3 ACOEM SW 5";2024-11-13 07:00:00;91,62;3,92;
"K-B3 ACOEM SW 5";2024-11-13 06:00:00;90,72;4,08;
"K-B3 ACOEM SW 5";2024-11-13 05:00:00;90,81;4,44;
"K-B3 ACOEM SW 5";2024-11-13 04:00:00;90,99;4,87;
"K-B3 ACOEM SW 5";2024-11-13 03:00:00;89,36;5,35;
"K-B3 ACOEM SW 5";2024-11-13 02:00:00;86,90;6,00;
"K-B3 ACOEM SW 5";2024-11-13 01:00:00;87,32;6,11;
"K-B3 ACOEM SW 5";2024-11-13 00:00:00;88,26;6,01;
"K-B3 ACOEM SW 5";2024-11-12 23:00:00;87,79;6,16;
"K-B3 ACOEM SW 5";2024-11-12 22:00:00;84,92;6,44;
"K-B3 ACOEM SW 5";2024-11-12 21:00:00;82,47;6,56;
"K-B3 ACOEM SW 5";2024-11-12 20:00:00;82,71;6,56;
"K-B3 ACOEM SW 5";2024-11-12 19:00:00;82,39;6,45;
"K-B3 ACOEM SW 5";2024-11-12 18:00:00;81,42;6,86;
"K-B3 ACOEM SW 5";2024-11-12 17:00:00;78,76;7,86;
"K-B3 ACOEM SW 5";2024-11-12 16:00:00;75,88;9,13;
"K-B3 ACOEM SW 5";2024-11-12 15:00:00;71,22;10,10;
"K-B3 ACOEM SW 5";2024-11-12 14:00:00;68,07;10,64;
"K-B3 ACOEM SW 5";2024-11-12 13:00:00;72,03;9,98;
"K-B3 ACOEM SW 5";2024-11-12 12:00:00;81,64;7,41;
"K-B3 ACOEM SW 5";2024-11-12 11:00:00;87,57;5,32;
"K-B3 ACOEM SW 5";2024-11-12 10:00:00;90,80;3,69;
"K-B3 ACOEM SW 5";2024-11-12 09:00:00;92,72;3,13;
"K-B3 ACOEM SW 5";2024-11-12 08:00:00;94,07;2,77;
"K-B3 ACOEM SW 5";2024-11-12 07:00:00;93,98;2,63;
"K-B3 ACOEM SW 5";2024-11-12 06:00:00;94,17;2,67;
"K-B3 ACOEM SW 5";2024-11-12 05:00:00;94,90;2,76;
"K-B3 ACOEM SW 5";2024-11-12 04:00:00;94,24;2,99;
"K-B3 ACOEM SW 5";2024-11-12 03:00:00;94,10;3,14;
"K-B3 ACOEM SW 5";2024-11-12 02:00:00;94,79;3,08;
"K-B3 ACOEM SW 5";2024-11-12 01:00:00;94,94;3,32;
"K-B3 ACOEM SW 5";2024-11-12 00:00:00;95,00;3,52;
"K-B3 ACOEM SW 5";2024-11-11 23:00:00;95,55;3,94;
"K-B3 ACOEM SW 5";2024-11-11 22:00:00;95,93;4,03;
"K-B3 ACOEM SW 5";2024-11-11 21:00:00;95,55;4,36;
"K-B3 ACOEM SW 5";2024-11-11 20:00:00;95,45;4,96;
"K-B3 ACOEM SW 5";2024-11-11 19:00:00;95,18;5,34;
"K-B3 ACOEM SW 5";2024-11-11 18:00:00;92,78;5,81;
"K-B3 ACOEM SW 5";2024-11-11 17:00:00;89,36;7,10;
"K-B3 ACOEM SW 5";2024-11-11 16:00:00;88,25;7,90;
"K-B3 ACOEM SW 5";2024-11-11 15:00:00;85,90;8,56;
"K-B3 ACOEM SW 5";2024-11-11 14:00:00;86,45;8,55;
"K-B3 ACOEM SW 5";2024-11-11 13:00:00;83,99;8,88;
"K-B3 ACOEM SW 5";2024-11-11 12:00:00;82,69;9,04;
"K-B3 ACOEM SW 5";2024-11-11 11:00:00;88,48;7,40;
"K-B3 ACOEM SW 5";2024-11-11 10:00:00;91,10;6,59;
"K-B3 ACOEM SW 5";2024-11-11 09:00:00;91,85;6,16;
"K-B3 ACOEM SW 5";2024-11-11 08:00:00;91,71;6,02;
"K-B3 ACOEM SW 5";2024-11-11 07:00:00;91,40;5,92;
"K-B3 ACOEM SW 5";2024-11-11 06:00:00;91,57;5,85;
"K-B3 ACOEM SW 5";2024-11-11 05:00:00;91,78;5,83;
"K-B3 ACOEM SW 5";2024-11-11 04:00:00;92,33;5,94;
"K-B3 ACOEM SW 5";2024-11-11 03:00:00;92,67;5,81;
"K-B3 ACOEM SW 5";2024-11-11 02:00:00;92,74;5,75;
"K-B3 ACOEM SW 5";2024-11-11 01:00:00;93,36;5,68;
"K-B3 ACOEM SW 5";2024-11-11 00:00:00;94,31;5,52;
"K-B3 ACOEM SW 5";2024-11-10 23:00:00;94,08;5,42;
"K-B3 ACOEM SW 5";2024-11-10 22:00:00;93,92;5,27;
"K-B3 ACOEM SW 5";2024-11-10 21:00:00;94,03;5,26;
"K-B3 ACOEM SW 5";2024-11-10 20:00:00;94,45;5,26;
"K-B3 ACOEM SW 5";2024-11-10 19:00:00;94,92;5,13;
"K-B3 ACOEM SW 5";2024-11-10 18:00:00;95,51;5,01;
"K-B3 ACOEM SW 5";2024-11-10 17:00:00;95,29;5,11;
"K-B3 ACOEM SW 5";2024-11-10 16:00:00;95,04;5,23;
"K-B3 ACOEM SW 5";2024-11-10 15:00:00;94,65;5,45;
"K-B3 ACOEM SW 5";2024-11-10 14:00:00;95,38;5,57;
"K-B3 ACOEM SW 5";2024-11-10 13:00:00;96,04;5,52;
"K-B3 ACOEM SW 5";2024-11-10 12:00:00;96,37;5,41;
"K-B3 ACOEM SW 5";2024-11-10 11:00:00;96,41;5,44;
"K-B3 ACOEM SW 5";2024-11-10 10:00:00;96,21;5,58;
"K-B3 ACOEM SW 5";2024-11-10 09:00:00;96,18;5,65;
"K-B3 ACOEM SW 5";2024-11-10 08:00:00;96,28;5,83;
"K-B3 ACOEM SW 5";2024-11-10 07:00:00;96,44;6,06;
"K-B3 ACOEM SW 5";2024-11-10 06:00:00;96,04;6,07;
"K-B3 ACOEM SW 5";2024-11-10 05:00:00;95,34;6,24;
"K-B3 ACOEM SW 5";2024-11-10 04:00:00;91,84;6,49;
"K-B3 ACOEM SW 5";2024-11-10 03:00:00;87,90;6,90;
"K-B3 ACOEM SW 5";2024-11-10 02:00:00;84,79;7,26;
"K-B3 ACOEM SW 5";2024-11-10 01:00:00;81,83;7,43;
"K-B3 ACOEM SW 5";2024-11-10 00:00:00;89,06;7,09;
"K-B3 ACOEM SW 5";2024-11-09 23:00:00;86,06;7,62;
"K-B3 ACOEM SW 5";2024-11-09 22:00:00;87,32;7,59;
"K-B3 ACOEM SW 5";2024-11-09 21:00:00;85,73;7,70;
"K-B3 ACOEM SW 5";2024-11-09 20:00:00;85,34;7,55;
"K-B3 ACOEM SW 5";2024-11-09 19:00:00;89,90;7,02;
"K-B3 ACOEM SW 5";2024-11-09 18:00:00;91,17;7,27;
"K-B3 ACOEM SW 5";2024-11-09 17:00:00;89,52;7,65;
"K-B3 ACOEM SW 5";2024-11-09 16:00:00;88,16;8,04;
"K-B3 ACOEM SW 5";2024-11-09 15:00:00;84,09;8,43;
"K-B3 ACOEM SW 5";2024-11-09 14:00:00;84,98;8,44;
"K-B3 ACOEM SW 5";2024-11-09 13:00:00;87,12;8,47;
"K-B3 ACOEM SW 5";2024-11-09 12:00:00;88,35;8,82;
"K-B3 ACOEM SW 5";2024-11-09 11:00:00;87,43;9,06;
"K-B3 ACOEM SW 5";2024-11-09 10:00:00;87,41;8,93;
"K-B3 ACOEM SW 5";2024-11-09 09:00:00;87,18;8,97;
"K-B3 ACOEM SW 5";2024-11-09 08:00:00;88,63;8,72;
"K-B3 ACOEM SW 5";2024-11-09 07:00:00;87,51;8,77;
"K-B3 ACOEM SW 5";2024-11-09 06:00:00;88,15;8,72;
"K-B3 ACOEM SW 5";2024-11-09 05:00:00;88,16;8,72;
"K-B3 ACOEM SW 5";2024-11-09 04:00:00;86,88;8,83;
"K-B3 ACOEM SW 5";2024-11-09 03:00:00;88,88;8,87;
"K-B3 ACOEM SW 5";2024-11-09 02:00:00;90,37;9,24;
"K-B3 ACOEM SW 5";2024-11-09 01:00:00;91,91;9,32;
"K-B3 ACOEM SW 5";2024-11-09 00:00:00;92,07;9,42;
"K-B3 ACOEM SW 5";2024-11-08 23:00:00;93,17;9,36;
"K-B3 ACOEM SW 5";2024-11-08 22:00:00;93,28;9,20;
"K-B3 ACOEM SW 5";2024-11-08 21:00:00;92,57;9,19;
"K-B3 ACOEM SW 5";2024-11-08 20:00:00;92,92;9,07;
"K-B3 ACOEM SW 5";2024-11-08 19:00:00;93,09;9,00;
"K-B3 ACOEM SW 5";2024-11-08 18:00:00;92,86;8,96;
"K-B3 ACOEM SW 5";2024-11-08 17:00:00;92,18;8,80;
"K-B3 ACOEM SW 5";2024-11-08 16:00:00;91,46;8,80;
"K-B3 ACOEM SW 5";2024-11-08 15:00:00;90,31;8,85;
"K-B3 ACOEM SW 5";2024-11-08 14:00:00;88,84;8,98;
"K-B3 ACOEM SW 5";2024-11-08 13:00:00;89,53;8,56;
"K-B3 ACOEM SW 5";2024-11-08 12:00:00;89,93;8,34;
"K-B3 ACOEM SW 5";2024-11-08 11:00:00;89,47;8,21;
"K-B3 ACOEM SW 5";2024-11-08 10:00:00;90,47;7,89;
"K-B3 ACOEM SW 5";2024-11-08 09:00:00;90,94;7,64;
"K-B3 ACOEM SW 5";2024-11-08 08:00:00;90,37;7,78;
"K-B3 ACOEM SW 5";2024-11-08 07:00:00;90,57;7,70;
"K-B3 ACOEM SW 5";2024-11-08 06:00:00;90,60;7,63;
"K-B3 ACOEM SW 5";2024-11-08 05:00:00;90,40;7,63;
"K-B3 ACOEM SW 5";2024-11-08 04:00:00;90,88;7,50;
"K-B3 ACOEM SW 5";2024-11-08 03:00:00;91,10;7,39;
"K-B3 ACOEM SW 5";2024-11-08 02:00:00;90,86;7,38;
"K-B3 ACOEM SW 5";2024-11-08 01:00:00;89,65;7,60;
"K-B3 ACOEM SW 5";2024-11-08 00:00:00;89,41;7,55;
"K-B3 ACOEM SW 5";2024-11-07 23:00:00;89,72;7,46;
"K-B3 ACOEM SW 5";2024-11-07 22:00:00;90,19;7,13;
"K-B3 ACOEM SW 5";2024-11-07 21:00:00;90,78;6,84;
"K-B3 ACOEM SW 5";2024-11-07 20:00:00;90,01;6,98;
"K-B3 ACOEM SW 5";2024-11-07 19:00:00;87,67;7,41;
"K-B3 ACOEM SW 5";2024-11-07 18:00:00;84,50;8,34;
"K-B3 ACOEM SW 5";2024-11-07 17:00:00;81,63;9,30;
"K-B3 ACOEM SW 5";2024-11-07 16:00:00;75,37;10,49;
"K-B3 ACOEM SW 5";2024-11-07 15:00:00;69,57;11,71;
"K-B3 ACOEM SW 5";2024-11-07 14:00:00;62,47;12,05;
"K-B3 ACOEM SW 5";2024-11-07 13:00:00;64,79;11,12;
"K-B3 ACOEM SW 5";2024-11-07 12:00:00;68,41;10,63;
"K-B3 ACOEM SW 5";2024-11-07 11:00:00;80,56;8,41;
"K-B3 ACOEM SW 5";2024-11-07 10:00:00;90,25;5,76;
"K-B3 ACOEM SW 5";2024-11-07 09:00:00;94,24;4,19;
"K-B3 ACOEM SW 5";2024-11-07 08:00:00;94,13;4,19;
"K-B3 ACOEM SW 5";2024-11-07 07:00:00;94,21;4,26;
"K-B3 ACOEM SW 5";2024-11-07 06:00:00;93,96;4,62;
"K-B3 ACOEM SW 5";2024-11-07 05:00:00;94,75;5,30;
"K-B3 ACOEM SW 5";2024-11-07 04:00:00;95,61;5,63;
"K-B3 ACOEM SW 5";2024-11-07 03:00:00;94,67;5,53;
"K-B3 ACOEM SW 5";2024-11-07 02:00:00;93,44;5,78;
"K-B3 ACOEM SW 5";2024-11-07 01:00:00;90,20;6,24;
"K-B3 ACOEM SW 5";2024-11-07 00:00:00;87,61;7,00;
"K-B3 ACOEM SW 5";2024-11-06 23:00:00;85,21;7,86;
"K-B3 ACOEM SW 5";2024-11-06 22:00:00;83,57;8,48;
"K-B3 ACOEM SW 5";2024-11-06 21:00:00;83,09;8,75;
"K-B3 ACOEM SW 5";2024-11-06 20:00:00;85,59;8,57;
"K-B3 ACOEM SW 5";2024-11-06 19:00:00;86,65;8,68;
"K-B3 ACOEM SW 5";2024-11-06 18:00:00;84,12;9,26;
"K-B3 ACOEM SW 5";2024-11-06 17:00:00;80,82;10,25;
"K-B3 ACOEM SW 5";2024-11-06 16:00:00;80,12;10,92;
"K-B3 ACOEM SW 5";2024-11-06 15:00:00;79,16;11,19;
"K-B3 ACOEM SW 5";2024-11-06 14:00:00;81,35;11,36;
"K-B3 ACOEM SW 5";2024-11-06 13:00:00;82,06;10,90;
"K-B3 ACOEM SW 5";2024-11-06 12:00:00;85,53;10,01;
"K-B3 ACOEM SW 5";2024-11-06 11:00:00;89,06;9,08;
"K-B3 ACOEM SW 5";2024-11-06 10:00:00;90,94;8,26;
"K-B3 ACOEM SW 5";2024-11-06 09:00:00;91,65;7,64;
"K-B3 ACOEM SW 5";2024-11-06 08:00:00;92,89;7,03;
"K-B3 ACOEM SW 5";2024-11-06 07:00:00;95,50;6,11;
"K-B3 ACOEM SW 5";2024-11-06 06:00:00;96,31;4,22;
"K-B3 ACOEM SW 5";2024-11-06 05:00:00;94,99;2,75;
"K-B3 ACOEM SW 5";2024-11-06 04:00:00;95,00;2,85;
"K-B3 ACOEM SW 5";2024-11-06 03:00:00;95,26;3,58;
"K-B3 ACOEM SW 5";2024-11-06 02:00:00;95,45;3,87;
"K-B3 ACOEM SW 5";2024-11-06 01:00:00;94,89;4,17;
"K-B3 ACOEM SW 5";2024-11-06 00:00:00;94,88;4,72;
"K-B3 ACOEM SW 5";2024-11-05 23:00:00;94,52;5,27;
"K-B3 ACOEM SW 5";2024-11-05 22:00:00;94,65;6,03;
"K-B3 ACOEM SW 5";2024-11-05 21:00:00;94,44;6,38;
"K-B3 ACOEM SW 5";2024-11-05 20:00:00;93,61;6,37;
"K-B3 ACOEM SW 5";2024-11-05 19:00:00;93,53;6,16;
"K-B3 ACOEM SW 5";2024-11-05 18:00:00;92,30;6,30;
"K-B3 ACOEM SW 5";2024-11-05 17:00:00;89,31;7,37;
"K-B3 ACOEM SW 5";2024-11-05 16:00:00;85,41;8,65;
"K-B3 ACOEM SW 5";2024-11-05 15:00:00;84,01;8,90;
"K-B3 ACOEM SW 5";2024-11-05 14:00:00;82,70;9,31;
"K-B3 ACOEM SW 5";2024-11-05 13:00:00;83,10;9,17;
"K-B3 ACOEM SW 5";2024-11-05 12:00:00;85,65;7,92;
"K-B3 ACOEM SW 5";2024-11-05 11:00:00;89,97;6,22;
"K-B3 ACOEM SW 5";2024-11-05 10:00:00;95,83;4,12;
"K-B3 ACOEM SW 5";2024-11-05 09:00:00;95,23;2,91;
"K-B3 ACOEM SW 5";2024-11-05 08:00:00;95,37;3,18;
"K-B3 ACOEM SW 5";2024-11-05 07:00:00;95,65;3,22;
"K-B3 ACOEM SW 5";2024-11-05 06:00:00;94,81;3,38;
"K-B3 ACOEM SW 5";2024-11-05 05:00:00;94,31;3,89;
"K-B3 ACOEM SW 5";2024-11-05 04:00:00;94,44;4,45;
"K-B3 ACOEM SW 5";2024-11-05 03:00:00;94,92;4,82;
"K-B3 ACOEM SW 5";2024-11-05 02:00:00;94,86;5,17;
"K-B3 ACOEM SW 5";2024-11-05 01:00:00;94,48;5,70;
"K-B3 ACOEM SW 5";2024-11-05 00:00:00;94,26;6,43;
"K-B3 ACOEM SW 5";2024-11-04 23:00:00;94,28;7,05;
"K-B3 ACOEM SW 5";2024-11-04 22:00:00;92,79;7,69;
"K-B3 ACOEM SW 5";2024-11-04 21:00:00;93,68;8,60;
"K-B3 ACOEM SW 5";2024-11-04 20:00:00;93,61;9,18;
"K-B3 ACOEM SW 5";2024-11-04 19:00:00;93,49;9,36;
"K-B3 ACOEM SW 5";2024-11-04 18:00:00;92,09;9,61;
"K-B3 ACOEM SW 5";2024-11-04 17:00:00;86,26;10,82;
"K-B3 ACOEM SW 5";2024-11-04 16:00:00;79,53;12,25;
"K-B3 ACOEM SW 5";2024-11-04 15:00:00;70,63;14,34;
"K-B3 ACOEM SW 5";2024-11-04 14:00:00;65,55;15,25;
"K-B3 ACOEM SW 5";2024-11-04 13:00:00;71,01;13,66;
"K-B3 ACOEM SW 5";2024-11-04 12:00:00;73,96;12,33;
"K-B3 ACOEM SW 5";2024-11-04 11:00:00;80,98;9,68;
"K-B3 ACOEM SW 5";2024-11-04 10:00:00;88,05;7,28;
"K-B3 ACOEM SW 5";2024-11-04 09:00:00;89,85;6,43;
"K-B3 ACOEM SW 5";2024-11-04 08:00:00;89,28;6,58;
"K-B3 ACOEM SW 5";2024-11-04 07:00:00;88,59;6,84;
"K-B3 ACOEM SW 5";2024-11-04 06:00:00;86,91;7,30;
"K-B3 ACOEM SW 5";2024-11-04 05:00:00;85,52;7,93;
"K-B3 ACOEM SW 5";2024-11-04 04:00:00;85,51;8,11;
"K-B3 ACOEM SW 5";2024-11-04 03:00:00;84,79;8,25;
"K-B3 ACOEM SW 5";2024-11-04 02:00:00;83,33;8,89;
"K-B3 ACOEM SW 5";2024-11-04 01:00:00;81,35;9,69;
"K-B3 ACOEM SW 5";2024-11-04 00:00:00;77,44;10,86;
"K-B3 ACOEM SW 5";2024-11-03 23:00:00;73,85;11,87;
"K-B3 ACOEM SW 5";2024-11-03 22:00:00;69,38;13,06;
"K-B3 ACOEM SW 5";2024-11-03 21:00:00;64,20;14,52;
"K-B3 ACOEM SW 5";2024-11-03 20:00:00;62,40;15,20;
"K-B3 ACOEM SW 5";2024-11-03 19:00:00;62,82;15,34;
"K-B3 ACOEM SW 5";2024-11-03 18:00:00;64,27;15,22;
"K-B3 ACOEM SW 5";2024-11-03 17:00:00;66,58;15,00;
"K-B3 ACOEM SW 5";2024-11-03 16:00:00;67,78;14,75;
"K-B3 ACOEM SW 5";2024-11-03 15:00:00;69,48;14,30;
"K-B3 ACOEM SW 5";2024-11-03 14:00:00;69,41;14,12;
"K-B3 ACOEM SW 5";2024-11-03 13:00:00;71,62;13,49;
"K-B3 ACOEM SW 5";2024-11-03 12:00:00;72,48;13,06;
"K-B3 ACOEM SW 5";2024-11-03 11:00:00;71,99;12,78;
"K-B3 ACOEM SW 5";2024-11-03 10:00:00;71,35;12,61;
"K-B3 ACOEM SW 5";2024-11-03 09:00:00;72,10;12,57;
"K-B3 ACOEM SW 5";2024-11-03 08:00:00;77,57;12,42;
"K-B3 ACOEM SW 5";2024-11-03 07:00:00;80,26;12,26;
"K-B3 ACOEM SW 5";2024-11-03 06:00:00;82,05;11,95;
"K-B3 ACOEM SW 5";2024-11-03 05:00:00;82,85;11,59;
"K-B3 ACOEM SW 5";2024-11-03 04:00:00;84,25;11,20;
"K-B3 ACOEM SW 5";2024-11-03 03:00:00;88,84;10,21;
"K-B3 ACOEM SW 5";2024-11-03 02:00:00;91,53;9,04;
"K-B3 ACOEM SW 5";2024-11-03 01:00:00;86,50;7,56;
"K-B3 ACOEM SW 5";2024-11-03 00:00:00;80,33;6,77;
"K-B3 ACOEM SW 5";2024-11-02 23:00:00;76,14;6,46;
"K-B3 ACOEM SW 5";2024-11-02 22:00:00;72,04;6,43;
"K-B3 ACOEM SW 5";2024-11-02 21:00:00;69,84;6,33;
"K-B3 ACOEM SW 5";2024-11-02 20:00:00;67,24;6,21;
"K-B3 ACOEM SW 5";2024-11-02 19:00:00;64,03;5,86;
"K-B3 ACOEM SW 5";2024-11-02 18:00:00;61,87;5,64;
"K-B3 ACOEM SW 5";2024-11-02 17:00:00;57,63;5,75;
"K-B3 ACOEM SW 5";2024-11-02 16:00:00;53,95;6,19;
"K-B3 ACOEM SW 5";2024-11-02 15:00:00;53,48;6,66;
"K-B3 ACOEM SW 5";2024-11-02 14:00:00;50,07;7,27;
"K-B3 ACOEM SW 5";2024-11-02 13:00:00;48,77;7,10;
"K-B3 ACOEM SW 5";2024-11-02 12:00:00;55,74;5,54;
"K-B3 ACOEM SW 5";2024-11-02 11:00:00;63,16;3,37;
"K-B3 ACOEM SW 5";2024-11-02 10:00:00;66,54;1,89;
"K-B3 ACOEM SW 5";2024-11-02 09:00:00;67,48;1,15;
"K-B3 ACOEM SW 5";2024-11-02 08:00:00;68,22;0,77;
"K-B3 ACOEM SW 5";2024-11-02 07:00:00;65,43;1,26;
"K-B3 ACOEM SW 5";2024-11-02 06:00:00;62,65;1,53;
"K-B3 ACOEM SW 5";2024-11-02 05:00:00;59,73;2,29;
"K-B3 ACOEM SW 5";2024-11-02 04:00:00;56,67;2,91;
"K-B3 ACOEM SW 5";2024-11-02 03:00:00;54,92;3,20;
"K-B3 ACOEM SW 5";2024-11-02 02:00:00;54,85;3,35;
"K-B3 ACOEM SW 5";2024-11-02 01:00:00;54,08;3,72;
"K-B3 ACOEM SW 5";2024-11-02 00:00:00;53,87;3,96;
"K-B3 ACOEM SW 5";2024-11-01 23:00:00;53,61;4,39;
"K-B3 ACOEM SW 5";2024-11-01 22:00:00;53,12;4,64;
"K-B3 ACOEM SW 5";2024-11-01 21:00:00;50,87;5,06;
"K-B3 ACOEM SW 5";2024-11-01 20:00:00;50,56;5,66;
"K-B3 ACOEM SW 5";2024-11-01 19:00:00;47,23;6,42;
"K-B3 ACOEM SW 5";2024-11-01 18:00:00;42,26;7,43;
"K-B3 ACOEM SW 5";2024-11-01 17:00:00;41,99;8,54;
"K-B3 ACOEM SW 5";2024-11-01 16:00:00;43,91;9,55;
"K-B3 ACOEM SW 5";2024-11-01 15:00:00;48,41;10,62;
"K-B3 ACOEM SW 5";2024-11-01 14:00:00;49,09;12,18;
"K-B3 ACOEM SW 5";2024-11-01 13:00:00;53,47;11,76;
"K-B3 ACOEM SW 5";2024-11-01 12:00:00;54,81;12,66;
"K-B3 ACOEM SW 5";2024-11-01 11:00:00;61,24;12,48;
"K-B3 ACOEM SW 5";2024-11-01 10:00:00;65,52;12,11;
"K-B3 ACOEM SW 5";2024-11-01 09:00:00;66,26;12,10;
"K-B3 ACOEM SW 5";2024-11-01 08:00:00;63,64;13,35;
"K-B3 ACOEM SW 5";2024-11-01 07:00:00;68,72;14,42;
"K-B3 ACOEM SW 5";2024-11-01 06:00:00;71,41;14,76;
"K-B3 ACOEM SW 5";2024-11-01 05:00:00;70,97;15,11;
"K-B3 ACOEM SW 5";2024-11-01 04:00:00;71,81;15,32;
"K-B3 ACOEM SW 5";2024-11-01 03:00:00;73,13;15,24;
"K-B3 ACOEM SW 5";2024-11-01 02:00:00;73,73;14,87;
"K-B3 ACOEM SW 5";2024-11-01 01:00:00;75,24;14,42;
"K-B3 ACOEM SW 5";2024-11-01 00:00:00;76,65;14,26;
"K-B3 ACOEM SW 5";2024-10-31 23:00:00;78,26;14,15;
"K-B3 ACOEM SW 5";2024-10-31 22:00:00;77,90;14,21;
"K-B3 ACOEM SW 5";2024-10-31 21:00:00;78,36;13,95;
"K-B3 ACOEM SW 5";2024-10-31 20:00:00;78,83;13,76;
"K-B3 ACOEM SW 5";2024-10-31 19:00:00;78,65;13,88;
"K-B3 ACOEM SW 5";2024-10-31 18:00:00;78,04;13,99;
"K-B3 ACOEM SW 5";2024-10-31 17:00:00;77,27;14,21;
"K-B3 ACOEM SW 5";2024-10-31 16:00:00;73,88;15,00;
"K-B3 ACOEM SW 5";2024-10-31 15:00:00;72,10;15,45;
"K-B3 ACOEM SW 5";2024-10-31 14:00:00;72,28;15,51;
"K-B3 ACOEM SW 5";2024-10-31 13:00:00;72,75;15,34;
"K-B3 ACOEM SW 5";2024-10-31 12:00:00;76,13;14,41;
"K-B3 ACOEM SW 5";2024-10-31 11:00:00;81,17;13,25;
"K-B3 ACOEM SW 5";2024-10-31 10:00:00;84,10;12,33;
"K-B3 ACOEM SW 5";2024-10-31 09:00:00;83,92;11,90;
"K-B3 ACOEM SW 5";2024-10-31 08:00:00;85,45;11,54;
"K-B3 ACOEM SW 5";2024-10-31 07:00:00;85,03;11,22;
"K-B3 ACOEM SW 5";2024-10-31 06:00:00;84,51;10,68;
"K-B3 ACOEM SW 5";2024-10-31 05:00:00;85,28;10,33;
"K-B3 ACOEM SW 5";2024-10-31 04:00:00;80,98;10,32;
"K-B3 ACOEM SW 5";2024-10-31 03:00:00;79,91;10,01;
"K-B3 ACOEM SW 5";2024-10-31 02:00:00;78,47;9,55;
"K-B3 ACOEM SW 5";2024-10-31 01:00:00;76,81;9,16;
"K-B3 ACOEM SW 5";2024-10-31 00:00:00;75,63;8,97;
"K-B3 ACOEM SW 5";2024-10-30 23:00:00;74,50;9,01;
"K-B3 ACOEM SW 5";2024-10-30 22:00:00;71,94;9,11;
"K-B3 ACOEM SW 5";2024-10-30 21:00:00;70,99;9,14;
"K-B3 ACOEM SW 5";2024-10-30 20:00:00;69,92;9,49;
"K-B3 ACOEM SW 5";2024-10-30 19:00:00;68,03;10,04;
"K-B3 ACOEM SW 5";2024-10-30 18:00:00;64,35;10,63;
"K-B3 ACOEM SW 5";2024-10-30 17:00:00;59,61;11,85;
"K-B3 ACOEM SW 5";2024-10-30 16:00:00;55,46;13,16;
"K-B3 ACOEM SW 5";2024-10-30 15:00:00;53,98;13,91;
"K-B3 ACOEM SW 5";2024-10-30 14:00:00;59,69;13,02;
"K-B3 ACOEM SW 5";2024-10-30 13:00:00;64,73;11,36;
"K-B3 ACOEM SW 5";2024-10-30 12:00:00;68,47;10,71;
"K-B3 ACOEM SW 5";2024-10-30 11:00:00;73,69;9,15;
"K-B3 ACOEM SW 5";2024-10-30 10:00:00;75,20;8,46;
"K-B3 ACOEM SW 5";2024-10-30 09:00:00;78,33;7,95;
"K-B3 ACOEM SW 5";2024-10-30 08:00:00;79,46;8,07;
"K-B3 ACOEM SW 5";2024-10-30 07:00:00;78,97;8,18;
"K-B3 ACOEM SW 5";2024-10-30 06:00:00;78,40;8,31;
"K-B3 ACOEM SW 5";2024-10-30 05:00:00;76,81;8,59;
"K-B3 ACOEM SW 5";2024-10-30 04:00:00;75,15;9,23;
"K-B3 ACOEM SW 5";2024-10-30 03:00:00;75,56;10,08;
"K-B3 ACOEM SW 5";2024-10-30 02:00:00;83,45;10,30;
"K-B3 ACOEM SW 5";2024-10-30 01:00:00;88,94;10,20;
"K-B3 ACOEM SW 5";2024-10-30 00:00:00;87,88;10,48;
"K-B3 ACOEM SW 5";2024-10-29 23:00:00;88,09;10,51;
"K-B3 ACOEM SW 5";2024-10-29 22:00:00;87,75;10,30;
"K-B3 ACOEM SW 5";2024-10-29 21:00:00;88,73;9,58;
"K-B3 ACOEM SW 5";2024-10-29 20:00:00;88,85;9,31;
"K-B3 ACOEM SW 5";2024-10-29 19:00:00;87,44;9,44;
"K-B3 ACOEM SW 5";2024-10-29 18:00:00;85,42;9,64;
"K-B3 ACOEM SW 5";2024-10-29 17:00:00;83,40;10,27;
"K-B3 ACOEM SW 5";2024-10-29 16:00:00;81,32;10,97;
"K-B3 ACOEM SW 5";2024-10-29 15:00:00;82,96;10,67;
"K-B3 ACOEM SW 5";2024-10-29 14:00:00;82,94;10,28;
"K-B3 ACOEM SW 5";2024-10-29 13:00:00;80,76;10,32;
"K-B3 ACOEM SW 5";2024-10-29 12:00:00;81,14;9,58;
"K-B3 ACOEM SW 5";2024-10-29 11:00:00;81,68;9,15;
"K-B3 ACOEM SW 5";2024-10-29 10:00:00;86,92;7,54;
"K-B3 ACOEM SW 5";2024-10-29 09:00:00;90,29;6,40;
"K-B3 ACOEM SW 5";2024-10-29 08:00:00;90,84;6,06;
"K-B3 ACOEM SW 5";2024-10-29 07:00:00;90,98;5,82;
"K-B3 ACOEM SW 5";2024-10-29 06:00:00;92,18;5,48;
"K-B3 ACOEM SW 5";2024-10-29 05:00:00;94,13;5,23;
"K-B3 ACOEM SW 5";2024-10-29 04:00:00;94,10;5,49;
"K-B3 ACOEM SW 5";2024-10-29 03:00:00;93,62;5,83;
"K-B3 ACOEM SW 5";2024-10-29 02:00:00;93,12;6,32;
"K-B3 ACOEM SW 5";2024-10-29 01:00:00;92,81;6,94;
"K-B3 ACOEM SW 5";2024-10-29 00:00:00;91,36;7,63;
"K-B3 ACOEM SW 5";2024-10-28 23:00:00;91,75;7,87;
"K-B3 ACOEM SW 5";2024-10-28 22:00:00;91,56;8,05;
"K-B3 ACOEM SW 5";2024-10-28 21:00:00;91,46;8,44;
"K-B3 ACOEM SW 5";2024-10-28 20:00:00;92,59;8,84;
"K-B3 ACOEM SW 5";2024-10-28 19:00:00;90,45;9,50;
"K-B3 ACOEM SW 5";2024-10-28 18:00:00;86,00;10,61;
"K-B3 ACOEM SW 5";2024-10-28 17:00:00;79,60;12,54;
"K-B3 ACOEM SW 5";2024-10-28 16:00:00;72,99;13,89;
"K-B3 ACOEM SW 5";2024-10-28 15:00:00;74,55;13,31;
"K-B3 ACOEM SW 5";2024-10-28 14:00:00;75,70;13,07;
"K-B3 ACOEM SW 5";2024-10-28 13:00:00;76,34;12,65;
"K-B3 ACOEM SW 5";2024-10-28 12:00:00;76,86;12,32;
"K-B3 ACOEM SW 5";2024-10-28 11:00:00;81,21;11,21;
"K-B3 ACOEM SW 5";2024-10-28 10:00:00;88,22;9,00;
"K-B3 ACOEM SW 5";2024-10-28 09:00:00;88,56;8,70;
"K-B3 ACOEM SW 5";2024-10-28 08:00:00;88,22;8,49;
"K-B3 ACOEM SW 5";2024-10-28 07:00:00;84,81;8,34;
"K-B3 ACOEM SW 5";2024-10-28 06:00:00;84,27;8,20;
"K-B3 ACOEM SW 5";2024-10-28 05:00:00;86,09;8,00;
"K-B3 ACOEM SW 5";2024-10-28 04:00:00;86,75;7,70;
"K-B3 ACOEM SW 5";2024-10-28 03:00:00;84,75;7,73;
"K-B3 ACOEM SW 5";2024-10-28 02:00:00;81,99;7,76;
"K-B3 ACOEM SW 5";2024-10-28 01:00:00;80,43;7,51;
"K-B3 ACOEM SW 5";2024-10-28 00:00:00;79,45;7,58;
"K-B3 ACOEM SW 5";2024-10-27 23:00:00;78,76;7,54;
"K-B3 ACOEM SW 5";2024-10-27 22:00:00;78,72;7,72;
"K-B3 ACOEM SW 5";2024-10-27 21:00:00;80,86;7,59;
"K-B3 ACOEM SW 5";2024-10-27 20:00:00;78,60;7,84;
"K-B3 ACOEM SW 5";2024-10-27 19:00:00;74,84;8,38;
"K-B3 ACOEM SW 5";2024-10-27 18:00:00;72,15;9,00;
"K-B3 ACOEM SW 5";2024-10-27 17:00:00;66,11;10,37;
"K-B3 ACOEM SW 5";2024-10-27 16:00:00;62,81;11,30;
"K-B3 ACOEM SW 5";2024-10-27 15:00:00;62,87;11,68;
"K-B3 ACOEM SW 5";2024-10-27 14:00:00;63,07;11,77;
"K-B3 ACOEM SW 5";2024-10-27 13:00:00;65,47;11,67;
"K-B3 ACOEM SW 5";2024-10-27 12:00:00;70,08;11,77;
"K-B3 ACOEM SW 5";2024-10-27 11:00:00;80,43;11,46;
"K-B3 ACOEM SW 5";2024-10-27 10:00:00;92,24;11,03;
"K-B3 ACOEM SW 5";2024-10-27 09:00:00;95,03;10,86;
"K-B3 ACOEM SW 5";2024-10-27 08:00:00;95,46;10,34;
"K-B3 ACOEM SW 5";2024-10-27 07:00:00;94,37;10,46;
"K-B3 ACOEM SW 5";2024-10-27 06:00:00;95,20;10,79;
"K-B3 ACOEM SW 5";2024-10-27 05:00:00;94,55;11,41;
"K-B3 ACOEM SW 5";2024-10-27 04:00:00;94,99;11,99;
"K-B3 ACOEM SW 5";2024-10-27 03:00:00;95,92;12,11;
"K-B3 ACOEM SW 5";2024-10-27 02:00:00;95,31;12,01;
"K-B3 ACOEM SW 5";2024-10-27 01:00:00;93,13;12,13;
"K-B3 ACOEM SW 5";2024-10-27 00:00:00;92,67;12,36;
"K-B3 ACOEM SW 5";2024-10-26 23:00:00;93,77;12,32;
"K-B3 ACOEM SW 5";2024-10-26 22:00:00;93,99;12,13;
"K-B3 ACOEM SW 5";2024-10-26 21:00:00;93,33;11,91;
"K-B3 ACOEM SW 5";2024-10-26 20:00:00;91,56;11,70;
"K-B3 ACOEM SW 5";2024-10-26 19:00:00;90,39;11,54;
"K-B3 ACOEM SW 5";2024-10-26 18:00:00;87,27;11,56;
"K-B3 ACOEM SW 5";2024-10-26 17:00:00;84,22;11,99;
"K-B3 ACOEM SW 5";2024-10-26 16:00:00;83,36;11,89;
"K-B3 ACOEM SW 5";2024-10-26 15:00:00;78,46;12,16;
"K-B3 ACOEM SW 5";2024-10-26 14:00:00;77,11;12,46;
"K-B3 ACOEM SW 5";2024-10-26 13:00:00;78,81;12,10;
"K-B3 ACOEM SW 5";2024-10-26 12:00:00;86,92;9,49;
"K-B3 ACOEM SW 5";2024-10-26 11:00:00;92,04;7,36;
"K-B3 ACOEM SW 5";2024-10-26 10:00:00;94,78;6,09;
"K-B3 ACOEM SW 5";2024-10-26 09:00:00;93,50;5,66;
"K-B3 ACOEM SW 5";2024-10-26 08:00:00;93,16;5,80;
"K-B3 ACOEM SW 5";2024-10-26 07:00:00;92,61;6,27;
"K-B3 ACOEM SW 5";2024-10-26 06:00:00;93,58;6,37;
"K-B3 ACOEM SW 5";2024-10-26 05:00:00;94,25;6,39;
"K-B3 ACOEM SW 5";2024-10-26 04:00:00;95,13;6,70;
"K-B3 ACOEM SW 5";2024-10-26 03:00:00;94,60;7,20;
"K-B3 ACOEM SW 5";2024-10-26 02:00:00;93,44;7,95;
"K-B3 ACOEM SW 5";2024-10-26 01:00:00;93,28;8,78;
"K-B3 ACOEM SW 5";2024-10-26 00:00:00;93,38;9,58;
"K-B3 ACOEM SW 5";2024-10-25 23:00:00;93,25;10,22;
"K-B3 ACOEM SW 5";2024-10-25 22:00:00;92,70;10,44;
"K-B3 ACOEM SW 5";2024-10-25 21:00:00;93,06;10,47;
"K-B3 ACOEM SW 5";2024-10-25 20:00:00;93,62;10,57;
"K-B3 ACOEM SW 5";2024-10-25 19:00:00;93,22;10,83;
"K-B3 ACOEM SW 5";2024-10-25 18:00:00;93,24;10,95;
"K-B3 ACOEM SW 5";2024-10-25 17:00:00;91,19;11,32;
"K-B3 ACOEM SW 5";2024-10-25 16:00:00;87,68;12,03;
"K-B3 ACOEM SW 5";2024-10-25 15:00:00;86,57;11,97;
"K-B3 ACOEM SW 5";2024-10-25 14:00:00;86,28;12,00;
"K-B3 ACOEM SW 5";2024-10-25 13:00:00;85,83;11,87;
"K-B3 ACOEM SW 5";2024-10-25 12:00:00;86,87;11,34;
"K-B3 ACOEM SW 5";2024-10-25 11:00:00;87,10;11,09;
"K-B3 ACOEM SW 5";2024-10-25 10:00:00;86,55;10,98;
"K-B3 ACOEM SW 5";2024-10-25 09:00:00;85,70;11,09;
"K-B3 ACOEM SW 5";2024-10-25 08:00:00;84,81;11,19;
"K-B3 ACOEM SW 5";2024-10-25 07:00:00;84,24;11,23;
"K-B3 ACOEM SW 5";2024-10-25 06:00:00;83,55;11,24;
"K-B3 ACOEM SW 5";2024-10-25 05:00:00;83,53;11,20;
"K-B3 ACOEM SW 5";2024-10-25 04:00:00;83,41;11,09;
"K-B3 ACOEM SW 5";2024-10-25 03:00:00;85,61;10,93;
"K-B3 ACOEM SW 5";2024-10-25 02:00:00;87,24;11,09;
"K-B3 ACOEM SW 5";2024-10-25 01:00:00;87,63;11,43;
"K-B3 ACOEM SW 5";2024-10-25 00:00:00;86,69;11,85;
"K-B3 ACOEM SW 5";2024-10-24 23:00:00;85,11;11,91;
"K-B3 ACOEM SW 5";2024-10-24 22:00:00;86,58;11,77;
"K-B3 ACOEM SW 5";2024-10-24 21:00:00;88,14;12,01;
"K-B3 ACOEM SW 5";2024-10-24 20:00:00;89,36;12,56;
"K-B3 ACOEM SW 5";2024-10-24 19:00:00;90,02;12,79;
"K-B3 ACOEM SW 5";2024-10-24 18:00:00;89,51;13,17;
"K-B3 ACOEM SW 5";2024-10-24 17:00:00;83,28;13,92;
"K-B3 ACOEM SW 5";2024-10-24 16:00:00;81,20;14,56;
"K-B3 ACOEM SW 5";2024-10-24 15:00:00;86,22;14,04;
"K-B3 ACOEM SW 5";2024-10-24 14:00:00;87,93;13,99;
"K-B3 ACOEM SW 5";2024-10-24 13:00:00;91,75;13,37;
"K-B3 ACOEM SW 5";2024-10-24 12:00:00;90,80;12,88;
"K-B3 ACOEM SW 5";2024-10-24 11:00:00;91,47;12,29;
"K-B3 ACOEM SW 5";2024-10-24 10:00:00;91,59;11,87;
"K-B3 ACOEM SW 5";2024-10-24 09:00:00;89,33;11,65;
"K-B3 ACOEM SW 5";2024-10-24 08:00:00;85,89;11,82;
"K-B3 ACOEM SW 5";2024-10-24 07:00:00;83,75;11,90;
"K-B3 ACOEM SW 5";2024-10-24 06:00:00;85,52;11,83;
"K-B3 ACOEM SW 5";2024-10-24 05:00:00;85,32;11,82;
"K-B3 ACOEM SW 5";2024-10-24 04:00:00;88,55;11,65;
"K-B3 ACOEM SW 5";2024-10-24 03:00:00;90,55;11,33;
"K-B3 ACOEM SW 5";2024-10-24 02:00:00;90,43;11,02;
"K-B3 ACOEM SW 5";2024-10-24 01:00:00;91,05;10,68;
"K-B3 ACOEM SW 5";2024-10-24 00:00:00;90,09;10,28;
"K-B3 ACOEM SW 5";2024-10-23 23:00:00;88,10;10,60;
"K-B3 ACOEM SW 5";2024-10-23 22:00:00;86,06;11,04;
"K-B3 ACOEM SW 5";2024-10-23 21:00:00;84,08;11,46;
"K-B3 ACOEM SW 5";2024-10-23 20:00:00;82,22;12,00;
"K-B3 ACOEM SW 5";2024-10-23 19:00:00;80,43;12,43;
"K-B3 ACOEM SW 5";2024-10-23 18:00:00;77,21;12,93;
"K-B3 ACOEM SW 5";2024-10-23 17:00:00;74,70;13,14;
"K-B3 ACOEM SW 5";2024-10-23 16:00:00;72,71;13,35;
"K-B3 ACOEM SW 5";2024-10-23 15:00:00;70,25;13,61;
"K-B3 ACOEM SW 5";2024-10-23 14:00:00;69,66;13,36;
"K-B3 ACOEM SW 5";2024-10-23 13:00:00;72,05;12,48;
"K-B3 ACOEM SW 5";2024-10-23 12:00:00;76,29;11,68;
"K-B3 ACOEM SW 5";2024-10-23 11:00:00;80,59;10,89;
"K-B3 ACOEM SW 5";2024-10-23 10:00:00;84,90;9,17;
"K-B3 ACOEM SW 5";2024-10-23 09:00:00;84,07;8,56;
"K-B3 ACOEM SW 5";2024-10-23 08:00:00;82,22;8,75;
"K-B3 ACOEM SW 5";2024-10-23 07:00:00;81,96;8,42;
"K-B3 ACOEM SW 5";2024-10-23 06:00:00;82,41;8,03;
"K-B3 ACOEM SW 5";2024-10-23 05:00:00;82,73;7,76;
"K-B3 ACOEM SW 5";2024-10-23 04:00:00;81,61;7,83;
"K-B3 ACOEM SW 5";2024-10-23 03:00:00;81,04;8,06;
"K-B3 ACOEM SW 5";2024-10-23 02:00:00;78,55;8,25;
"K-B3 ACOEM SW 5";2024-10-23 01:00:00;74,55;8,80;
"K-B3 ACOEM SW 5";2024-10-23 00:00:00;73,92;9,41;
"K-B3 ACOEM SW 5";2024-10-22 23:00:00;74,01;9,82;
"K-B3 ACOEM SW 5";2024-10-22 22:00:00;73,50;10,26;
"K-B3 ACOEM SW 5";2024-10-22 21:00:00;78,64;10,28;
"K-B3 ACOEM SW 5";2024-10-22 20:00:00;81,80;10,47;
"K-B3 ACOEM SW 5";2024-10-22 19:00:00;78,56;11,22;
"K-B3 ACOEM SW 5";2024-10-22 18:00:00;74,05;12,52;
"K-B3 ACOEM SW 5";2024-10-22 17:00:00;70,60;14,07;
"K-B3 ACOEM SW 5";2024-10-22 16:00:00;70,74;14,16;
"K-B3 ACOEM SW 5";2024-10-22 15:00:00;74,86;13,58;
"K-B3 ACOEM SW 5";2024-10-22 14:00:00;75,45;13,36;
"K-B3 ACOEM SW 5";2024-10-22 13:00:00;76,06;13,82;
"K-B3 ACOEM SW 5";2024-10-22 12:00:00;84,33;12,66;
"K-B3 ACOEM SW 5";2024-10-22 11:00:00;86,92;11,91;
"K-B3 ACOEM SW 5";2024-10-22 10:00:00;91,07;10,82;
"K-B3 ACOEM SW 5";2024-10-22 09:00:00;92,88;10,43;
"K-B3 ACOEM SW 5";2024-10-22 08:00:00;93,80;10,13;
"K-B3 ACOEM SW 5";2024-10-22 07:00:00;93,24;10,09;
"K-B3 ACOEM SW 5";2024-10-22 06:00:00;93,96;9,89;
"K-B3 ACOEM SW 5";2024-10-22 05:00:00;94,66;9,73;
"K-B3 ACOEM SW 5";2024-10-22 04:00:00;94,78;9,43;
"K-B3 ACOEM SW 5";2024-10-22 03:00:00;94,59;9,04;
"K-B3 ACOEM SW 5";2024-10-22 02:00:00;92,72;8,72;
"K-B3 ACOEM SW 5";2024-10-22 01:00:00;90,95;8,87;
"K-B3 ACOEM SW 5";2024-10-22 00:00:00;89,82;9,17;
"K-B3 ACOEM SW 5";2024-10-21 23:00:00;88,64;9,42;
"K-B3 ACOEM SW 5";2024-10-21 22:00:00;86,96;9,56;
"K-B3 ACOEM SW 5";2024-10-21 21:00:00;82,05;10,11;
"K-B3 ACOEM SW 5";2024-10-21 20:00:00;79,79;11,04;
"K-B3 ACOEM SW 5";2024-10-21 19:00:00;77,31;11,82;
"K-B3 ACOEM SW 5";2024-10-21 18:00:00;74,02;12,79;
"K-B3 ACOEM SW 5";2024-10-21 17:00:00;71,66;13,92;
"K-B3 ACOEM SW 5";2024-10-21 16:00:00;71,88;14,35;
"K-B3 ACOEM SW 5";2024-10-21 15:00:00;72,57;14,88;
"K-B3 ACOEM SW 5";2024-10-21 14:00:00;76,51;14,73;
"K-B3 ACOEM SW 5";2024-10-21 13:00:00;81,81;14,01;
"K-B3 ACOEM SW 5";2024-10-21 12:00:00;83,38;13,83;
"K-B3 ACOEM SW 5";2024-10-21 11:00:00;85,00;13,24;
"K-B3 ACOEM SW 5";2024-10-21 10:00:00;88,79;12,62;
"K-B3 ACOEM SW 5";2024-10-21 09:00:00;83,91;13,15;
"K-B3 ACOEM SW 5";2024-10-21 08:00:00;82,51;13,35;
"K-B3 ACOEM SW 5";2024-10-21 07:00:00;86,68;12,95;
"K-B3 ACOEM SW 5";2024-10-21 06:00:00;84,76;13,32;
"K-B3 ACOEM SW 5";2024-10-21 05:00:00;86,69;13,28;
"K-B3 ACOEM SW 5";2024-10-21 04:00:00;89,64;13,69;
"K-B3 ACOEM SW 5";2024-10-21 03:00:00;91,88;13,90;
"K-B3 ACOEM SW 5";2024-10-21 02:00:00;94,93;13,90;
"K-B3 ACOEM SW 5";2024-10-21 01:00:00;97,55;13,59;
"K-B3 ACOEM SW 5";2024-10-21 00:00:00;98,33;12,83;
"K-B3 ACOEM SW 5";2024-10-20 23:00:00;97,25;12,88;
"K-B3 ACOEM SW 5";2024-10-20 22:00:00;97,11;12,93;
"K-B3 ACOEM SW 5";2024-10-20 21:00:00;97,93;13,00;
"K-B3 ACOEM SW 5";2024-10-20 20:00:00;98,29;13,01;
"K-B3 ACOEM SW 5";2024-10-20 19:00:00;98,81;12,90;
"K-B3 ACOEM SW 5";2024-10-20 18:00:00;97,52;12,75;
"K-B3 ACOEM SW 5";2024-10-20 17:00:00;93,89;12,77;
"K-B3 ACOEM SW 5";2024-10-20 16:00:00;91,23;12,72;
"K-B3 ACOEM SW 5";2024-10-20 15:00:00;92,78;12,30;
"K-B3 ACOEM SW 5";2024-10-20 14:00:00;94,27;12,06;
"K-B3 ACOEM SW 5";2024-10-20 13:00:00;94,72;12,58;
"K-B3 ACOEM SW 5";2024-10-20 12:00:00;96,05;13,12;
"K-B3 ACOEM SW 5";2024-10-20 11:00:00;97,21;13,09;
"K-B3 ACOEM SW 5";2024-10-20 10:00:00;97,63;12,94;
"K-B3 ACOEM SW 5";2024-10-20 09:00:00;98,29;12,89;
"K-B3 ACOEM SW 5";2024-10-20 08:00:00;98,66;12,75;
"K-B3 ACOEM SW 5";2024-10-20 07:00:00;97,97;12,23;
"K-B3 ACOEM SW 5";2024-10-20 06:00:00;96,07;11,76;
"K-B3 ACOEM SW 5";2024-10-20 05:00:00;96,24;11,68;
"K-B3 ACOEM SW 5";2024-10-20 04:00:00;96,59;12,16;
"K-B3 ACOEM SW 5";2024-10-20 03:00:00;97,98;12,39;
"K-B3 ACOEM SW 5";2024-10-20 02:00:00;98,20;12,45;
"K-B3 ACOEM SW 5";2024-10-20 01:00:00;98,26;12,45;
"K-B3 ACOEM SW 5";2024-10-20 00:00:00;98,17;12,36;
"K-B3 ACOEM SW 5";2024-10-19 23:00:00;97,91;12,33;
"K-B3 ACOEM SW 5";2024-10-19 22:00:00;97,75;12,38;
"K-B3 ACOEM SW 5";2024-10-19 21:00:00;97,95;12,30;
"K-B3 ACOEM SW 5";2024-10-19 20:00:00;97,45;12,32;
"K-B3 ACOEM SW 5";2024-10-19 19:00:00;97,28;12,30;
"K-B3 ACOEM SW 5";2024-10-19 18:00:00;96,05;12,58;
"K-B3 ACOEM SW 5";2024-10-19 17:00:00;95,88;12,64;
"K-B3 ACOEM SW 5";2024-10-19 16:00:00;95,42;12,72;
"K-B3 ACOEM SW 5";2024-10-19 15:00:00;94,86;12,87;
"K-B3 ACOEM SW 5";2024-10-19 14:00:00;95,00;12,91;
"K-B3 ACOEM SW 5";2024-10-19 13:00:00;96,00;12,75;
"K-B3 ACOEM SW 5";2024-10-19 12:00:00;96,26;12,59;
"K-B3 ACOEM SW 5";2024-10-19 11:00:00;96,36;12,50;
"K-B3 ACOEM SW 5";2024-10-19 10:00:00;96,67;12,69;
"K-B3 ACOEM SW 5";2024-10-19 09:00:00;97,30;13,05;
"K-B3 ACOEM SW 5";2024-10-19 08:00:00;97,22;13,21;
"K-B3 ACOEM SW 5";2024-10-19 07:00:00;97,66;13,11;
"K-B3 ACOEM SW 5";2024-10-19 06:00:00;97,56;13,01;
"K-B3 ACOEM SW 5";2024-10-19 05:00:00;97,87;12,99;
"K-B3 ACOEM SW 5";2024-10-19 04:00:00;98,40;12,80;
"K-B3 ACOEM SW 5";2024-10-19 03:00:00;97,71;12,46;
"K-B3 ACOEM SW 5";2024-10-19 02:00:00;97,47;12,15;
"K-B3 ACOEM SW 5";2024-10-19 01:00:00;97,14;12,11;
"K-B3 ACOEM SW 5";2024-10-19 00:00:00;96,75;12,14;
"K-B3 ACOEM SW 5";2024-10-18 23:00:00;96,68;12,17;
"K-B3 ACOEM SW 5";2024-10-18 22:00:00;97,41;11,99;
"K-B3 ACOEM SW 5";2024-10-18 21:00:00;96,80;11,87;
"K-B3 ACOEM SW 5";2024-10-18 20:00:00;95,91;12,00;
"K-B3 ACOEM SW 5";2024-10-18 19:00:00;96,06;11,93;
"K-B3 ACOEM SW 5";2024-10-18 18:00:00;96,24;11,81;
"K-B3 ACOEM SW 5";2024-10-18 17:00:00;96,08;11,89;
"K-B3 ACOEM SW 5";2024-10-18 16:00:00;96,31;11,68;
"K-B3 ACOEM SW 5";2024-10-18 15:00:00;96,15;11,60;
"K-B3 ACOEM SW 5";2024-10-18 14:00:00;95,90;11,62;
"K-B3 ACOEM SW 5";2024-10-18 13:00:00;95,70;11,55;
"K-B3 ACOEM SW 5";2024-10-18 12:00:00;95,01;11,52;
"K-B3 ACOEM SW 5";2024-10-18 11:00:00;94,46;11,26;
"K-B3 ACOEM SW 5";2024-10-18 10:00:00;93,68;11,17;
"K-B3 ACOEM SW 5";2024-10-18 09:00:00;93,05;11,33;
"K-B3 ACOEM SW 5";2024-10-18 08:00:00;93,55;11,36;
"K-B3 ACOEM SW 5";2024-10-18 07:00:00;94,59;11,10;
"K-B3 ACOEM SW 5";2024-10-18 06:00:00;94,20;11,18;
"K-B3 ACOEM SW 5";2024-10-18 05:00:00;93,41;11,34;
"K-B3 ACOEM SW 5";2024-10-18 04:00:00;93,08;11,51;
"K-B3 ACOEM SW 5";2024-10-18 03:00:00;93,01;11,55;
"K-B3 ACOEM SW 5";2024-10-18 02:00:00;93,12;11,51;
"K-B3 ACOEM SW 5";2024-10-18 01:00:00;93,24;11,51;
"K-B3 ACOEM SW 5";2024-10-18 00:00:00;93,12;11,59;
"K-B3 ACOEM SW 5";2024-10-17 23:00:00;92,81;11,70;
"K-B3 ACOEM SW 5";2024-10-17 22:00:00;92,42;11,76;
"K-B3 ACOEM SW 5";2024-10-17 21:00:00;90,86;12,05;
"K-B3 ACOEM SW 5";2024-10-17 20:00:00;89,96;12,00;
"K-B3 ACOEM SW 5";2024-10-17 19:00:00;90,16;11,90;
"K-B3 ACOEM SW 5";2024-10-17 18:00:00;90,25;11,85;
"K-B3 ACOEM SW 5";2024-10-17 17:00:00;87,36;12,20;
"K-B3 ACOEM SW 5";2024-10-17 16:00:00;85,17;12,36;
"K-B3 ACOEM SW 5";2024-10-17 15:00:00;85,78;12,31;
"K-B3 ACOEM SW 5";2024-10-17 14:00:00;83,91;12,44;
"K-B3 ACOEM SW 5";2024-10-17 13:00:00;82,87;12,45;
"K-B3 ACOEM SW 5";2024-10-17 12:00:00;83,13;12,25;
"K-B3 ACOEM SW 5";2024-10-17 11:00:00;84,15;12,01;
"K-B3 ACOEM SW 5";2024-10-17 10:00:00;84,72;11,81;
"K-B3 ACOEM SW 5";2024-10-17 09:00:00;85,22;11,78;
"K-B3 ACOEM SW 5";2024-10-17 08:00:00;85,68;11,77;
"K-B3 ACOEM SW 5";2024-10-17 07:00:00;84,99;11,69;
"K-B3 ACOEM SW 5";2024-10-17 06:00:00;85,00;11,55;
"K-B3 ACOEM SW 5";2024-10-17 05:00:00;84,42;11,52;
"K-B3 ACOEM SW 5";2024-10-17 04:00:00;84,35;11,50;
"K-B3 ACOEM SW 5";2024-10-17 03:00:00;83,38;11,48;
"K-B3 ACOEM SW 5";2024-10-17 02:00:00;82,90;11,54;
"K-B3 ACOEM SW 5";2024-10-17 01:00:00;82,07;11,46;
"K-B3 ACOEM SW 5";2024-10-17 00:00:00;80,59;11,48;
"K-B3 ACOEM SW 5";2024-10-16 23:00:00;77,85;11,49;
"K-B3 ACOEM SW 5";2024-10-16 22:00:00;77,43;11,56;
"K-B3 ACOEM SW 5";2024-10-16 21:00:00;77,00;11,55;
"K-B3 ACOEM SW 5";2024-10-16 20:00:00;77,12;11,55;
"K-B3 ACOEM SW 5";2024-10-16 19:00:00;78,23;11,58;
"K-B3 ACOEM SW 5";2024-10-16 18:00:00;77,84;11,44;
"K-B3 ACOEM SW 5";2024-10-16 17:00:00;76,12;11,56;
"K-B3 ACOEM SW 5";2024-10-16 16:00:00;74,41;11,83;
"K-B3 ACOEM SW 5";2024-10-16 15:00:00;73,93;11,95;
"K-B3 ACOEM SW 5";2024-10-16 14:00:00;74,11;11,89;
"K-B3 ACOEM SW 5";2024-10-16 13:00:00;74,27;11,80;
"K-B3 ACOEM SW 5";2024-10-16 12:00:00;76,59;11,51;
"K-B3 ACOEM SW 5";2024-10-16 11:00:00;80,98;10,52;
"K-B3 ACOEM SW 5";2024-10-16 10:00:00;89,89;7,85;
"K-B3 ACOEM SW 5";2024-10-16 09:00:00;93,25;5,53;
"K-B3 ACOEM SW 5";2024-10-16 08:00:00;93,91;4,80;
"K-B3 ACOEM SW 5";2024-10-16 07:00:00;94,09;4,35;
"K-B3 ACOEM SW 5";2024-10-16 06:00:00;94,10;4,26;
"K-B3 ACOEM SW 5";2024-10-16 05:00:00;94,12;4,36;
"K-B3 ACOEM SW 5";2024-10-16 04:00:00;93,57;4,53;
"K-B3 ACOEM SW 5";2024-10-16 03:00:00;93,61;4,78;
"K-B3 ACOEM SW 5";2024-10-16 02:00:00;93,31;4,98;
"K-B3 ACOEM SW 5";2024-10-16 01:00:00;92,87;5,30;
"K-B3 ACOEM SW 5";2024-10-16 00:00:00;91,96;5,75;
"K-B3 ACOEM SW 5";2024-10-15 23:00:00;91,25;6,35;
"K-B3 ACOEM SW 5";2024-10-15 22:00:00;88,54;6,87;
"K-B3 ACOEM SW 5";2024-10-15 21:00:00;84,35;7,81;
"K-B3 ACOEM SW 5";2024-10-15 20:00:00;80,76;8,93;
"K-B3 ACOEM SW 5";2024-10-15 19:00:00;78,44;9,79;
"K-B3 ACOEM SW 5";2024-10-15 18:00:00;72,26;11,05;
"K-B3 ACOEM SW 5";2024-10-15 17:00:00;61,94;13,08;
"K-B3 ACOEM SW 5";2024-10-15 16:00:00;59,70;12,89;
"K-B3 ACOEM SW 5";2024-10-15 15:00:00;55,54;13,50;
"K-B3 ACOEM SW 5";2024-10-15 14:00:00;53,55;13,71;
"K-B3 ACOEM SW 5";2024-10-15 13:00:00;53,16;12,83;
"K-B3 ACOEM SW 5";2024-10-15 12:00:00;57,57;11,29;
"K-B3 ACOEM SW 5";2024-10-15 11:00:00;73,93;7,52;
"K-B3 ACOEM SW 5";2024-10-15 10:00:00;81,42;4,53;
"K-B3 ACOEM SW 5";2024-10-15 09:00:00;84,82;3,02;
"K-B3 ACOEM SW 5";2024-10-15 08:00:00;86,63;3,04;
"K-B3 ACOEM SW 5";2024-10-15 07:00:00;84,18;3,35;
"K-B3 ACOEM SW 5";2024-10-15 06:00:00;81,06;3,53;
"K-B3 ACOEM SW 5";2024-10-15 05:00:00;84,64;3,82;
"K-B3 ACOEM SW 5";2024-10-15 04:00:00;82,12;4,36;
"K-B3 ACOEM SW 5";2024-10-15 03:00:00;78,35;5,01;
"K-B3 ACOEM SW 5";2024-10-15 02:00:00;74,59;5,65;
"K-B3 ACOEM SW 5";2024-10-15 01:00:00;70,72;6,14;
"K-B3 ACOEM SW 5";2024-10-15 00:00:00;72,71;6,56;
"K-B3 ACOEM SW 5";2024-10-14 23:00:00;69,84;6,47;
"K-B3 ACOEM SW 5";2024-10-14 22:00:00;70,19;6,73;
"K-B3 ACOEM SW 5";2024-10-14 21:00:00;66,24;7,49;
"K-B3 ACOEM SW 5";2024-10-14 20:00:00;62,78;8,51;
"K-B3 ACOEM SW 5";2024-10-14 19:00:00;55,97;10,43;
"K-B3 ACOEM SW 5";2024-10-14 18:00:00;53,72;11,66;
"K-B3 ACOEM SW 5";2024-10-14 17:00:00;50,88;12,82;
"K-B3 ACOEM SW 5";2024-10-14 16:00:00;51,82;12,62;
"K-B3 ACOEM SW 5";2024-10-14 15:00:00;51,61;12,37;
"K-B3 ACOEM SW 5";2024-10-14 14:00:00;52,89;12,17;
"K-B3 ACOEM SW 5";2024-10-14 13:00:00;58,03;10,86;
"K-B3 ACOEM SW 5";2024-10-14 12:00:00;61,78;9,53;
"K-B3 ACOEM SW 5";2024-10-14 11:00:00;67,84;8,45;
"K-B3 ACOEM SW 5";2024-10-14 10:00:00;76,20;6,30;
"K-B3 ACOEM SW 5";2024-10-14 09:00:00;80,13;5,50;
"K-B3 ACOEM SW 5";2024-10-14 08:00:00;80,77;5,94;
"K-B3 ACOEM SW 5";2024-10-14 07:00:00;82,66;6,72;
"K-B3 ACOEM SW 5";2024-10-14 06:00:00;86,02;7,22;
"K-B3 ACOEM SW 5";2024-10-14 05:00:00;89,59;7,70;
"K-B3 ACOEM SW 5";2024-10-14 04:00:00;87,52;8,62;
"K-B3 ACOEM SW 5";2024-10-14 03:00:00;89,00;8,49;
"K-B3 ACOEM SW 5";2024-10-14 02:00:00;90,16;8,41;
"K-B3 ACOEM SW 5";2024-10-14 01:00:00;91,65;8,42;
"K-B3 ACOEM SW 5";2024-10-14 00:00:00;91,74;8,30;
"K-B3 ACOEM SW 5";2024-10-13 23:00:00;91,97;8,05;
"K-B3 ACOEM SW 5";2024-10-13 22:00:00;90,75;8,08;
"K-B3 ACOEM SW 5";2024-10-13 21:00:00;91,03;8,49;
"K-B3 ACOEM SW 5";2024-10-13 20:00:00;89,91;9,07;
"K-B3 ACOEM SW 5";2024-10-13 19:00:00;88,71;9,77;
"K-B3 ACOEM SW 5";2024-10-13 18:00:00;88,57;10,00;
"K-B3 ACOEM SW 5";2024-10-13 17:00:00;87,97;10,54;
"K-B3 ACOEM SW 5";2024-10-13 16:00:00;84,66;11,08;
"K-B3 ACOEM SW 5";2024-10-13 15:00:00;79,36;11,21;
"K-B3 ACOEM SW 5";2024-10-13 14:00:00;81,48;11,40;
"K-B3 ACOEM SW 5";2024-10-13 13:00:00;81,71;11,49;
"K-B3 ACOEM SW 5";2024-10-13 12:00:00;87,77;10,51;
"K-B3 ACOEM SW 5";2024-10-13 11:00:00;89,19;9,51;
"K-B3 ACOEM SW 5";2024-10-13 10:00:00;87,82;10,18;
"K-B3 ACOEM SW 5";2024-10-13 09:00:00;81,24;10,78;
"K-B3 ACOEM SW 5";2024-10-13 08:00:00;80,35;10,90;
"K-B3 ACOEM SW 5";2024-10-13 07:00:00;79,51;11,24;
"K-B3 ACOEM SW 5";2024-10-13 06:00:00;80,69;11,16;
"K-B3 ACOEM SW 5";2024-10-13 05:00:00;81,40;11,10;
"K-B3 ACOEM SW 5";2024-10-13 04:00:00;80,37;11,12;
"K-B3 ACOEM SW 5";2024-10-13 03:00:00;78,87;11,11;
"K-B3 ACOEM SW 5";2024-10-13 02:00:00;78,19;11,04;
"K-B3 ACOEM SW 5";2024-10-13 01:00:00;78,62;10,96;
"K-B3 ACOEM SW 5";2024-10-13 00:00:00;78,08;10,90;
"K-B3 ACOEM SW 5";2024-10-12 23:00:00;76,85;10,92;
"K-B3 ACOEM SW 5";2024-10-12 22:00:00;76,86;10,95;
"K-B3 ACOEM SW 5";2024-10-12 21:00:00;78,15;10,79;
"K-B3 ACOEM SW 5";2024-10-12 20:00:00;87,65;9,68;
"K-B3 ACOEM SW 5";2024-10-12 19:00:00;92,65;9,66;
"K-B3 ACOEM SW 5";2024-10-12 18:00:00;92,10;9,79;
"K-B3 ACOEM SW 5";2024-10-12 17:00:00;90,29;10,07;
"K-B3 ACOEM SW 5";2024-10-12 16:00:00;89,61;10,16;
"K-B3 ACOEM SW 5";2024-10-12 15:00:00;85,69;10,96;
"K-B3 ACOEM SW 5";2024-10-12 14:00:00;86,30;9,83;
"K-B3 ACOEM SW 5";2024-10-12 13:00:00;89,47;9,78;
"K-B3 ACOEM SW 5";2024-10-12 12:00:00;92,89;8,18;
"K-B3 ACOEM SW 5";2024-10-12 11:00:00;92,25;7,47;
"K-B3 ACOEM SW 5";2024-10-12 10:00:00;90,97;5,96;
"K-B3 ACOEM SW 5";2024-10-12 09:00:00;87,82;5,04;
"K-B3 ACOEM SW 5";2024-10-12 08:00:00;86,77;4,37;
"K-B3 ACOEM SW 5";2024-10-12 07:00:00;86,14;4,31;
"K-B3 ACOEM SW 5";2024-10-12 06:00:00;83,96;4,23;
"K-B3 ACOEM SW 5";2024-10-12 05:00:00;82,72;4,39;
"K-B3 ACOEM SW 5";2024-10-12 04:00:00;82,34;4,44;
"K-B3 ACOEM SW 5";2024-10-12 03:00:00;81,89;4,43;
"K-B3 ACOEM SW 5";2024-10-12 02:00:00;80,49;4,74;
"K-B3 ACOEM SW 5";2024-10-12 01:00:00;77,99;5,26;
"K-B3 ACOEM SW 5";2024-10-12 00:00:00;74,74;5,81;
"K-B3 ACOEM SW 5";2024-10-11 23:00:00;73,49;6,33;
"K-B3 ACOEM SW 5";2024-10-11 22:00:00;77,24;6,69;
"K-B3 ACOEM SW 5";2024-10-11 21:00:00;82,49;6,75;
"K-B3 ACOEM SW 5";2024-10-11 20:00:00;79,96;7,15;
"K-B3 ACOEM SW 5";2024-10-11 19:00:00;75,24;8,06;
"K-B3 ACOEM SW 5";2024-10-11 18:00:00;70,74;9,16;
"K-B3 ACOEM SW 5";2024-10-11 17:00:00;66,76;10,41;
"K-B3 ACOEM SW 5";2024-10-11 16:00:00;68,12;11,02;
"K-B3 ACOEM SW 5";2024-10-11 15:00:00;67,74;11,19;
"K-B3 ACOEM SW 5";2024-10-11 14:00:00;64,94;11,50;
"K-B3 ACOEM SW 5";2024-10-11 13:00:00;62,05;11,05;
"K-B3 ACOEM SW 5";2024-10-11 12:00:00;58,54;10,17;
"K-B3 ACOEM SW 5";2024-10-11 11:00:00;65,88;8,51;
"K-B3 ACOEM SW 5";2024-10-11 10:00:00;73,22;6,76;
"K-B3 ACOEM SW 5";2024-10-11 09:00:00;76,16;5,97;
"K-B3 ACOEM SW 5";2024-10-11 08:00:00;76,67;5,72;
"K-B3 ACOEM SW 5";2024-10-11 07:00:00;74,53;5,49;
"K-B3 ACOEM SW 5";2024-10-11 06:00:00;71,54;5,18;
"K-B3 ACOEM SW 5";2024-10-11 05:00:00;65,06;5,80;
"K-B3 ACOEM SW 5";2024-10-11 04:00:00;61,19;6,09;
"K-B3 ACOEM SW 5";2024-10-11 03:00:00;61,22;6,29;
"K-B3 ACOEM SW 5";2024-10-11 02:00:00;60,27;6,80;
"K-B3 ACOEM SW 5";2024-10-11 01:00:00;58,82;7,51;
"K-B3 ACOEM SW 5";2024-10-11 00:00:00;58,65;8,27;
"K-B3 ACOEM SW 5";2024-10-10 23:00:00;62,24;8,81;
"K-B3 ACOEM SW 5";2024-10-10 22:00:00;65,26;9,21;
"K-B3 ACOEM SW 5";2024-10-10 21:00:00;66,51;10,30;
"K-B3 ACOEM SW 5";2024-10-10 20:00:00;68,09;11,82;
"K-B3 ACOEM SW 5";2024-10-10 19:00:00;69,81;13,63;
"K-B3 ACOEM SW 5";2024-10-10 18:00:00;81,77;14,68;
"K-B3 ACOEM SW 5";2024-10-10 17:00:00;77,50;15,81;
"K-B3 ACOEM SW 5";2024-10-10 16:00:00;79,54;15,05;
"K-B3 ACOEM SW 5";2024-10-10 15:00:00;72,09;16,77;
"K-B3 ACOEM SW 5";2024-10-10 14:00:00;74,98;15,78;
"K-B3 ACOEM SW 5";2024-10-10 13:00:00;75,36;15,94;
"K-B3 ACOEM SW 5";2024-10-10 12:00:00;80,35;14,56;
"K-B3 ACOEM SW 5";2024-10-10 11:00:00;87,44;12,68;
"K-B3 ACOEM SW 5";2024-10-10 10:00:00;93,01;11,03;
"K-B3 ACOEM SW 5";2024-10-10 09:00:00;92,74;11,14;
"K-B3 ACOEM SW 5";2024-10-10 08:00:00;94,04;11,30;
"K-B3 ACOEM SW 5";2024-10-10 07:00:00;94,07;11,53;
"K-B3 ACOEM SW 5";2024-10-10 06:00:00;94,49;11,65;
"K-B3 ACOEM SW 5";2024-10-10 05:00:00;93,67;11,88;
"K-B3 ACOEM SW 5";2024-10-10 04:00:00;92,70;12,19;
"K-B3 ACOEM SW 5";2024-10-10 03:00:00;92,49;12,35;
"K-B3 ACOEM SW 5";2024-10-10 02:00:00;92,50;12,33;
"K-B3 ACOEM SW 5";2024-10-10 01:00:00;91,34;12,55;
"K-B3 ACOEM SW 5";2024-10-10 00:00:00;90,84;12,78;
"K-B3 ACOEM SW 5";2024-10-09 23:00:00;91,82;12,98;
"K-B3 ACOEM SW 5";2024-10-09 22:00:00;92,11;13,00;
"K-B3 ACOEM SW 5";2024-10-09 21:00:00;91,44;13,01;
"K-B3 ACOEM SW 5";2024-10-09 20:00:00;93,09;13,38;
"K-B3 ACOEM SW 5";2024-10-09 19:00:00;93,90;13,54;
"K-B3 ACOEM SW 5";2024-10-09 18:00:00;92,35;13,77;
"K-B3 ACOEM SW 5";2024-10-09 17:00:00;92,09;13,61;
"K-B3 ACOEM SW 5";2024-10-09 16:00:00;91,35;13,73;
"K-B3 ACOEM SW 5";2024-10-09 15:00:00;92,34;13,64;
"K-B3 ACOEM SW 5";2024-10-09 14:00:00;91,69;14,28;
"K-B3 ACOEM SW 5";2024-10-09 13:00:00;91,50;14,26;
"K-B3 ACOEM SW 5";2024-10-09 12:00:00;90,04;14,19;
"K-B3 ACOEM SW 5";2024-10-09 11:00:00;91,89;13,63;
"K-B3 ACOEM SW 5";2024-10-09 10:00:00;92,41;13,37;
"K-B3 ACOEM SW 5";2024-10-09 09:00:00;93,11;13,25;
"K-B3 ACOEM SW 5";2024-10-09 08:00:00;95,90;13,58;
"K-B3 ACOEM SW 5";2024-10-09 07:00:00;96,91;13,65;
"K-B3 ACOEM SW 5";2024-10-09 06:00:00;96,40;13,63;
"K-B3 ACOEM SW 5";2024-10-09 05:00:00;95,94;13,58;
"K-B3 ACOEM SW 5";2024-10-09 04:00:00;96,38;13,72;
"K-B3 ACOEM SW 5";2024-10-09 03:00:00;96,28;13,70;
"K-B3 ACOEM SW 5";2024-10-09 02:00:00;97,12;13,58;
"K-B3 ACOEM SW 5";2024-10-09 01:00:00;96,40;12,88;
"K-B3 ACOEM SW 5";2024-10-09 00:00:00;97,70;12,48;
"K-B3 ACOEM SW 5";2024-10-08 23:00:00;97,84;12,02;
"K-B3 ACOEM SW 5";2024-10-08 22:00:00;96,72;11,76;
"K-B3 ACOEM SW 5";2024-10-08 21:00:00;95,80;12,30;
"K-B3 ACOEM SW 5";2024-10-08 20:00:00;94,29;12,87;
"K-B3 ACOEM SW 5";2024-10-08 19:00:00;92,61;13,34;
"K-B3 ACOEM SW 5";2024-10-08 18:00:00;94,25;13,36;
"K-B3 ACOEM SW 5";2024-10-08 17:00:00;93,76;13,54;
"K-B3 ACOEM SW 5";2024-10-08 16:00:00;90,26;13,71;
"K-B3 ACOEM SW 5";2024-10-08 15:00:00;90,91;13,46;
"K-B3 ACOEM SW 5";2024-10-08 14:00:00;91,67;13,32;
"K-B3 ACOEM SW 5";2024-10-08 13:00:00;95,43;13,11;
"K-B3 ACOEM SW 5";2024-10-08 12:00:00;96,93;12,85;
"K-B3 ACOEM SW 5";2024-10-08 11:00:00;95,88;13,00;
"K-B3 ACOEM SW 5";2024-10-08 10:00:00;95,20;13,07;
"K-B3 ACOEM SW 5";2024-10-08 09:00:00;95,39;13,01;
"K-B3 ACOEM SW 5";2024-10-08 08:00:00;95,59;12,97;
"K-B3 ACOEM SW 5";2024-10-08 07:00:00;95,40;13,05;
"K-B3 ACOEM SW 5";2024-10-08 06:00:00;95,98;13,20;
"K-B3 ACOEM SW 5";2024-10-08 05:00:00;96,14;13,20;
"K-B3 ACOEM SW 5";2024-10-08 04:00:00;96,01;13,25;
"K-B3 ACOEM SW 5";2024-10-08 03:00:00;95,62;13,24;
"K-B3 ACOEM SW 5";2024-10-08 02:00:00;95,54;13,12;
"K-B3 ACOEM SW 5";2024-10-08 01:00:00;95,29;12,97;
"K-B3 ACOEM SW 5";2024-10-08 00:00:00;94,98;12,96;
"K-B3 ACOEM SW 5";2024-10-07 23:00:00;95,35;12,76;
"K-B3 ACOEM SW 5";2024-10-07 22:00:00;96,56;12,25;
"K-B3 ACOEM SW 5";2024-10-07 21:00:00;96,38;11,59;
"K-B3 ACOEM SW 5";2024-10-07 20:00:00;95,44;11,30;
"K-B3 ACOEM SW 5";2024-10-07 19:00:00;93,88;10,93;
"K-B3 ACOEM SW 5";2024-10-07 18:00:00;92,12;10,94;
"K-B3 ACOEM SW 5";2024-10-07 17:00:00;84,80;11,53;
"K-B3 ACOEM SW 5";2024-10-07 16:00:00;84,12;11,86;
"K-B3 ACOEM SW 5";2024-10-07 15:00:00;82,80;12,00;
"K-B3 ACOEM SW 5";2024-10-07 14:00:00;83,54;11,55;
"K-B3 ACOEM SW 5";2024-10-07 13:00:00;77,29;11,76;
"K-B3 ACOEM SW 5";2024-10-07 12:00:00;81,11;11,26;
"K-B3 ACOEM SW 5";2024-10-07 11:00:00;77,50;11,39;
"K-B3 ACOEM SW 5";2024-10-07 10:00:00;68,84;11,73;
"K-B3 ACOEM SW 5";2024-10-07 09:00:00;67,84;11,52;
"K-B3 ACOEM SW 5";2024-10-07 08:00:00;68,09;11,54;
"K-B3 ACOEM SW 5";2024-10-07 07:00:00;70,43;11,28;
"K-B3 ACOEM SW 5";2024-10-07 06:00:00;75,05;11,16;
"K-B3 ACOEM SW 5";2024-10-07 05:00:00;77,32;11,38;
"K-B3 ACOEM SW 5";2024-10-07 04:00:00;78,68;11,81;
"K-B3 ACOEM SW 5";2024-10-07 03:00:00;78,84;11,52;
"K-B3 ACOEM SW 5";2024-10-07 02:00:00;79,88;11,69;
"K-B3 ACOEM SW 5";2024-10-07 01:00:00;81,95;11,65;
"K-B3 ACOEM SW 5";2024-10-07 00:00:00;89,09;9,18;
"K-B3 ACOEM SW 5";2024-10-06 23:00:00;85,07;9,40;
"K-B3 ACOEM SW 5";2024-10-06 22:00:00;78,58;10,43;
"K-B3 ACOEM SW 5";2024-10-06 21:00:00;74,43;11,26;
"K-B3 ACOEM SW 5";2024-10-06 20:00:00;74,42;11,98;
"K-B3 ACOEM SW 5";2024-10-06 19:00:00;72,61;12,91;
"K-B3 ACOEM SW 5";2024-10-06 18:00:00;68,88;13,68;
"K-B3 ACOEM SW 5";2024-10-06 17:00:00;67,03;14,57;
"K-B3 ACOEM SW 5";2024-10-06 16:00:00;71,98;14,70;
"K-B3 ACOEM SW 5";2024-10-06 15:00:00;74,34;14,42;
"K-B3 ACOEM SW 5";2024-10-06 14:00:00;74,09;14,83;
"K-B3 ACOEM SW 5";2024-10-06 13:00:00;74,28;14,91;
"K-B3 ACOEM SW 5";2024-10-06 12:00:00;72,50;15,64;
"K-B3 ACOEM SW 5";2024-10-06 11:00:00;76,03;14,06;
"K-B3 ACOEM SW 5";2024-10-06 10:00:00;89,84;10,50;
"K-B3 ACOEM SW 5";2024-10-06 09:00:00;92,44;8,52;
"K-B3 ACOEM SW 5";2024-10-06 08:00:00;89,68;9,31;
"K-B3 ACOEM SW 5";2024-10-06 07:00:00;87,12;10,30;
"K-B3 ACOEM SW 5";2024-10-06 06:00:00;88,43;10,11;
"K-B3 ACOEM SW 5";2024-10-06 05:00:00;88,81;10,34;
"K-B3 ACOEM SW 5";2024-10-06 04:00:00;89,49;10,58;
"K-B3 ACOEM SW 5";2024-10-06 03:00:00;90,25;10,26;
"K-B3 ACOEM SW 5";2024-10-06 02:00:00;89,56;10,41;
"K-B3 ACOEM SW 5";2024-10-06 01:00:00;90,33;10,68;
"K-B3 ACOEM SW 5";2024-10-06 00:00:00;89,55;10,86;
"K-B3 ACOEM SW 5";2024-10-05 23:00:00;87,96;11,18;
"K-B3 ACOEM SW 5";2024-10-05 22:00:00;86,00;11,70;
"K-B3 ACOEM SW 5";2024-10-05 21:00:00;85,70;12,20;
"K-B3 ACOEM SW 5";2024-10-05 20:00:00;84,65;12,67;
"K-B3 ACOEM SW 5";2024-10-05 19:00:00;83,93;13,30;
"K-B3 ACOEM SW 5";2024-10-05 18:00:00;74,90;14,42;
"K-B3 ACOEM SW 5";2024-10-05 17:00:00;75,55;14,82;
"K-B3 ACOEM SW 5";2024-10-05 16:00:00;77,82;14,30;
"K-B3 ACOEM SW 5";2024-10-05 15:00:00;76,17;14,41;
"K-B3 ACOEM SW 5";2024-10-05 14:00:00;75,98;14,29;
"K-B3 ACOEM SW 5";2024-10-05 13:00:00;74,53;14,07;
"K-B3 ACOEM SW 5";2024-10-05 12:00:00;74,43;13,00;
"K-B3 ACOEM SW 5";2024-10-05 11:00:00;74,59;12,14;
"K-B3 ACOEM SW 5";2024-10-05 10:00:00;77,68;10,07;
"K-B3 ACOEM SW 5";2024-10-05 09:00:00;79,87;8,73;
"K-B3 ACOEM SW 5";2024-10-05 08:00:00;78,48;8,84;
"K-B3 ACOEM SW 5";2024-10-05 07:00:00;79,87;8,69;
"K-B3 ACOEM SW 5";2024-10-05 06:00:00;84,05;8,39;
"K-B3 ACOEM SW 5";2024-10-05 05:00:00;85,99;8,11;
"K-B3 ACOEM SW 5";2024-10-05 04:00:00;85,75;8,32;
"K-B3 ACOEM SW 5";2024-10-05 03:00:00;89,40;7,87;
"K-B3 ACOEM SW 5";2024-10-05 02:00:00;91,00;7,41;
"K-B3 ACOEM SW 5";2024-10-05 01:00:00;90,11;7,80;
"K-B3 ACOEM SW 5";2024-10-05 00:00:00;89,74;8,17;
"K-B3 ACOEM SW 5";2024-10-04 23:00:00;90,67;8,41;
"K-B3 ACOEM SW 5";2024-10-04 22:00:00;87,71;8,94;
"K-B3 ACOEM SW 5";2024-10-04 21:00:00;85,70;9,89;
"K-B3 ACOEM SW 5";2024-10-04 20:00:00;85,10;10,65;
"K-B3 ACOEM SW 5";2024-10-04 19:00:00;81,53;11,97;
"K-B3 ACOEM SW 5";2024-10-04 18:00:00;80,24;13,02;
"K-B3 ACOEM SW 5";2024-10-04 17:00:00;78,02;13,95;
"K-B3 ACOEM SW 5";2024-10-04 16:00:00;76,81;13,91;
"K-B3 ACOEM SW 5";2024-10-04 15:00:00;74,20;14,23;
"K-B3 ACOEM SW 5";2024-10-04 14:00:00;74,52;14,17;
"K-B3 ACOEM SW 5";2024-10-04 13:00:00;81,61;12,22;
"K-B3 ACOEM SW 5";2024-10-04 12:00:00;85,39;10,76;
"K-B3 ACOEM SW 5";2024-10-04 11:00:00;88,09;9,46;
"K-B3 ACOEM SW 5";2024-10-04 10:00:00;92,44;8,19;
"K-B3 ACOEM SW 5";2024-10-04 09:00:00;94,13;7,41;
"K-B3 ACOEM SW 5";2024-10-04 08:00:00;94,24;7,34;
"K-B3 ACOEM SW 5";2024-10-04 07:00:00;94,73;7,43;
"K-B3 ACOEM SW 5";2024-10-04 06:00:00;95,31;7,67;
"K-B3 ACOEM SW 5";2024-10-04 05:00:00;95,55;7,78;
"K-B3 ACOEM SW 5";2024-10-04 04:00:00;95,16;7,40;
"K-B3 ACOEM SW 5";2024-10-04 03:00:00;94,06;7,49;
"K-B3 ACOEM SW 5";2024-10-04 02:00:00;93,73;7,88;
"K-B3 ACOEM SW 5";2024-10-04 01:00:00;93,36;8,34;
"K-B3 ACOEM SW 5";2024-10-04 00:00:00;92,72;8,93;
"K-B3 ACOEM SW 5";2024-10-03 23:00:00;92,28;9,67;
"K-B3 ACOEM SW 5";2024-10-03 22:00:00;90,28;9,97;
"K-B3 ACOEM SW 5";2024-10-03 21:00:00;87,10;10,67;
"K-B3 ACOEM SW 5";2024-10-03 20:00:00;82,92;11,71;
"K-B3 ACOEM SW 5";2024-10-03 19:00:00;77,53;13,04;
"K-B3 ACOEM SW 5";2024-10-03 18:00:00;74,03;14,18;
"K-B3 ACOEM SW 5";2024-10-03 17:00:00;71,05;15,16;
"K-B3 ACOEM SW 5";2024-10-03 16:00:00;70,64;15,37;
"K-B3 ACOEM SW 5";2024-10-03 15:00:00;67,39;15,69;
"K-B3 ACOEM SW 5";2024-10-03 14:00:00;63,71;16,17;
"K-B3 ACOEM SW 5";2024-10-03 13:00:00;61,41;16,06;
"K-B3 ACOEM SW 5";2024-10-03 12:00:00;58,82;15,06;
"K-B3 ACOEM SW 5";2024-10-03 11:00:00;66,88;12,07;
"K-B3 ACOEM SW 5";2024-10-03 10:00:00;78,38;8,65;
"K-B3 ACOEM SW 5";2024-10-03 09:00:00;87,73;6,26;
"K-B3 ACOEM SW 5";2024-10-03 08:00:00;88,30;5,95;
"K-B3 ACOEM SW 5";2024-10-03 07:00:00;88,92;6,04;
"K-B3 ACOEM SW 5";2024-10-03 06:00:00;87,43;6,35;
"K-B3 ACOEM SW 5";2024-10-03 05:00:00;86,55;6,59;
"K-B3 ACOEM SW 5";2024-10-03 04:00:00;86,76;6,82;
"K-B3 ACOEM SW 5";2024-10-03 03:00:00;85,08;7,19;
"K-B3 ACOEM SW 5";2024-10-03 02:00:00;84,30;7,62;
"K-B3 ACOEM SW 5";2024-10-03 01:00:00;82,34;8,20;
"K-B3 ACOEM SW 5";2024-10-03 00:00:00;83,05;8,30;
"K-B3 ACOEM SW 5";2024-10-02 23:00:00;83,21;8,60;
"K-B3 ACOEM SW 5";2024-10-02 22:00:00;77,34;9,50;
"K-B3 ACOEM SW 5";2024-10-02 21:00:00;69,68;10,89;
"K-B3 ACOEM SW 5";2024-10-02 20:00:00;64,55;12,39;
"K-B3 ACOEM SW 5";2024-10-02 19:00:00;59,97;13,96;
"K-B3 ACOEM SW 5";2024-10-02 18:00:00;56,57;14,90;
"K-B3 ACOEM SW 5";2024-10-02 17:00:00;51,56;15,43;
"K-B3 ACOEM SW 5";2024-10-02 16:00:00;51,46;15,67;
"K-B3 ACOEM SW 5";2024-10-02 15:00:00;51,75;16,28;
"K-B3 ACOEM SW 5";2024-10-02 14:00:00;54,06;15,39;
"K-B3 ACOEM SW 5";2024-10-02 13:00:00;55,67;14,89;
"K-B3 ACOEM SW 5";2024-10-02 12:00:00;63,06;13,09;
"K-B3 ACOEM SW 5";2024-10-02 11:00:00;66,32;12,12;
"K-B3 ACOEM SW 5";2024-10-02 10:00:00;72,23;10,64;
"K-B3 ACOEM SW 5";2024-10-02 09:00:00;76,66;9,16;
"K-B3 ACOEM SW 5";2024-10-02 08:00:00;78,87;8,41;
"K-B3 ACOEM SW 5";2024-10-02 07:00:00;80,53;7,79;
"K-B3 ACOEM SW 5";2024-10-02 06:00:00;81,03;7,70;
"K-B3 ACOEM SW 5";2024-10-02 05:00:00;82,08;7,84;
"K-B3 ACOEM SW 5";2024-10-02 04:00:00;84,52;8,33;
"K-B3 ACOEM SW 5";2024-10-02 03:00:00;80,64;9,07;
"K-B3 ACOEM SW 5";2024-10-02 02:00:00;77,51;9,85;
"K-B3 ACOEM SW 5";2024-10-02 01:00:00;76,60;10,13;
"K-B3 ACOEM SW 5";2024-10-02 00:00:00;76,37;10,42;
"K-B3 ACOEM SW 5";2024-10-01 23:00:00;75,95;10,63;
"K-B3 ACOEM SW 5";2024-10-01 22:00:00;76,34;10,59;
"K-B3 ACOEM SW 5";2024-10-01 21:00:00;73,07;11,54;
"K-B3 ACOEM SW 5";2024-10-01 20:00:00;73,05;11,57;
"K-B3 ACOEM SW 5";2024-10-01 19:00:00;80,77;10,96;
"K-B3 ACOEM SW 5";2024-10-01 18:00:00;78,82;11,55;
"K-B3 ACOEM SW 5";2024-10-01 17:00:00;72,00;12,81;
"K-B3 ACOEM SW 5";2024-10-01 16:00:00;69,93;13,11;
"K-B3 ACOEM SW 5";2024-10-01 15:00:00;70,24;13,27;
"K-B3 ACOEM SW 5";2024-10-01 14:00:00;70,53;13,08;
"K-B3 ACOEM SW 5";2024-10-01 13:00:00;71,58;12,89;
"K-B3 ACOEM SW 5";2024-10-01 12:00:00;73,37;12,59;
"K-B3 ACOEM SW 5";2024-10-01 11:00:00;72,29;12,62;
"K-B3 ACOEM SW 5";2024-10-01 10:00:00;70,87;12,67;
"K-B3 ACOEM SW 5";2024-10-01 09:00:00;75,43;12,02;
"K-B3 ACOEM SW 5";2024-10-01 08:00:00;76,98;11,91;
"K-B3 ACOEM SW 5";2024-10-01 07:00:00;74,90;12,17;
"K-B3 ACOEM SW 5";2024-10-01 06:00:00;76,20;12,16;
"K-B3 ACOEM SW 5";2024-10-01 05:00:00;74,27;12,31;
"K-B3 ACOEM SW 5";2024-10-01 04:00:00;71,00;12,57;
"K-B3 ACOEM SW 5";2024-10-01 03:00:00;70,96;12,92;
"K-B3 ACOEM SW 5";2024-10-01 02:00:00;67,67;13,24;
"K-B3 ACOEM SW 5";2024-10-01 01:00:00;64,59;13,35;
"K-B3 ACOEM SW 5";2024-10-01 00:00:00;70,82;13,17;
"K-B3 ACOEM SW 5";2024-09-30 23:00:00;70,80;13,34;
"K-B3 ACOEM SW 5";2024-09-30 22:00:00;67,89;13,26;
"K-B3 ACOEM SW 5";2024-09-30 21:00:00;70,64;13,01;
"K-B3 ACOEM SW 5";2024-09-30 20:00:00;72,39;12,91;
"K-B3 ACOEM SW 5";2024-09-30 19:00:00;69,46;13,16;
"K-B3 ACOEM SW 5";2024-09-30 18:00:00;69,09;13,74;
"K-B3 ACOEM SW 5";2024-09-30 17:00:00;68,81;14,39;
"K-B3 ACOEM SW 5";2024-09-30 16:00:00;66,42;14,64;
"K-B3 ACOEM SW 5";2024-09-30 15:00:00;63,87;14,67;
"K-B3 ACOEM SW 5";2024-09-30 14:00:00;68,03;14,70;
"K-B3 ACOEM SW 5";2024-09-30 13:00:00;73,51;14,57;
"K-B3 ACOEM SW 5";2024-09-30 12:00:00;82,63;13,10;
"K-B3 ACOEM SW 5";2024-09-30 11:00:00;89,17;10,66;
"K-B3 ACOEM SW 5";2024-09-30 10:00:00;91,30;9,29;
"K-B3 ACOEM SW 5";2024-09-30 09:00:00;92,41;8,66;
"K-B3 ACOEM SW 5";2024-09-30 08:00:00;92,54;8,38;
"K-B3 ACOEM SW 5";2024-09-30 07:00:00;91,91;8,30;
"K-B3 ACOEM SW 5";2024-09-30 06:00:00;92,00;8,30;
"K-B3 ACOEM SW 5";2024-09-30 05:00:00;92,40;8,02;
"K-B3 ACOEM SW 5";2024-09-30 04:00:00;92,59;8,26;
"K-B3 ACOEM SW 5";2024-09-30 03:00:00;92,88;8,49;
"K-B3 ACOEM SW 5";2024-09-30 02:00:00;92,09;8,84;
"K-B3 ACOEM SW 5";2024-09-30 01:00:00;90,80;9,59;
"K-B3 ACOEM SW 5";2024-09-30 00:00:00;90,78;10,04;
"K-B3 ACOEM SW 5";2024-09-29 23:00:00;89,88;9,90;
"K-B3 ACOEM SW 5";2024-09-29 22:00:00;87,99;10,32;
"K-B3 ACOEM SW 5";2024-09-29 21:00:00;86,36;10,94;
"K-B3 ACOEM SW 5";2024-09-29 20:00:00;84,38;11,36;
"K-B3 ACOEM SW 5";2024-09-29 19:00:00;80,78;11,52;
"K-B3 ACOEM SW 5";2024-09-29 18:00:00;76,24;11,82;
"K-B3 ACOEM SW 5";2024-09-29 17:00:00;65,12;13,02;
"K-B3 ACOEM SW 5";2024-09-29 16:00:00;58,60;13,32;
"K-B3 ACOEM SW 5";2024-09-29 15:00:00;57,94;12,86;
"K-B3 ACOEM SW 5";2024-09-29 14:00:00;54,56;12,30;
"K-B3 ACOEM SW 5";2024-09-29 13:00:00;56,48;10,60;
"K-B3 ACOEM SW 5";2024-09-29 12:00:00;60,92;9,11;
"K-B3 ACOEM SW 5";2024-09-29 11:00:00;63,39;7,96;
"K-B3 ACOEM SW 5";2024-09-29 10:00:00;64,69;7,15;
"K-B3 ACOEM SW 5";2024-09-29 09:00:00;63,46;7,07;
"K-B3 ACOEM SW 5";2024-09-29 08:00:00;60,24;7,20;
"K-B3 ACOEM SW 5";2024-09-29 07:00:00;57,02;7,13;
"K-B3 ACOEM SW 5";2024-09-29 06:00:00;59,92;6,83;
"K-B3 ACOEM SW 5";2024-09-29 05:00:00;62,12;6,67;
"K-B3 ACOEM SW 5";2024-09-29 04:00:00;60,52;6,74;
"K-B3 ACOEM SW 5";2024-09-29 03:00:00;57,86;6,81;
"K-B3 ACOEM SW 5";2024-09-29 02:00:00;56,53;6,95;
"K-B3 ACOEM SW 5";2024-09-29 01:00:00;57,17;6,90;
"K-B3 ACOEM SW 5";2024-09-29 00:00:00;58,21;6,96;
"K-B3 ACOEM SW 5";2024-09-28 23:00:00;60,70;7,00;
"K-B3 ACOEM SW 5";2024-09-28 22:00:00;63,01;7,24;
"K-B3 ACOEM SW 5";2024-09-28 21:00:00;56,72;8,18;
"K-B3 ACOEM SW 5";2024-09-28 20:00:00;50,66;9,40;
"K-B3 ACOEM SW 5";2024-09-28 19:00:00;45,58;11,45;
"K-B3 ACOEM SW 5";2024-09-28 18:00:00;40,18;12,51;
"K-B3 ACOEM SW 5";2024-09-28 17:00:00;37,11;14,00;
"K-B3 ACOEM SW 5";2024-09-28 16:00:00;38,64;13,86;
"K-B3 ACOEM SW 5";2024-09-28 15:00:00;38,89;13,85;
"K-B3 ACOEM SW 5";2024-09-28 14:00:00;38,45;14,43;
"K-B3 ACOEM SW 5";2024-09-28 13:00:00;39,30;13,32;
"K-B3 ACOEM SW 5";2024-09-28 12:00:00;42,05;11,52;
"K-B3 ACOEM SW 5";2024-09-28 11:00:00;45,04;9,78;
"K-B3 ACOEM SW 5";2024-09-28 10:00:00;50,50;8,29;
"K-B3 ACOEM SW 5";2024-09-28 09:00:00;57,09;7,18;
"K-B3 ACOEM SW 5";2024-09-28 08:00:00;60,21;7,03;
"K-B3 ACOEM SW 5";2024-09-28 07:00:00;61,11;7,48;
"K-B3 ACOEM SW 5";2024-09-28 06:00:00;60,38;7,97;
"K-B3 ACOEM SW 5";2024-09-28 05:00:00;61,89;8,34;
"K-B3 ACOEM SW 5";2024-09-28 04:00:00;65,02;8,63;
"K-B3 ACOEM SW 5";2024-09-28 03:00:00;68,99;8,35;
"K-B3 ACOEM SW 5";2024-09-28 02:00:00;71,50;8,24;
"K-B3 ACOEM SW 5";2024-09-28 01:00:00;73,17;8,88;
"K-B3 ACOEM SW 5";2024-09-28 00:00:00;75,15;10,03;
"K-B3 ACOEM SW 5";2024-09-27 23:00:00;70,88;11,23;
"K-B3 ACOEM SW 5";2024-09-27 22:00:00;66,57;11,29;
"K-B3 ACOEM SW 5";2024-09-27 21:00:00;61,70;11,44;
"K-B3 ACOEM SW 5";2024-09-27 20:00:00;57,20;12,35;
"K-B3 ACOEM SW 5";2024-09-27 19:00:00;54,06;13,43;
"K-B3 ACOEM SW 5";2024-09-27 18:00:00;49,56;13,81;
"K-B3 ACOEM SW 5";2024-09-27 17:00:00;43,77;14,58;
"K-B3 ACOEM SW 5";2024-09-27 16:00:00;41,59;15,06;
"K-B3 ACOEM SW 5";2024-09-27 15:00:00;44,13;15,62;
"K-B3 ACOEM SW 5";2024-09-27 14:00:00;46,83;14,90;
"K-B3 ACOEM SW 5";2024-09-27 13:00:00;52,29;13,53;
"K-B3 ACOEM SW 5";2024-09-27 12:00:00;57,27;11,76;
"K-B3 ACOEM SW 5";2024-09-27 11:00:00;58,12;10,95;
"K-B3 ACOEM SW 5";2024-09-27 10:00:00;60,62;10,05;
"K-B3 ACOEM SW 5";2024-09-27 09:00:00;61,58;9,76;
"K-B3 ACOEM SW 5";2024-09-27 08:00:00;62,91;9,70;
"K-B3 ACOEM SW 5";2024-09-27 07:00:00;64,15;9,71;
"K-B3 ACOEM SW 5";2024-09-27 06:00:00;64,64;9,79;
"K-B3 ACOEM SW 5";2024-09-27 05:00:00;65,71;9,80;
"K-B3 ACOEM SW 5";2024-09-27 04:00:00;65,49;9,82;
"K-B3 ACOEM SW 5";2024-09-27 03:00:00;66,66;9,81;
"K-B3 ACOEM SW 5";2024-09-27 02:00:00;66,95;9,93;
"K-B3 ACOEM SW 5";2024-09-27 01:00:00;67,34;10,16;
"K-B3 ACOEM SW 5";2024-09-27 00:00:00;67,06;10,53;
"K-B3 ACOEM SW 5";2024-09-26 23:00:00;65,93;11,01;
"K-B3 ACOEM SW 5";2024-09-26 22:00:00;65,69;11,42;
"K-B3 ACOEM SW 5";2024-09-26 21:00:00;67,32;11,54;
"K-B3 ACOEM SW 5";2024-09-26 20:00:00;67,11;11,72;
"K-B3 ACOEM SW 5";2024-09-26 19:00:00;67,82;12,46;
"K-B3 ACOEM SW 5";2024-09-26 18:00:00;69,05;12,70;
"K-B3 ACOEM SW 5";2024-09-26 17:00:00;66,97;12,96;
"K-B3 ACOEM SW 5";2024-09-26 16:00:00;64,87;13,46;
"K-B3 ACOEM SW 5";2024-09-26 15:00:00;67,52;13,38;
"K-B3 ACOEM SW 5";2024-09-26 14:00:00;65,94;14,35;
"K-B3 ACOEM SW 5";2024-09-26 13:00:00;70,44;12,30;
"K-B3 ACOEM SW 5";2024-09-26 12:00:00;71,50;11,04;
"K-B3 ACOEM SW 5";2024-09-26 11:00:00;67,85;11,07;
"K-B3 ACOEM SW 5";2024-09-26 10:00:00;72,93;10,22;
"K-B3 ACOEM SW 5";2024-09-26 09:00:00;82,01;7,02;
"K-B3 ACOEM SW 5";2024-09-26 08:00:00;80,71;6,68;
"K-B3 ACOEM SW 5";2024-09-26 07:00:00;79,93;7,14;
"K-B3 ACOEM SW 5";2024-09-26 06:00:00;80,34;7,34;
"K-B3 ACOEM SW 5";2024-09-26 05:00:00;83,92;7,32;
"K-B3 ACOEM SW 5";2024-09-26 04:00:00;83,79;7,80;
"K-B3 ACOEM SW 5";2024-09-26 03:00:00;81,54;8,41;
"K-B3 ACOEM SW 5";2024-09-26 02:00:00;80,24;8,84;
"K-B3 ACOEM SW 5";2024-09-26 01:00:00;80,06;9,24;
"K-B3 ACOEM SW 5";2024-09-26 00:00:00;78,87;9,88;
"K-B3 ACOEM SW 5";2024-09-25 23:00:00;77,24;10,45;
"K-B3 ACOEM SW 5";2024-09-25 22:00:00;77,24;10,75;
"K-B3 ACOEM SW 5";2024-09-25 21:00:00;74,85;11,65;
"K-B3 ACOEM SW 5";2024-09-25 20:00:00;73,82;12,84;
"K-B3 ACOEM SW 5";2024-09-25 19:00:00;70,57;13,92;
"K-B3 ACOEM SW 5";2024-09-25 18:00:00;67,20;14,85;
"K-B3 ACOEM SW 5";2024-09-25 17:00:00;63,22;15,47;
"K-B3 ACOEM SW 5";2024-09-25 16:00:00;63,54;15,82;
"K-B3 ACOEM SW 5";2024-09-25 15:00:00;58,01;16,28;
"K-B3 ACOEM SW 5";2024-09-25 14:00:00;64,00;16,15;
"K-B3 ACOEM SW 5";2024-09-25 13:00:00;72,19;14,63;
"K-B3 ACOEM SW 5";2024-09-25 12:00:00;71,75;14,71;
"K-B3 ACOEM SW 5";2024-09-25 11:00:00;76,69;13,53;
"K-B3 ACOEM SW 5";2024-09-25 10:00:00;86,24;12,33;
"K-B3 ACOEM SW 5";2024-09-25 09:00:00;93,00;11,57;
"K-B3 ACOEM SW 5";2024-09-25 08:00:00;93,89;11,46;
"K-B3 ACOEM SW 5";2024-09-25 07:00:00;93,36;12,11;
"K-B3 ACOEM SW 5";2024-09-25 06:00:00;93,00;12,47;
"K-B3 ACOEM SW 5";2024-09-25 05:00:00;94,15;13,14;
"K-B3 ACOEM SW 5";2024-09-25 04:00:00;92,73;13,57;
"K-B3 ACOEM SW 5";2024-09-25 03:00:00;90,52;15,14;
"K-B3 ACOEM SW 5";2024-09-25 02:00:00;91,52;15,33;
"K-B3 ACOEM SW 5";2024-09-25 01:00:00;92,33;15,11;
"K-B3 ACOEM SW 5";2024-09-25 00:00:00;92,18;14,80;
"K-B3 ACOEM SW 5";2024-09-24 23:00:00;92,24;14,89;
"K-B3 ACOEM SW 5";2024-09-24 22:00:00;91,48;14,85;
"K-B3 ACOEM SW 5";2024-09-24 21:00:00;90,25;15,32;
"K-B3 ACOEM SW 5";2024-09-24 20:00:00;88,57;16,11;
"K-B3 ACOEM SW 5";2024-09-24 19:00:00;86,22;16,68;
"K-B3 ACOEM SW 5";2024-09-24 18:00:00;83,29;17,30;
"K-B3 ACOEM SW 5";2024-09-24 17:00:00;80,89;18,09;
"K-B3 ACOEM SW 5";2024-09-24 16:00:00;79,55;18,62;
"K-B3 ACOEM SW 5";2024-09-24 15:00:00;78,09;19,03;
"K-B3 ACOEM SW 5";2024-09-24 14:00:00;80,59;18,73;
"K-B3 ACOEM SW 5";2024-09-24 13:00:00;86,51;17,54;
"K-B3 ACOEM SW 5";2024-09-24 12:00:00;90,72;16,35;
"K-B3 ACOEM SW 5";2024-09-24 11:00:00;92,32;16,08;
"K-B3 ACOEM SW 5";2024-09-24 10:00:00;93,10;15,06;
"K-B3 ACOEM SW 5";2024-09-24 09:00:00;92,79;14,38;
"K-B3 ACOEM SW 5";2024-09-24 08:00:00;92,32;14,35;
"K-B3 ACOEM SW 5";2024-09-24 07:00:00;94,88;13,92;
"K-B3 ACOEM SW 5";2024-09-24 06:00:00;94,89;13,71;
"K-B3 ACOEM SW 5";2024-09-24 05:00:00;93,85;13,75;
"K-B3 ACOEM SW 5";2024-09-24 04:00:00;93,40;13,72;
"K-B3 ACOEM SW 5";2024-09-24 03:00:00;92,38;13,78;
"K-B3 ACOEM SW 5";2024-09-24 02:00:00;91,84;13,94;
"K-B3 ACOEM SW 5";2024-09-24 01:00:00;90,81;14,12;
"K-B3 ACOEM SW 5";2024-09-24 00:00:00;90,62;14,28;
"K-B3 ACOEM SW 5";2024-09-23 23:00:00;91,06;14,16;
"K-B3 ACOEM SW 5";2024-09-23 22:00:00;90,80;14,22;
"K-B3 ACOEM SW 5";2024-09-23 21:00:00;90,77;14,20;
"K-B3 ACOEM SW 5";2024-09-23 20:00:00;89,75;14,47;
"K-B3 ACOEM SW 5";2024-09-23 19:00:00;87,65;15,04;
"K-B3 ACOEM SW 5";2024-09-23 18:00:00;85,69;15,55;
"K-B3 ACOEM SW 5";2024-09-23 17:00:00;85,82;15,50;
"K-B3 ACOEM SW 5";2024-09-23 16:00:00;85,71;15,36;
"K-B3 ACOEM SW 5";2024-09-23 15:00:00;84,07;15,70;
"K-B3 ACOEM SW 5";2024-09-23 14:00:00;83,05;15,80;
"K-B3 ACOEM SW 5";2024-09-23 13:00:00;83,17;15,44;
"K-B3 ACOEM SW 5";2024-09-23 12:00:00;84,18;15,15;
"K-B3 ACOEM SW 5";2024-09-23 11:00:00;86,78;14,46;
"K-B3 ACOEM SW 5";2024-09-23 10:00:00;90,02;13,65;
"K-B3 ACOEM SW 5";2024-09-23 09:00:00;90,74;13,61;
"K-B3 ACOEM SW 5";2024-09-23 08:00:00;93,24;13,15;
"K-B3 ACOEM SW 5";2024-09-23 07:00:00;93,71;12,77;
"K-B3 ACOEM SW 5";2024-09-23 06:00:00;92,54;12,83;
"K-B3 ACOEM SW 5";2024-09-23 05:00:00;91,10;13,07;
"K-B3 ACOEM SW 5";2024-09-23 04:00:00;91,18;12,96;
"K-B3 ACOEM SW 5";2024-09-23 03:00:00;91,06;13,06;
"K-B3 ACOEM SW 5";2024-09-23 02:00:00;92,28;12,92;
"K-B3 ACOEM SW 5";2024-09-23 01:00:00;91,07;13,29;
"K-B3 ACOEM SW 5";2024-09-23 00:00:00;88,18;13,93;
"K-B3 ACOEM SW 5";2024-09-22 23:00:00;88,62;13,88;
"K-B3 ACOEM SW 5";2024-09-22 22:00:00;88,63;13,80;
"K-B3 ACOEM SW 5";2024-09-22 21:00:00;88,24;13,85;
"K-B3 ACOEM SW 5";2024-09-22 20:00:00;86,04;14,41;
"K-B3 ACOEM SW 5";2024-09-22 19:00:00;83,06;15,06;
"K-B3 ACOEM SW 5";2024-09-22 18:00:00;78,15;16,42;
"K-B3 ACOEM SW 5";2024-09-22 17:00:00;73,02;17,71;
"K-B3 ACOEM SW 5";2024-09-22 16:00:00;71,84;17,74;
"K-B3 ACOEM SW 5";2024-09-22 15:00:00;70,13;18,09;
"K-B3 ACOEM SW 5";2024-09-22 14:00:00;69,47;18,04;
"K-B3 ACOEM SW 5";2024-09-22 13:00:00;69,22;17,82;
"K-B3 ACOEM SW 5";2024-09-22 12:00:00;72,55;16,51;
"K-B3 ACOEM SW 5";2024-09-22 11:00:00;78,91;14,59;
"K-B3 ACOEM SW 5";2024-09-22 10:00:00;83,04;13,48;
"K-B3 ACOEM SW 5";2024-09-22 09:00:00;88,02;12,18;
"K-B3 ACOEM SW 5";2024-09-22 08:00:00;88,03;12,16;
"K-B3 ACOEM SW 5";2024-09-22 07:00:00;88,30;12,63;
"K-B3 ACOEM SW 5";2024-09-22 06:00:00;87,43;13,23;
"K-B3 ACOEM SW 5";2024-09-22 05:00:00;87,65;13,43;
"K-B3 ACOEM SW 5";2024-09-22 04:00:00;88,35;13,44;
"K-B3 ACOEM SW 5";2024-09-22 03:00:00;88,31;13,54;
"K-B3 ACOEM SW 5";2024-09-22 02:00:00;87,66;13,67;
"K-B3 ACOEM SW 5";2024-09-22 01:00:00;87,45;13,68;
"K-B3 ACOEM SW 5";2024-09-22 00:00:00;87,24;13,87;
"K-B3 ACOEM SW 5";2024-09-21 23:00:00;87,85;13,93;
"K-B3 ACOEM SW 5";2024-09-21 22:00:00;88,75;14,10;
"K-B3 ACOEM SW 5";2024-09-21 21:00:00;88,84;14,55;
"K-B3 ACOEM SW 5";2024-09-21 20:00:00;88,81;14,63;
"K-B3 ACOEM SW 5";2024-09-21 19:00:00;86,43;15,59;
"K-B3 ACOEM SW 5";2024-09-21 18:00:00;85,69;16,39;
"K-B3 ACOEM SW 5";2024-09-21 17:00:00;86,26;16,76;
"K-B3 ACOEM SW 5";2024-09-21 16:00:00;83,85;17,60;
"K-B3 ACOEM SW 5";2024-09-21 15:00:00;72,52;20,94;
"K-B3 ACOEM SW 5";2024-09-21 14:00:00;67,55;21,71;
"K-B3 ACOEM SW 5";2024-09-21 13:00:00;67,91;20,83;
"K-B3 ACOEM SW 5";2024-09-21 12:00:00;71,35;19,38;
"K-B3 ACOEM SW 5";2024-09-21 11:00:00;74,06;18,24;
"K-B3 ACOEM SW 5";2024-09-21 10:00:00;84,96;14,90;
"K-B3 ACOEM SW 5";2024-09-21 09:00:00;93,80;11,88;
"K-B3 ACOEM SW 5";2024-09-21 08:00:00;94,51;10,80;
"K-B3 ACOEM SW 5";2024-09-21 07:00:00;93,51;11,06;
"K-B3 ACOEM SW 5";2024-09-21 06:00:00;93,25;11,34;
"K-B3 ACOEM SW 5";2024-09-21 05:00:00;92,81;11,34;
"K-B3 ACOEM SW 5";2024-09-21 04:00:00;92,77;11,69;
"K-B3 ACOEM SW 5";2024-09-21 03:00:00;91,92;12,02;
"K-B3 ACOEM SW 5";2024-09-21 02:00:00;90,65;12,63;
"K-B3 ACOEM SW 5";2024-09-21 01:00:00;90,51;13,11;
"K-B3 ACOEM SW 5";2024-09-21 00:00:00;89,15;13,82;
"K-B3 ACOEM SW 5";2024-09-20 23:00:00;85,65;14,13;
"K-B3 ACOEM SW 5";2024-09-20 22:00:00;87,94;14,50;
"K-B3 ACOEM SW 5";2024-09-20 21:00:00;88,91;15,35;
"K-B3 ACOEM SW 5";2024-09-20 20:00:00;85,36;16,56;
"K-B3 ACOEM SW 5";2024-09-20 19:00:00;81,27;17,73;
"K-B3 ACOEM SW 5";2024-09-20 18:00:00;75,73;18,76;
"K-B3 ACOEM SW 5";2024-09-20 17:00:00;73,88;19,30;
"K-B3 ACOEM SW 5";2024-09-20 16:00:00;72,59;19,74;
"K-B3 ACOEM SW 5";2024-09-20 15:00:00;74,15;19,01;
"K-B3 ACOEM SW 5";2024-09-20 14:00:00;73,66;19,07;
"K-B3 ACOEM SW 5";2024-09-20 13:00:00;68,28;19,89;
"K-B3 ACOEM SW 5";2024-09-20 12:00:00;71,99;19,14;
"K-B3 ACOEM SW 5";2024-09-20 11:00:00;73,22;17,97;
"K-B3 ACOEM SW 5";2024-09-20 10:00:00;83,76;14,22;
"K-B3 ACOEM SW 5";2024-09-20 09:00:00;92,33;11,22;
"K-B3 ACOEM SW 5";2024-09-20 08:00:00;93,50;10,31;
"K-B3 ACOEM SW 5";2024-09-20 07:00:00;93,50;10,53;
"K-B3 ACOEM SW 5";2024-09-20 06:00:00;93,29;10,79;
"K-B3 ACOEM SW 5";2024-09-20 05:00:00;93,24;11,09;
"K-B3 ACOEM SW 5";2024-09-20 04:00:00;93,06;11,37;
"K-B3 ACOEM SW 5";2024-09-20 03:00:00;93,15;11,63;
"K-B3 ACOEM SW 5";2024-09-20 02:00:00;93,28;11,90;
"K-B3 ACOEM SW 5";2024-09-20 01:00:00;92,74;12,49;
"K-B3 ACOEM SW 5";2024-09-20 00:00:00;92,81;13,01;
"K-B3 ACOEM SW 5";2024-09-19 23:00:00;91,88;13,47;
"K-B3 ACOEM SW 5";2024-09-19 22:00:00;90,51;14,09;
"K-B3 ACOEM SW 5";2024-09-19 21:00:00;87,90;15,04;
"K-B3 ACOEM SW 5";2024-09-19 20:00:00;84,25;16,32;
"K-B3 ACOEM SW 5";2024-09-19 19:00:00;81,66;17,23;
"K-B3 ACOEM SW 5";2024-09-19 18:00:00;77,23;18,00;
"K-B3 ACOEM SW 5";2024-09-19 17:00:00;73,63;18,70;
"K-B3 ACOEM SW 5";2024-09-19 16:00:00;74,62;18,67;
"K-B3 ACOEM SW 5";2024-09-19 15:00:00;74,93;18,64;
"K-B3 ACOEM SW 5";2024-09-19 14:00:00;76,04;18,49;
"K-B3 ACOEM SW 5";2024-09-19 13:00:00;76,42;18,54;
"K-B3 ACOEM SW 5";2024-09-19 12:00:00;74,39;18,80;
"K-B3 ACOEM SW 5";2024-09-19 11:00:00;79,53;16,94;
"K-B3 ACOEM SW 5";2024-09-19 10:00:00;87,96;14,90;
"K-B3 ACOEM SW 5";2024-09-19 09:00:00;94,84;12,45;
"K-B3 ACOEM SW 5";2024-09-19 08:00:00;94,51;11,40;
"K-B3 ACOEM SW 5";2024-09-19 07:00:00;94,09;11,35;
"K-B3 ACOEM SW 5";2024-09-19 06:00:00;93,74;11,50;
"K-B3 ACOEM SW 5";2024-09-19 05:00:00;92,90;11,74;
"K-B3 ACOEM SW 5";2024-09-19 04:00:00;92,15;12,02;
"K-B3 ACOEM SW 5";2024-09-19 03:00:00;92,41;12,37;
"K-B3 ACOEM SW 5";2024-09-19 02:00:00;92,38;12,71;
"K-B3 ACOEM SW 5";2024-09-19 01:00:00;92,52;13,05;
"K-B3 ACOEM SW 5";2024-09-19 00:00:00;92,59;13,32;
"K-B3 ACOEM SW 5";2024-09-18 23:00:00;91,61;13,61;
"K-B3 ACOEM SW 5";2024-09-18 22:00:00;91,14;14,10;
"K-B3 ACOEM SW 5";2024-09-18 21:00:00;89,43;14,58;
"K-B3 ACOEM SW 5";2024-09-18 20:00:00;85,41;15,84;
"K-B3 ACOEM SW 5";2024-09-18 19:00:00;85,64;15,88;
"K-B3 ACOEM SW 5";2024-09-18 18:00:00;82,07;16,57;
"K-B3 ACOEM SW 5";2024-09-18 17:00:00;73,18;18,51;
"K-B3 ACOEM SW 5";2024-09-18 16:00:00;71,76;19,03;
"K-B3 ACOEM SW 5";2024-09-18 15:00:00;71,13;19,56;
"K-B3 ACOEM SW 5";2024-09-18 14:00:00;78,65;17,76;
"K-B3 ACOEM SW 5";2024-09-18 13:00:00;81,71;16,91;
"K-B3 ACOEM SW 5";2024-09-18 12:00:00;74,52;18,45;
"K-B3 ACOEM SW 5";2024-09-18 11:00:00;76,33;17,35;
"K-B3 ACOEM SW 5";2024-09-18 10:00:00;82,66;15,23;
"K-B3 ACOEM SW 5";2024-09-18 09:00:00;92,81;12,45;
"K-B3 ACOEM SW 5";2024-09-18 08:00:00;94,08;11,34;
"K-B3 ACOEM SW 5";2024-09-18 07:00:00;94,85;11,45;
"K-B3 ACOEM SW 5";2024-09-18 06:00:00;94,75;11,67;
"K-B3 ACOEM SW 5";2024-09-18 05:00:00;94,22;12,02;
"K-B3 ACOEM SW 5";2024-09-18 04:00:00;94,39;12,36;
"K-B3 ACOEM SW 5";2024-09-18 03:00:00;93,66;12,80;
"K-B3 ACOEM SW 5";2024-09-18 02:00:00;92,82;13,41;
"K-B3 ACOEM SW 5";2024-09-18 01:00:00;92,41;13,93;
"K-B3 ACOEM SW 5";2024-09-18 00:00:00;90,88;14,48;
"K-B3 ACOEM SW 5";2024-09-17 23:00:00;89,47;15,21;
"K-B3 ACOEM SW 5";2024-09-17 22:00:00;88,29;15,54;
"K-B3 ACOEM SW 5";2024-09-17 21:00:00;85,94;16,04;
"K-B3 ACOEM SW 5";2024-09-17 20:00:00;83,41;16,69;
"K-B3 ACOEM SW 5";2024-09-17 19:00:00;81,54;17,23;
"K-B3 ACOEM SW 5";2024-09-17 18:00:00;80,16;17,50;
"K-B3 ACOEM SW 5";2024-09-17 17:00:00;74,15;18,91;
"K-B3 ACOEM SW 5";2024-09-17 16:00:00;70,33;19,77;
"K-B3 ACOEM SW 5";2024-09-17 15:00:00;71,59;18,70;
"K-B3 ACOEM SW 5";2024-09-17 14:00:00;70,01;18,67;
"K-B3 ACOEM SW 5";2024-09-17 13:00:00;69,39;17,60;
"K-B3 ACOEM SW 5";2024-09-17 12:00:00;73,11;15,41;
"K-B3 ACOEM SW 5";2024-09-17 11:00:00;77,37;14,43;
"K-B3 ACOEM SW 5";2024-09-17 10:00:00;82,38;13,48;
"K-B3 ACOEM SW 5";2024-09-17 09:00:00;86,72;12,44;
"K-B3 ACOEM SW 5";2024-09-17 08:00:00;88,30;11,64;
"K-B3 ACOEM SW 5";2024-09-17 07:00:00;88,74;11,53;
"K-B3 ACOEM SW 5";2024-09-17 06:00:00;86,98;11,80;
"K-B3 ACOEM SW 5";2024-09-17 05:00:00;87,62;11,38;
"K-B3 ACOEM SW 5";2024-09-17 04:00:00;87,98;11,38;
"K-B3 ACOEM SW 5";2024-09-17 03:00:00;87,29;11,78;
"K-B3 ACOEM SW 5";2024-09-17 02:00:00;88,66;12,29;
"K-B3 ACOEM SW 5";2024-09-17 01:00:00;90,38;12,91;
"K-B3 ACOEM SW 5";2024-09-17 00:00:00;92,40;13,21;
"K-B3 ACOEM SW 5";2024-09-16 23:00:00;91,08;13,92;
"K-B3 ACOEM SW 5";2024-09-16 22:00:00;88,97;14,97;
"K-B3 ACOEM SW 5";2024-09-16 21:00:00;86,31;16,17;
"K-B3 ACOEM SW 5";2024-09-16 20:00:00;81,45;17,45;
"K-B3 ACOEM SW 5";2024-09-16 19:00:00;76,53;18,36;
"K-B3 ACOEM SW 5";2024-09-16 18:00:00;76,00;18,30;
"K-B3 ACOEM SW 5";2024-09-16 17:00:00;71,56;19,45;
"K-B3 ACOEM SW 5";2024-09-16 16:00:00;67,68;19,79;
"K-B3 ACOEM SW 5";2024-09-16 15:00:00;66,67;19,00;
"K-B3 ACOEM SW 5";2024-09-16 14:00:00;69,48;18,86;
"K-B3 ACOEM SW 5";2024-09-16 13:00:00;70,21;19,19;
"K-B3 ACOEM SW 5";2024-09-16 12:00:00;71,28;19,11;
"K-B3 ACOEM SW 5";2024-09-16 11:00:00;82,96;16,51;
"K-B3 ACOEM SW 5";2024-09-16 10:00:00;93,77;13,79;
"K-B3 ACOEM SW 5";2024-09-16 09:00:00;92,77;13,62;
"K-B3 ACOEM SW 5";2024-09-16 08:00:00;91,83;13,69;
"K-B3 ACOEM SW 5";2024-09-16 07:00:00;89,92;14,02;
"K-B3 ACOEM SW 5";2024-09-16 06:00:00;90,32;14,47;
"K-B3 ACOEM SW 5";2024-09-16 05:00:00;92,04;14,97;
"K-B3 ACOEM SW 5";2024-09-16 04:00:00;93,10;15,04;
"K-B3 ACOEM SW 5";2024-09-16 03:00:00;91,82;14,63;
"K-B3 ACOEM SW 5";2024-09-16 02:00:00;89,87;14,62;
"K-B3 ACOEM SW 5";2024-09-16 01:00:00;90,50;14,89;
"K-B3 ACOEM SW 5";2024-09-16 00:00:00;90,78;15,20;
"K-B3 ACOEM SW 5";2024-09-15 23:00:00;92,06;15,56;
"K-B3 ACOEM SW 5";2024-09-15 22:00:00;91,10;15,81;
"K-B3 ACOEM SW 5";2024-09-15 21:00:00;90,03;15,93;
"K-B3 ACOEM SW 5";2024-09-15 20:00:00;88,92;15,97;
"K-B3 ACOEM SW 5";2024-09-15 19:00:00;87,89;16,05;
"K-B3 ACOEM SW 5";2024-09-15 18:00:00;86,59;16,37;
"K-B3 ACOEM SW 5";2024-09-15 17:00:00;86,39;16,16;
"K-B3 ACOEM SW 5";2024-09-15 16:00:00;86,11;16,05;
"K-B3 ACOEM SW 5";2024-09-15 15:00:00;86,51;15,94;
"K-B3 ACOEM SW 5";2024-09-15 14:00:00;86,90;15,75;
"K-B3 ACOEM SW 5";2024-09-15 13:00:00;89,97;15,15;
"K-B3 ACOEM SW 5";2024-09-15 12:00:00;89,62;14,37;
"K-B3 ACOEM SW 5";2024-09-15 11:00:00;88,08;13,85;
"K-B3 ACOEM SW 5";2024-09-15 10:00:00;85,70;13,40;
"K-B3 ACOEM SW 5";2024-09-15 09:00:00;83,10;13,02;
"K-B3 ACOEM SW 5";2024-09-15 08:00:00;80,38;12,67;
"K-B3 ACOEM SW 5";2024-09-15 07:00:00;79,06;12,45;
"K-B3 ACOEM SW 5";2024-09-15 06:00:00;78,06;12,25;
"K-B3 ACOEM SW 5";2024-09-15 05:00:00;77,81;11,82;
"K-B3 ACOEM SW 5";2024-09-15 04:00:00;77,55;11,55;
"K-B3 ACOEM SW 5";2024-09-15 03:00:00;75,77;11,84;
"K-B3 ACOEM SW 5";2024-09-15 02:00:00;74,08;12,02;
"K-B3 ACOEM SW 5";2024-09-15 01:00:00;74,17;11,45;
"K-B3 ACOEM SW 5";2024-09-15 00:00:00;73,19;11,26;
"K-B3 ACOEM SW 5";2024-09-14 23:00:00;71,42;11,46;
"K-B3 ACOEM SW 5";2024-09-14 22:00:00;68,70;12,00;
"K-B3 ACOEM SW 5";2024-09-14 21:00:00;66,46;12,80;
"K-B3 ACOEM SW 5";2024-09-14 20:00:00;62,34;14,36;
"K-B3 ACOEM SW 5";2024-09-14 19:00:00;57,14;15,94;
"K-B3 ACOEM SW 5";2024-09-14 18:00:00;52,24;17,01;
"K-B3 ACOEM SW 5";2024-09-14 17:00:00;44,63;18,66;
"K-B3 ACOEM SW 5";2024-09-14 16:00:00;43,41;18,70;
"K-B3 ACOEM SW 5";2024-09-14 15:00:00;44,55;17,98;
"K-B3 ACOEM SW 5";2024-09-14 14:00:00;51,46;17,06;
"K-B3 ACOEM SW 5";2024-09-14 13:00:00;43,25;18,40;
"K-B3 ACOEM SW 5";2024-09-14 12:00:00;42,78;17,57;
"K-B3 ACOEM SW 5";2024-09-14 11:00:00;48,20;15,35;
"K-B3 ACOEM SW 5";2024-09-14 10:00:00;57,82;12,14;
"K-B3 ACOEM SW 5";2024-09-14 09:00:00;65,57;9,54;
"K-B3 ACOEM SW 5";2024-09-14 08:00:00;70,38;7,79;
"K-B3 ACOEM SW 5";2024-09-14 07:00:00;71,50;7,55;
"K-B3 ACOEM SW 5";2024-09-14 06:00:00;68,41;8,14;
"K-B3 ACOEM SW 5";2024-09-14 05:00:00;68,10;8,35;
"K-B3 ACOEM SW 5";2024-09-14 04:00:00;67,48;8,57;
"K-B3 ACOEM SW 5";2024-09-14 03:00:00;66,37;8,88;
"K-B3 ACOEM SW 5";2024-09-14 02:00:00;64,44;9,26;
"K-B3 ACOEM SW 5";2024-09-14 01:00:00;61,74;9,73;
"K-B3 ACOEM SW 5";2024-09-14 00:00:00;57,61;10,55;
"K-B3 ACOEM SW 5";2024-09-13 23:00:00;54,56;11,20;
"K-B3 ACOEM SW 5";2024-09-13 22:00:00;52,97;11,83;
"K-B3 ACOEM SW 5";2024-09-13 21:00:00;51,63;12,64;
"K-B3 ACOEM SW 5";2024-09-13 20:00:00;44,73;14,54;
"K-B3 ACOEM SW 5";2024-09-13 19:00:00;39,89;16,01;
"K-B3 ACOEM SW 5";2024-09-13 18:00:00;38,37;16,67;
"K-B3 ACOEM SW 5";2024-09-13 17:00:00;35,10;18,13;
"K-B3 ACOEM SW 5";2024-09-13 16:00:00;34,30;18,67;
"K-B3 ACOEM SW 5";2024-09-13 15:00:00;34,03;18,75;
"K-B3 ACOEM SW 5";2024-09-13 14:00:00;34,00;18,36;
"K-B3 ACOEM SW 5";2024-09-13 13:00:00;37,87;17,65;
"K-B3 ACOEM SW 5";2024-09-13 12:00:00;43,18;15,53;
"K-B3 ACOEM SW 5";2024-09-13 11:00:00;49,74;13,12;
"K-B3 ACOEM SW 5";2024-09-13 10:00:00;56,97;11,35;
"K-B3 ACOEM SW 5";2024-09-13 09:00:00;64,41;9,60;
"K-B3 ACOEM SW 5";2024-09-13 08:00:00;69,04;8,58;
"K-B3 ACOEM SW 5";2024-09-13 07:00:00;69,53;8,70;
"K-B3 ACOEM SW 5";2024-09-13 06:00:00;71,57;8,50;
"K-B3 ACOEM SW 5";2024-09-13 05:00:00;72,15;8,50;
"K-B3 ACOEM SW 5";2024-09-13 04:00:00;71,47;8,88;
"K-B3 ACOEM SW 5";2024-09-13 03:00:00;70,74;9,17;
"K-B3 ACOEM SW 5";2024-09-13 02:00:00;70,85;9,37;
"K-B3 ACOEM SW 5";2024-09-13 01:00:00;70,85;9,76;
"K-B3 ACOEM SW 5";2024-09-13 00:00:00;68,63;10,47;
"K-B3 ACOEM SW 5";2024-09-12 23:00:00;66,41;11,28;
"K-B3 ACOEM SW 5";2024-09-12 22:00:00;66,78;11,98;
"K-B3 ACOEM SW 5";2024-09-12 21:00:00;64,10;13,26;
"K-B3 ACOEM SW 5";2024-09-12 20:00:00;57,24;15,11;
"K-B3 ACOEM SW 5";2024-09-12 19:00:00;52,43;15,73;
"K-B3 ACOEM SW 5";2024-09-12 18:00:00;48,83;16,84;
"K-B3 ACOEM SW 5";2024-09-12 17:00:00;48,51;17,69;
"K-B3 ACOEM SW 5";2024-09-12 16:00:00;46,16;18,91;
"K-B3 ACOEM SW 5";2024-09-12 15:00:00;48,29;18,95;
"K-B3 ACOEM SW 5";2024-09-12 14:00:00;52,01;18,15;
"K-B3 ACOEM SW 5";2024-09-12 13:00:00;59,06;16,65;
"K-B3 ACOEM SW 5";2024-09-12 12:00:00;66,20;14,86;
"K-B3 ACOEM SW 5";2024-09-12 11:00:00;72,81;13,20;
"K-B3 ACOEM SW 5";2024-09-12 10:00:00;81,61;10,94;
"K-B3 ACOEM SW 5";2024-09-12 09:00:00;86,96;8,91;
"K-B3 ACOEM SW 5";2024-09-12 08:00:00;87,18;8,81;
"K-B3 ACOEM SW 5";2024-09-12 07:00:00;88,49;8,39;
"K-B3 ACOEM SW 5";2024-09-12 06:00:00;88,24;8,02;
"K-B3 ACOEM SW 5";2024-09-12 05:00:00;88,98;7,74;
"K-B3 ACOEM SW 5";2024-09-12 04:00:00;89,38;7,67;
"K-B3 ACOEM SW 5";2024-09-12 03:00:00;89,69;7,82;
"K-B3 ACOEM SW 5";2024-09-12 02:00:00;88,41;8,30;
"K-B3 ACOEM SW 5";2024-09-12 01:00:00;89,37;8,68;
"K-B3 ACOEM SW 5";2024-09-12 00:00:00;90,18;9,09;
"K-B3 ACOEM SW 5";2024-09-11 23:00:00;89,81;9,60;
"K-B3 ACOEM SW 5";2024-09-11 22:00:00;88,36;10,18;
"K-B3 ACOEM SW 5";2024-09-11 21:00:00;88,89;10,12;
"K-B3 ACOEM SW 5";2024-09-11 20:00:00;83,37;11,11;
"K-B3 ACOEM SW 5";2024-09-11 19:00:00;69,96;12,95;
"K-B3 ACOEM SW 5";2024-09-11 18:00:00;61,31;14,21;
"K-B3 ACOEM SW 5";2024-09-11 17:00:00;58,52;14,96;
"K-B3 ACOEM SW 5";2024-09-11 16:00:00;56,87;15,44;
"K-B3 ACOEM SW 5";2024-09-11 15:00:00;56,23;15,84;
"K-B3 ACOEM SW 5";2024-09-11 14:00:00;64,05;15,16;
"K-B3 ACOEM SW 5";2024-09-11 13:00:00;60,21;15,03;
"K-B3 ACOEM SW 5";2024-09-11 12:00:00;65,56;14,79;
"K-B3 ACOEM SW 5";2024-09-11 11:00:00;75,49;12,24;
"K-B3 ACOEM SW 5";2024-09-11 10:00:00;80,21;11,08;
"K-B3 ACOEM SW 5";2024-09-11 09:00:00;87,17;9,53;
"K-B3 ACOEM SW 5";2024-09-11 08:00:00;89,15;9,04;
"K-B3 ACOEM SW 5";2024-09-11 07:00:00;89,05;9,21;
"K-B3 ACOEM SW 5";2024-09-11 06:00:00;88,97;9,81;
"K-B3 ACOEM SW 5";2024-09-11 05:00:00;86,33;9,98;
"K-B3 ACOEM SW 5";2024-09-11 04:00:00;86,43;9,93;
"K-B3 ACOEM SW 5";2024-09-11 03:00:00;88,83;9,69;
"K-B3 ACOEM SW 5";2024-09-11 02:00:00;85,95;10,14;
"K-B3 ACOEM SW 5";2024-09-11 01:00:00;84,78;10,19;
"K-B3 ACOEM SW 5";2024-09-11 00:00:00;86,76;10,00;
"K-B3 ACOEM SW 5";2024-09-10 23:00:00;87,89;9,92;
"K-B3 ACOEM SW 5";2024-09-10 22:00:00;88,72;10,24;
"K-B3 ACOEM SW 5";2024-09-10 21:00:00;89,20;11,07;
"K-B3 ACOEM SW 5";2024-09-10 20:00:00;89,85;12,05;
"K-B3 ACOEM SW 5";2024-09-10 19:00:00;91,42;12,45;
"K-B3 ACOEM SW 5";2024-09-10 18:00:00;90,30;12,86;
"K-B3 ACOEM SW 5";2024-09-10 17:00:00;89,93;14,48;
"K-B3 ACOEM SW 5";2024-09-10 16:00:00;90,80;14,59;
"K-B3 ACOEM SW 5";2024-09-10 15:00:00;87,16;14,95;
"K-B3 ACOEM SW 5";2024-09-10 14:00:00;89,98;14,15;
"K-B3 ACOEM SW 5";2024-09-10 13:00:00;79,28;14,90;
"K-B3 ACOEM SW 5";2024-09-10 12:00:00;60,74;16,90;
"K-B3 ACOEM SW 5";2024-09-10 11:00:00;62,50;15,25;
"K-B3 ACOEM SW 5";2024-09-10 10:00:00;67,43;13,06;
"K-B3 ACOEM SW 5";2024-09-10 09:00:00;70,58;11,25;
"K-B3 ACOEM SW 5";2024-09-10 08:00:00;72,38;10,12;
"K-B3 ACOEM SW 5";2024-09-10 07:00:00;70,05;10,26;
"K-B3 ACOEM SW 5";2024-09-10 06:00:00;67,36;10,61;
"K-B3 ACOEM SW 5";2024-09-10 05:00:00;66,60;11,15;
"K-B3 ACOEM SW 5";2024-09-10 04:00:00;70,01;11,76;
"K-B3 ACOEM SW 5";2024-09-10 03:00:00;71,72;12,35;
"K-B3 ACOEM SW 5";2024-09-10 02:00:00;73,77;13,30;
"K-B3 ACOEM SW 5";2024-09-10 01:00:00;75,51;14,29;
"K-B3 ACOEM SW 5";2024-09-10 00:00:00;76,46;15,11;
"K-B3 ACOEM SW 5";2024-09-09 23:00:00;83,55;15,67;
"K-B3 ACOEM SW 5";2024-09-09 22:00:00;86,03;16,09;
"K-B3 ACOEM SW 5";2024-09-09 21:00:00;84,65;16,80;
"K-B3 ACOEM SW 5";2024-09-09 20:00:00;82,29;17,82;
"K-B3 ACOEM SW 5";2024-09-09 19:00:00;79,15;18,43;
"K-B3 ACOEM SW 5";2024-09-09 18:00:00;79,06;19,08;
"K-B3 ACOEM SW 5";2024-09-09 17:00:00;82,03;18,85;
"K-B3 ACOEM SW 5";2024-09-09 16:00:00;83,96;18,93;
"K-B3 ACOEM SW 5";2024-09-09 15:00:00;83,30;19,54;
"K-B3 ACOEM SW 5";2024-09-09 14:00:00;84,75;19,60;
"K-B3 ACOEM SW 5";2024-09-09 13:00:00;89,29;18,80;
"K-B3 ACOEM SW 5";2024-09-09 12:00:00;92,59;18,28;
"K-B3 ACOEM SW 5";2024-09-09 11:00:00;93,72;17,74;
"K-B3 ACOEM SW 5";2024-09-09 10:00:00;93,79;17,86;
"K-B3 ACOEM SW 5";2024-09-09 09:00:00;94,27;17,77;
"K-B3 ACOEM SW 5";2024-09-09 08:00:00;93,02;17,85;
"K-B3 ACOEM SW 5";2024-09-09 07:00:00;93,26;17,86;
"K-B3 ACOEM SW 5";2024-09-09 06:00:00;93,59;17,87;
"K-B3 ACOEM SW 5";2024-09-09 05:00:00;93,11;18,03;
"K-B3 ACOEM SW 5";2024-09-09 04:00:00;92,22;18,14;
"K-B3 ACOEM SW 5";2024-09-09 03:00:00;92,08;18,28;
"K-B3 ACOEM SW 5";2024-09-09 02:00:00;91,88;18,39;
"K-B3 ACOEM SW 5";2024-09-09 01:00:00;90,83;18,59;
"K-B3 ACOEM SW 5";2024-09-09 00:00:00;88,57;19,22;
"K-B3 ACOEM SW 5";2024-09-08 23:00:00;85,45;19,71;
"K-B3 ACOEM SW 5";2024-09-08 22:00:00;83,53;19,62;
"K-B3 ACOEM SW 5";2024-09-08 21:00:00;79,29;20,04;
"K-B3 ACOEM SW 5";2024-09-08 20:00:00;76,87;20,31;
"K-B3 ACOEM SW 5";2024-09-08 19:00:00;76,02;20,45;
"K-B3 ACOEM SW 5";2024-09-08 18:00:00;74,60;20,49;
"K-B3 ACOEM SW 5";2024-09-08 17:00:00;73,62;20,47;
"K-B3 ACOEM SW 5";2024-09-08 16:00:00;71,99;21,21;
"K-B3 ACOEM SW 5";2024-09-08 15:00:00;71,30;21,90;
"K-B3 ACOEM SW 5";2024-09-08 14:00:00;75,64;21,02;
"K-B3 ACOEM SW 5";2024-09-08 13:00:00;78,19;20,41;
"K-B3 ACOEM SW 5";2024-09-08 12:00:00;81,47;19,85;
"K-B3 ACOEM SW 5";2024-09-08 11:00:00;87,35;18,82;
"K-B3 ACOEM SW 5";2024-09-08 10:00:00;90,86;17,69;
"K-B3 ACOEM SW 5";2024-09-08 09:00:00;88,86;17,72;
"K-B3 ACOEM SW 5";2024-09-08 08:00:00;87,01;17,88;
"K-B3 ACOEM SW 5";2024-09-08 07:00:00;85,12;17,88;
"K-B3 ACOEM SW 5";2024-09-08 06:00:00;83,10;17,98;
"K-B3 ACOEM SW 5";2024-09-08 05:00:00;81,86;18,04;
"K-B3 ACOEM SW 5";2024-09-08 04:00:00;81,21;18,03;
"K-B3 ACOEM SW 5";2024-09-08 03:00:00;79,17;18,43;
"K-B3 ACOEM SW 5";2024-09-08 02:00:00;77,29;18,69;
"K-B3 ACOEM SW 5";2024-09-08 01:00:00;75,97;18,81;
"K-B3 ACOEM SW 5";2024-09-08 00:00:00;74,69;19,07;
"K-B3 ACOEM SW 5";2024-09-07 23:00:00;71,82;19,52;
"K-B3 ACOEM SW 5";2024-09-07 22:00:00;68,48;19,90;
"K-B3 ACOEM SW 5";2024-09-07 21:00:00;65,38;20,48;
"K-B3 ACOEM SW 5";2024-09-07 20:00:00;62,85;21,32;
"K-B3 ACOEM SW 5";2024-09-07 19:00:00;62,45;21,75;
"K-B3 ACOEM SW 5";2024-09-07 18:00:00;60,75;22,15;
"K-B3 ACOEM SW 5";2024-09-07 17:00:00;59,72;22,55;
"K-B3 ACOEM SW 5";2024-09-07 16:00:00;61,55;22,08;
"K-B3 ACOEM SW 5";2024-09-07 15:00:00;65,26;21,70;
"K-B3 ACOEM SW 5";2024-09-07 14:00:00;69,07;21,26;
"K-B3 ACOEM SW 5";2024-09-07 13:00:00;68,78;21,51;
"K-B3 ACOEM SW 5";2024-09-07 12:00:00;70,38;21,48;
"K-B3 ACOEM SW 5";2024-09-07 11:00:00;72,33;20,61;
"K-B3 ACOEM SW 5";2024-09-07 10:00:00;74,89;19,40;
"K-B3 ACOEM SW 5";2024-09-07 09:00:00;78,03;18,15;
"K-B3 ACOEM SW 5";2024-09-07 08:00:00;81,99;16,88;
"K-B3 ACOEM SW 5";2024-09-07 07:00:00;83,16;16,46;
"K-B3 ACOEM SW 5";2024-09-07 06:00:00;82,14;16,77;
"K-B3 ACOEM SW 5";2024-09-07 05:00:00;81,68;16,95;
"K-B3 ACOEM SW 5";2024-09-07 04:00:00;82,01;17,09;
"K-B3 ACOEM SW 5";2024-09-07 03:00:00;81,16;17,48;
"K-B3 ACOEM SW 5";2024-09-07 02:00:00;80,29;17,85;
"K-B3 ACOEM SW 5";2024-09-07 01:00:00;79,46;18,21;
"K-B3 ACOEM SW 5";2024-09-07 00:00:00;77,57;18,83;
"K-B3 ACOEM SW 5";2024-09-06 23:00:00;73,75;19,74;
"K-B3 ACOEM SW 5";2024-09-06 22:00:00;70,70;20,39;
"K-B3 ACOEM SW 5";2024-09-06 21:00:00;67,65;21,32;
"K-B3 ACOEM SW 5";2024-09-06 20:00:00;62,62;22,60;
"K-B3 ACOEM SW 5";2024-09-06 19:00:00;58,89;23,44;
"K-B3 ACOEM SW 5";2024-09-06 18:00:00;57,30;23,51;
"K-B3 ACOEM SW 5";2024-09-06 17:00:00;57,05;23,68;
"K-B3 ACOEM SW 5";2024-09-06 16:00:00;57,01;23,84;
"K-B3 ACOEM SW 5";2024-09-06 15:00:00;58,81;23,44;
"K-B3 ACOEM SW 5";2024-09-06 14:00:00;60,72;22,92;
"K-B3 ACOEM SW 5";2024-09-06 13:00:00;61,74;23,31;
"K-B3 ACOEM SW 5";2024-09-06 12:00:00;62,50;23,18;
"K-B3 ACOEM SW 5";2024-09-06 11:00:00;68,86;21,91;
"K-B3 ACOEM SW 5";2024-09-06 10:00:00;75,15;20,33;
"K-B3 ACOEM SW 5";2024-09-06 09:00:00;79,26;19,12;
"K-B3 ACOEM SW 5";2024-09-06 08:00:00;83,43;17,83;
"K-B3 ACOEM SW 5";2024-09-06 07:00:00;83,53;17,77;
"K-B3 ACOEM SW 5";2024-09-06 06:00:00;82,52;18,12;
"K-B3 ACOEM SW 5";2024-09-06 05:00:00;81,88;18,54;
"K-B3 ACOEM SW 5";2024-09-06 04:00:00;80,03;19,27;
"K-B3 ACOEM SW 5";2024-09-06 03:00:00;77,56;20,12;
"K-B3 ACOEM SW 5";2024-09-06 02:00:00;76,70;20,65;
"K-B3 ACOEM SW 5";2024-09-06 01:00:00;77,19;20,99;
"K-B3 ACOEM SW 5";2024-09-06 00:00:00;77,61;21,36;
"K-B3 ACOEM SW 5";2024-09-05 23:00:00;76,63;21,81;
"K-B3 ACOEM SW 5";2024-09-05 22:00:00;74,16;22,37;
"K-B3 ACOEM SW 5";2024-09-05 21:00:00;70,37;23,20;
"K-B3 ACOEM SW 5";2024-09-05 20:00:00;66,14;24,07;
"K-B3 ACOEM SW 5";2024-09-05 19:00:00;63,55;24,69;
"K-B3 ACOEM SW 5";2024-09-05 18:00:00;62,24;25,03;
"K-B3 ACOEM SW 5";2024-09-05 17:00:00;61,30;25,27;
"K-B3 ACOEM SW 5";2024-09-05 16:00:00;60,93;24,98;
"K-B3 ACOEM SW 5";2024-09-05 15:00:00;61,25;24,78;
"K-B3 ACOEM SW 5";2024-09-05 14:00:00;63,52;24,40;
"K-B3 ACOEM SW 5";2024-09-05 13:00:00;66,13;23,48;
"K-B3 ACOEM SW 5";2024-09-05 12:00:00;69,19;22,55;
"K-B3 ACOEM SW 5";2024-09-05 11:00:00;74,81;21,54;
"K-B3 ACOEM SW 5";2024-09-05 10:00:00;81,12;20,30;
"K-B3 ACOEM SW 5";2024-09-05 09:00:00;86,83;19,12;
"K-B3 ACOEM SW 5";2024-09-05 08:00:00;91,02;18,01;
"K-B3 ACOEM SW 5";2024-09-05 07:00:00;91,62;17,85;
"K-B3 ACOEM SW 5";2024-09-05 06:00:00;90,66;18,26;
"K-B3 ACOEM SW 5";2024-09-05 05:00:00;90,79;18,50;
"K-B3 ACOEM SW 5";2024-09-05 04:00:00;90,04;18,89;
"K-B3 ACOEM SW 5";2024-09-05 03:00:00;89,10;19,18;
"K-B3 ACOEM SW 5";2024-09-05 02:00:00;89,10;19,20;
"K-B3 ACOEM SW 5";2024-09-05 01:00:00;90,71;18,99;
"K-B3 ACOEM SW 5";2024-09-05 00:00:00;92,00;18,69;
"K-B3 ACOEM SW 5";2024-09-04 23:00:00;92,39;18,38;
"K-B3 ACOEM SW 5";2024-09-04 22:00:00;93,13;18,28;
"K-B3 ACOEM SW 5";2024-09-04 21:00:00;93,38;18,20;
"K-B3 ACOEM SW 5";2024-09-04 20:00:00;93,31;18,09;
"K-B3 ACOEM SW 5";2024-09-04 19:00:00;93,92;17,91;
"K-B3 ACOEM SW 5";2024-09-04 18:00:00;93,83;17,81;
"K-B3 ACOEM SW 5";2024-09-04 17:00:00;94,22;17,62;
"K-B3 ACOEM SW 5";2024-09-04 16:00:00;95,62;17,51;
"K-B3 ACOEM SW 5";2024-09-04 15:00:00;96,60;17,64;
"K-B3 ACOEM SW 5";2024-09-04 14:00:00;97,16;17,91;
"K-B3 ACOEM SW 5";2024-09-04 13:00:00;96,76;17,95;
"K-B3 ACOEM SW 5";2024-09-04 12:00:00;97,04;17,92;
"K-B3 ACOEM SW 5";2024-09-04 11:00:00;96,54;18,07;
"K-B3 ACOEM SW 5";2024-09-04 10:00:00;96,07;18,13;
"K-B3 ACOEM SW 5";2024-09-04 09:00:00;95,83;18,14;
"K-B3 ACOEM SW 5";2024-09-04 08:00:00;95,70;18,04;
"K-B3 ACOEM SW 5";2024-09-04 07:00:00;95,61;18,02;
"K-B3 ACOEM SW 5";2024-09-04 06:00:00;95,94;17,93;
"K-B3 ACOEM SW 5";2024-09-04 05:00:00;95,08;18,26;
"K-B3 ACOEM SW 5";2024-09-04 04:00:00;94,63;18,40;
"K-B3 ACOEM SW 5";2024-09-04 03:00:00;94,08;18,42;
"K-B3 ACOEM SW 5";2024-09-04 02:00:00;94,55;18,44;
"K-B3 ACOEM SW 5";2024-09-04 01:00:00;94,65;18,26;
"K-B3 ACOEM SW 5";2024-09-04 00:00:00;95,48;17,88;
"K-B3 ACOEM SW 5";2024-09-03 23:00:00;95,25;17,79;
"K-B3 ACOEM SW 5";2024-09-03 22:00:00;95,23;17,72;
"K-B3 ACOEM SW 5";2024-09-03 21:00:00;95,11;17,71;
"K-B3 ACOEM SW 5";2024-09-03 20:00:00;95,20;17,57;
"K-B3 ACOEM SW 5";2024-09-03 19:00:00;94,84;17,50;
"K-B3 ACOEM SW 5";2024-09-03 18:00:00;93,59;17,82;
"K-B3 ACOEM SW 5";2024-09-03 17:00:00;92,75;18,04;
"K-B3 ACOEM SW 5";2024-09-03 16:00:00;91,70;18,13;
"K-B3 ACOEM SW 5";2024-09-03 15:00:00;92,44;17,74;
"K-B3 ACOEM SW 5";2024-09-03 14:00:00;94,22;17,18;
"K-B3 ACOEM SW 5";2024-09-03 13:00:00;94,19;16,97;
"K-B3 ACOEM SW 5";2024-09-03 12:00:00;93,16;17,26;
"K-B3 ACOEM SW 5";2024-09-03 11:00:00;93,42;17,05;
"K-B3 ACOEM SW 5";2024-09-03 10:00:00;93,57;16,75;
"K-B3 ACOEM SW 5";2024-09-03 09:00:00;93,32;16,36;
"K-B3 ACOEM SW 5";2024-09-03 08:00:00;91,52;16,44;
"K-B3 ACOEM SW 5";2024-09-03 07:00:00;88,08;16,85;
"K-B3 ACOEM SW 5";2024-09-03 06:00:00;89,09;16,88;
"K-B3 ACOEM SW 5";2024-09-03 05:00:00;88,93;16,80;
"K-B3 ACOEM SW 5";2024-09-03 04:00:00;88,99;16,55;
"K-B3 ACOEM SW 5";2024-09-03 03:00:00;88,05;16,47;
"K-B3 ACOEM SW 5";2024-09-03 02:00:00;88,16;16,35;
"K-B3 ACOEM SW 5";2024-09-03 01:00:00;89,83;16,10;
"K-B3 ACOEM SW 5";2024-09-03 00:00:00;87,23;16,00;
"K-B3 ACOEM SW 5";2024-09-02 23:00:00;88,15;16,06;
"K-B3 ACOEM SW 5";2024-09-02 22:00:00;87,70;16,02;
"K-B3 ACOEM SW 5";2024-09-02 21:00:00;85,85;16,15;
"K-B3 ACOEM SW 5";2024-09-02 20:00:00;83,38;16,35;
"K-B3 ACOEM SW 5";2024-09-02 19:00:00;79,39;16,84;
"K-B3 ACOEM SW 5";2024-09-02 18:00:00;76,07;17,47;
"K-B3 ACOEM SW 5";2024-09-02 17:00:00;79,42;17,43;
"K-B3 ACOEM SW 5";2024-09-02 16:00:00;76,16;18,30;
"K-B3 ACOEM SW 5";2024-09-02 15:00:00;74,25;18,02;
"K-B3 ACOEM SW 5";2024-09-02 14:00:00;74,13;17,89;
"K-B3 ACOEM SW 5";2024-09-02 13:00:00;75,35;17,79;
"K-B3 ACOEM SW 5";2024-09-02 12:00:00;78,39;17,23;
"K-B3 ACOEM SW 5";2024-09-02 11:00:00;82,10;16,00;
"K-B3 ACOEM SW 5";2024-09-02 10:00:00;82,38;14,82;
"K-B3 ACOEM SW 5";2024-09-02 09:00:00;81,71;13,69;
"K-B3 ACOEM SW 5";2024-09-02 08:00:00;85,24;12,52;
"K-B3 ACOEM SW 5";2024-09-02 07:00:00;83,84;12,01;
"K-B3 ACOEM SW 5";2024-09-02 06:00:00;81,96;12,52;
"K-B3 ACOEM SW 5";2024-09-02 05:00:00;72,76;13,31;
"K-B3 ACOEM SW 5";2024-09-02 04:00:00;67,48;14,16;
"K-B3 ACOEM SW 5";2024-09-02 03:00:00;62,78;14,63;
"K-B3 ACOEM SW 5";2024-09-02 02:00:00;57,06;15,14;
"K-B3 ACOEM SW 5";2024-09-02 01:00:00;56,18;15,33;
"K-B3 ACOEM SW 5";2024-09-02 00:00:00;57,65;15,39;
"K-B3 ACOEM SW 5";2024-09-01 23:00:00;60,07;15,54;
"K-B3 ACOEM SW 5";2024-09-01 22:00:00;64,92;15,91;
"K-B3 ACOEM SW 5";2024-09-01 21:00:00;63,33;17,75;
"K-B3 ACOEM SW 5";2024-09-01 20:00:00;57,69;19,56;
"K-B3 ACOEM SW 5";2024-09-01 19:00:00;60,76;20,27;
"K-B3 ACOEM SW 5";2024-09-01 18:00:00;56,10;21,08;
"K-B3 ACOEM SW 5";2024-09-01 17:00:00;53,39;21,77;
"K-B3 ACOEM SW 5";2024-09-01 16:00:00;58,01;21,28;
"K-B3 ACOEM SW 5";2024-09-01 15:00:00;52,03;22,54;
"K-B3 ACOEM SW 5";2024-09-01 14:00:00;48,13;23,18;
"K-B3 ACOEM SW 5";2024-09-01 13:00:00;54,67;21,07;
"K-B3 ACOEM SW 5";2024-09-01 12:00:00;65,22;18,05;
"K-B3 ACOEM SW 5";2024-09-01 11:00:00;72,96;15,77;
"K-B3 ACOEM SW 5";2024-09-01 10:00:00;80,50;13,51;
"K-B3 ACOEM SW 5";2024-09-01 09:00:00;84,83;11,93;
"K-B3 ACOEM SW 5";2024-09-01 08:00:00;87,49;11,07;
"K-B3 ACOEM SW 5";2024-09-01 07:00:00;88,32;11,05;
"K-B3 ACOEM SW 5";2024-09-01 06:00:00;88,51;11,30;
"K-B3 ACOEM SW 5";2024-09-01 05:00:00;85,14;11,68;
"K-B3 ACOEM SW 5";2024-09-01 04:00:00;81,20;11,96;
"K-B3 ACOEM SW 5";2024-09-01 03:00:00;81,74;12,10;
"K-B3 ACOEM SW 5";2024-09-01 02:00:00;82,49;12,25;
"K-B3 ACOEM SW 5";2024-09-01 01:00:00;82,92;12,48;
"K-B3 ACOEM SW 5";2024-09-01 00:00:00;81,59;12,93;
"K-B3 ACOEM SW 5";2024-08-31 23:00:00;77,92;13,48;
"K-B3 ACOEM SW 5";2024-08-31 22:00:00;72,94;14,69;
"K-B3 ACOEM SW 5";2024-08-31 21:00:00;63,91;16,82;
"K-B3 ACOEM SW 5";2024-08-31 20:00:00;59,46;18,40;
"K-B3 ACOEM SW 5";2024-08-31 19:00:00;54,90;19,10;
"K-B3 ACOEM SW 5";2024-08-31 18:00:00;53,18;19,63;
"K-B3 ACOEM SW 5";2024-08-31 17:00:00;50,52;20,44;
"K-B3 ACOEM SW 5";2024-08-31 16:00:00;47,41;20,98;
"K-B3 ACOEM SW 5";2024-08-31 15:00:00;46,00;20,93;
"K-B3 ACOEM SW 5";2024-08-31 14:00:00;44,87;20,69;
"K-B3 ACOEM SW 5";2024-08-31 13:00:00;42,12;20,51;
"K-B3 ACOEM SW 5";2024-08-31 12:00:00;43,80;19,99;
"K-B3 ACOEM SW 5";2024-08-31 11:00:00;47,73;19,04;
"K-B3 ACOEM SW 5";2024-08-31 10:00:00;56,69;16,24;
"K-B3 ACOEM SW 5";2024-08-31 09:00:00;66,91;13,60;
"K-B3 ACOEM SW 5";2024-08-31 08:00:00;74,07;11,63;
"K-B3 ACOEM SW 5";2024-08-31 07:00:00;79,33;10,84;
"K-B3 ACOEM SW 5";2024-08-31 06:00:00;87,60;10,20;
"K-B3 ACOEM SW 5";2024-08-31 05:00:00;87,57;10,59;
"K-B3 ACOEM SW 5";2024-08-31 04:00:00;86,55;10,84;
"K-B3 ACOEM SW 5";2024-08-31 03:00:00;81,40;11,85;
"K-B3 ACOEM SW 5";2024-08-31 02:00:00;76,94;12,86;
"K-B3 ACOEM SW 5";2024-08-31 01:00:00;78,75;12,71;
"K-B3 ACOEM SW 5";2024-08-31 00:00:00;77,63;12,91;
"K-B3 ACOEM SW 5";2024-08-30 23:00:00;75,60;13,34;
"K-B3 ACOEM SW 5";2024-08-30 22:00:00;72,24;13,98;
"K-B3 ACOEM SW 5";2024-08-30 21:00:00;68,32;15,01;
"K-B3 ACOEM SW 5";2024-08-30 20:00:00;63,35;16,65;
"K-B3 ACOEM SW 5";2024-08-30 19:00:00;57,54;17,54;
"K-B3 ACOEM SW 5";2024-08-30 18:00:00;56,85;18,22;
"K-B3 ACOEM SW 5";2024-08-30 17:00:00;54,21;19,18;
"K-B3 ACOEM SW 5";2024-08-30 16:00:00;64,54;17,51;
"K-B3 ACOEM SW 5";2024-08-30 15:00:00;60,64;19,59;
"K-B3 ACOEM SW 5";2024-08-30 14:00:00;63,76;18,60;
"K-B3 ACOEM SW 5";2024-08-30 13:00:00;67,74;18,00;
"K-B3 ACOEM SW 5";2024-08-30 12:00:00;71,80;18,06;
"K-B3 ACOEM SW 5";2024-08-30 11:00:00;81,72;16,64;
"K-B3 ACOEM SW 5";2024-08-30 10:00:00;83,56;15,64;
"K-B3 ACOEM SW 5";2024-08-30 09:00:00;85,06;14,48;
"K-B3 ACOEM SW 5";2024-08-30 08:00:00;90,59;12,13;
"K-B3 ACOEM SW 5";2024-08-30 07:00:00;92,06;11,46;
"K-B3 ACOEM SW 5";2024-08-30 06:00:00;91,68;11,64;
"K-B3 ACOEM SW 5";2024-08-30 05:00:00;91,07;11,94;
"K-B3 ACOEM SW 5";2024-08-30 04:00:00;90,54;12,26;
"K-B3 ACOEM SW 5";2024-08-30 03:00:00;87,76;12,75;
"K-B3 ACOEM SW 5";2024-08-30 02:00:00;85,95;13,26;
"K-B3 ACOEM SW 5";2024-08-30 01:00:00;84,12;13,62;
"K-B3 ACOEM SW 5";2024-08-30 00:00:00;80,31;14,27;
"K-B3 ACOEM SW 5";2024-08-29 23:00:00;76,59;15,48;
"K-B3 ACOEM SW 5";2024-08-29 22:00:00;73,81;16,97;
"K-B3 ACOEM SW 5";2024-08-29 21:00:00;78,36;18,42;
"K-B3 ACOEM SW 5";2024-08-29 20:00:00;85,71;19,72;
"K-B3 ACOEM SW 5";2024-08-29 19:00:00;85,01;20,27;
"K-B3 ACOEM SW 5";2024-08-29 18:00:00;84,88;20,33;
"K-B3 ACOEM SW 5";2024-08-29 17:00:00;82,62;20,95;
"K-B3 ACOEM SW 5";2024-08-29 16:00:00;84,59;20,41;
"K-B3 ACOEM SW 5";2024-08-29 15:00:00;88,66;19,22;
"K-B3 ACOEM SW 5";2024-08-29 14:00:00;91,32;18,36;
"K-B3 ACOEM SW 5";2024-08-29 13:00:00;92,26;17,96;
"K-B3 ACOEM SW 5";2024-08-29 12:00:00;90,40;18,00;
"K-B3 ACOEM SW 5";2024-08-29 11:00:00;90,16;17,73;
"K-B3 ACOEM SW 5";2024-08-29 10:00:00;89,53;17,51;
"K-B3 ACOEM SW 5";2024-08-29 09:00:00;89,77;17,46;
"K-B3 ACOEM SW 5";2024-08-29 08:00:00;90,35;17,25;
"K-B3 ACOEM SW 5";2024-08-29 07:00:00;89,77;17,08;
"K-B3 ACOEM SW 5";2024-08-29 06:00:00;87,27;17,30;
"K-B3 ACOEM SW 5";2024-08-29 05:00:00;84,40;17,66;
"K-B3 ACOEM SW 5";2024-08-29 04:00:00;82,59;18,06;
"K-B3 ACOEM SW 5";2024-08-29 03:00:00;82,59;18,28;
"K-B3 ACOEM SW 5";2024-08-29 02:00:00;82,77;18,35;
"K-B3 ACOEM SW 5";2024-08-29 01:00:00;84,74;18,09;
"K-B3 ACOEM SW 5";2024-08-29 00:00:00;84,68;17,49;
"K-B3 ACOEM SW 5";2024-08-28 23:00:00;85,15;17,59;
"K-B3 ACOEM SW 5";2024-08-28 22:00:00;88,03;17,76;
"K-B3 ACOEM SW 5";2024-08-28 21:00:00;87,41;18,31;
"K-B3 ACOEM SW 5";2024-08-28 20:00:00;84,07;19,21;
"K-B3 ACOEM SW 5";2024-08-28 19:00:00;80,66;20,34;
"K-B3 ACOEM SW 5";2024-08-28 18:00:00;75,06;21,23;
"K-B3 ACOEM SW 5";2024-08-28 17:00:00;70,83;22,04;
"K-B3 ACOEM SW 5";2024-08-28 16:00:00;70,10;21,98;
"K-B3 ACOEM SW 5";2024-08-28 15:00:00;72,56;21,60;
"K-B3 ACOEM SW 5";2024-08-28 14:00:00;72,88;21,46;
"K-B3 ACOEM SW 5";2024-08-28 13:00:00;71,98;21,53;
"K-B3 ACOEM SW 5";2024-08-28 12:00:00;77,05;20,41;
"K-B3 ACOEM SW 5";2024-08-28 11:00:00;80,23;19,42;
"K-B3 ACOEM SW 5";2024-08-28 10:00:00;84,18;18,51;
"K-B3 ACOEM SW 5";2024-08-28 09:00:00;90,20;17,19;
"K-B3 ACOEM SW 5";2024-08-28 08:00:00;92,13;16,51;
"K-B3 ACOEM SW 5";2024-08-28 07:00:00;92,61;16,33;
"K-B3 ACOEM SW 5";2024-08-28 06:00:00;92,64;16,65;
"K-B3 ACOEM SW 5";2024-08-28 05:00:00;92,48;17,10;
"K-B3 ACOEM SW 5";2024-08-28 04:00:00;92,94;17,08;
"K-B3 ACOEM SW 5";2024-08-28 03:00:00;93,08;16,81;
"K-B3 ACOEM SW 5";2024-08-28 02:00:00;91,48;16,54;
"K-B3 ACOEM SW 5";2024-08-28 01:00:00;90,37;16,84;
"K-B3 ACOEM SW 5";2024-08-28 00:00:00;88,98;17,17;
"K-B3 ACOEM SW 5";2024-08-27 23:00:00;88,56;17,24;
"K-B3 ACOEM SW 5";2024-08-27 22:00:00;88,55;17,28;
"K-B3 ACOEM SW 5";2024-08-27 21:00:00;88,25;17,49;
"K-B3 ACOEM SW 5";2024-08-27 20:00:00;87,32;17,96;
"K-B3 ACOEM SW 5";2024-08-27 19:00:00;87,30;18,24;
"K-B3 ACOEM SW 5";2024-08-27 18:00:00;86,63;18,51;
"K-B3 ACOEM SW 5";2024-08-27 17:00:00;89,13;18,29;
"K-B3 ACOEM SW 5";2024-08-27 16:00:00;91,76;16,96;
"K-B3 ACOEM SW 5";2024-08-27 15:00:00;83,09;18,11;
"K-B3 ACOEM SW 5";2024-08-27 14:00:00;77,10;18,96;
"K-B3 ACOEM SW 5";2024-08-27 13:00:00;78,59;17,47;
"K-B3 ACOEM SW 5";2024-08-27 12:00:00;72,85;17,35;
"K-B3 ACOEM SW 5";2024-08-27 11:00:00;68,72;18,33;
"K-B3 ACOEM SW 5";2024-08-27 10:00:00;71,27;17,30;
"K-B3 ACOEM SW 5";2024-08-27 09:00:00;82,14;13,75;
"K-B3 ACOEM SW 5";2024-08-27 08:00:00;88,97;11,81;
"K-B3 ACOEM SW 5";2024-08-27 07:00:00;91,14;11,48;
"K-B3 ACOEM SW 5";2024-08-27 06:00:00;90,71;12,01;
"K-B3 ACOEM SW 5";2024-08-27 05:00:00;87,31;12,87;
"K-B3 ACOEM SW 5";2024-08-27 04:00:00;86,15;13,20;
"K-B3 ACOEM SW 5";2024-08-27 03:00:00;82,78;13,68;
"K-B3 ACOEM SW 5";2024-08-27 02:00:00;80,26;13,97;
"K-B3 ACOEM SW 5";2024-08-27 01:00:00;79,84;13,80;
"K-B3 ACOEM SW 5";2024-08-27 00:00:00;81,33;13,70;
"K-B3 ACOEM SW 5";2024-08-26 23:00:00;79,55;14,42;
"K-B3 ACOEM SW 5";2024-08-26 22:00:00;75,98;14,94;
"K-B3 ACOEM SW 5";2024-08-26 21:00:00;70,53;16,05;
"K-B3 ACOEM SW 5";2024-08-26 20:00:00;66,79;17,39;
"K-B3 ACOEM SW 5";2024-08-26 19:00:00;64,99;18,37;
"K-B3 ACOEM SW 5";2024-08-26 18:00:00;64,60;18,94;
"K-B3 ACOEM SW 5";2024-08-26 17:00:00;69,65;19,27;
"K-B3 ACOEM SW 5";2024-08-26 16:00:00;68,96;19,83;
"K-B3 ACOEM SW 5";2024-08-26 15:00:00;70,14;19,03;
"K-B3 ACOEM SW 5";2024-08-26 14:00:00;70,52;19,66;
"K-B3 ACOEM SW 5";2024-08-26 13:00:00;76,93;18,55;
"K-B3 ACOEM SW 5";2024-08-26 12:00:00;86,11;16,02;
"K-B3 ACOEM SW 5";2024-08-26 11:00:00;88,04;16,03;
"K-B3 ACOEM SW 5";2024-08-26 10:00:00;91,62;14,68;
"K-B3 ACOEM SW 5";2024-08-26 09:00:00;92,62;14,68;
"K-B3 ACOEM SW 5";2024-08-26 08:00:00;91,45;14,80;
"K-B3 ACOEM SW 5";2024-08-26 07:00:00;91,90;14,77;
"K-B3 ACOEM SW 5";2024-08-26 06:00:00;87,74;15,45;
"K-B3 ACOEM SW 5";2024-08-26 05:00:00;90,06;14,80;
"K-B3 ACOEM SW 5";2024-08-26 04:00:00;91,94;14,10;
"K-B3 ACOEM SW 5";2024-08-26 03:00:00;91,44;13,88;
"K-B3 ACOEM SW 5";2024-08-26 02:00:00;80,56;14,19;
"K-B3 ACOEM SW 5";2024-08-26 01:00:00;84,50;12,50;
"K-B3 ACOEM SW 5";2024-08-26 00:00:00;83,04;12,32;
"K-B3 ACOEM SW 5";2024-08-25 23:00:00;82,77;12,47;
"K-B3 ACOEM SW 5";2024-08-25 22:00:00;79,29;13,28;
"K-B3 ACOEM SW 5";2024-08-25 21:00:00;72,94;14,45;
"K-B3 ACOEM SW 5";2024-08-25 20:00:00;70,86;15,57;
"K-B3 ACOEM SW 5";2024-08-25 19:00:00;63,93;16,59;
"K-B3 ACOEM SW 5";2024-08-25 18:00:00;59,65;17,48;
"K-B3 ACOEM SW 5";2024-08-25 17:00:00;61,96;17,56;
"K-B3 ACOEM SW 5";2024-08-25 16:00:00;63,97;17,02;
"K-B3 ACOEM SW 5";2024-08-25 15:00:00;75,28;15,50;
"K-B3 ACOEM SW 5";2024-08-25 14:00:00;73,39;16,90;
"K-B3 ACOEM SW 5";2024-08-25 13:00:00;70,32;17,29;
"K-B3 ACOEM SW 5";2024-08-25 12:00:00;73,14;17,04;
"K-B3 ACOEM SW 5";2024-08-25 11:00:00;77,40;16,33;
"K-B3 ACOEM SW 5";2024-08-25 10:00:00;85,21;14,77;
"K-B3 ACOEM SW 5";2024-08-25 09:00:00;91,19;13,48;
"K-B3 ACOEM SW 5";2024-08-25 08:00:00;94,21;12,64;
"K-B3 ACOEM SW 5";2024-08-25 07:00:00;94,64;12,16;
"K-B3 ACOEM SW 5";2024-08-25 06:00:00;94,36;12,51;
"K-B3 ACOEM SW 5";2024-08-25 05:00:00;94,47;12,84;
"K-B3 ACOEM SW 5";2024-08-25 04:00:00;94,38;13,05;
"K-B3 ACOEM SW 5";2024-08-25 03:00:00;94,80;13,04;
"K-B3 ACOEM SW 5";2024-08-25 02:00:00;94,39;13,00;
"K-B3 ACOEM SW 5";2024-08-25 01:00:00;94,14;12,97;
"K-B3 ACOEM SW 5";2024-08-25 00:00:00;93,77;13,15;
"K-B3 ACOEM SW 5";2024-08-24 23:00:00;94,13;13,13;
"K-B3 ACOEM SW 5";2024-08-24 22:00:00;93,73;13,27;
"K-B3 ACOEM SW 5";2024-08-24 21:00:00;92,16;13,69;
"K-B3 ACOEM SW 5";2024-08-24 20:00:00;90,32;14,11;
"K-B3 ACOEM SW 5";2024-08-24 19:00:00;89,07;14,20;
"K-B3 ACOEM SW 5";2024-08-24 18:00:00;89,82;14,08;
"K-B3 ACOEM SW 5";2024-08-24 17:00:00;92,99;13,89;
"K-B3 ACOEM SW 5";2024-08-24 16:00:00;90,99;15,05;
"K-B3 ACOEM SW 5";2024-08-24 15:00:00;88,05;15,49;
"K-B3 ACOEM SW 5";2024-08-24 14:00:00;80,67;16,56;
"K-B3 ACOEM SW 5";2024-08-24 13:00:00;82,26;16,91;
"K-B3 ACOEM SW 5";2024-08-24 12:00:00;79,49;16,70;
"K-B3 ACOEM SW 5";2024-08-24 11:00:00;74,08;17,12;
"K-B3 ACOEM SW 5";2024-08-24 10:00:00;78,39;16,41;
"K-B3 ACOEM SW 5";2024-08-24 09:00:00;87,42;12,91;
"K-B3 ACOEM SW 5";2024-08-24 08:00:00;90,60;11,35;
"K-B3 ACOEM SW 5";2024-08-24 07:00:00;90,26;11,18;
"K-B3 ACOEM SW 5";2024-08-24 06:00:00;90,25;11,31;
"K-B3 ACOEM SW 5";2024-08-24 05:00:00;91,38;11,12;
"K-B3 ACOEM SW 5";2024-08-24 04:00:00;89,51;11,22;
"K-B3 ACOEM SW 5";2024-08-24 03:00:00;86,93;11,64;
"K-B3 ACOEM SW 5";2024-08-24 02:00:00;84,88;12,08;
"K-B3 ACOEM SW 5";2024-08-24 01:00:00;83,06;12,42;
"K-B3 ACOEM SW 5";2024-08-24 00:00:00;81,29;12,93;
"K-B3 ACOEM SW 5";2024-08-23 23:00:00;79,77;13,52;
"K-B3 ACOEM SW 5";2024-08-23 22:00:00;80,11;14,42;
"K-B3 ACOEM SW 5";2024-08-23 21:00:00;81,84;15,64;
"K-B3 ACOEM SW 5";2024-08-23 20:00:00;83,27;16,86;
"K-B3 ACOEM SW 5";2024-08-23 19:00:00;89,74;16,30;
"K-B3 ACOEM SW 5";2024-08-23 18:00:00;91,51;15,76;
"K-B3 ACOEM SW 5";2024-08-23 17:00:00;86,54;16,95;
"K-B3 ACOEM SW 5";2024-08-23 16:00:00;95,03;16,85;
"K-B3 ACOEM SW 5";2024-08-23 15:00:00;98,05;16,32;
"K-B3 ACOEM SW 5";2024-08-23 14:00:00;98,00;15,26;
"K-B3 ACOEM SW 5";2024-08-23 13:00:00;95,02;14,06;
"K-B3 ACOEM SW 5";2024-08-23 12:00:00;90,46;14,39;
"K-B3 ACOEM SW 5";2024-08-23 11:00:00;88,59;14,50;
"K-B3 ACOEM SW 5";2024-08-23 10:00:00;87,84;14,17;
"K-B3 ACOEM SW 5";2024-08-23 09:00:00;90,64;13,65;
"K-B3 ACOEM SW 5";2024-08-23 08:00:00;92,27;13,37;
"K-B3 ACOEM SW 5";2024-08-23 07:00:00;91,55;13,22;
"K-B3 ACOEM SW 5";2024-08-23 06:00:00;91,54;13,41;
"K-B3 ACOEM SW 5";2024-08-23 05:00:00;92,36;13,69;
"K-B3 ACOEM SW 5";2024-08-23 04:00:00;94,05;13,93;
"K-B3 ACOEM SW 5";2024-08-23 03:00:00;94,68;14,14;
"K-B3 ACOEM SW 5";2024-08-23 02:00:00;94,26;14,73;
"K-B3 ACOEM SW 5";2024-08-23 01:00:00;95,02;15,39;
"K-B3 ACOEM SW 5";2024-08-23 00:00:00;94,76;15,53;
"K-B3 ACOEM SW 5";2024-08-22 23:00:00;94,49;15,75;
"K-B3 ACOEM SW 5";2024-08-22 22:00:00;95,03;16,23;
"K-B3 ACOEM SW 5";2024-08-22 21:00:00;95,79;16,26;
"K-B3 ACOEM SW 5";2024-08-22 20:00:00;96,01;16,17;
"K-B3 ACOEM SW 5";2024-08-22 19:00:00;95,51;16,07;
"K-B3 ACOEM SW 5";2024-08-22 18:00:00;95,22;15,97;
"K-B3 ACOEM SW 5";2024-08-22 17:00:00;93,44;15,66;
"K-B3 ACOEM SW 5";2024-08-22 16:00:00;92,57;16,34;
"K-B3 ACOEM SW 5";2024-08-22 15:00:00;93,63;16,28;
"K-B3 ACOEM SW 5";2024-08-22 14:00:00;91,35;16,46;
"K-B3 ACOEM SW 5";2024-08-22 13:00:00;92,56;16,22;
"K-B3 ACOEM SW 5";2024-08-22 12:00:00;89,20;16,52;
"K-B3 ACOEM SW 5";2024-08-22 11:00:00;90,31;16,33;
"K-B3 ACOEM SW 5";2024-08-22 10:00:00;93,26;15,53;
"K-B3 ACOEM SW 5";2024-08-22 09:00:00;94,05;15,12;
"K-B3 ACOEM SW 5";2024-08-22 08:00:00;94,37;14,78;
"K-B3 ACOEM SW 5";2024-08-22 07:00:00;92,62;14,64;
"K-B3 ACOEM SW 5";2024-08-22 06:00:00;84,92;13,99;
"K-B3 ACOEM SW 5";2024-08-22 05:00:00;81,13;13,02;
"K-B3 ACOEM SW 5";2024-08-22 04:00:00;81,35;12,86;
"K-B3 ACOEM SW 5";2024-08-22 03:00:00;82,52;12,57;
"K-B3 ACOEM SW 5";2024-08-22 02:00:00;82,12;12,70;
"K-B3 ACOEM SW 5";2024-08-22 01:00:00;80,85;13,03;
"K-B3 ACOEM SW 5";2024-08-22 00:00:00;77,62;13,57;
"K-B3 ACOEM SW 5";2024-08-21 23:00:00;73,43;14,26;
"K-B3 ACOEM SW 5";2024-08-21 22:00:00;67,81;15,44;
"K-B3 ACOEM SW 5";2024-08-21 21:00:00;62,35;17,38;
"K-B3 ACOEM SW 5";2024-08-21 20:00:00;60,06;19,25;
"K-B3 ACOEM SW 5";2024-08-21 19:00:00;55,34;20,70;
"K-B3 ACOEM SW 5";2024-08-21 18:00:00;52,56;21,13;
"K-B3 ACOEM SW 5";2024-08-21 17:00:00;51,53;21,39;
"K-B3 ACOEM SW 5";2024-08-21 16:00:00;49,84;20,94;
"K-B3 ACOEM SW 5";2024-08-21 15:00:00;54,41;20,45;
"K-B3 ACOEM SW 5";2024-08-21 14:00:00;54,65;20,73;
"K-B3 ACOEM SW 5";2024-08-21 13:00:00;57,84;19,78;
"K-B3 ACOEM SW 5";2024-08-21 12:00:00;66,51;17,86;
"K-B3 ACOEM SW 5";2024-08-21 11:00:00;77,37;15,97;
"K-B3 ACOEM SW 5";2024-08-21 10:00:00;83,91;14,65;
"K-B3 ACOEM SW 5";2024-08-21 09:00:00;90,66;14,69;
"K-B3 ACOEM SW 5";2024-08-21 08:00:00;92,77;14,74;
"K-B3 ACOEM SW 5";2024-08-21 07:00:00;93,75;15,10;
"K-B3 ACOEM SW 5";2024-08-21 06:00:00;94,29;15,42;
"K-B3 ACOEM SW 5";2024-08-21 05:00:00;94,48;15,81;
"K-B3 ACOEM SW 5";2024-08-21 04:00:00;95,00;15,96;
"K-B3 ACOEM SW 5";2024-08-21 03:00:00;95,05;16,00;
"K-B3 ACOEM SW 5";2024-08-21 02:00:00;94,23;16,12;
"K-B3 ACOEM SW 5";2024-08-21 01:00:00;93,89;16,28;
"K-B3 ACOEM SW 5";2024-08-21 00:00:00;95,58;16,37;
"K-B3 ACOEM SW 5";2024-08-20 23:00:00;95,81;16,23;
"K-B3 ACOEM SW 5";2024-08-20 22:00:00;95,95;16,17;
"K-B3 ACOEM SW 5";2024-08-20 21:00:00;95,12;16,23;
"K-B3 ACOEM SW 5";2024-08-20 20:00:00;95,38;16,41;
"K-B3 ACOEM SW 5";2024-08-20 19:00:00;94,48;16,35;
"K-B3 ACOEM SW 5";2024-08-20 18:00:00;91,07;16,45;
"K-B3 ACOEM SW 5";2024-08-20 17:00:00;94,17;16,62;
"K-B3 ACOEM SW 5";2024-08-20 16:00:00;93,33;16,40;
"K-B3 ACOEM SW 5";2024-08-20 15:00:00;91,56;16,62;
"K-B3 ACOEM SW 5";2024-08-20 14:00:00;92,53;16,40;
"K-B3 ACOEM SW 5";2024-08-20 13:00:00;90,52;16,51;
"K-B3 ACOEM SW 5";2024-08-20 12:00:00;85,78;17,13;
"K-B3 ACOEM SW 5";2024-08-20 11:00:00;81,07;17,62;
"K-B3 ACOEM SW 5";2024-08-20 10:00:00;80,32;17,38;
"K-B3 ACOEM SW 5";2024-08-20 09:00:00;79,91;17,25;
"K-B3 ACOEM SW 5";2024-08-20 08:00:00;80,74;17,11;
"K-B3 ACOEM SW 5";2024-08-20 07:00:00;81,65;16,96;
"K-B3 ACOEM SW 5";2024-08-20 06:00:00;81,70;16,92;
"K-B3 ACOEM SW 5";2024-08-20 05:00:00;83,23;16,75;
"K-B3 ACOEM SW 5";2024-08-20 04:00:00;82,94;16,59;
"K-B3 ACOEM SW 5";2024-08-20 03:00:00;82,66;16,38;
"K-B3 ACOEM SW 5";2024-08-20 02:00:00;83,78;16,13;
"K-B3 ACOEM SW 5";2024-08-20 01:00:00;78,71;15,55;
"K-B3 ACOEM SW 5";2024-08-20 00:00:00;76,34;15,22;
"K-B3 ACOEM SW 5";2024-08-19 23:00:00;74,81;15,41;
"K-B3 ACOEM SW 5";2024-08-19 22:00:00;72,90;15,81;
"K-B3 ACOEM SW 5";2024-08-19 21:00:00;68,28;16,46;
"K-B3 ACOEM SW 5";2024-08-19 20:00:00;67,45;17,15;
"K-B3 ACOEM SW 5";2024-08-19 19:00:00;62,26;18,30;
"K-B3 ACOEM SW 5";2024-08-19 18:00:00;60,22;19,53;
"K-B3 ACOEM SW 5";2024-08-19 17:00:00;60,42;19,70;
"K-B3 ACOEM SW 5";2024-08-19 16:00:00;58,84;20,26;
"K-B3 ACOEM SW 5";2024-08-19 15:00:00;64,48;18,67;
"K-B3 ACOEM SW 5";2024-08-19 14:00:00;62,76;19,22;
"K-B3 ACOEM SW 5";2024-08-19 13:00:00;57,55;20,09;
"K-B3 ACOEM SW 5";2024-08-19 12:00:00;53,95;19,88;
"K-B3 ACOEM SW 5";2024-08-19 11:00:00;63,25;17,11;
"K-B3 ACOEM SW 5";2024-08-19 10:00:00;69,22;15,76;
"K-B3 ACOEM SW 5";2024-08-19 09:00:00;74,80;14,01;
"K-B3 ACOEM SW 5";2024-08-19 08:00:00;80,97;11,96;
"K-B3 ACOEM SW 5";2024-08-19 07:00:00;85,88;10,26;
"K-B3 ACOEM SW 5";2024-08-19 06:00:00;82,41;11,06;
"K-B3 ACOEM SW 5";2024-08-19 05:00:00;81,97;11,29;
"K-B3 ACOEM SW 5";2024-08-19 04:00:00;83,11;11,40;
"K-B3 ACOEM SW 5";2024-08-19 03:00:00;82,20;11,78;
"K-B3 ACOEM SW 5";2024-08-19 02:00:00;83,54;12,23;
"K-B3 ACOEM SW 5";2024-08-19 01:00:00;81,83;13,02;
"K-B3 ACOEM SW 5";2024-08-19 00:00:00;82,78;13,39;
"K-B3 ACOEM SW 5";2024-08-18 23:00:00;80,47;13,91;
"K-B3 ACOEM SW 5";2024-08-18 22:00:00;74,82;14,91;
"K-B3 ACOEM SW 5";2024-08-18 21:00:00;66,60;16,83;
"K-B3 ACOEM SW 5";2024-08-18 20:00:00;61,22;18,03;
"K-B3 ACOEM SW 5";2024-08-18 19:00:00;63,19;18,30;
"K-B3 ACOEM SW 5";2024-08-18 18:00:00;68,27;18,48;
"K-B3 ACOEM SW 5";2024-08-18 17:00:00;76,49;16,77;
"K-B3 ACOEM SW 5";2024-08-18 16:00:00;84,89;15,12;
"K-B3 ACOEM SW 5";2024-08-18 15:00:00;74,37;17,21;
"K-B3 ACOEM SW 5";2024-08-18 14:00:00;66,61;18,60;
"K-B3 ACOEM SW 5";2024-08-18 13:00:00;68,27;18,22;
"K-B3 ACOEM SW 5";2024-08-18 12:00:00;74,93;17,36;
"K-B3 ACOEM SW 5";2024-08-18 11:00:00;76,92;16,68;
"K-B3 ACOEM SW 5";2024-08-18 10:00:00;79,32;16,16;
"K-B3 ACOEM SW 5";2024-08-18 09:00:00;83,16;14,73;
"K-B3 ACOEM SW 5";2024-08-18 08:00:00;86,64;13,51;
"K-B3 ACOEM SW 5";2024-08-18 07:00:00;88,88;12,57;
"K-B3 ACOEM SW 5";2024-08-18 06:00:00;86,89;12,32;
"K-B3 ACOEM SW 5";2024-08-18 05:00:00;85,85;12,83;
"K-B3 ACOEM SW 5";2024-08-18 04:00:00;84,52;13,22;
"K-B3 ACOEM SW 5";2024-08-18 03:00:00;82,69;13,77;
"K-B3 ACOEM SW 5";2024-08-18 02:00:00;82,42;13,82;
"K-B3 ACOEM SW 5";2024-08-18 01:00:00;82,24;13,56;
"K-B3 ACOEM SW 5";2024-08-18 00:00:00;79,91;14,05;
"K-B3 ACOEM SW 5";2024-08-17 23:00:00;77,04;14,68;
"K-B3 ACOEM SW 5";2024-08-17 22:00:00;73,06;15,60;
"K-B3 ACOEM SW 5";2024-08-17 21:00:00;69,11;17,17;
"K-B3 ACOEM SW 5";2024-08-17 20:00:00;64,58;19,00;
"K-B3 ACOEM SW 5";2024-08-17 19:00:00;58,23;19,86;
"K-B3 ACOEM SW 5";2024-08-17 18:00:00;56,00;19,88;
"K-B3 ACOEM SW 5";2024-08-17 17:00:00;52,59;20,77;
"K-B3 ACOEM SW 5";2024-08-17 16:00:00;50,53;21,44;
"K-B3 ACOEM SW 5";2024-08-17 15:00:00;55,69;19,84;
"K-B3 ACOEM SW 5";2024-08-17 14:00:00;52,04;19,95;
"K-B3 ACOEM SW 5";2024-08-17 13:00:00;48,22;21,45;
"K-B3 ACOEM SW 5";2024-08-17 12:00:00;58,40;19,21;
"K-B3 ACOEM SW 5";2024-08-17 11:00:00;67,55;17,70;
"K-B3 ACOEM SW 5";2024-08-17 10:00:00;73,59;16,42;
"K-B3 ACOEM SW 5";2024-08-17 09:00:00;77,97;14,23;
"K-B3 ACOEM SW 5";2024-08-17 08:00:00;80,58;12,93;
"K-B3 ACOEM SW 5";2024-08-17 07:00:00;83,94;12,16;
"K-B3 ACOEM SW 5";2024-08-17 06:00:00;84,21;12,19;
"K-B3 ACOEM SW 5";2024-08-17 05:00:00;84,08;12,39;
"K-B3 ACOEM SW 5";2024-08-17 04:00:00;85,21;12,35;
"K-B3 ACOEM SW 5";2024-08-17 03:00:00;84,02;12,56;
"K-B3 ACOEM SW 5";2024-08-17 02:00:00;83,08;13,01;
"K-B3 ACOEM SW 5";2024-08-17 01:00:00;81,51;13,48;
"K-B3 ACOEM SW 5";2024-08-17 00:00:00;78,28;14,09;
"K-B3 ACOEM SW 5";2024-08-16 23:00:00;74,76;14,89;
"K-B3 ACOEM SW 5";2024-08-16 22:00:00;67,58;16,12;
"K-B3 ACOEM SW 5";2024-08-16 21:00:00;60,76;17,99;
"K-B3 ACOEM SW 5";2024-08-16 20:00:00;50,54;20,07;
"K-B3 ACOEM SW 5";2024-08-16 19:00:00;47,00;21,77;
"K-B3 ACOEM SW 5";2024-08-16 18:00:00;42,26;23,01;
"K-B3 ACOEM SW 5";2024-08-16 17:00:00;40,51;23,62;
"K-B3 ACOEM SW 5";2024-08-16 16:00:00;39,28;24,27;
"K-B3 ACOEM SW 5";2024-08-16 15:00:00;41,26;23,50;
"K-B3 ACOEM SW 5";2024-08-16 14:00:00;46,27;22,60;
"K-B3 ACOEM SW 5";2024-08-16 13:00:00;51,44;20,69;
"K-B3 ACOEM SW 5";2024-08-16 12:00:00;55,16;19,21;
"K-B3 ACOEM SW 5";2024-08-16 11:00:00;60,45;18,01;
"K-B3 ACOEM SW 5";2024-08-16 10:00:00;70,19;16,69;
"K-B3 ACOEM SW 5";2024-08-16 09:00:00;80,43;14,79;
"K-B3 ACOEM SW 5";2024-08-16 08:00:00;86,91;13,27;
"K-B3 ACOEM SW 5";2024-08-16 07:00:00;90,72;12,76;
"K-B3 ACOEM SW 5";2024-08-16 06:00:00;91,82;13,30;
"K-B3 ACOEM SW 5";2024-08-16 05:00:00;91,46;14,02;
"K-B3 ACOEM SW 5";2024-08-16 04:00:00;90,80;14,88;
"K-B3 ACOEM SW 5";2024-08-16 03:00:00;91,50;15,79;
"K-B3 ACOEM SW 5";2024-08-16 02:00:00;93,23;16,63;
"K-B3 ACOEM SW 5";2024-08-16 01:00:00;96,08;16,61;
"K-B3 ACOEM SW 5";2024-08-16 00:00:00;96,61;15,86;
"K-B3 ACOEM SW 5";2024-08-15 23:00:00;94,07;15,23;
"K-B3 ACOEM SW 5";2024-08-15 22:00:00;92,76;15,50;
"K-B3 ACOEM SW 5";2024-08-15 21:00:00;91,61;16,71;
"K-B3 ACOEM SW 5";2024-08-15 20:00:00;94,29;17,28;
"K-B3 ACOEM SW 5";2024-08-15 19:00:00;90,08;16,79;
"K-B3 ACOEM SW 5";2024-08-15 18:00:00;84,81;17,58;
"K-B3 ACOEM SW 5";2024-08-15 17:00:00;81,83;18,25;
"K-B3 ACOEM SW 5";2024-08-15 16:00:00;76,91;18,51;
"K-B3 ACOEM SW 5";2024-08-15 15:00:00;73,41;19,20;
"K-B3 ACOEM SW 5";2024-08-15 14:00:00;69,37;19,70;
"K-B3 ACOEM SW 5";2024-08-15 13:00:00;71,03;20,03;
"K-B3 ACOEM SW 5";2024-08-15 12:00:00;66,36;20,88;
"K-B3 ACOEM SW 5";2024-08-15 11:00:00;73,13;19,66;
"K-B3 ACOEM SW 5";2024-08-15 10:00:00;84,14;18,28;
"K-B3 ACOEM SW 5";2024-08-15 09:00:00;89,69;17,29;
"K-B3 ACOEM SW 5";2024-08-15 08:00:00;91,43;16,68;
"K-B3 ACOEM SW 5";2024-08-15 07:00:00;92,54;16,40;
"K-B3 ACOEM SW 5";2024-08-15 06:00:00;91,98;17,29;
"K-B3 ACOEM SW 5";2024-08-15 05:00:00;91,13;18,04;
"K-B3 ACOEM SW 5";2024-08-15 04:00:00;92,41;18,60;
"K-B3 ACOEM SW 5";2024-08-15 03:00:00;92,93;18,80;
"K-B3 ACOEM SW 5";2024-08-15 02:00:00;92,38;19,03;
"K-B3 ACOEM SW 5";2024-08-15 01:00:00;93,23;18,88;
"K-B3 ACOEM SW 5";2024-08-15 00:00:00;93,30;18,74;
"K-B3 ACOEM SW 5";2024-08-14 23:00:00;92,21;18,82;
"K-B3 ACOEM SW 5";2024-08-14 22:00:00;90,78;19,04;
"K-B3 ACOEM SW 5";2024-08-14 21:00:00;89,90;19,46;
"K-B3 ACOEM SW 5";2024-08-14 20:00:00;89,45;19,39;
"K-B3 ACOEM SW 5";2024-08-14 19:00:00;89,01;19,37;
"K-B3 ACOEM SW 5";2024-08-14 18:00:00;86,54;19,80;
"K-B3 ACOEM SW 5";2024-08-14 17:00:00;85,41;19,82;
"K-B3 ACOEM SW 5";2024-08-14 16:00:00;87,37;19,51;
"K-B3 ACOEM SW 5";2024-08-14 15:00:00;86,02;19,84;
"K-B3 ACOEM SW 5";2024-08-14 14:00:00;80,52;21,41;
"K-B3 ACOEM SW 5";2024-08-14 13:00:00;84,97;20,18;
"K-B3 ACOEM SW 5";2024-08-14 12:00:00;89,08;18,95;
"K-B3 ACOEM SW 5";2024-08-14 11:00:00;91,09;18,00;
"K-B3 ACOEM SW 5";2024-08-14 10:00:00;90,28;17,44;
"K-B3 ACOEM SW 5";2024-08-14 09:00:00;91,36;16,75;
"K-B3 ACOEM SW 5";2024-08-14 08:00:00;92,00;16,37;
"K-B3 ACOEM SW 5";2024-08-14 07:00:00;92,17;16,12;
"K-B3 ACOEM SW 5";2024-08-14 06:00:00;91,94;16,18;
"K-B3 ACOEM SW 5";2024-08-14 05:00:00;91,80;16,17;
"K-B3 ACOEM SW 5";2024-08-14 04:00:00;89,90;16,25;
"K-B3 ACOEM SW 5";2024-08-14 03:00:00;89,37;16,37;
"K-B3 ACOEM SW 5";2024-08-14 02:00:00;87,54;16,68;
"K-B3 ACOEM SW 5";2024-08-14 01:00:00;85,12;17,29;
"K-B3 ACOEM SW 5";2024-08-14 00:00:00;81,42;18,38;
"K-B3 ACOEM SW 5";2024-08-13 23:00:00;82,13;18,60;
"K-B3 ACOEM SW 5";2024-08-13 22:00:00;82,08;18,70;
"K-B3 ACOEM SW 5";2024-08-13 21:00:00;82,42;18,76;
"K-B3 ACOEM SW 5";2024-08-13 20:00:00;80,84;19,02;
"K-B3 ACOEM SW 5";2024-08-13 19:00:00;79,86;19,35;
"K-B3 ACOEM SW 5";2024-08-13 18:00:00;77,68;19,87;
"K-B3 ACOEM SW 5";2024-08-13 17:00:00;76,41;20,05;
"K-B3 ACOEM SW 5";2024-08-13 16:00:00;70,16;21,13;
"K-B3 ACOEM SW 5";2024-08-13 15:00:00;67,94;21,83;
"K-B3 ACOEM SW 5";2024-08-13 14:00:00;70,95;20,91;
"K-B3 ACOEM SW 5";2024-08-13 13:00:00;73,97;19,70;
"K-B3 ACOEM SW 5";2024-08-13 12:00:00;78,58;18,35;
"K-B3 ACOEM SW 5";2024-08-13 11:00:00;78,26;17,97;
"K-B3 ACOEM SW 5";2024-08-13 10:00:00;79,12;16,92;
"K-B3 ACOEM SW 5";2024-08-13 09:00:00;81,65;15,37;
"K-B3 ACOEM SW 5";2024-08-13 08:00:00;82,50;14,96;
"K-B3 ACOEM SW 5";2024-08-13 07:00:00;81,64;14,45;
"K-B3 ACOEM SW 5";2024-08-13 06:00:00;81,51;14,14;
"K-B3 ACOEM SW 5";2024-08-13 05:00:00;81,89;14,07;
"K-B3 ACOEM SW 5";2024-08-13 04:00:00;80,74;14,34;
"K-B3 ACOEM SW 5";2024-08-13 03:00:00;80,42;14,64;
"K-B3 ACOEM SW 5";2024-08-13 02:00:00;80,50;14,82;
"K-B3 ACOEM SW 5";2024-08-13 01:00:00;80,74;15,31;
"K-B3 ACOEM SW 5";2024-08-13 00:00:00;77,36;15,39;
"K-B3 ACOEM SW 5";2024-08-12 23:00:00;72,03;16,01;
"K-B3 ACOEM SW 5";2024-08-12 22:00:00;67,23;17,29;
"K-B3 ACOEM SW 5";2024-08-12 21:00:00;60,53;18,88;
"K-B3 ACOEM SW 5";2024-08-12 20:00:00;56,48;19,85;
"K-B3 ACOEM SW 5";2024-08-12 19:00:00;54,61;20,64;
"K-B3 ACOEM SW 5";2024-08-12 18:00:00;51,17;21,22;
"K-B3 ACOEM SW 5";2024-08-12 17:00:00;50,22;21,24;
"K-B3 ACOEM SW 5";2024-08-12 16:00:00;49,02;21,57;
"K-B3 ACOEM SW 5";2024-08-12 15:00:00;49,52;21,50;
"K-B3 ACOEM SW 5";2024-08-12 14:00:00;48,91;21,49;
"K-B3 ACOEM SW 5";2024-08-12 13:00:00;48,25;20,95;
"K-B3 ACOEM SW 5";2024-08-12 12:00:00;45,10;19,97;
"K-B3 ACOEM SW 5";2024-08-12 11:00:00;44,19;19,83;
"K-B3 ACOEM SW 5";2024-08-12 10:00:00;45,57;18,76;
"K-B3 ACOEM SW 5";2024-08-12 09:00:00;55,30;16,56;
"K-B3 ACOEM SW 5";2024-08-12 08:00:00;65,94;13,57;
"K-B3 ACOEM SW 5";2024-08-12 07:00:00;73,55;11,82;
"K-B3 ACOEM SW 5";2024-08-12 06:00:00;73,58;11,56;
"K-B3 ACOEM SW 5";2024-08-12 05:00:00;70,12;11,90;
"K-B3 ACOEM SW 5";2024-08-12 04:00:00;69,87;12,32;
"K-B3 ACOEM SW 5";2024-08-12 03:00:00;68,88;12,73;
"K-B3 ACOEM SW 5";2024-08-12 02:00:00;66,23;13,43;
"K-B3 ACOEM SW 5";2024-08-12 01:00:00;62,38;14,27;
"K-B3 ACOEM SW 5";2024-08-12 00:00:00;58,80;15,04;
"K-B3 ACOEM SW 5";2024-08-11 23:00:00;53,96;16,19;
"K-B3 ACOEM SW 5";2024-08-11 22:00:00;50,00;17,47;
"K-B3 ACOEM SW 5";2024-08-11 21:00:00;45,32;19,32;
"K-B3 ACOEM SW 5";2024-08-11 20:00:00;41,03;20,92;
"K-B3 ACOEM SW 5";2024-08-11 19:00:00;38,25;21,52;
"K-B3 ACOEM SW 5";2024-08-11 18:00:00;37,59;21,96;
"K-B3 ACOEM SW 5";2024-08-11 17:00:00;37,83;22,29;
"K-B3 ACOEM SW 5";2024-08-11 16:00:00;38,14;22,44;
"K-B3 ACOEM SW 5";2024-08-11 15:00:00;38,29;21,94;
"K-B3 ACOEM SW 5";2024-08-11 14:00:00;39,67;21,21;
"K-B3 ACOEM SW 5";2024-08-11 13:00:00;42,82;20,40;
"K-B3 ACOEM SW 5";2024-08-11 12:00:00;44,54;19,64;
"K-B3 ACOEM SW 5";2024-08-11 11:00:00;50,94;18,40;
"K-B3 ACOEM SW 5";2024-08-11 10:00:00;58,51;16,93;
"K-B3 ACOEM SW 5";2024-08-11 09:00:00;67,67;15,54;
"K-B3 ACOEM SW 5";2024-08-11 08:00:00;73,03;14,44;
"K-B3 ACOEM SW 5";2024-08-11 07:00:00;77,68;13,55;
"K-B3 ACOEM SW 5";2024-08-11 06:00:00;81,14;13,29;
"K-B3 ACOEM SW 5";2024-08-11 05:00:00;81,54;13,27;
"K-B3 ACOEM SW 5";2024-08-11 04:00:00;81,54;13,12;
"K-B3 ACOEM SW 5";2024-08-11 03:00:00;82,01;12,98;
"K-B3 ACOEM SW 5";2024-08-11 02:00:00;81,13;13,13;
"K-B3 ACOEM SW 5";2024-08-11 01:00:00;82,28;13,33;
"K-B3 ACOEM SW 5";2024-08-11 00:00:00;79,85;14,24;
"K-B3 ACOEM SW 5";2024-08-10 23:00:00;70,72;15,17;
"K-B3 ACOEM SW 5";2024-08-10 22:00:00;66,73;16,26;
"K-B3 ACOEM SW 5";2024-08-10 21:00:00;65,01;17,33;
"K-B3 ACOEM SW 5";2024-08-10 20:00:00;62,79;18,38;
"K-B3 ACOEM SW 5";2024-08-10 19:00:00;64,48;18,90;
"K-B3 ACOEM SW 5";2024-08-10 18:00:00;64,80;19,17;
"K-B3 ACOEM SW 5";2024-08-10 17:00:00;62,82;19,74;
"K-B3 ACOEM SW 5";2024-08-10 16:00:00;55,13;21,18;
"K-B3 ACOEM SW 5";2024-08-10 15:00:00;53,54;20,86;
"K-B3 ACOEM SW 5";2024-08-10 14:00:00;51,89;20,69;
"K-B3 ACOEM SW 5";2024-08-10 13:00:00;51,03;21,29;
"K-B3 ACOEM SW 5";2024-08-10 12:00:00;56,36;20,23;
"K-B3 ACOEM SW 5";2024-08-10 11:00:00;62,17;19,25;
"K-B3 ACOEM SW 5";2024-08-10 10:00:00;69,13;18,06;
"K-B3 ACOEM SW 5";2024-08-10 09:00:00;78,46;16,60;
"K-B3 ACOEM SW 5";2024-08-10 08:00:00;87,10;14,76;
"K-B3 ACOEM SW 5";2024-08-10 07:00:00;91,30;13,34;
"K-B3 ACOEM SW 5";2024-08-10 06:00:00;92,70;13,00;
"K-B3 ACOEM SW 5";2024-08-10 05:00:00;91,42;12,80;
"K-B3 ACOEM SW 5";2024-08-10 04:00:00;89,00;12,91;
"K-B3 ACOEM SW 5";2024-08-10 03:00:00;86,63;13,26;
"K-B3 ACOEM SW 5";2024-08-10 02:00:00;86,59;13,85;
"K-B3 ACOEM SW 5";2024-08-10 01:00:00;82,07;14,45;
"K-B3 ACOEM SW 5";2024-08-10 00:00:00;78,20;14,79;
"K-B3 ACOEM SW 5";2024-08-09 23:00:00;75,89;15,37;
"K-B3 ACOEM SW 5";2024-08-09 22:00:00;72,67;16,12;
"K-B3 ACOEM SW 5";2024-08-09 21:00:00;67,51;17,59;
"K-B3 ACOEM SW 5";2024-08-09 20:00:00;63,24;19,06;
"K-B3 ACOEM SW 5";2024-08-09 19:00:00;66,99;19,94;
"K-B3 ACOEM SW 5";2024-08-09 18:00:00;64,53;21,46;
"K-B3 ACOEM SW 5";2024-08-09 17:00:00;64,47;22,66;
"K-B3 ACOEM SW 5";2024-08-09 16:00:00;70,70;22,27;
"K-B3 ACOEM SW 5";2024-08-09 15:00:00;82,75;20,56;
"K-B3 ACOEM SW 5";2024-08-09 14:00:00;88,10;19,03;
"K-B3 ACOEM SW 5";2024-08-09 13:00:00;86,98;19,26;
"K-B3 ACOEM SW 5";2024-08-09 12:00:00;91,97;18,49;
"K-B3 ACOEM SW 5";2024-08-09 11:00:00;97,07;17,21;
"K-B3 ACOEM SW 5";2024-08-09 10:00:00;96,33;16,37;
"K-B3 ACOEM SW 5";2024-08-09 09:00:00;95,89;15,84;
"K-B3 ACOEM SW 5";2024-08-09 08:00:00;95,01;15,60;
"K-B3 ACOEM SW 5";2024-08-09 07:00:00;93,91;15,13;
"K-B3 ACOEM SW 5";2024-08-09 06:00:00;89,15;15,31;
"K-B3 ACOEM SW 5";2024-08-09 05:00:00;90,78;16,43;
"K-B3 ACOEM SW 5";2024-08-09 04:00:00;88,07;16,72;
"K-B3 ACOEM SW 5";2024-08-09 03:00:00;88,98;16,39;
"K-B3 ACOEM SW 5";2024-08-09 02:00:00;87,62;16,31;
"K-B3 ACOEM SW 5";2024-08-09 01:00:00;82,73;16,24;
"K-B3 ACOEM SW 5";2024-08-09 00:00:00;75,40;16,27;
"K-B3 ACOEM SW 5";2024-08-08 23:00:00;69,32;16,76;
"K-B3 ACOEM SW 5";2024-08-08 22:00:00;64,43;17,05;
"K-B3 ACOEM SW 5";2024-08-08 21:00:00;58,80;18,48;
"K-B3 ACOEM SW 5";2024-08-08 20:00:00;59,92;19,18;
"K-B3 ACOEM SW 5";2024-08-08 19:00:00;54,66;20,80;
"K-B3 ACOEM SW 5";2024-08-08 18:00:00;47,26;22,15;
"K-B3 ACOEM SW 5";2024-08-08 17:00:00;43,28;22,56;
"K-B3 ACOEM SW 5";2024-08-08 16:00:00;46,01;22,18;
"K-B3 ACOEM SW 5";2024-08-08 15:00:00;51,19;22,13;
"K-B3 ACOEM SW 5";2024-08-08 14:00:00;64,53;20,94;
"K-B3 ACOEM SW 5";2024-08-08 13:00:00;63,96;21,87;
"K-B3 ACOEM SW 5";2024-08-08 12:00:00;71,01;20,27;
"K-B3 ACOEM SW 5";2024-08-08 11:00:00;78,64;18,07;
"K-B3 ACOEM SW 5";2024-08-08 10:00:00;83,16;17,16;
"K-B3 ACOEM SW 5";2024-08-08 09:00:00;86,34;16,17;
"K-B3 ACOEM SW 5";2024-08-08 08:00:00;88,14;15,27;
"K-B3 ACOEM SW 5";2024-08-08 07:00:00;88,71;14,70;
"K-B3 ACOEM SW 5";2024-08-08 06:00:00;89,08;14,45;
"K-B3 ACOEM SW 5";2024-08-08 05:00:00;89,94;14,65;
"K-B3 ACOEM SW 5";2024-08-08 04:00:00;90,27;14,97;
"K-B3 ACOEM SW 5";2024-08-08 03:00:00;89,41;15,30;
"K-B3 ACOEM SW 5";2024-08-08 02:00:00;88,49;15,28;
"K-B3 ACOEM SW 5";2024-08-08 01:00:00;85,42;15,27;
"K-B3 ACOEM SW 5";2024-08-08 00:00:00;82,18;15,69;
"K-B3 ACOEM SW 5";2024-08-07 23:00:00;76,09;16,60;
"K-B3 ACOEM SW 5";2024-08-07 22:00:00;68,26;18,33;
"K-B3 ACOEM SW 5";2024-08-07 21:00:00;64,27;21,18;
"K-B3 ACOEM SW 5";2024-08-07 20:00:00;72,76;21,50;
"K-B3 ACOEM SW 5";2024-08-07 19:00:00;80,28;19,88;
"K-B3 ACOEM SW 5";2024-08-07 18:00:00;82,45;20,36;
"K-B3 ACOEM SW 5";2024-08-07 17:00:00;90,56;19,58;
"K-B3 ACOEM SW 5";2024-08-07 16:00:00;90,92;19,25;
"K-B3 ACOEM SW 5";2024-08-07 15:00:00;90,54;19,09;
"K-B3 ACOEM SW 5";2024-08-07 14:00:00;82,27;20,86;
"K-B3 ACOEM SW 5";2024-08-07 13:00:00;83,41;20,56;
"K-B3 ACOEM SW 5";2024-08-07 12:00:00;85,05;19,65;
"K-B3 ACOEM SW 5";2024-08-07 11:00:00;83,66;19,90;
"K-B3 ACOEM SW 5";2024-08-07 10:00:00;87,05;19,18;
"K-B3 ACOEM SW 5";2024-08-07 09:00:00;84,61;19,36;
"K-B3 ACOEM SW 5";2024-08-07 08:00:00;84,04;19,29;
"K-B3 ACOEM SW 5";2024-08-07 07:00:00;83,70;19,15;
"K-B3 ACOEM SW 5";2024-08-07 06:00:00;83,27;19,11;
"K-B3 ACOEM SW 5";2024-08-07 05:00:00;83,07;19,16;
"K-B3 ACOEM SW 5";2024-08-07 04:00:00;83,18;19,38;
"K-B3 ACOEM SW 5";2024-08-07 03:00:00;83,68;19,34;
"K-B3 ACOEM SW 5";2024-08-07 02:00:00;82,21;19,42;
"K-B3 ACOEM SW 5";2024-08-07 01:00:00;81,54;19,49;
"K-B3 ACOEM SW 5";2024-08-07 00:00:00;80,90;19,78;
"K-B3 ACOEM SW 5";2024-08-06 23:00:00;80,96;20,07;
"K-B3 ACOEM SW 5";2024-08-06 22:00:00;80,93;20,09;
"K-B3 ACOEM SW 5";2024-08-06 21:00:00;80,07;20,15;
"K-B3 ACOEM SW 5";2024-08-06 20:00:00;77,70;20,37;
"K-B3 ACOEM SW 5";2024-08-06 19:00:00;75,95;20,37;
"K-B3 ACOEM SW 5";2024-08-06 18:00:00;71,80;21,34;
"K-B3 ACOEM SW 5";2024-08-06 17:00:00;65,56;22,45;
"K-B3 ACOEM SW 5";2024-08-06 16:00:00;63,90;22,84;
"K-B3 ACOEM SW 5";2024-08-06 15:00:00;62,27;23,15;
"K-B3 ACOEM SW 5";2024-08-06 14:00:00;63,77;23,65;
"K-B3 ACOEM SW 5";2024-08-06 13:00:00;67,17;23,25;
"K-B3 ACOEM SW 5";2024-08-06 12:00:00;70,15;22,01;
"K-B3 ACOEM SW 5";2024-08-06 11:00:00;70,52;21,08;
"K-B3 ACOEM SW 5";2024-08-06 10:00:00;68,60;21,38;
"K-B3 ACOEM SW 5";2024-08-06 09:00:00;70,68;20,83;
"K-B3 ACOEM SW 5";2024-08-06 08:00:00;78,99;18,81;
"K-B3 ACOEM SW 5";2024-08-06 07:00:00;87,06;17,35;
"K-B3 ACOEM SW 5";2024-08-06 06:00:00;87,99;17,01;
"K-B3 ACOEM SW 5";2024-08-06 05:00:00;88,01;16,90;
"K-B3 ACOEM SW 5";2024-08-06 04:00:00;88,42;16,89;
"K-B3 ACOEM SW 5";2024-08-06 03:00:00;87,52;16,87;
"K-B3 ACOEM SW 5";2024-08-06 02:00:00;86,54;16,90;
"K-B3 ACOEM SW 5";2024-08-06 01:00:00;83,46;17,43;
"K-B3 ACOEM SW 5";2024-08-06 00:00:00;80,62;17,81;
"K-B3 ACOEM SW 5";2024-08-05 23:00:00;74,48;18,15;
"K-B3 ACOEM SW 5";2024-08-05 22:00:00;70,12;18,63;
"K-B3 ACOEM SW 5";2024-08-05 21:00:00;66,78;19,03;
"K-B3 ACOEM SW 5";2024-08-05 20:00:00;65,38;19,59;
"K-B3 ACOEM SW 5";2024-08-05 19:00:00;66,61;21,32;
"K-B3 ACOEM SW 5";2024-08-05 18:00:00;63,73;22,18;
"K-B3 ACOEM SW 5";2024-08-05 17:00:00;65,09;21,76;
"K-B3 ACOEM SW 5";2024-08-05 16:00:00;67,01;22,04;
"K-B3 ACOEM SW 5";2024-08-05 15:00:00;66,46;22,68;
"K-B3 ACOEM SW 5";2024-08-05 14:00:00;61,10;24,10;
"K-B3 ACOEM SW 5";2024-08-05 13:00:00;66,82;22,71;
"K-B3 ACOEM SW 5";2024-08-05 12:00:00;71,67;21,43;
"K-B3 ACOEM SW 5";2024-08-05 11:00:00;71,22;21,79;
"K-B3 ACOEM SW 5";2024-08-05 10:00:00;78,42;19,42;
"K-B3 ACOEM SW 5";2024-08-05 09:00:00;80,06;18,80;
"K-B3 ACOEM SW 5";2024-08-05 08:00:00;84,07;17,41;
"K-B3 ACOEM SW 5";2024-08-05 07:00:00;89,80;15,77;
"K-B3 ACOEM SW 5";2024-08-05 06:00:00;90,35;15,49;
"K-B3 ACOEM SW 5";2024-08-05 05:00:00;89,38;15,81;
"K-B3 ACOEM SW 5";2024-08-05 04:00:00;87,15;16,42;
"K-B3 ACOEM SW 5";2024-08-05 03:00:00;86,98;16,85;
"K-B3 ACOEM SW 5";2024-08-05 02:00:00;86,84;16,92;
"K-B3 ACOEM SW 5";2024-08-05 01:00:00;84,05;17,54;
"K-B3 ACOEM SW 5";2024-08-05 00:00:00;82,19;18,02;
"K-B3 ACOEM SW 5";2024-08-04 23:00:00;75,96;19,20;
"K-B3 ACOEM SW 5";2024-08-04 22:00:00;64,14;20,65;
"K-B3 ACOEM SW 5";2024-08-04 21:00:00;56,57;22,64;
"K-B3 ACOEM SW 5";2024-08-04 20:00:00;52,82;24,24;
"K-B3 ACOEM SW 5";2024-08-04 19:00:00;52,74;25,12;
"K-B3 ACOEM SW 5";2024-08-04 18:00:00;55,14;24,88;
"K-B3 ACOEM SW 5";2024-08-04 17:00:00;58,54;24,27;
"K-B3 ACOEM SW 5";2024-08-04 16:00:00;61,66;22,95;
"K-B3 ACOEM SW 5";2024-08-04 15:00:00;59,25;24,35;
"K-B3 ACOEM SW 5";2024-08-04 14:00:00;60,84;24,05;
"K-B3 ACOEM SW 5";2024-08-04 13:00:00;63,14;23,82;
"K-B3 ACOEM SW 5";2024-08-04 12:00:00;69,87;22,64;
"K-B3 ACOEM SW 5";2024-08-04 11:00:00;74,02;21,32;
"K-B3 ACOEM SW 5";2024-08-04 10:00:00;77,68;19,94;
"K-B3 ACOEM SW 5";2024-08-04 09:00:00;87,20;17,50;
"K-B3 ACOEM SW 5";2024-08-04 08:00:00;89,94;16,76;
"K-B3 ACOEM SW 5";2024-08-04 07:00:00;92,26;15,67;
"K-B3 ACOEM SW 5";2024-08-04 06:00:00;92,16;15,79;
"K-B3 ACOEM SW 5";2024-08-04 05:00:00;92,00;16,45;
"K-B3 ACOEM SW 5";2024-08-04 04:00:00;91,78;17,19;
"K-B3 ACOEM SW 5";2024-08-04 03:00:00;91,15;17,93;
"K-B3 ACOEM SW 5";2024-08-04 02:00:00;91,47;18,44;
"K-B3 ACOEM SW 5";2024-08-04 01:00:00;91,96;18,37;
"K-B3 ACOEM SW 5";2024-08-04 00:00:00;91,81;18,48;
"K-B3 ACOEM SW 5";2024-08-03 23:00:00;90,25;18,65;
"K-B3 ACOEM SW 5";2024-08-03 22:00:00;87,94;18,69;
"K-B3 ACOEM SW 5";2024-08-03 21:00:00;84,64;18,87;
"K-B3 ACOEM SW 5";2024-08-03 20:00:00;79,19;19,54;
"K-B3 ACOEM SW 5";2024-08-03 19:00:00;79,01;19,59;
"K-B3 ACOEM SW 5";2024-08-03 18:00:00;78,85;19,57;
"K-B3 ACOEM SW 5";2024-08-03 17:00:00;82,58;18,76;
"K-B3 ACOEM SW 5";2024-08-03 16:00:00;74,81;19,92;
"K-B3 ACOEM SW 5";2024-08-03 15:00:00;58,46;24,45;
"K-B3 ACOEM SW 5";2024-08-03 14:00:00;58,03;25,06;
"K-B3 ACOEM SW 5";2024-08-03 13:00:00;54,68;25,67;
"K-B3 ACOEM SW 5";2024-08-03 12:00:00;53,45;24,96;
"K-B3 ACOEM SW 5";2024-08-03 11:00:00;60,67;23,05;
"K-B3 ACOEM SW 5";2024-08-03 10:00:00;63,77;21,86;
"K-B3 ACOEM SW 5";2024-08-03 09:00:00;75,83;18,39;
"K-B3 ACOEM SW 5";2024-08-03 08:00:00;85,99;15,40;
"K-B3 ACOEM SW 5";2024-08-03 07:00:00;90,79;13,83;
"K-B3 ACOEM SW 5";2024-08-03 06:00:00;90,51;13,70;
"K-B3 ACOEM SW 5";2024-08-03 05:00:00;88,76;14,06;
"K-B3 ACOEM SW 5";2024-08-03 04:00:00;86,60;14,44;
"K-B3 ACOEM SW 5";2024-08-03 03:00:00;83,93;15,10;
"K-B3 ACOEM SW 5";2024-08-03 02:00:00;81,34;15,72;
"K-B3 ACOEM SW 5";2024-08-03 01:00:00;76,90;16,56;
"K-B3 ACOEM SW 5";2024-08-03 00:00:00;71,32;17,68;
"K-B3 ACOEM SW 5";2024-08-02 23:00:00;69,56;18,58;
"K-B3 ACOEM SW 5";2024-08-02 22:00:00;66,26;20,00;
"K-B3 ACOEM SW 5";2024-08-02 21:00:00;60,37;21,31;
"K-B3 ACOEM SW 5";2024-08-02 20:00:00;61,25;21,57;
"K-B3 ACOEM SW 5";2024-08-02 19:00:00;63,32;21,90;
"K-B3 ACOEM SW 5";2024-08-02 18:00:00;61,39;22,78;
"K-B3 ACOEM SW 5";2024-08-02 17:00:00;59,43;23,30;
"K-B3 ACOEM SW 5";2024-08-02 16:00:00;56,17;24,20;
"K-B3 ACOEM SW 5";2024-08-02 15:00:00;54,48;24,28;
"K-B3 ACOEM SW 5";2024-08-02 14:00:00;56,81;23,90;
"K-B3 ACOEM SW 5";2024-08-02 13:00:00;63,93;22,03;
"K-B3 ACOEM SW 5";2024-08-02 12:00:00;60,55;22,80;
"K-B3 ACOEM SW 5";2024-08-02 11:00:00;65,26;21,61;
"K-B3 ACOEM SW 5";2024-08-02 10:00:00;73,93;19,63;
"K-B3 ACOEM SW 5";2024-08-02 09:00:00;76,36;18,45;
"K-B3 ACOEM SW 5";2024-08-02 08:00:00;84,12;15,70;
"K-B3 ACOEM SW 5";2024-08-02 07:00:00;90,84;13,92;
"K-B3 ACOEM SW 5";2024-08-02 06:00:00;90,66;13,84;
"K-B3 ACOEM SW 5";2024-08-02 05:00:00;89,71;14,34;
"K-B3 ACOEM SW 5";2024-08-02 04:00:00;89,33;14,87;
"K-B3 ACOEM SW 5";2024-08-02 03:00:00;88,97;15,17;
"K-B3 ACOEM SW 5";2024-08-02 02:00:00;87,99;15,34;
"K-B3 ACOEM SW 5";2024-08-02 01:00:00;85,38;15,47;
"K-B3 ACOEM SW 5";2024-08-02 00:00:00;80,12;16,20;
"K-B3 ACOEM SW 5";2024-08-01 23:00:00;75,95;17,39;
"K-B3 ACOEM SW 5";2024-08-01 22:00:00;70,91;18,74;
"K-B3 ACOEM SW 5";2024-08-01 21:00:00;66,34;20,15;
"K-B3 ACOEM SW 5";2024-08-01 20:00:00;62,67;21,23;
"K-B3 ACOEM SW 5";2024-08-01 19:00:00;57,51;22,01;
"K-B3 ACOEM SW 5";2024-08-01 18:00:00;62,05;22,15;
"K-B3 ACOEM SW 5";2024-08-01 17:00:00;63,49;22,47;
"K-B3 ACOEM SW 5";2024-08-01 16:00:00;63,93;21,96;
"K-B3 ACOEM SW 5";2024-08-01 15:00:00;63,13;22,05;
"K-B3 ACOEM SW 5";2024-08-01 14:00:00;62,41;21,66;
"K-B3 ACOEM SW 5";2024-08-01 13:00:00;60,23;20,74;
"K-B3 ACOEM SW 5";2024-08-01 12:00:00;57,63;20,67;
"K-B3 ACOEM SW 5";2024-08-01 11:00:00;54,58;20,18;
"K-B3 ACOEM SW 5";2024-08-01 10:00:00;54,14;19,46;
"K-B3 ACOEM SW 5";2024-08-01 09:00:00;53,57;18,31;
"K-B3 ACOEM SW 5";2024-08-01 08:00:00;65,30;15,76;
"K-B3 ACOEM SW 5";2024-08-01 07:00:00;70,33;14,37;
"K-B3 ACOEM SW 5";2024-08-01 06:00:00;69,05;14,64;
"K-B3 ACOEM SW 5";2024-08-01 05:00:00;65,48;15,51;
"K-B3 ACOEM SW 5";2024-08-01 04:00:00;62,79;16,09;
"K-B3 ACOEM SW 5";2024-08-01 03:00:00;62,62;16,48;
"K-B3 ACOEM SW 5";2024-08-01 02:00:00;60,55;16,99;
"K-B3 ACOEM SW 5";2024-08-01 01:00:00;56,35;17,70;
"K-B3 ACOEM SW 5";2024-08-01 00:00:00;58,06;18,45;
"K-B3 ACOEM SW 5";2024-07-31 23:00:00;57,88;19,55;
"K-B3 ACOEM SW 5";2024-07-31 22:00:00;55,03;21,34;
"K-B3 ACOEM SW 5";2024-07-31 21:00:00;50,06;23,34;
"K-B3 ACOEM SW 5";2024-07-31 20:00:00;45,11;24,01;
"K-B3 ACOEM SW 5";2024-07-31 19:00:00;40,48;24,22;
"K-B3 ACOEM SW 5";2024-07-31 18:00:00;39,01;25,00;
"K-B3 ACOEM SW 5";2024-07-31 17:00:00;38,16;25,44;
"K-B3 ACOEM SW 5";2024-07-31 16:00:00;39,89;25,28;
"K-B3 ACOEM SW 5";2024-07-31 15:00:00;37,64;26,04;
"K-B3 ACOEM SW 5";2024-07-31 14:00:00;31,73;26,33;
"K-B3 ACOEM SW 5";2024-07-31 13:00:00;33,55;24,85;
"K-B3 ACOEM SW 5";2024-07-31 12:00:00;37,55;22,95;
"K-B3 ACOEM SW 5";2024-07-31 11:00:00;43,02;20,86;
"K-B3 ACOEM SW 5";2024-07-31 10:00:00;52,42;19,39;
"K-B3 ACOEM SW 5";2024-07-31 09:00:00;61,35;16,44;
"K-B3 ACOEM SW 5";2024-07-31 08:00:00;66,36;14,46;
"K-B3 ACOEM SW 5";2024-07-31 07:00:00;67,92;13,30;
"K-B3 ACOEM SW 5";2024-07-31 06:00:00;66,95;13,53;
"K-B3 ACOEM SW 5";2024-07-31 05:00:00;71,69;14,29;
"K-B3 ACOEM SW 5";2024-07-31 04:00:00;70,52;15,16;
"K-B3 ACOEM SW 5";2024-07-31 03:00:00;76,44;15,64;
"K-B3 ACOEM SW 5";2024-07-31 02:00:00;78,56;16,11;
"K-B3 ACOEM SW 5";2024-07-31 01:00:00;80,13;16,54;
"K-B3 ACOEM SW 5";2024-07-31 00:00:00;82,67;16,89;
"K-B3 ACOEM SW 5";2024-07-30 23:00:00;82,44;17,43;
"K-B3 ACOEM SW 5";2024-07-30 22:00:00;77,03;18,75;
"K-B3 ACOEM SW 5";2024-07-30 21:00:00;69,95;20,58;
"K-B3 ACOEM SW 5";2024-07-30 20:00:00;63,11;22,39;
"K-B3 ACOEM SW 5";2024-07-30 19:00:00;62,24;22,77;
"K-B3 ACOEM SW 5";2024-07-30 18:00:00;60,83;23,02;
"K-B3 ACOEM SW 5";2024-07-30 17:00:00;61,38;22,21;
"K-B3 ACOEM SW 5";2024-07-30 16:00:00;59,00;23,24;
"K-B3 ACOEM SW 5";2024-07-30 15:00:00;55,61;24,49;
"K-B3 ACOEM SW 5";2024-07-30 14:00:00;56,90;24,32;
"K-B3 ACOEM SW 5";2024-07-30 13:00:00;56,04;24,95;
"K-B3 ACOEM SW 5";2024-07-30 12:00:00;52,10;24,45;
"K-B3 ACOEM SW 5";2024-07-30 11:00:00;55,40;22,69;
"K-B3 ACOEM SW 5";2024-07-30 10:00:00;59,91;21,18;
"K-B3 ACOEM SW 5";2024-07-30 09:00:00;61,22;19,67;
"K-B3 ACOEM SW 5";2024-07-30 08:00:00;63,27;17,69;
"K-B3 ACOEM SW 5";2024-07-30 07:00:00;66,90;16,41;
"K-B3 ACOEM SW 5";2024-07-30 06:00:00;65,44;16,60;
"K-B3 ACOEM SW 5";2024-07-30 05:00:00;63,24;17,11;
"K-B3 ACOEM SW 5";2024-07-30 04:00:00;62,84;17,74;
"K-B3 ACOEM SW 5";2024-07-30 03:00:00;62,41;18,19;
"K-B3 ACOEM SW 5";2024-07-30 02:00:00;62,81;18,50;
"K-B3 ACOEM SW 5";2024-07-30 01:00:00;65,07;18,54;
"K-B3 ACOEM SW 5";2024-07-30 00:00:00;66,90;18,83;
"K-B3 ACOEM SW 5";2024-07-29 23:00:00;66,28;19,53;
"K-B3 ACOEM SW 5";2024-07-29 22:00:00;62,42;20,43;
"K-B3 ACOEM SW 5";2024-07-29 21:00:00;63,04;21,46;
"K-B3 ACOEM SW 5";2024-07-29 20:00:00;63,21;22,19;
"K-B3 ACOEM SW 5";2024-07-29 19:00:00;56,25;22,54;
"K-B3 ACOEM SW 5";2024-07-29 18:00:00;48,94;23,09;
"K-B3 ACOEM SW 5";2024-07-29 17:00:00;46,70;23,30;
"K-B3 ACOEM SW 5";2024-07-29 16:00:00;50,83;22,48;
"K-B3 ACOEM SW 5";2024-07-29 15:00:00;49,96;22,77;
"K-B3 ACOEM SW 5";2024-07-29 14:00:00;49,02;22,99;
"K-B3 ACOEM SW 5";2024-07-29 13:00:00;49,66;22,76;
"K-B3 ACOEM SW 5";2024-07-29 12:00:00;49,58;21,97;
"K-B3 ACOEM SW 5";2024-07-29 11:00:00;48,28;21,80;
"K-B3 ACOEM SW 5";2024-07-29 10:00:00;51,93;20,70;
"K-B3 ACOEM SW 5";2024-07-29 09:00:00;53,08;19,21;
"K-B3 ACOEM SW 5";2024-07-29 08:00:00;62,89;16,61;
"K-B3 ACOEM SW 5";2024-07-29 07:00:00;67,44;14,69;
"K-B3 ACOEM SW 5";2024-07-29 06:00:00;64,21;14,33;
"K-B3 ACOEM SW 5";2024-07-29 05:00:00;62,89;14,58;
"K-B3 ACOEM SW 5";2024-07-29 04:00:00;61,17;15,12;
"K-B3 ACOEM SW 5";2024-07-29 03:00:00;58,07;16,04;
"K-B3 ACOEM SW 5";2024-07-29 02:00:00;54,61;17,03;
"K-B3 ACOEM SW 5";2024-07-29 01:00:00;52,70;17,56;
"K-B3 ACOEM SW 5";2024-07-29 00:00:00;51,73;18,03;
"K-B3 ACOEM SW 5";2024-07-28 23:00:00;49,74;18,88;
"K-B3 ACOEM SW 5";2024-07-28 22:00:00;47,79;20,08;
"K-B3 ACOEM SW 5";2024-07-28 21:00:00;44,39;21,70;
"K-B3 ACOEM SW 5";2024-07-28 20:00:00;41,31;22,63;
"K-B3 ACOEM SW 5";2024-07-28 19:00:00;39,82;23,52;
"K-B3 ACOEM SW 5";2024-07-28 18:00:00;38,55;24,36;
"K-B3 ACOEM SW 5";2024-07-28 17:00:00;34,59;25,37;
"K-B3 ACOEM SW 5";2024-07-28 16:00:00;30,34;25,79;
"K-B3 ACOEM SW 5";2024-07-28 15:00:00;32,68;26,12;
"K-B3 ACOEM SW 5";2024-07-28 14:00:00;31,00;27,06;
"K-B3 ACOEM SW 5";2024-07-28 13:00:00;33,86;25,83;
"K-B3 ACOEM SW 5";2024-07-28 12:00:00;36,97;24,17;
"K-B3 ACOEM SW 5";2024-07-28 11:00:00;42,36;21,96;
"K-B3 ACOEM SW 5";2024-07-28 10:00:00;46,88;20,12;
"K-B3 ACOEM SW 5";2024-07-28 09:00:00;52,10;18,39;
"K-B3 ACOEM SW 5";2024-07-28 08:00:00;57,91;16,69;
"K-B3 ACOEM SW 5";2024-07-28 07:00:00;61,31;15,53;
"K-B3 ACOEM SW 5";2024-07-28 06:00:00;64,07;15,00;
"K-B3 ACOEM SW 5";2024-07-28 05:00:00;64,34;15,21;
"K-B3 ACOEM SW 5";2024-07-28 04:00:00;63,48;15,49;
"K-B3 ACOEM SW 5";2024-07-28 03:00:00;63,70;15,54;
"K-B3 ACOEM SW 5";2024-07-28 02:00:00;66,14;15,75;
"K-B3 ACOEM SW 5";2024-07-28 01:00:00;69,83;16,11;
"K-B3 ACOEM SW 5";2024-07-28 00:00:00;69,85;16,61;
"K-B3 ACOEM SW 5";2024-07-27 23:00:00;66,83;17,66;
"K-B3 ACOEM SW 5";2024-07-27 22:00:00;61,06;19,07;
"K-B3 ACOEM SW 5";2024-07-27 21:00:00;53,53;20,63;
"K-B3 ACOEM SW 5";2024-07-27 20:00:00;51,45;21,61;
"K-B3 ACOEM SW 5";2024-07-27 19:00:00;49,23;22,21;
"K-B3 ACOEM SW 5";2024-07-27 18:00:00;45,50;23,43;
"K-B3 ACOEM SW 5";2024-07-27 17:00:00;43,40;24,08;
"K-B3 ACOEM SW 5";2024-07-27 16:00:00;42,03;23,98;
"K-B3 ACOEM SW 5";2024-07-27 15:00:00;40,27;23,96;
"K-B3 ACOEM SW 5";2024-07-27 14:00:00;41,15;23,65;
"K-B3 ACOEM SW 5";2024-07-27 13:00:00;46,01;22,67;
"K-B3 ACOEM SW 5";2024-07-27 12:00:00;51,83;21,99;
"K-B3 ACOEM SW 5";2024-07-27 11:00:00;58,15;21,01;
"K-B3 ACOEM SW 5";2024-07-27 10:00:00;64,44;18,97;
"K-B3 ACOEM SW 5";2024-07-27 09:00:00;72,01;16,89;
"K-B3 ACOEM SW 5";2024-07-27 08:00:00;78,11;15,29;
"K-B3 ACOEM SW 5";2024-07-27 07:00:00;83,16;14,10;
"K-B3 ACOEM SW 5";2024-07-27 06:00:00;85,83;13,81;
"K-B3 ACOEM SW 5";2024-07-27 05:00:00;85,76;14,11;
"K-B3 ACOEM SW 5";2024-07-27 04:00:00;85,77;14,43;
"K-B3 ACOEM SW 5";2024-07-27 03:00:00;86,00;14,76;
"K-B3 ACOEM SW 5";2024-07-27 02:00:00;84,43;15,36;
"K-B3 ACOEM SW 5";2024-07-27 01:00:00;82,75;15,86;
"K-B3 ACOEM SW 5";2024-07-27 00:00:00;79,44;16,58;
"K-B3 ACOEM SW 5";2024-07-26 23:00:00;74,17;17,92;
"K-B3 ACOEM SW 5";2024-07-26 22:00:00;71,88;19,75;
"K-B3 ACOEM SW 5";2024-07-26 21:00:00;72,48;21,35;
"K-B3 ACOEM SW 5";2024-07-26 20:00:00;72,10;21,65;
"K-B3 ACOEM SW 5";2024-07-26 19:00:00;76,10;20,66;
"K-B3 ACOEM SW 5";2024-07-26 18:00:00;80,15;20,16;
"K-B3 ACOEM SW 5";2024-07-26 17:00:00;77,81;21,14;
"K-B3 ACOEM SW 5";2024-07-26 16:00:00;74,82;21,97;
"K-B3 ACOEM SW 5";2024-07-26 15:00:00;78,85;20,62;
"K-B3 ACOEM SW 5";2024-07-26 14:00:00;85,61;19,27;
"K-B3 ACOEM SW 5";2024-07-26 13:00:00;88,63;18,83;
"K-B3 ACOEM SW 5";2024-07-26 12:00:00;91,96;18,24;
"K-B3 ACOEM SW 5";2024-07-26 11:00:00;93,09;17,86;
"K-B3 ACOEM SW 5";2024-07-26 10:00:00;95,04;17,23;
"K-B3 ACOEM SW 5";2024-07-26 09:00:00;95,50;16,89;
"K-B3 ACOEM SW 5";2024-07-26 08:00:00;95,40;16,63;
"K-B3 ACOEM SW 5";2024-07-26 07:00:00;95,91;16,25;
"K-B3 ACOEM SW 5";2024-07-26 06:00:00;96,02;15,84;
"K-B3 ACOEM SW 5";2024-07-26 05:00:00;95,01;15,58;
"K-B3 ACOEM SW 5";2024-07-26 04:00:00;92,29;15,81;
"K-B3 ACOEM SW 5";2024-07-26 03:00:00;86,03;16,63;
"K-B3 ACOEM SW 5";2024-07-26 02:00:00;87,15;16,51;
"K-B3 ACOEM SW 5";2024-07-26 01:00:00;88,44;16,16;
"K-B3 ACOEM SW 5";2024-07-26 00:00:00;90,49;15,91;
"K-B3 ACOEM SW 5";2024-07-25 23:00:00;85,16;16,60;
"K-B3 ACOEM SW 5";2024-07-25 22:00:00;86,16;15,94;
"K-B3 ACOEM SW 5";2024-07-25 21:00:00;85,55;16,11;
"K-B3 ACOEM SW 5";2024-07-25 20:00:00;88,99;15,78;
"K-B3 ACOEM SW 5";2024-07-25 19:00:00;86,19;16,00;
"K-B3 ACOEM SW 5";2024-07-25 18:00:00;72,54;18,00;
"K-B3 ACOEM SW 5";2024-07-25 17:00:00;66,11;19,54;
"K-B3 ACOEM SW 5";2024-07-25 16:00:00;57,37;20,87;
"K-B3 ACOEM SW 5";2024-07-25 15:00:00;51,00;22,70;
"K-B3 ACOEM SW 5";2024-07-25 14:00:00;59,59;22,94;
"K-B3 ACOEM SW 5";2024-07-25 13:00:00;58,27;23,36;
"K-B3 ACOEM SW 5";2024-07-25 12:00:00;60,28;23,19;
"K-B3 ACOEM SW 5";2024-07-25 11:00:00;64,25;22,43;
"K-B3 ACOEM SW 5";2024-07-25 10:00:00;73,25;20,43;
"K-B3 ACOEM SW 5";2024-07-25 09:00:00;78,11;19,25;
"K-B3 ACOEM SW 5";2024-07-25 08:00:00;84,77;17,10;
"K-B3 ACOEM SW 5";2024-07-25 07:00:00;90,12;15,54;
"K-B3 ACOEM SW 5";2024-07-25 06:00:00;90,45;15,22;
"K-B3 ACOEM SW 5";2024-07-25 05:00:00;91,03;15,64;
"K-B3 ACOEM SW 5";2024-07-25 04:00:00;91,31;16,11;
"K-B3 ACOEM SW 5";2024-07-25 03:00:00;90,64;16,62;
"K-B3 ACOEM SW 5";2024-07-25 02:00:00;89,86;16,78;
"K-B3 ACOEM SW 5";2024-07-25 01:00:00;88,05;17,29;
"K-B3 ACOEM SW 5";2024-07-25 00:00:00;86,08;17,93;
"K-B3 ACOEM SW 5";2024-07-24 23:00:00;84,81;18,22;
"K-B3 ACOEM SW 5";2024-07-24 22:00:00;82,82;18,73;
"K-B3 ACOEM SW 5";2024-07-24 21:00:00;79,86;19,64;
"K-B3 ACOEM SW 5";2024-07-24 20:00:00;75,18;19,98;
"K-B3 ACOEM SW 5";2024-07-24 19:00:00;70,55;21,10;
"K-B3 ACOEM SW 5";2024-07-24 18:00:00;66,69;21,46;
"K-B3 ACOEM SW 5";2024-07-24 17:00:00;66,22;21,19;
"K-B3 ACOEM SW 5";2024-07-24 16:00:00;59,94;23,08;
"K-B3 ACOEM SW 5";2024-07-24 15:00:00;66,44;21,86;
"K-B3 ACOEM SW 5";2024-07-24 14:00:00;65,41;21,79;
"K-B3 ACOEM SW 5";2024-07-24 13:00:00;61,95;22,84;
"K-B3 ACOEM SW 5";2024-07-24 12:00:00;63,60;22,23;
"K-B3 ACOEM SW 5";2024-07-24 11:00:00;69,25;20,25;
"K-B3 ACOEM SW 5";2024-07-24 10:00:00;70,82;19,62;
"K-B3 ACOEM SW 5";2024-07-24 09:00:00;70,08;19,23;
"K-B3 ACOEM SW 5";2024-07-24 08:00:00;71,74;18,09;
"K-B3 ACOEM SW 5";2024-07-24 07:00:00;78,32;16,14;
"K-B3 ACOEM SW 5";2024-07-24 06:00:00;81,42;15,57;
"K-B3 ACOEM SW 5";2024-07-24 05:00:00;83,58;15,80;
"K-B3 ACOEM SW 5";2024-07-24 04:00:00;87,99;15,60;
"K-B3 ACOEM SW 5";2024-07-24 03:00:00;88,47;15,71;
"K-B3 ACOEM SW 5";2024-07-24 02:00:00;86,79;16,13;
"K-B3 ACOEM SW 5";2024-07-24 01:00:00;84,96;16,17;
"K-B3 ACOEM SW 5";2024-07-24 00:00:00;81,71;16,82;
"K-B3 ACOEM SW 5";2024-07-23 23:00:00;78,44;17,59;
"K-B3 ACOEM SW 5";2024-07-23 22:00:00;69,19;18,95;
"K-B3 ACOEM SW 5";2024-07-23 21:00:00;70,21;19,97;
"K-B3 ACOEM SW 5";2024-07-23 20:00:00;71,26;20,34;
"K-B3 ACOEM SW 5";2024-07-23 19:00:00;71,74;20,46;
"K-B3 ACOEM SW 5";2024-07-23 18:00:00;70,22;21,24;
"K-B3 ACOEM SW 5";2024-07-23 17:00:00;68,67;21,54;
"K-B3 ACOEM SW 5";2024-07-23 16:00:00;64,91;22,07;
"K-B3 ACOEM SW 5";2024-07-23 15:00:00;62,30;22,20;
"K-B3 ACOEM SW 5";2024-07-23 14:00:00;59,76;21,56;
"K-B3 ACOEM SW 5";2024-07-23 13:00:00;48,02;22,96;
"K-B3 ACOEM SW 5";2024-07-23 12:00:00;48,53;23,18;
"K-B3 ACOEM SW 5";2024-07-23 11:00:00;52,03;22,75;
"K-B3 ACOEM SW 5";2024-07-23 10:00:00;57,66;21,81;
"K-B3 ACOEM SW 5";2024-07-23 09:00:00;63,36;19,81;
"K-B3 ACOEM SW 5";2024-07-23 08:00:00;71,20;16,95;
"K-B3 ACOEM SW 5";2024-07-23 07:00:00;77,32;14,80;
"K-B3 ACOEM SW 5";2024-07-23 06:00:00;80,34;13,90;
"K-B3 ACOEM SW 5";2024-07-23 05:00:00;78,56;14,09;
"K-B3 ACOEM SW 5";2024-07-23 04:00:00;77,28;14,68;
"K-B3 ACOEM SW 5";2024-07-23 03:00:00;76,22;15,31;
"K-B3 ACOEM SW 5";2024-07-23 02:00:00;73,34;16,27;
"K-B3 ACOEM SW 5";2024-07-23 01:00:00;71,09;17,29;
"K-B3 ACOEM SW 5";2024-07-23 00:00:00;67,27;18,56;
"K-B3 ACOEM SW 5";2024-07-22 23:00:00;65,33;19,80;
"K-B3 ACOEM SW 5";2024-07-22 22:00:00;59,96;22,25;
"K-B3 ACOEM SW 5";2024-07-22 21:00:00;50,03;24,67;
"K-B3 ACOEM SW 5";2024-07-22 20:00:00;47,85;26,16;
"K-B3 ACOEM SW 5";2024-07-22 19:00:00;53,21;26,72;
"K-B3 ACOEM SW 5";2024-07-22 18:00:00;61,47;25,50;
"K-B3 ACOEM SW 5";2024-07-22 17:00:00;64,01;24,87;
"K-B3 ACOEM SW 5";2024-07-22 16:00:00;64,62;25,15;
"K-B3 ACOEM SW 5";2024-07-22 15:00:00;71,09;23,80;
"K-B3 ACOEM SW 5";2024-07-22 14:00:00;78,50;22,25;
"K-B3 ACOEM SW 5";2024-07-22 13:00:00;81,62;21,61;
"K-B3 ACOEM SW 5";2024-07-22 12:00:00;86,13;20,22;
"K-B3 ACOEM SW 5";2024-07-22 11:00:00;86,68;20,39;
"K-B3 ACOEM SW 5";2024-07-22 10:00:00;88,83;20,00;
"K-B3 ACOEM SW 5";2024-07-22 09:00:00;90,56;19,71;
"K-B3 ACOEM SW 5";2024-07-22 08:00:00;92,41;19,17;
"K-B3 ACOEM SW 5";2024-07-22 07:00:00;94,76;18,56;
"K-B3 ACOEM SW 5";2024-07-22 06:00:00;95,90;18,16;
"K-B3 ACOEM SW 5";2024-07-22 05:00:00;95,56;17,87;
"K-B3 ACOEM SW 5";2024-07-22 04:00:00;93,35;17,47;
"K-B3 ACOEM SW 5";2024-07-22 03:00:00;92,27;17,67;
"K-B3 ACOEM SW 5";2024-07-22 02:00:00;91,57;17,88;
"K-B3 ACOEM SW 5";2024-07-22 01:00:00;90,94;18,20;
"K-B3 ACOEM SW 5";2024-07-22 00:00:00;90,35;18,47;
"K-B3 ACOEM SW 5";2024-07-21 23:00:00;89,22;18,63;
"K-B3 ACOEM SW 5";2024-07-21 22:00:00;89,18;18,68;
"K-B3 ACOEM SW 5";2024-07-21 21:00:00;85,93;19,62;
"K-B3 ACOEM SW 5";2024-07-21 20:00:00;79,59;20,79;
"K-B3 ACOEM SW 5";2024-07-21 19:00:00;76,60;21,27;
"K-B3 ACOEM SW 5";2024-07-21 18:00:00;77,03;21,73;
"K-B3 ACOEM SW 5";2024-07-21 17:00:00;78,78;21,17;
"K-B3 ACOEM SW 5";2024-07-21 16:00:00;69,53;22,64;
"K-B3 ACOEM SW 5";2024-07-21 15:00:00;63,99;23,35;
"K-B3 ACOEM SW 5";2024-07-21 14:00:00;57,17;24,67;
"K-B3 ACOEM SW 5";2024-07-21 13:00:00;63,17;23,71;
"K-B3 ACOEM SW 5";2024-07-21 12:00:00;68,40;23,08;
"K-B3 ACOEM SW 5";2024-07-21 11:00:00;70,02;22,18;
"K-B3 ACOEM SW 5";2024-07-21 10:00:00;69,43;21,56;
"K-B3 ACOEM SW 5";2024-07-21 09:00:00;69,75;20,23;
"K-B3 ACOEM SW 5";2024-07-21 08:00:00;71,59;18,89;
"K-B3 ACOEM SW 5";2024-07-21 07:00:00;81,38;16,92;
"K-B3 ACOEM SW 5";2024-07-21 06:00:00;87,71;15,87;
"K-B3 ACOEM SW 5";2024-07-21 05:00:00;88,71;16,23;
"K-B3 ACOEM SW 5";2024-07-21 04:00:00;88,20;16,50;
"K-B3 ACOEM SW 5";2024-07-21 03:00:00;85,82;16,85;
"K-B3 ACOEM SW 5";2024-07-21 02:00:00;83,95;17,22;
"K-B3 ACOEM SW 5";2024-07-21 01:00:00;82,62;17,72;
"K-B3 ACOEM SW 5";2024-07-21 00:00:00;80,86;18,29;
"K-B3 ACOEM SW 5";2024-07-20 23:00:00;77,10;19,34;
"K-B3 ACOEM SW 5";2024-07-20 22:00:00;72,46;20,40;
"K-B3 ACOEM SW 5";2024-07-20 21:00:00;67,21;21,69;
"K-B3 ACOEM SW 5";2024-07-20 20:00:00;63,97;22,61;
"K-B3 ACOEM SW 5";2024-07-20 19:00:00;59,40;23,45;
"K-B3 ACOEM SW 5";2024-07-20 18:00:00;51,39;24,72;
"K-B3 ACOEM SW 5";2024-07-20 17:00:00;49,63;25,30;
"K-B3 ACOEM SW 5";2024-07-20 16:00:00;49,07;25,66;
"K-B3 ACOEM SW 5";2024-07-20 15:00:00;50,50;25,30;
"K-B3 ACOEM SW 5";2024-07-20 14:00:00;50,88;25,58;
"K-B3 ACOEM SW 5";2024-07-20 13:00:00;42,88;26,92;
"K-B3 ACOEM SW 5";2024-07-20 12:00:00;45,23;26,14;
"K-B3 ACOEM SW 5";2024-07-20 11:00:00;54,65;25,22;
"K-B3 ACOEM SW 5";2024-07-20 10:00:00;63,37;23,15;
"K-B3 ACOEM SW 5";2024-07-20 09:00:00;67,02;22,11;
"K-B3 ACOEM SW 5";2024-07-20 08:00:00;72,58;19,66;
"K-B3 ACOEM SW 5";2024-07-20 07:00:00;79,55;17,28;
"K-B3 ACOEM SW 5";2024-07-20 06:00:00;82,12;16,45;
"K-B3 ACOEM SW 5";2024-07-20 05:00:00;81,02;16,59;
"K-B3 ACOEM SW 5";2024-07-20 04:00:00;78,54;17,24;
"K-B3 ACOEM SW 5";2024-07-20 03:00:00;77,73;17,57;
"K-B3 ACOEM SW 5";2024-07-20 02:00:00;76,23;18,14;
"K-B3 ACOEM SW 5";2024-07-20 01:00:00;74,28;18,78;
"K-B3 ACOEM SW 5";2024-07-20 00:00:00;71,08;19,76;
"K-B3 ACOEM SW 5";2024-07-19 23:00:00;67,68;20,85;
"K-B3 ACOEM SW 5";2024-07-19 22:00:00;62,43;22,41;
"K-B3 ACOEM SW 5";2024-07-19 21:00:00;58,49;23,51;
"K-B3 ACOEM SW 5";2024-07-19 20:00:00;56,21;24,33;
"K-B3 ACOEM SW 5";2024-07-19 19:00:00;52,57;24,67;
"K-B3 ACOEM SW 5";2024-07-19 18:00:00;47,61;25,23;
"K-B3 ACOEM SW 5";2024-07-19 17:00:00;48,41;25,78;
"K-B3 ACOEM SW 5";2024-07-19 16:00:00;47,17;26,17;
"K-B3 ACOEM SW 5";2024-07-19 15:00:00;47,42;25,79;
"K-B3 ACOEM SW 5";2024-07-19 14:00:00;41,82;27,75;
"K-B3 ACOEM SW 5";2024-07-19 13:00:00;44,04;26,56;
"K-B3 ACOEM SW 5";2024-07-19 12:00:00;45,03;25,05;
"K-B3 ACOEM SW 5";2024-07-19 11:00:00;53,32;22,89;
"K-B3 ACOEM SW 5";2024-07-19 10:00:00;60,56;20,52;
"K-B3 ACOEM SW 5";2024-07-19 09:00:00;59,61;19,77;
"K-B3 ACOEM SW 5";2024-07-19 08:00:00;55,14;19,96;
"K-B3 ACOEM SW 5";2024-07-19 07:00:00;57,91;18,31;
"K-B3 ACOEM SW 5";2024-07-19 06:00:00;59,37;17,41;
"K-B3 ACOEM SW 5";2024-07-19 05:00:00;58,64;17,43;
"K-B3 ACOEM SW 5";2024-07-19 04:00:00;57,44;17,80;
"K-B3 ACOEM SW 5";2024-07-19 03:00:00;60,02;17,66;
"K-B3 ACOEM SW 5";2024-07-19 02:00:00;62,71;17,53;
"K-B3 ACOEM SW 5";2024-07-19 01:00:00;60,71;18,16;
"K-B3 ACOEM SW 5";2024-07-19 00:00:00;59,66;18,68;
"K-B3 ACOEM SW 5";2024-07-18 23:00:00;55,81;19,60;
"K-B3 ACOEM SW 5";2024-07-18 22:00:00;50,74;21,12;
"K-B3 ACOEM SW 5";2024-07-18 21:00:00;48,97;23,11;
"K-B3 ACOEM SW 5";2024-07-18 20:00:00;43,23;24,63;
"K-B3 ACOEM SW 5";2024-07-18 19:00:00;41,40;25,67;
"K-B3 ACOEM SW 5";2024-07-18 18:00:00;42,97;26,28;
"K-B3 ACOEM SW 5";2024-07-18 17:00:00;43,37;25,70;
"K-B3 ACOEM SW 5";2024-07-18 16:00:00;43,75;25,56;
"K-B3 ACOEM SW 5";2024-07-18 15:00:00;41,40;26,36;
"K-B3 ACOEM SW 5";2024-07-18 14:00:00;40,91;26,37;
"K-B3 ACOEM SW 5";2024-07-18 13:00:00;42,33;25,63;
"K-B3 ACOEM SW 5";2024-07-18 12:00:00;44,49;23,82;
"K-B3 ACOEM SW 5";2024-07-18 11:00:00;49,28;21,69;
"K-B3 ACOEM SW 5";2024-07-18 10:00:00;53,92;19,74;
"K-B3 ACOEM SW 5";2024-07-18 09:00:00;57,74;18,36;
"K-B3 ACOEM SW 5";2024-07-18 08:00:00;62,53;16,77;
"K-B3 ACOEM SW 5";2024-07-18 07:00:00;66,77;15,58;
"K-B3 ACOEM SW 5";2024-07-18 06:00:00;69,67;14,87;
"K-B3 ACOEM SW 5";2024-07-18 05:00:00;69,55;15,23;
"K-B3 ACOEM SW 5";2024-07-18 04:00:00;69,63;15,63;
"K-B3 ACOEM SW 5";2024-07-18 03:00:00;68,40;16,17;
"K-B3 ACOEM SW 5";2024-07-18 02:00:00;67,16;16,76;
"K-B3 ACOEM SW 5";2024-07-18 01:00:00;67,30;17,26;
"K-B3 ACOEM SW 5";2024-07-18 00:00:00;66,25;18,03;
"K-B3 ACOEM SW 5";2024-07-17 23:00:00;63,51;19,42;
"K-B3 ACOEM SW 5";2024-07-17 22:00:00;61,56;21,11;
"K-B3 ACOEM SW 5";2024-07-17 21:00:00;59,40;22,45;
"K-B3 ACOEM SW 5";2024-07-17 20:00:00;57,44;23,64;
"K-B3 ACOEM SW 5";2024-07-17 19:00:00;63,09;23,69;
"K-B3 ACOEM SW 5";2024-07-17 18:00:00;72,65;22,27;
"K-B3 ACOEM SW 5";2024-07-17 17:00:00;71,10;22,34;
"K-B3 ACOEM SW 5";2024-07-17 16:00:00;71,39;21,71;
"K-B3 ACOEM SW 5";2024-07-17 15:00:00;76,42;20,11;
"K-B3 ACOEM SW 5";2024-07-17 14:00:00;76,47;19,90;
"K-B3 ACOEM SW 5";2024-07-17 13:00:00;73,95;20,49;
"K-B3 ACOEM SW 5";2024-07-17 12:00:00;77,31;19,35;
"K-B3 ACOEM SW 5";2024-07-17 11:00:00;86,13;16,88;
"K-B3 ACOEM SW 5";2024-07-17 10:00:00;89,58;15,82;
"K-B3 ACOEM SW 5";2024-07-17 09:00:00;90,56;15,55;
"K-B3 ACOEM SW 5";2024-07-17 08:00:00;91,28;15,10;
"K-B3 ACOEM SW 5";2024-07-17 07:00:00;92,17;14,98;
"K-B3 ACOEM SW 5";2024-07-17 06:00:00;93,88;14,96;
"K-B3 ACOEM SW 5";2024-07-17 05:00:00;93,95;14,93;
"K-B3 ACOEM SW 5";2024-07-17 04:00:00;94,59;14,75;
"K-B3 ACOEM SW 5";2024-07-17 03:00:00;94,14;14,54;
"K-B3 ACOEM SW 5";2024-07-17 02:00:00;93,02;14,54;
"K-B3 ACOEM SW 5";2024-07-17 01:00:00;92,79;14,63;
"K-B3 ACOEM SW 5";2024-07-17 00:00:00;91,98;14,81;
"K-B3 ACOEM SW 5";2024-07-16 23:00:00;89,39;15,44;
"K-B3 ACOEM SW 5";2024-07-16 22:00:00;89,73;15,52;
"K-B3 ACOEM SW 5";2024-07-16 21:00:00;87,44;15,82;
"K-B3 ACOEM SW 5";2024-07-16 20:00:00;85,62;16,06;
"K-B3 ACOEM SW 5";2024-07-16 19:00:00;82,72;16,64;
"K-B3 ACOEM SW 5";2024-07-16 18:00:00;82,22;16,61;
"K-B3 ACOEM SW 5";2024-07-16 17:00:00;84,80;17,08;
"K-B3 ACOEM SW 5";2024-07-16 16:00:00;90,67;16,57;
"K-B3 ACOEM SW 5";2024-07-16 15:00:00;91,63;15,60;
"K-B3 ACOEM SW 5";2024-07-16 14:00:00;90,53;15,45;
"K-B3 ACOEM SW 5";2024-07-16 13:00:00;88,59;15,61;
"K-B3 ACOEM SW 5";2024-07-16 12:00:00;81,70;16,69;
"K-B3 ACOEM SW 5";2024-07-16 11:00:00;75,27;17,52;
"K-B3 ACOEM SW 5";2024-07-16 10:00:00;76,30;17,21;
"K-B3 ACOEM SW 5";2024-07-16 09:00:00;79,28;16,50;
"K-B3 ACOEM SW 5";2024-07-16 08:00:00;85,41;15,32;
"K-B3 ACOEM SW 5";2024-07-16 07:00:00;89,58;15,12;
"K-B3 ACOEM SW 5";2024-07-16 06:00:00;87,51;15,09;
"K-B3 ACOEM SW 5";2024-07-16 05:00:00;86,21;14,93;
"K-B3 ACOEM SW 5";2024-07-16 04:00:00;85,85;14,55;
"K-B3 ACOEM SW 5";2024-07-16 03:00:00;86,14;14,29;
"K-B3 ACOEM SW 5";2024-07-16 02:00:00;85,71;14,68;
"K-B3 ACOEM SW 5";2024-07-16 01:00:00;86,28;15,03;
"K-B3 ACOEM SW 5";2024-07-16 00:00:00;83,49;15,83;
"K-B3 ACOEM SW 5";2024-07-15 23:00:00;83,26;16,78;
"K-B3 ACOEM SW 5";2024-07-15 22:00:00;79,70;18,09;
"K-B3 ACOEM SW 5";2024-07-15 21:00:00;77,23;18,89;
"K-B3 ACOEM SW 5";2024-07-15 20:00:00;75,48;19,02;
"K-B3 ACOEM SW 5";2024-07-15 19:00:00;71,07;20,23;
"K-B3 ACOEM SW 5";2024-07-15 18:00:00;68,97;20,57;
"K-B3 ACOEM SW 5";2024-07-15 17:00:00;70,24;20,48;
"K-B3 ACOEM SW 5";2024-07-15 16:00:00;71,24;20,30;
"K-B3 ACOEM SW 5";2024-07-15 15:00:00;71,81;20,13;
"K-B3 ACOEM SW 5";2024-07-15 14:00:00;75,62;19,38;
"K-B3 ACOEM SW 5";2024-07-15 13:00:00;79,15;18,46;
"K-B3 ACOEM SW 5";2024-07-15 12:00:00;87,98;16,82;
"K-B3 ACOEM SW 5";2024-07-15 11:00:00;90,10;16,01;
"K-B3 ACOEM SW 5";2024-07-15 10:00:00;88,19;16,41;
"K-B3 ACOEM SW 5";2024-07-15 09:00:00;91,15;15,82;
"K-B3 ACOEM SW 5";2024-07-15 08:00:00;93,72;15,43;
"K-B3 ACOEM SW 5";2024-07-15 07:00:00;95,15;15,24;
"K-B3 ACOEM SW 5";2024-07-15 06:00:00;95,77;14,99;
"K-B3 ACOEM SW 5";2024-07-15 05:00:00;95,08;14,98;
"K-B3 ACOEM SW 5";2024-07-15 04:00:00;93,63;15,08;
"K-B3 ACOEM SW 5";2024-07-15 03:00:00;91,37;15,32;
"K-B3 ACOEM SW 5";2024-07-15 02:00:00;85,69;15,79;
"K-B3 ACOEM SW 5";2024-07-15 01:00:00;86,77;15,94;
"K-B3 ACOEM SW 5";2024-07-15 00:00:00;85,22;16,23;
"K-B3 ACOEM SW 5";2024-07-14 23:00:00;82,73;16,09;
"K-B3 ACOEM SW 5";2024-07-14 22:00:00;79,68;16,84;
"K-B3 ACOEM SW 5";2024-07-14 21:00:00;74,51;18,23;
"K-B3 ACOEM SW 5";2024-07-14 20:00:00;71,57;19,03;
"K-B3 ACOEM SW 5";2024-07-14 19:00:00;70,67;19,41;
"K-B3 ACOEM SW 5";2024-07-14 18:00:00;69,19;19,92;
"K-B3 ACOEM SW 5";2024-07-14 17:00:00;72,54;20,01;
"K-B3 ACOEM SW 5";2024-07-14 16:00:00;80,71;18,70;
"K-B3 ACOEM SW 5";2024-07-14 15:00:00;85,78;17,43;
"K-B3 ACOEM SW 5";2024-07-14 14:00:00;90,00;15,85;
"K-B3 ACOEM SW 5";2024-07-14 13:00:00;90,76;15,71;
"K-B3 ACOEM SW 5";2024-07-14 12:00:00;89,50;16,81;
"K-B3 ACOEM SW 5";2024-07-14 11:00:00;89,87;16,54;
"K-B3 ACOEM SW 5";2024-07-14 10:00:00;90,72;16,09;
"K-B3 ACOEM SW 5";2024-07-14 09:00:00;90,88;15,71;
"K-B3 ACOEM SW 5";2024-07-14 08:00:00;92,27;15,29;
"K-B3 ACOEM SW 5";2024-07-14 07:00:00;92,25;15,00;
"K-B3 ACOEM SW 5";2024-07-14 06:00:00;92,29;14,96;
"K-B3 ACOEM SW 5";2024-07-14 05:00:00;91,57;15,02;
"K-B3 ACOEM SW 5";2024-07-14 04:00:00;92,08;15,05;
"K-B3 ACOEM SW 5";2024-07-14 03:00:00;91,55;15,06;
"K-B3 ACOEM SW 5";2024-07-14 02:00:00;90,95;15,08;
"K-B3 ACOEM SW 5";2024-07-14 01:00:00;89,26;15,44;
"K-B3 ACOEM SW 5";2024-07-14 00:00:00;88,19;15,92;
"K-B3 ACOEM SW 5";2024-07-13 23:00:00;87,74;16,68;
"K-B3 ACOEM SW 5";2024-07-13 22:00:00;85,72;17,29;
"K-B3 ACOEM SW 5";2024-07-13 21:00:00;78,52;18,86;
"K-B3 ACOEM SW 5";2024-07-13 20:00:00;75,40;19,81;
"K-B3 ACOEM SW 5";2024-07-13 19:00:00;71,45;20,48;
"K-B3 ACOEM SW 5";2024-07-13 18:00:00;69,00;21,21;
"K-B3 ACOEM SW 5";2024-07-13 17:00:00;62,44;22,65;
"K-B3 ACOEM SW 5";2024-07-13 16:00:00;56,54;22,75;
"K-B3 ACOEM SW 5";2024-07-13 15:00:00;55,43;22,24;
"K-B3 ACOEM SW 5";2024-07-13 14:00:00;60,37;21,05;
"K-B3 ACOEM SW 5";2024-07-13 13:00:00;61,87;20,23;
"K-B3 ACOEM SW 5";2024-07-13 12:00:00;61,77;20,20;
"K-B3 ACOEM SW 5";2024-07-13 11:00:00;59,64;20,70;
"K-B3 ACOEM SW 5";2024-07-13 10:00:00;62,16;20,01;
"K-B3 ACOEM SW 5";2024-07-13 09:00:00;62,79;19,02;
"K-B3 ACOEM SW 5";2024-07-13 08:00:00;64,89;18,06;
"K-B3 ACOEM SW 5";2024-07-13 07:00:00;68,74;16,83;
"K-B3 ACOEM SW 5";2024-07-13 06:00:00;71,23;16,25;
"K-B3 ACOEM SW 5";2024-07-13 05:00:00;74,25;15,51;
"K-B3 ACOEM SW 5";2024-07-13 04:00:00;75,20;15,10;
"K-B3 ACOEM SW 5";2024-07-13 03:00:00;77,70;14,66;
"K-B3 ACOEM SW 5";2024-07-13 02:00:00;82,01;14,67;
"K-B3 ACOEM SW 5";2024-07-13 01:00:00;82,64;14,84;
"K-B3 ACOEM SW 5";2024-07-13 00:00:00;81,64;14,89;
"K-B3 ACOEM SW 5";2024-07-12 23:00:00;75,15;16,00;
"K-B3 ACOEM SW 5";2024-07-12 22:00:00;69,50;17,05;
"K-B3 ACOEM SW 5";2024-07-12 21:00:00;67,48;18,02;
"K-B3 ACOEM SW 5";2024-07-12 20:00:00;63,07;19,36;
"K-B3 ACOEM SW 5";2024-07-12 19:00:00;59,89;20,21;
"K-B3 ACOEM SW 5";2024-07-12 18:00:00;57,71;21,22;
"K-B3 ACOEM SW 5";2024-07-12 17:00:00;58,78;21,45;
"K-B3 ACOEM SW 5";2024-07-12 16:00:00;60,30;21,22;
"K-B3 ACOEM SW 5";2024-07-12 15:00:00;58,33;21,69;
"K-B3 ACOEM SW 5";2024-07-12 14:00:00;62,75;20,48;
"K-B3 ACOEM SW 5";2024-07-12 13:00:00;74,37;17,64;
"K-B3 ACOEM SW 5";2024-07-12 12:00:00;75,70;17,29;
"K-B3 ACOEM SW 5";2024-07-12 11:00:00;78,68;16,78;
"K-B3 ACOEM SW 5";2024-07-12 10:00:00;74,90;17,24;
"K-B3 ACOEM SW 5";2024-07-12 09:00:00;78,78;16,32;
"K-B3 ACOEM SW 5";2024-07-12 08:00:00;80,62;15,87;
"K-B3 ACOEM SW 5";2024-07-12 07:00:00;85,36;14,86;
"K-B3 ACOEM SW 5";2024-07-12 06:00:00;87,56;14,66;
"K-B3 ACOEM SW 5";2024-07-12 05:00:00;84,25;15,26;
"K-B3 ACOEM SW 5";2024-07-12 04:00:00;83,68;15,32;
"K-B3 ACOEM SW 5";2024-07-12 03:00:00;81,20;15,40;
"K-B3 ACOEM SW 5";2024-07-12 02:00:00;78,18;15,48;
"K-B3 ACOEM SW 5";2024-07-12 01:00:00;75,06;15,69;
"K-B3 ACOEM SW 5";2024-07-12 00:00:00;75,80;15,81;
"K-B3 ACOEM SW 5";2024-07-11 23:00:00;76,78;15,92;
"K-B3 ACOEM SW 5";2024-07-11 22:00:00;78,85;16,49;
"K-B3 ACOEM SW 5";2024-07-11 21:00:00;73,33;17,49;
"K-B3 ACOEM SW 5";2024-07-11 20:00:00;68,94;19,04;
"K-B3 ACOEM SW 5";2024-07-11 19:00:00;71,52;19,40;
"K-B3 ACOEM SW 5";2024-07-11 18:00:00;67,40;20,79;
"K-B3 ACOEM SW 5";2024-07-11 17:00:00;65,12;21,24;
"K-B3 ACOEM SW 5";2024-07-11 16:00:00;70,88;19,90;
"K-B3 ACOEM SW 5";2024-07-11 15:00:00;79,02;18,45;
"K-B3 ACOEM SW 5";2024-07-11 14:00:00;88,68;17,01;
"K-B3 ACOEM SW 5";2024-07-11 13:00:00;90,50;16,87;
"K-B3 ACOEM SW 5";2024-07-11 12:00:00;86,61;17,45;
"K-B3 ACOEM SW 5";2024-07-11 11:00:00;80,74;18,94;
"K-B3 ACOEM SW 5";2024-07-11 10:00:00;85,56;18,14;
"K-B3 ACOEM SW 5";2024-07-11 09:00:00;91,16;16,75;
"K-B3 ACOEM SW 5";2024-07-11 08:00:00;93,76;16,12;
"K-B3 ACOEM SW 5";2024-07-11 07:00:00;93,76;15,92;
"K-B3 ACOEM SW 5";2024-07-11 06:00:00;94,32;15,61;
"K-B3 ACOEM SW 5";2024-07-11 05:00:00;94,40;15,28;
"K-B3 ACOEM SW 5";2024-07-11 04:00:00;93,25;15,35;
"K-B3 ACOEM SW 5";2024-07-11 03:00:00;93,42;15,40;
"K-B3 ACOEM SW 5";2024-07-11 02:00:00;93,81;15,41;
"K-B3 ACOEM SW 5";2024-07-11 01:00:00;94,93;15,42;
"K-B3 ACOEM SW 5";2024-07-11 00:00:00;95,72;15,45;
"K-B3 ACOEM SW 5";2024-07-10 23:00:00;95,02;15,73;
"K-B3 ACOEM SW 5";2024-07-10 22:00:00;92,96;16,36;
"K-B3 ACOEM SW 5";2024-07-10 21:00:00;90,97;17,03;
"K-B3 ACOEM SW 5";2024-07-10 20:00:00;91,96;17,32;
"K-B3 ACOEM SW 5";2024-07-10 19:00:00;92,94;16,88;
"K-B3 ACOEM SW 5";2024-07-10 18:00:00;93,81;16,64;
"K-B3 ACOEM SW 5";2024-07-10 17:00:00;93,98;16,53;
"K-B3 ACOEM SW 5";2024-07-10 16:00:00;95,14;16,68;
"K-B3 ACOEM SW 5";2024-07-10 15:00:00;95,38;15,50;
"K-B3 ACOEM SW 5";2024-07-10 14:00:00;92,22;15,44;
"K-B3 ACOEM SW 5";2024-07-10 13:00:00;91,02;15,44;
"K-B3 ACOEM SW 5";2024-07-10 12:00:00;91,74;15,17;
"K-B3 ACOEM SW 5";2024-07-10 11:00:00;93,03;14,78;
"K-B3 ACOEM SW 5";2024-07-10 10:00:00;93,88;14,39;
"K-B3 ACOEM SW 5";2024-07-10 09:00:00;94,61;14,10;
"K-B3 ACOEM SW 5";2024-07-10 08:00:00;94,55;14,06;
"K-B3 ACOEM SW 5";2024-07-10 07:00:00;94,12;14,14;
"K-B3 ACOEM SW 5";2024-07-10 06:00:00;93,39;13,68;
"K-B3 ACOEM SW 5";2024-07-10 05:00:00;88,89;13,38;
"K-B3 ACOEM SW 5";2024-07-10 04:00:00;81,93;13,98;
"K-B3 ACOEM SW 5";2024-07-10 03:00:00;86,32;14,67;
"K-B3 ACOEM SW 5";2024-07-10 02:00:00;86,22;15,44;
"K-B3 ACOEM SW 5";2024-07-10 01:00:00;86,48;15,69;
"K-B3 ACOEM SW 5";2024-07-10 00:00:00;85,19;15,69;
"K-B3 ACOEM SW 5";2024-07-09 23:00:00;83,54;15,76;
"K-B3 ACOEM SW 5";2024-07-09 22:00:00;78,25;15,99;
"K-B3 ACOEM SW 5";2024-07-09 21:00:00;73,20;16,48;
"K-B3 ACOEM SW 5";2024-07-09 20:00:00;69,22;17,42;
"K-B3 ACOEM SW 5";2024-07-09 19:00:00;64,96;18,07;
"K-B3 ACOEM SW 5";2024-07-09 18:00:00;61,48;19,06;
"K-B3 ACOEM SW 5";2024-07-09 17:00:00;60,39;19,68;
"K-B3 ACOEM SW 5";2024-07-09 16:00:00;58,93;19,87;
"K-B3 ACOEM SW 5";2024-07-09 15:00:00;53,73;20,17;
"K-B3 ACOEM SW 5";2024-07-09 14:00:00;45,28;21,29;
"K-B3 ACOEM SW 5";2024-07-09 13:00:00;46,96;21,32;
"K-B3 ACOEM SW 5";2024-07-09 12:00:00;46,28;20,63;
"K-B3 ACOEM SW 5";2024-07-09 11:00:00;46,26;21,25;
"K-B3 ACOEM SW 5";2024-07-09 10:00:00;46,15;20,62;
"K-B3 ACOEM SW 5";2024-07-09 09:00:00;52,21;18,68;
"K-B3 ACOEM SW 5";2024-07-09 08:00:00;63,58;15,10;
"K-B3 ACOEM SW 5";2024-07-09 07:00:00;69,20;12,72;
"K-B3 ACOEM SW 5";2024-07-09 06:00:00;72,69;11,47;
"K-B3 ACOEM SW 5";2024-07-09 05:00:00;71,76;11,61;
"K-B3 ACOEM SW 5";2024-07-09 04:00:00;70,90;11,95;
"K-B3 ACOEM SW 5";2024-07-09 03:00:00;69,29;12,54;
"K-B3 ACOEM SW 5";2024-07-09 02:00:00;66,03;13,45;
"K-B3 ACOEM SW 5";2024-07-09 01:00:00;62,80;14,23;
"K-B3 ACOEM SW 5";2024-07-09 00:00:00;62,00;15,02;
"K-B3 ACOEM SW 5";2024-07-08 23:00:00;59,23;16,29;
"K-B3 ACOEM SW 5";2024-07-08 22:00:00;59,97;17,74;
"K-B3 ACOEM SW 5";2024-07-08 21:00:00;61,36;19,17;
"K-B3 ACOEM SW 5";2024-07-08 20:00:00;54,64;20,14;
"K-B3 ACOEM SW 5";2024-07-08 19:00:00;56,17;19,40;
"K-B3 ACOEM SW 5";2024-07-08 18:00:00;52,03;20,41;
"K-B3 ACOEM SW 5";2024-07-08 17:00:00;59,43;19,18;
"K-B3 ACOEM SW 5";2024-07-08 16:00:00;71,34;17,20;
"K-B3 ACOEM SW 5";2024-07-08 15:00:00;68,17;17,10;
"K-B3 ACOEM SW 5";2024-07-08 14:00:00;65,35;17,49;
"K-B3 ACOEM SW 5";2024-07-08 13:00:00;61,34;18,58;
"K-B3 ACOEM SW 5";2024-07-08 12:00:00;62,14;18,10;
"K-B3 ACOEM SW 5";2024-07-08 11:00:00;64,57;17,23;
"K-B3 ACOEM SW 5";2024-07-08 10:00:00;62,63;17,59;
"K-B3 ACOEM SW 5";2024-07-08 09:00:00;64,39;16,29;
"K-B3 ACOEM SW 5";2024-07-08 08:00:00;75,95;14,04;
"K-B3 ACOEM SW 5";2024-07-08 07:00:00;83,68;11,83;
"K-B3 ACOEM SW 5";2024-07-08 06:00:00;88,24;10,28;
"K-B3 ACOEM SW 5";2024-07-08 05:00:00;88,69;10,10;
"K-B3 ACOEM SW 5";2024-07-08 04:00:00;86,85;10,52;
"K-B3 ACOEM SW 5";2024-07-08 03:00:00;85,72;10,94;
"K-B3 ACOEM SW 5";2024-07-08 02:00:00;84,79;11,17;
"K-B3 ACOEM SW 5";2024-07-08 01:00:00;81,94;11,58;
"K-B3 ACOEM SW 5";2024-07-08 00:00:00;78,02;12,24;
"K-B3 ACOEM SW 5";2024-07-07 23:00:00;72,60;13,33;
"K-B3 ACOEM SW 5";2024-07-07 22:00:00;67,10;14,92;
"K-B3 ACOEM SW 5";2024-07-07 21:00:00;64,48;15,44;
"K-B3 ACOEM SW 5";2024-07-07 20:00:00;59,64;16,40;
"K-B3 ACOEM SW 5";2024-07-07 19:00:00;60,12;16,65;
"K-B3 ACOEM SW 5";2024-07-07 18:00:00;57,28;16,86;
"K-B3 ACOEM SW 5";2024-07-07 17:00:00;53,33;18,64;
"K-B3 ACOEM SW 5";2024-07-07 16:00:00;53,64;18,60;
"K-B3 ACOEM SW 5";2024-07-07 15:00:00;52,11;19,29;
"K-B3 ACOEM SW 5";2024-07-07 14:00:00;55,04;18,94;
"K-B3 ACOEM SW 5";2024-07-07 13:00:00;64,40;17,28;
"K-B3 ACOEM SW 5";2024-07-07 12:00:00;70,45;15,88;
"K-B3 ACOEM SW 5";2024-07-07 11:00:00;74,41;14,89;
"K-B3 ACOEM SW 5";2024-07-07 10:00:00;80,13;13,34;
"K-B3 ACOEM SW 5";2024-07-07 09:00:00;86,58;12,30;
"K-B3 ACOEM SW 5";2024-07-07 08:00:00;89,59;11,98;
"K-B3 ACOEM SW 5";2024-07-07 07:00:00;91,95;11,92;
"K-B3 ACOEM SW 5";2024-07-07 06:00:00;90,12;11,97;
"K-B3 ACOEM SW 5";2024-07-07 05:00:00;90,14;12,26;
"K-B3 ACOEM SW 5";2024-07-07 04:00:00;91,09;12,78;
"K-B3 ACOEM SW 5";2024-07-07 03:00:00;90,97;13,72;
"K-B3 ACOEM SW 5";2024-07-07 02:00:00;90,51;13,84;
"K-B3 ACOEM SW 5";2024-07-07 01:00:00;93,96;12,96;
"K-B3 ACOEM SW 5";2024-07-07 00:00:00;94,74;12,40;
"K-B3 ACOEM SW 5";2024-07-06 23:00:00;94,54;12,34;
"K-B3 ACOEM SW 5";2024-07-06 22:00:00;94,11;12,32;
"K-B3 ACOEM SW 5";2024-07-06 21:00:00;93,62;12,22;
"K-B3 ACOEM SW 5";2024-07-06 20:00:00;92,60;12,27;
"K-B3 ACOEM SW 5";2024-07-06 19:00:00;92,12;12,38;
"K-B3 ACOEM SW 5";2024-07-06 18:00:00;90,81;12,37;
"K-B3 ACOEM SW 5";2024-07-06 17:00:00;86,45;13,16;
"K-B3 ACOEM SW 5";2024-07-06 16:00:00;83,40;13,46;
"K-B3 ACOEM SW 5";2024-07-06 15:00:00;77,13;14,47;
"K-B3 ACOEM SW 5";2024-07-06 14:00:00;74,05;15,23;
"K-B3 ACOEM SW 5";2024-07-06 13:00:00;77,69;14,82;
"K-B3 ACOEM SW 5";2024-07-06 12:00:00;80,64;14,62;
"K-B3 ACOEM SW 5";2024-07-06 11:00:00;81,32;14,33;
"K-B3 ACOEM SW 5";2024-07-06 10:00:00;80,09;14,29;
"K-B3 ACOEM SW 5";2024-07-06 09:00:00;79,91;13,76;
"K-B3 ACOEM SW 5";2024-07-06 08:00:00;84,77;12,18;
"K-B3 ACOEM SW 5";2024-07-06 07:00:00;86,33;11,21;
"K-B3 ACOEM SW 5";2024-07-06 06:00:00;87,31;10,73;
"K-B3 ACOEM SW 5";2024-07-06 05:00:00;90,41;10,42;
"K-B3 ACOEM SW 5";2024-07-06 04:00:00;91,29;10,47;
"K-B3 ACOEM SW 5";2024-07-06 03:00:00;91,56;10,73;
"K-B3 ACOEM SW 5";2024-07-06 02:00:00;91,76;10,98;
"K-B3 ACOEM SW 5";2024-07-06 01:00:00;90,08;11,36;
"K-B3 ACOEM SW 5";2024-07-06 00:00:00;89,75;11,87;
"K-B3 ACOEM SW 5";2024-07-05 23:00:00;89,25;12,35;
"K-B3 ACOEM SW 5";2024-07-05 22:00:00;86,62;12,87;
"K-B3 ACOEM SW 5";2024-07-05 21:00:00;83,31;13,56;
"K-B3 ACOEM SW 5";2024-07-05 20:00:00;82,02;14,50;
"K-B3 ACOEM SW 5";2024-07-05 19:00:00;85,04;13,46;
"K-B3 ACOEM SW 5";2024-07-05 18:00:00;85,19;12,78;
"K-B3 ACOEM SW 5";2024-07-05 17:00:00;81,85;14,00;
"K-B3 ACOEM SW 5";2024-07-05 16:00:00;80,81;13,83;
"K-B3 ACOEM SW 5";2024-07-05 15:00:00;76,21;15,25;
"K-B3 ACOEM SW 5";2024-07-05 14:00:00;86,36;12,70;
"K-B3 ACOEM SW 5";2024-07-05 13:00:00;83,86;12,66;
"K-B3 ACOEM SW 5";2024-07-05 12:00:00;79,96;13,78;
"K-B3 ACOEM SW 5";2024-07-05 11:00:00;84,34;12,40;
"K-B3 ACOEM SW 5";2024-07-05 10:00:00;81,19;12,79;
"K-B3 ACOEM SW 5";2024-07-05 09:00:00;73,15;13,67;
"K-B3 ACOEM SW 5";2024-07-05 08:00:00;79,50;11,71;
"K-B3 ACOEM SW 5";2024-07-05 07:00:00;83,51;10,96;
"K-B3 ACOEM SW 5";2024-07-05 06:00:00;89,18;9,85;
"K-B3 ACOEM SW 5";2024-07-05 05:00:00;87,75;9,92;
"K-B3 ACOEM SW 5";2024-07-05 04:00:00;84,46;10,28;
"K-B3 ACOEM SW 5";2024-07-05 03:00:00;82,69;10,14;
"K-B3 ACOEM SW 5";2024-07-05 02:00:00;81,18;10,24;
"K-B3 ACOEM SW 5";2024-07-05 01:00:00;81,19;10,35;
"K-B3 ACOEM SW 5";2024-07-05 00:00:00;78,49;10,94;
"K-B3 ACOEM SW 5";2024-07-04 23:00:00;69,43;12,21;
"K-B3 ACOEM SW 5";2024-07-04 22:00:00;65,70;13,34;
"K-B3 ACOEM SW 5";2024-07-04 21:00:00;60,63;14,85;
"K-B3 ACOEM SW 5";2024-07-04 20:00:00;56,51;15,47;
"K-B3 ACOEM SW 5";2024-07-04 19:00:00;59,87;14,97;
"K-B3 ACOEM SW 5";2024-07-04 18:00:00;60,43;15,47;
"K-B3 ACOEM SW 5";2024-07-04 17:00:00;67,41;15,05;
"K-B3 ACOEM SW 5";2024-07-04 16:00:00;59,24;17,60;
"K-B3 ACOEM SW 5";2024-07-04 15:00:00;62,88;16,76;
"K-B3 ACOEM SW 5";2024-07-04 14:00:00;71,79;15,79;
"K-B3 ACOEM SW 5";2024-07-04 13:00:00;84,28;13,74;
"K-B3 ACOEM SW 5";2024-07-04 12:00:00;82,63;13,44;
"K-B3 ACOEM SW 5";2024-07-04 11:00:00;86,25;12,92;
"K-B3 ACOEM SW 5";2024-07-04 10:00:00;90,94;12,36;
"K-B3 ACOEM SW 5";2024-07-04 09:00:00;93,10;12,93;
"K-B3 ACOEM SW 5";2024-07-04 08:00:00;91,85;12,88;
"K-B3 ACOEM SW 5";2024-07-04 07:00:00;90,75;12,27;
"K-B3 ACOEM SW 5";2024-07-04 06:00:00;88,54;11,99;
"K-B3 ACOEM SW 5";2024-07-04 05:00:00;89,12;12,03;
"K-B3 ACOEM SW 5";2024-07-04 04:00:00;87,37;11,87;
"K-B3 ACOEM SW 5";2024-07-04 03:00:00;85,19;12,16;
"K-B3 ACOEM SW 5";2024-07-04 02:00:00;80,83;12,39;
"K-B3 ACOEM SW 5";2024-07-04 01:00:00;77,56;12,47;
"K-B3 ACOEM SW 5";2024-07-04 00:00:00;78,96;12,82;
"K-B3 ACOEM SW 5";2024-07-03 23:00:00;74,69;13,42;
"K-B3 ACOEM SW 5";2024-07-03 22:00:00;69,20;14,65;
"K-B3 ACOEM SW 5";2024-07-03 21:00:00;59,13;15,84;
"K-B3 ACOEM SW 5";2024-07-03 20:00:00;59,21;16,52;
"K-B3 ACOEM SW 5";2024-07-03 19:00:00;57,74;17,62;
"K-B3 ACOEM SW 5";2024-07-03 18:00:00;55,10;18,67;
"K-B3 ACOEM SW 5";2024-07-03 17:00:00;52,93;19,68;
"K-B3 ACOEM SW 5";2024-07-03 16:00:00;49,36;20,26;
"K-B3 ACOEM SW 5";2024-07-03 15:00:00;46,38;20,99;
"K-B3 ACOEM SW 5";2024-07-03 14:00:00;38,51;22,93;
"K-B3 ACOEM SW 5";2024-07-03 13:00:00;38,83;22,77;
"K-B3 ACOEM SW 5";2024-07-03 12:00:00;43,40;20,90;
"K-B3 ACOEM SW 5";2024-07-03 11:00:00;41,58;21,15;
"K-B3 ACOEM SW 5";2024-07-03 10:00:00;40,43;20,69;
"K-B3 ACOEM SW 5";2024-07-03 09:00:00;45,77;17,81;
"K-B3 ACOEM SW 5";2024-07-03 08:00:00;51,49;15,89;
"K-B3 ACOEM SW 5";2024-07-03 07:00:00;53,84;14,56;
"K-B3 ACOEM SW 5";2024-07-03 06:00:00;56,46;13,56;
"K-B3 ACOEM SW 5";2024-07-03 05:00:00;54,20;14,39;
"K-B3 ACOEM SW 5";2024-07-03 04:00:00;52,77;14,89;
"K-B3 ACOEM SW 5";2024-07-03 03:00:00;51,82;15,14;
"K-B3 ACOEM SW 5";2024-07-03 02:00:00;53,12;15,26;
"K-B3 ACOEM SW 5";2024-07-03 01:00:00;52,43;16,00;
"K-B3 ACOEM SW 5";2024-07-03 00:00:00;49,64;17,09;
"K-B3 ACOEM SW 5";2024-07-02 23:00:00;46,02;18,73;
"K-B3 ACOEM SW 5";2024-07-02 22:00:00;45,10;20,22;
"K-B3 ACOEM SW 5";2024-07-02 21:00:00;49,62;21,60;
"K-B3 ACOEM SW 5";2024-07-02 20:00:00;56,25;21,78;
"K-B3 ACOEM SW 5";2024-07-02 19:00:00;48,14;23,55;
"K-B3 ACOEM SW 5";2024-07-02 18:00:00;55,17;21,94;
"K-B3 ACOEM SW 5";2024-07-02 17:00:00;64,20;20,72;
"K-B3 ACOEM SW 5";2024-07-02 16:00:00;62,88;20,92;
"K-B3 ACOEM SW 5";2024-07-02 15:00:00;58,41;21,60;
"K-B3 ACOEM SW 5";2024-07-02 14:00:00;62,02;20,02;
"K-B3 ACOEM SW 5";2024-07-02 13:00:00;52,39;21,74;
"K-B3 ACOEM SW 5";2024-07-02 12:00:00;42,07;23,68;
"K-B3 ACOEM SW 5";2024-07-02 11:00:00;45,32;21,85;
"K-B3 ACOEM SW 5";2024-07-02 10:00:00;49,99;19,98;
"K-B3 ACOEM SW 5";2024-07-02 09:00:00;55,25;18,97;
"K-B3 ACOEM SW 5";2024-07-02 08:00:00;63,05;16,15;
"K-B3 ACOEM SW 5";2024-07-02 07:00:00;65,47;14,99;
"K-B3 ACOEM SW 5";2024-07-02 06:00:00;67,32;14,15;
"K-B3 ACOEM SW 5";2024-07-02 05:00:00;66,62;13,96;
"K-B3 ACOEM SW 5";2024-07-02 04:00:00;67,38;13,52;
"K-B3 ACOEM SW 5";2024-07-02 03:00:00;66,99;13,80;
"K-B3 ACOEM SW 5";2024-07-02 02:00:00;66,60;14,07;
"K-B3 ACOEM SW 5";2024-07-02 01:00:00;63,88;14,42;
"K-B3 ACOEM SW 5";2024-07-02 00:00:00;60,98;15,39;
"K-B3 ACOEM SW 5";2024-07-01 23:00:00;57,32;16,54;
"K-B3 ACOEM SW 5";2024-07-01 22:00:00;57,28;17,07;
"K-B3 ACOEM SW 5";2024-07-01 21:00:00;58,41;17,42;
"K-B3 ACOEM SW 5";2024-07-01 20:00:00;57,21;18,03;
"K-B3 ACOEM SW 5";2024-07-01 19:00:00;53,46;18,92;
"K-B3 ACOEM SW 5";2024-07-01 18:00:00;50,19;20,10;
"K-B3 ACOEM SW 5";2024-07-01 17:00:00;47,29;20,67;
"K-B3 ACOEM SW 5";2024-07-01 16:00:00;46,01;21,42;
"K-B3 ACOEM SW 5";2024-07-01 15:00:00;46,35;21,71;
"K-B3 ACOEM SW 5";2024-07-01 14:00:00;44,46;22,02;
"K-B3 ACOEM SW 5";2024-07-01 13:00:00;41,84;22,19;
"K-B3 ACOEM SW 5";2024-07-01 12:00:00;39,71;23,18;
"K-B3 ACOEM SW 5";2024-07-01 11:00:00;41,39;22,14;
"K-B3 ACOEM SW 5";2024-07-01 10:00:00;45,17;20,10;
"K-B3 ACOEM SW 5";2024-07-01 09:00:00;52,30;17,57;
"K-B3 ACOEM SW 5";2024-07-01 08:00:00;60,22;15,42;
"K-B3 ACOEM SW 5";2024-07-01 07:00:00;64,62;14,10;
"K-B3 ACOEM SW 5";2024-07-01 06:00:00;66,60;13,21;
"K-B3 ACOEM SW 5";2024-07-01 05:00:00;66,25;13,08;
"K-B3 ACOEM SW 5";2024-07-01 04:00:00;65,61;13,59;
"K-B3 ACOEM SW 5";2024-07-01 03:00:00;65,01;14,10;
"K-B3 ACOEM SW 5";2024-07-01 02:00:00;65,21;14,64;
"K-B3 ACOEM SW 5";2024-07-01 01:00:00;63,44;15,54;
"K-B3 ACOEM SW 5";2024-07-01 00:00:00;61,30;16,20;
"K-B3 ACOEM SW 5";2024-06-30 23:00:00;57,99;17,05;
"K-B3 ACOEM SW 5";2024-06-30 22:00:00;52,40;18,39;
"K-B3 ACOEM SW 5";2024-06-30 21:00:00;49,68;20,07;
"K-B3 ACOEM SW 5";2024-06-30 20:00:00;58,66;19,66;
"K-B3 ACOEM SW 5";2024-06-30 19:00:00;54,99;19,79;
"K-B3 ACOEM SW 5";2024-06-30 18:00:00;51,82;20,04;
"K-B3 ACOEM SW 5";2024-06-30 17:00:00;58,50;18,89;
"K-B3 ACOEM SW 5";2024-06-30 16:00:00;51,27;20,68;
"K-B3 ACOEM SW 5";2024-06-30 15:00:00;51,40;20,48;
"K-B3 ACOEM SW 5";2024-06-30 14:00:00;48,16;21,35;
"K-B3 ACOEM SW 5";2024-06-30 13:00:00;57,40;19,94;
"K-B3 ACOEM SW 5";2024-06-30 12:00:00;56,22;19,88;
"K-B3 ACOEM SW 5";2024-06-30 11:00:00;68,53;17,92;
"K-B3 ACOEM SW 5";2024-06-30 10:00:00;79,42;16,13;
"K-B3 ACOEM SW 5";2024-06-30 09:00:00;86,59;14,61;
"K-B3 ACOEM SW 5";2024-06-30 08:00:00;88,38;13,98;
"K-B3 ACOEM SW 5";2024-06-30 07:00:00;86,53;13,64;
"K-B3 ACOEM SW 5";2024-06-30 06:00:00;87,23;13,23;
"K-B3 ACOEM SW 5";2024-06-30 05:00:00;88,84;12,62;
"K-B3 ACOEM SW 5";2024-06-30 04:00:00;86,49;12,59;
"K-B3 ACOEM SW 5";2024-06-30 03:00:00;84,16;13,02;
"K-B3 ACOEM SW 5";2024-06-30 02:00:00;81,12;13,07;
"K-B3 ACOEM SW 5";2024-06-30 01:00:00;78,60;13,16;
"K-B3 ACOEM SW 5";2024-06-30 00:00:00;74,39;13,73;
"K-B3 ACOEM SW 5";2024-06-29 23:00:00;65,37;14,59;
"K-B3 ACOEM SW 5";2024-06-29 22:00:00;59,86;15,35;
"K-B3 ACOEM SW 5";2024-06-29 21:00:00;56,19;16,22;
"K-B3 ACOEM SW 5";2024-06-29 20:00:00;52,56;17,18;
"K-B3 ACOEM SW 5";2024-06-29 19:00:00;54,36;17,75;
"K-B3 ACOEM SW 5";2024-06-29 18:00:00;54,49;18,59;
"K-B3 ACOEM SW 5";2024-06-29 17:00:00;57,83;16,91;
"K-B3 ACOEM SW 5";2024-06-29 16:00:00;48,27;18,65;
"K-B3 ACOEM SW 5";2024-06-29 15:00:00;50,93;18,08;
"K-B3 ACOEM SW 5";2024-06-29 14:00:00;54,10;18,03;
"K-B3 ACOEM SW 5";2024-06-29 13:00:00;66,22;16,68;
"K-B3 ACOEM SW 5";2024-06-29 12:00:00;72,80;15,43;
"K-B3 ACOEM SW 5";2024-06-29 11:00:00;59,12;17,39;
"K-B3 ACOEM SW 5";2024-06-29 10:00:00;62,31;16,29;
"K-B3 ACOEM SW 5";2024-06-29 09:00:00;70,94;15,60;
"K-B3 ACOEM SW 5";2024-06-29 08:00:00;78,06;14,44;
"K-B3 ACOEM SW 5";2024-06-29 07:00:00;84,80;13,01;
"K-B3 ACOEM SW 5";2024-06-29 06:00:00;84,94;12,10;
"K-B3 ACOEM SW 5";2024-06-29 05:00:00;83,42;11,62;
"K-B3 ACOEM SW 5";2024-06-29 04:00:00;81,83;11,65;
"K-B3 ACOEM SW 5";2024-06-29 03:00:00;78,17;12,11;
"K-B3 ACOEM SW 5";2024-06-29 02:00:00;79,43;12,15;
"K-B3 ACOEM SW 5";2024-06-29 01:00:00;76,82;12,58;
"K-B3 ACOEM SW 5";2024-06-29 00:00:00;73,60;13,24;
"K-B3 ACOEM SW 5";2024-06-28 23:00:00;74,30;14,05;
"K-B3 ACOEM SW 5";2024-06-28 22:00:00;75,48;15,27;
"K-B3 ACOEM SW 5";2024-06-28 21:00:00;72,26;16,53;
"K-B3 ACOEM SW 5";2024-06-28 20:00:00;64,81;17,80;
"K-B3 ACOEM SW 5";2024-06-28 19:00:00;61,56;18,77;
"K-B3 ACOEM SW 5";2024-06-28 18:00:00;62,36;19,27;
"K-B3 ACOEM SW 5";2024-06-28 17:00:00;62,49;19,71;
"K-B3 ACOEM SW 5";2024-06-28 16:00:00;56,96;21,57;
"K-B3 ACOEM SW 5";2024-06-28 15:00:00;55,49;22,02;
"K-B3 ACOEM SW 5";2024-06-28 14:00:00;66,07;21,57;
"K-B3 ACOEM SW 5";2024-06-28 13:00:00;63,06;22,35;
"K-B3 ACOEM SW 5";2024-06-28 12:00:00;61,30;22,45;
"K-B3 ACOEM SW 5";2024-06-28 11:00:00;55,69;21,68;
"K-B3 ACOEM SW 5";2024-06-28 10:00:00;58,63;21,51;
"K-B3 ACOEM SW 5";2024-06-28 09:00:00;64,47;20,05;
"K-B3 ACOEM SW 5";2024-06-28 08:00:00;74,71;19,28;
"K-B3 ACOEM SW 5";2024-06-28 07:00:00;89,12;17,17;
"K-B3 ACOEM SW 5";2024-06-28 06:00:00;91,65;16,91;
"K-B3 ACOEM SW 5";2024-06-28 05:00:00;92,50;17,23;
"K-B3 ACOEM SW 5";2024-06-28 04:00:00;92,78;17,61;
"K-B3 ACOEM SW 5";2024-06-28 03:00:00;92,14;18,06;
"K-B3 ACOEM SW 5";2024-06-28 02:00:00;91,55;18,65;
"K-B3 ACOEM SW 5";2024-06-28 01:00:00;90,72;19,04;
"K-B3 ACOEM SW 5";2024-06-28 00:00:00;90,80;19,06;
"K-B3 ACOEM SW 5";2024-06-27 23:00:00;89,49;19,50;
"K-B3 ACOEM SW 5";2024-06-27 22:00:00;88,71;19,20;
"K-B3 ACOEM SW 5";2024-06-27 21:00:00;72,85;21,01;
"K-B3 ACOEM SW 5";2024-06-27 20:00:00;61,21;22,08;
"K-B3 ACOEM SW 5";2024-06-27 19:00:00;58,98;22,60;
"K-B3 ACOEM SW 5";2024-06-27 18:00:00;55,06;23,57;
"K-B3 ACOEM SW 5";2024-06-27 17:00:00;56,07;23,97;
"K-B3 ACOEM SW 5";2024-06-27 16:00:00;59,14;23,57;
"K-B3 ACOEM SW 5";2024-06-27 15:00:00;58,17;23,01;
"K-B3 ACOEM SW 5";2024-06-27 14:00:00;57,86;23,16;
"K-B3 ACOEM SW 5";2024-06-27 13:00:00;61,55;22,47;
"K-B3 ACOEM SW 5";2024-06-27 12:00:00;61,68;22,44;
"K-B3 ACOEM SW 5";2024-06-27 11:00:00;67,00;21,20;
"K-B3 ACOEM SW 5";2024-06-27 10:00:00;72,70;20,61;
"K-B3 ACOEM SW 5";2024-06-27 09:00:00;84,40;18,52;
"K-B3 ACOEM SW 5";2024-06-27 08:00:00;89,78;17,08;
"K-B3 ACOEM SW 5";2024-06-27 07:00:00;90,86;16,66;
"K-B3 ACOEM SW 5";2024-06-27 06:00:00;91,30;16,31;
"K-B3 ACOEM SW 5";2024-06-27 05:00:00;91,34;15,99;
"K-B3 ACOEM SW 5";2024-06-27 04:00:00;90,21;16,19;
"K-B3 ACOEM SW 5";2024-06-27 03:00:00;88,98;16,31;
"K-B3 ACOEM SW 5";2024-06-27 02:00:00;87,86;16,80;
"K-B3 ACOEM SW 5";2024-06-27 01:00:00;86,82;17,37;
"K-B3 ACOEM SW 5";2024-06-27 00:00:00;84,69;18,05;
"K-B3 ACOEM SW 5";2024-06-26 23:00:00;83,85;18,64;
"K-B3 ACOEM SW 5";2024-06-26 22:00:00;81,42;19,42;
"K-B3 ACOEM SW 5";2024-06-26 21:00:00;75,11;20,77;
"K-B3 ACOEM SW 5";2024-06-26 20:00:00;72,03;21,63;
"K-B3 ACOEM SW 5";2024-06-26 19:00:00;69,06;22,24;
"K-B3 ACOEM SW 5";2024-06-26 18:00:00;65,67;22,62;
"K-B3 ACOEM SW 5";2024-06-26 17:00:00;65,16;22,99;
"K-B3 ACOEM SW 5";2024-06-26 16:00:00;66,59;22,73;
"K-B3 ACOEM SW 5";2024-06-26 15:00:00;68,05;21,88;
"K-B3 ACOEM SW 5";2024-06-26 14:00:00;66,44;22,21;
"K-B3 ACOEM SW 5";2024-06-26 13:00:00;68,87;21,36;
"K-B3 ACOEM SW 5";2024-06-26 12:00:00;74,44;20,08;
"K-B3 ACOEM SW 5";2024-06-26 11:00:00;72,70;20,51;
"K-B3 ACOEM SW 5";2024-06-26 10:00:00;73,19;20,40;
"K-B3 ACOEM SW 5";2024-06-26 09:00:00;81,00;18,06;
"K-B3 ACOEM SW 5";2024-06-26 08:00:00;85,56;16,82;
"K-B3 ACOEM SW 5";2024-06-26 07:00:00;88,89;16,10;
"K-B3 ACOEM SW 5";2024-06-26 06:00:00;90,68;15,64;
"K-B3 ACOEM SW 5";2024-06-26 05:00:00;91,52;15,64;
"K-B3 ACOEM SW 5";2024-06-26 04:00:00;92,23;15,48;
"K-B3 ACOEM SW 5";2024-06-26 03:00:00;89,67;15,23;
"K-B3 ACOEM SW 5";2024-06-26 02:00:00;81,26;15,89;
"K-B3 ACOEM SW 5";2024-06-26 01:00:00;81,93;16,02;
"K-B3 ACOEM SW 5";2024-06-26 00:00:00;81,10;16,72;
"K-B3 ACOEM SW 5";2024-06-25 23:00:00;77,14;17,90;
"K-B3 ACOEM SW 5";2024-06-25 22:00:00;64,85;20,13;
"K-B3 ACOEM SW 5";2024-06-25 21:00:00;60,20;21,89;
"K-B3 ACOEM SW 5";2024-06-25 20:00:00;61,55;22,41;
"K-B3 ACOEM SW 5";2024-06-25 19:00:00;62,01;22,36;
"K-B3 ACOEM SW 5";2024-06-25 18:00:00;58,73;23,06;
"K-B3 ACOEM SW 5";2024-06-25 17:00:00;58,29;23,61;
"K-B3 ACOEM SW 5";2024-06-25 16:00:00;60,05;23,30;
"K-B3 ACOEM SW 5";2024-06-25 15:00:00;59,61;23,31;
"K-B3 ACOEM SW 5";2024-06-25 14:00:00;63,05;22,28;
"K-B3 ACOEM SW 5";2024-06-25 13:00:00;61,56;22,60;
"K-B3 ACOEM SW 5";2024-06-25 12:00:00;63,23;22,06;
"K-B3 ACOEM SW 5";2024-06-25 11:00:00;60,37;22,74;
"K-B3 ACOEM SW 5";2024-06-25 10:00:00;54,72;22,74;
"K-B3 ACOEM SW 5";2024-06-25 09:00:00;56,32;20,11;
"K-B3 ACOEM SW 5";2024-06-25 08:00:00;68,89;17,45;
"K-B3 ACOEM SW 5";2024-06-25 07:00:00;78,61;15,20;
"K-B3 ACOEM SW 5";2024-06-25 06:00:00;86,33;13,52;
"K-B3 ACOEM SW 5";2024-06-25 05:00:00;87,25;13,08;
"K-B3 ACOEM SW 5";2024-06-25 04:00:00;85,60;13,69;
"K-B3 ACOEM SW 5";2024-06-25 03:00:00;85,14;14,24;
"K-B3 ACOEM SW 5";2024-06-25 02:00:00;81,29;14,85;
"K-B3 ACOEM SW 5";2024-06-25 01:00:00;79,36;15,56;
"K-B3 ACOEM SW 5";2024-06-25 00:00:00;75,79;16,70;
"K-B3 ACOEM SW 5";2024-06-24 23:00:00;69,26;18,09;
"K-B3 ACOEM SW 5";2024-06-24 22:00:00;60,96;20,28;
"K-B3 ACOEM SW 5";2024-06-24 21:00:00;42,96;22,15;
"K-B3 ACOEM SW 5";2024-06-24 20:00:00;42,57;23,18;
"K-B3 ACOEM SW 5";2024-06-24 19:00:00;44,91;23,71;
"K-B3 ACOEM SW 5";2024-06-24 18:00:00;47,96;23,37;
"K-B3 ACOEM SW 5";2024-06-24 17:00:00;49,14;23,02;
"K-B3 ACOEM SW 5";2024-06-24 16:00:00;47,53;22,68;
"K-B3 ACOEM SW 5";2024-06-24 15:00:00;42,56;23,15;
"K-B3 ACOEM SW 5";2024-06-24 14:00:00;41,02;23,24;
"K-B3 ACOEM SW 5";2024-06-24 13:00:00;40,91;22,77;
"K-B3 ACOEM SW 5";2024-06-24 12:00:00;42,03;23,33;
"K-B3 ACOEM SW 5";2024-06-24 11:00:00;46,85;22,49;
"K-B3 ACOEM SW 5";2024-06-24 10:00:00;46,75;22,75;
"K-B3 ACOEM SW 5";2024-06-24 09:00:00;47,31;21,15;
"K-B3 ACOEM SW 5";2024-06-24 08:00:00;53,59;19,04;
"K-B3 ACOEM SW 5";2024-06-24 07:00:00;62,74;16,33;
"K-B3 ACOEM SW 5";2024-06-24 06:00:00;67,54;14,66;
"K-B3 ACOEM SW 5";2024-06-24 05:00:00;68,72;14,17;
"K-B3 ACOEM SW 5";2024-06-24 04:00:00;66,95;14,54;
"K-B3 ACOEM SW 5";2024-06-24 03:00:00;65,61;15,19;
"K-B3 ACOEM SW 5";2024-06-24 02:00:00;63,46;16,07;
"K-B3 ACOEM SW 5";2024-06-24 01:00:00;60,85;17,13;
"K-B3 ACOEM SW 5";2024-06-24 00:00:00;61,07;18,01;
"K-B3 ACOEM SW 5";2024-06-23 23:00:00;56,90;19,48;
"K-B3 ACOEM SW 5";2024-06-23 22:00:00;51,17;21,25;
"K-B3 ACOEM SW 5";2024-06-23 21:00:00;47,56;22,88;
"K-B3 ACOEM SW 5";2024-06-23 20:00:00;46,29;23,55;
"K-B3 ACOEM SW 5";2024-06-23 19:00:00;45,54;23,95;
"K-B3 ACOEM SW 5";2024-06-23 18:00:00;46,37;24,23;
"K-B3 ACOEM SW 5";2024-06-23 17:00:00;44,02;25,07;
"K-B3 ACOEM SW 5";2024-06-23 16:00:00;43,92;25,04;
"K-B3 ACOEM SW 5";2024-06-23 15:00:00;41,99;24,83;
"K-B3 ACOEM SW 5";2024-06-23 14:00:00;47,70;22,93;
"K-B3 ACOEM SW 5";2024-06-23 13:00:00;51,32;22,44;
"K-B3 ACOEM SW 5";2024-06-23 12:00:00;53,95;22,22;
"K-B3 ACOEM SW 5";2024-06-23 11:00:00;58,51;21,36;
"K-B3 ACOEM SW 5";2024-06-23 10:00:00;63,23;20,21;
"K-B3 ACOEM SW 5";2024-06-23 09:00:00;73,62;18,10;
"K-B3 ACOEM SW 5";2024-06-23 08:00:00;76,66;16,91;
"K-B3 ACOEM SW 5";2024-06-23 07:00:00;82,28;15,21;
"K-B3 ACOEM SW 5";2024-06-23 06:00:00;88,24;13,32;
"K-B3 ACOEM SW 5";2024-06-23 05:00:00;88,19;13,24;
"K-B3 ACOEM SW 5";2024-06-23 04:00:00;88,13;13,14;
"K-B3 ACOEM SW 5";2024-06-23 03:00:00;88,12;13,29;
"K-B3 ACOEM SW 5";2024-06-23 02:00:00;89,01;13,27;
"K-B3 ACOEM SW 5";2024-06-23 01:00:00;89,42;13,47;
"K-B3 ACOEM SW 5";2024-06-23 00:00:00;88,19;13,89;
"K-B3 ACOEM SW 5";2024-06-22 23:00:00;87,07;14,10;
"K-B3 ACOEM SW 5";2024-06-22 22:00:00;86,41;14,41;
"K-B3 ACOEM SW 5";2024-06-22 21:00:00;87,10;14,26;
"K-B3 ACOEM SW 5";2024-06-22 20:00:00;88,32;14,01;
"K-B3 ACOEM SW 5";2024-06-22 19:00:00;86,80;14,40;
"K-B3 ACOEM SW 5";2024-06-22 18:00:00;87,64;14,18;
"K-B3 ACOEM SW 5";2024-06-22 17:00:00;86,77;14,80;
"K-B3 ACOEM SW 5";2024-06-22 16:00:00;87,58;14,78;
"K-B3 ACOEM SW 5";2024-06-22 15:00:00;89,74;14,00;
"K-B3 ACOEM SW 5";2024-06-22 14:00:00;88,21;13,84;
"K-B3 ACOEM SW 5";2024-06-22 13:00:00;89,00;13,35;
"K-B3 ACOEM SW 5";2024-06-22 12:00:00;87,62;13,38;
"K-B3 ACOEM SW 5";2024-06-22 11:00:00;85,48;13,94;
"K-B3 ACOEM SW 5";2024-06-22 10:00:00;86,98;13,96;
"K-B3 ACOEM SW 5";2024-06-22 09:00:00;87,57;13,65;
"K-B3 ACOEM SW 5";2024-06-22 08:00:00;90,45;13,70;
"K-B3 ACOEM SW 5";2024-06-22 07:00:00;90,65;13,64;
"K-B3 ACOEM SW 5";2024-06-22 06:00:00;89,53;13,76;
"K-B3 ACOEM SW 5";2024-06-22 05:00:00;87,95;13,86;
"K-B3 ACOEM SW 5";2024-06-22 04:00:00;86,10;13,93;
"K-B3 ACOEM SW 5";2024-06-22 03:00:00;85,25;13,94;
"K-B3 ACOEM SW 5";2024-06-22 02:00:00;84,45;14,01;
"K-B3 ACOEM SW 5";2024-06-22 01:00:00;82,99;14,10;
"K-B3 ACOEM SW 5";2024-06-22 00:00:00;82,13;14,37;
"K-B3 ACOEM SW 5";2024-06-21 23:00:00;80,55;14,65;
"K-B3 ACOEM SW 5";2024-06-21 22:00:00;73,61;15,99;
"K-B3 ACOEM SW 5";2024-06-21 21:00:00;65,34;17,58;
"K-B3 ACOEM SW 5";2024-06-21 20:00:00;64,20;18,34;
"K-B3 ACOEM SW 5";2024-06-21 19:00:00;60,33;19,44;
"K-B3 ACOEM SW 5";2024-06-21 18:00:00;60,00;19,25;
"K-B3 ACOEM SW 5";2024-06-21 17:00:00;57,93;19,77;
"K-B3 ACOEM SW 5";2024-06-21 16:00:00;56,18;20,25;
"K-B3 ACOEM SW 5";2024-06-21 15:00:00;49,81;21,55;
"K-B3 ACOEM SW 5";2024-06-21 14:00:00;52,80;20,51;
"K-B3 ACOEM SW 5";2024-06-21 13:00:00;50,28;20,76;
"K-B3 ACOEM SW 5";2024-06-21 12:00:00;57,31;19,59;
"K-B3 ACOEM SW 5";2024-06-21 11:00:00;58,61;18,55;
"K-B3 ACOEM SW 5";2024-06-21 10:00:00;53,44;19,66;
"K-B3 ACOEM SW 5";2024-06-21 09:00:00;60,21;17,93;
"K-B3 ACOEM SW 5";2024-06-21 08:00:00;64,76;16,14;
"K-B3 ACOEM SW 5";2024-06-21 07:00:00;75,19;13,46;
"K-B3 ACOEM SW 5";2024-06-21 06:00:00;80,87;11,63;
"K-B3 ACOEM SW 5";2024-06-21 05:00:00;81,33;11,08;
"K-B3 ACOEM SW 5";2024-06-21 04:00:00;74,21;12,39;
"K-B3 ACOEM SW 5";2024-06-21 03:00:00;68,87;13,81;
"K-B3 ACOEM SW 5";2024-06-21 02:00:00;67,16;14,67;
"K-B3 ACOEM SW 5";2024-06-21 01:00:00;68,35;14,86;
"K-B3 ACOEM SW 5";2024-06-21 00:00:00;67,34;15,54;
"K-B3 ACOEM SW 5";2024-06-20 23:00:00;65,45;16,63;
"K-B3 ACOEM SW 5";2024-06-20 22:00:00;62,36;18,17;
"K-B3 ACOEM SW 5";2024-06-20 21:00:00;59,33;19,81;
"K-B3 ACOEM SW 5";2024-06-20 20:00:00;58,72;20,07;
"K-B3 ACOEM SW 5";2024-06-20 19:00:00;59,62;19,94;
"K-B3 ACOEM SW 5";2024-06-20 18:00:00;62,04;20,00;
"K-B3 ACOEM SW 5";2024-06-20 17:00:00;60,95;20,23;
"K-B3 ACOEM SW 5";2024-06-20 16:00:00;57,02;20,82;
"K-B3 ACOEM SW 5";2024-06-20 15:00:00;63,13;18,82;
"K-B3 ACOEM SW 5";2024-06-20 14:00:00;59,87;19,24;
"K-B3 ACOEM SW 5";2024-06-20 13:00:00;62,83;17,64;
"K-B3 ACOEM SW 5";2024-06-20 12:00:00;64,73;16,69;
"K-B3 ACOEM SW 5";2024-06-20 11:00:00;61,87;16,72;
"K-B3 ACOEM SW 5";2024-06-20 10:00:00;61,51;15,08;
"K-B3 ACOEM SW 5";2024-06-20 09:00:00;52,08;14,58;
"K-B3 ACOEM SW 5";2024-06-20 08:00:00;50,96;13,14;
"K-B3 ACOEM SW 5";2024-06-20 07:00:00;55,97;12,28;
"K-B3 ACOEM SW 5";2024-06-20 06:00:00;54,37;12,52;
"K-B3 ACOEM SW 5";2024-06-20 05:00:00;50,60;12,86;
"K-B3 ACOEM SW 5";2024-06-20 04:00:00;49,80;13,31;
"K-B3 ACOEM SW 5";2024-06-20 03:00:00;49,46;13,73;
"K-B3 ACOEM SW 5";2024-06-20 02:00:00;50,07;14,20;
"K-B3 ACOEM SW 5";2024-06-20 01:00:00;49,67;14,79;
"K-B3 ACOEM SW 5";2024-06-20 00:00:00;47,12;15,79;
"K-B3 ACOEM SW 5";2024-06-19 23:00:00;42,85;17,43;
"K-B3 ACOEM SW 5";2024-06-19 22:00:00;35,46;19,37;
"K-B3 ACOEM SW 5";2024-06-19 21:00:00;37,56;20,86;
"K-B3 ACOEM SW 5";2024-06-19 20:00:00;38,13;22,29;
"K-B3 ACOEM SW 5";2024-06-19 19:00:00;37,50;23,44;
"K-B3 ACOEM SW 5";2024-06-19 18:00:00;38,75;23,98;
"K-B3 ACOEM SW 5";2024-06-19 17:00:00;43,15;23,61;
"K-B3 ACOEM SW 5";2024-06-19 16:00:00;40,72;23,37;
"K-B3 ACOEM SW 5";2024-06-19 15:00:00;42,65;22,82;
"K-B3 ACOEM SW 5";2024-06-19 14:00:00;40,71;22,36;
"K-B3 ACOEM SW 5";2024-06-19 13:00:00;40,93;22,19;
"K-B3 ACOEM SW 5";2024-06-19 12:00:00;42,14;22,40;
"K-B3 ACOEM SW 5";2024-06-19 11:00:00;40,84;21,98;
"K-B3 ACOEM SW 5";2024-06-19 10:00:00;47,70;19,53;
"K-B3 ACOEM SW 5";2024-06-19 09:00:00;56,75;16,89;
"K-B3 ACOEM SW 5";2024-06-19 08:00:00;64,75;14,90;
"K-B3 ACOEM SW 5";2024-06-19 07:00:00;71,24;13,19;
"K-B3 ACOEM SW 5";2024-06-19 06:00:00;75,12;12,00;
"K-B3 ACOEM SW 5";2024-06-19 05:00:00;76,67;11,63;
"K-B3 ACOEM SW 5";2024-06-19 04:00:00;78,08;11,74;
"K-B3 ACOEM SW 5";2024-06-19 03:00:00;77,53;11,99;
"K-B3 ACOEM SW 5";2024-06-19 02:00:00;75,65;12,48;
"K-B3 ACOEM SW 5";2024-06-19 01:00:00;74,85;12,84;
"K-B3 ACOEM SW 5";2024-06-19 00:00:00;73,26;13,35;
"K-B3 ACOEM SW 5";2024-06-18 23:00:00;70,53;14,26;
"K-B3 ACOEM SW 5";2024-06-18 22:00:00;65,81;15,28;
"K-B3 ACOEM SW 5";2024-06-18 21:00:00;65,11;16,32;
"K-B3 ACOEM SW 5";2024-06-18 20:00:00;63,51;17,18;
"K-B3 ACOEM SW 5";2024-06-18 19:00:00;61,94;17,91;
"K-B3 ACOEM SW 5";2024-06-18 18:00:00;60,67;18,64;
"K-B3 ACOEM SW 5";2024-06-18 17:00:00;61,03;18,37;
"K-B3 ACOEM SW 5";2024-06-18 16:00:00;59,68;18,92;
"K-B3 ACOEM SW 5";2024-06-18 15:00:00;65,48;17,79;
"K-B3 ACOEM SW 5";2024-06-18 14:00:00;68,51;17,00;
"K-B3 ACOEM SW 5";2024-06-18 13:00:00;71,10;17,45;
"K-B3 ACOEM SW 5";2024-06-18 12:00:00;73,92;16,58;
"K-B3 ACOEM SW 5";2024-06-18 11:00:00;78,98;15,74;
"K-B3 ACOEM SW 5";2024-06-18 10:00:00;81,12;15,55;
"K-B3 ACOEM SW 5";2024-06-18 09:00:00;85,82;14,16;
"K-B3 ACOEM SW 5";2024-06-18 08:00:00;86,36;13,16;
"K-B3 ACOEM SW 5";2024-06-18 07:00:00;87,81;12,87;
"K-B3 ACOEM SW 5";2024-06-18 06:00:00;90,77;12,19;
"K-B3 ACOEM SW 5";2024-06-18 05:00:00;90,92;11,97;
"K-B3 ACOEM SW 5";2024-06-18 04:00:00;90,24;12,37;
"K-B3 ACOEM SW 5";2024-06-18 03:00:00;91,66;13,14;
"K-B3 ACOEM SW 5";2024-06-18 02:00:00;88,16;13,84;
"K-B3 ACOEM SW 5";2024-06-18 01:00:00;86,41;14,01;
"K-B3 ACOEM SW 5";2024-06-18 00:00:00;87,07;14,32;
"K-B3 ACOEM SW 5";2024-06-17 23:00:00;84,04;14,70;
"K-B3 ACOEM SW 5";2024-06-17 22:00:00;79,17;15,54;
"K-B3 ACOEM SW 5";2024-06-17 21:00:00;79,70;15,46;
"K-B3 ACOEM SW 5";2024-06-17 20:00:00;78,05;16,03;
"K-B3 ACOEM SW 5";2024-06-17 19:00:00;70,72;17,98;
"K-B3 ACOEM SW 5";2024-06-17 18:00:00;67,70;18,67;
"K-B3 ACOEM SW 5";2024-06-17 17:00:00;64,89;19,06;
"K-B3 ACOEM SW 5";2024-06-17 16:00:00;65,76;19,08;
"K-B3 ACOEM SW 5";2024-06-17 15:00:00;66,97;18,90;
"K-B3 ACOEM SW 5";2024-06-17 14:00:00;68,84;18,52;
"K-B3 ACOEM SW 5";2024-06-17 13:00:00;69,30;17,91;
"K-B3 ACOEM SW 5";2024-06-17 12:00:00;67,85;17,75;
"K-B3 ACOEM SW 5";2024-06-17 11:00:00;72,50;16,32;
"K-B3 ACOEM SW 5";2024-06-17 10:00:00;76,09;15,50;
"K-B3 ACOEM SW 5";2024-06-17 09:00:00;83,55;14,02;
"K-B3 ACOEM SW 5";2024-06-17 08:00:00;86,24;13,69;
"K-B3 ACOEM SW 5";2024-06-17 07:00:00;90,92;13,12;
"K-B3 ACOEM SW 5";2024-06-17 06:00:00;91,98;12,93;
"K-B3 ACOEM SW 5";2024-06-17 05:00:00;93,04;12,75;
"K-B3 ACOEM SW 5";2024-06-17 04:00:00;91,14;12,49;
"K-B3 ACOEM SW 5";2024-06-17 03:00:00;92,70;12,62;
"K-B3 ACOEM SW 5";2024-06-17 02:00:00;92,19;12,52;
"K-B3 ACOEM SW 5";2024-06-17 01:00:00;93,39;12,52;
"K-B3 ACOEM SW 5";2024-06-17 00:00:00;92,91;12,22;
"K-B3 ACOEM SW 5";2024-06-16 23:00:00;91,87;12,44;
"K-B3 ACOEM SW 5";2024-06-16 22:00:00;92,38;12,74;
"K-B3 ACOEM SW 5";2024-06-16 21:00:00;89,02;13,21;
"K-B3 ACOEM SW 5";2024-06-16 20:00:00;84,17;14,09;
"K-B3 ACOEM SW 5";2024-06-16 19:00:00;77,69;14,63;
"K-B3 ACOEM SW 5";2024-06-16 18:00:00;80,66;14,66;
"K-B3 ACOEM SW 5";2024-06-16 17:00:00;77,30;15,55;
"K-B3 ACOEM SW 5";2024-06-16 16:00:00;72,47;17,09;
"K-B3 ACOEM SW 5";2024-06-16 15:00:00;74,51;16,50;
"K-B3 ACOEM SW 5";2024-06-16 14:00:00;83,84;14,81;
"K-B3 ACOEM SW 5";2024-06-16 13:00:00;85,13;14,88;
"K-B3 ACOEM SW 5";2024-06-16 12:00:00;84,24;14,99;
"K-B3 ACOEM SW 5";2024-06-16 11:00:00;84,19;15,00;
"K-B3 ACOEM SW 5";2024-06-16 10:00:00;89,21;13,76;
"K-B3 ACOEM SW 5";2024-06-16 09:00:00;90,09;13,44;
"K-B3 ACOEM SW 5";2024-06-16 08:00:00;92,11;13,14;
"K-B3 ACOEM SW 5";2024-06-16 07:00:00;92,06;13,13;
"K-B3 ACOEM SW 5";2024-06-16 06:00:00;94,17;12,75;
"K-B3 ACOEM SW 5";2024-06-16 05:00:00;92,16;12,49;
"K-B3 ACOEM SW 5";2024-06-16 04:00:00;87,93;12,41;
"K-B3 ACOEM SW 5";2024-06-16 03:00:00;89,86;12,90;
"K-B3 ACOEM SW 5";2024-06-16 02:00:00;92,16;12,91;
"K-B3 ACOEM SW 5";2024-06-16 01:00:00;91,75;12,72;
"K-B3 ACOEM SW 5";2024-06-16 00:00:00;92,42;12,74;
"K-B3 ACOEM SW 5";2024-06-15 23:00:00;92,59;12,98;
"K-B3 ACOEM SW 5";2024-06-15 22:00:00;93,04;13,29;
"K-B3 ACOEM SW 5";2024-06-15 21:00:00;94,41;13,71;
"K-B3 ACOEM SW 5";2024-06-15 20:00:00;94,98;13,55;
"K-B3 ACOEM SW 5";2024-06-15 19:00:00;93,55;13,24;
"K-B3 ACOEM SW 5";2024-06-15 18:00:00;89,87;13,24;
"K-B3 ACOEM SW 5";2024-06-15 17:00:00;84,73;14,03;
"K-B3 ACOEM SW 5";2024-06-15 16:00:00;79,58;14,75;
"K-B3 ACOEM SW 5";2024-06-15 15:00:00;75,51;15,19;
"K-B3 ACOEM SW 5";2024-06-15 14:00:00;78,68;15,14;
"K-B3 ACOEM SW 5";2024-06-15 13:00:00;79,66;14,77;
"K-B3 ACOEM SW 5";2024-06-15 12:00:00;79,29;14,47;
"K-B3 ACOEM SW 5";2024-06-15 11:00:00;82,19;14,26;
"K-B3 ACOEM SW 5";2024-06-15 10:00:00;84,55;14,17;
"K-B3 ACOEM SW 5";2024-06-15 09:00:00;87,39;14,06;
"K-B3 ACOEM SW 5";2024-06-15 08:00:00;88,64;13,99;
"K-B3 ACOEM SW 5";2024-06-15 07:00:00;88,71;13,91;
"K-B3 ACOEM SW 5";2024-06-15 06:00:00;87,75;13,92;
"K-B3 ACOEM SW 5";2024-06-15 05:00:00;87,41;13,89;
"K-B3 ACOEM SW 5";2024-06-15 04:00:00;87,78;13,92;
"K-B3 ACOEM SW 5";2024-06-15 03:00:00;90,15;13,80;
"K-B3 ACOEM SW 5";2024-06-15 02:00:00;92,27;13,50;
"K-B3 ACOEM SW 5";2024-06-15 01:00:00;91,21;13,72;
"K-B3 ACOEM SW 5";2024-06-15 00:00:00;90,77;13,62;
"K-B3 ACOEM SW 5";2024-06-14 23:00:00;90,45;13,46;
"K-B3 ACOEM SW 5";2024-06-14 22:00:00;89,89;13,52;
"K-B3 ACOEM SW 5";2024-06-14 21:00:00;89,06;13,65;
"K-B3 ACOEM SW 5";2024-06-14 20:00:00;88,89;13,55;
"K-B3 ACOEM SW 5";2024-06-14 19:00:00;87,64;13,54;
"K-B3 ACOEM SW 5";2024-06-14 18:00:00;83,38;13,71;
"K-B3 ACOEM SW 5";2024-06-14 17:00:00;81,26;14,11;
"K-B3 ACOEM SW 5";2024-06-14 16:00:00;83,11;13,98;
"K-B3 ACOEM SW 5";2024-06-14 15:00:00;79,25;14,38;
"K-B3 ACOEM SW 5";2024-06-14 14:00:00;77,78;14,37;
"K-B3 ACOEM SW 5";2024-06-14 13:00:00;77,24;14,33;
"K-B3 ACOEM SW 5";2024-06-14 12:00:00;80,40;13,36;
"K-B3 ACOEM SW 5";2024-06-14 11:00:00;85,32;11,67;
"K-B3 ACOEM SW 5";2024-06-14 10:00:00;81,83;12,02;
"K-B3 ACOEM SW 5";2024-06-14 09:00:00;82,25;11,47;
"K-B3 ACOEM SW 5";2024-06-14 08:00:00;78,48;11,29;
"K-B3 ACOEM SW 5";2024-06-14 07:00:00;78,43;10,20;
"K-B3 ACOEM SW 5";2024-06-14 06:00:00;81,10;9,87;
"K-B3 ACOEM SW 5";2024-06-14 05:00:00;81,65;9,60;
"K-B3 ACOEM SW 5";2024-06-14 04:00:00;75,36;9,53;
"K-B3 ACOEM SW 5";2024-06-14 03:00:00;69,90;9,04;
"K-B3 ACOEM SW 5";2024-06-14 02:00:00;67,39;9,11;
"K-B3 ACOEM SW 5";2024-06-14 01:00:00;67,30;9,78;
"K-B3 ACOEM SW 5";2024-06-14 00:00:00;65,34;10,65;
"K-B3 ACOEM SW 5";2024-06-13 23:00:00;59,59;12,04;
"K-B3 ACOEM SW 5";2024-06-13 22:00:00;55,67;13,92;
"K-B3 ACOEM SW 5";2024-06-13 21:00:00;54,72;14,94;
"K-B3 ACOEM SW 5";2024-06-13 20:00:00;55,58;15,64;
"K-B3 ACOEM SW 5";2024-06-13 19:00:00;54,23;16,43;
"K-B3 ACOEM SW 5";2024-06-13 18:00:00;49,31;17,54;
"K-B3 ACOEM SW 5";2024-06-13 17:00:00;49,53;18,37;
"K-B3 ACOEM SW 5";2024-06-13 16:00:00;54,85;18,51;
"K-B3 ACOEM SW 5";2024-06-13 15:00:00;66,89;15,58;
"K-B3 ACOEM SW 5";2024-06-13 14:00:00;73,64;14,63;
"K-B3 ACOEM SW 5";2024-06-13 13:00:00;79,90;13,07;
"K-B3 ACOEM SW 5";2024-06-13 12:00:00;81,39;12,74;
"K-B3 ACOEM SW 5";2024-06-13 11:00:00;79,61;12,86;
"K-B3 ACOEM SW 5";2024-06-13 10:00:00;76,69;13,07;
"K-B3 ACOEM SW 5";2024-06-13 09:00:00;74,33;13,15;
"K-B3 ACOEM SW 5";2024-06-13 08:00:00;70,48;13,46;
"K-B3 ACOEM SW 5";2024-06-13 07:00:00;74,00;12,78;
"K-B3 ACOEM SW 5";2024-06-13 06:00:00;73,97;12,70;
"K-B3 ACOEM SW 5";2024-06-13 05:00:00;74,51;12,61;
"K-B3 ACOEM SW 5";2024-06-13 04:00:00;72,94;12,98;
"K-B3 ACOEM SW 5";2024-06-13 03:00:00;71,72;13,18;
"K-B3 ACOEM SW 5";2024-06-13 02:00:00;75,54;13,06;
"K-B3 ACOEM SW 5";2024-06-13 01:00:00;76,95;12,89;
"K-B3 ACOEM SW 5";2024-06-13 00:00:00;77,21;12,59;
"K-B3 ACOEM SW 5";2024-06-12 23:00:00;76,30;13,13;
"K-B3 ACOEM SW 5";2024-06-12 22:00:00;72,61;14,02;
"K-B3 ACOEM SW 5";2024-06-12 21:00:00;67,35;15,39;
"K-B3 ACOEM SW 5";2024-06-12 20:00:00;61,45;17,63;
"K-B3 ACOEM SW 5";2024-06-12 19:00:00;58,02;17,98;
"K-B3 ACOEM SW 5";2024-06-12 18:00:00;54,50;18,42;
"K-B3 ACOEM SW 5";2024-06-12 17:00:00;52,53;19,05;
"K-B3 ACOEM SW 5";2024-06-12 16:00:00;54,41;19,13;
"K-B3 ACOEM SW 5";2024-06-12 15:00:00;54,75;19,20;
"K-B3 ACOEM SW 5";2024-06-12 14:00:00;59,11;19,57;
"K-B3 ACOEM SW 5";2024-06-12 13:00:00;56,80;19,65;
"K-B3 ACOEM SW 5";2024-06-12 12:00:00;51,51;20,14;
"K-B3 ACOEM SW 5";2024-06-12 11:00:00;52,73;19,45;
"K-B3 ACOEM SW 5";2024-06-12 10:00:00;60,77;17,97;
"K-B3 ACOEM SW 5";2024-06-12 09:00:00;65,17;16,35;
"K-B3 ACOEM SW 5";2024-06-12 08:00:00;76,59;13,08;
"K-B3 ACOEM SW 5";2024-06-12 07:00:00;77,62;12,12;
"K-B3 ACOEM SW 5";2024-06-12 06:00:00;79,14;11,91;
"K-B3 ACOEM SW 5";2024-06-12 05:00:00;76,39;11,77;
"K-B3 ACOEM SW 5";2024-06-12 04:00:00;77,78;11,50;
"K-B3 ACOEM SW 5";2024-06-12 03:00:00;76,93;11,91;
"K-B3 ACOEM SW 5";2024-06-12 02:00:00;73,80;12,49;
"K-B3 ACOEM SW 5";2024-06-12 01:00:00;71,55;13,07;
"K-B3 ACOEM SW 5";2024-06-12 00:00:00;69,11;14,03;
"K-B3 ACOEM SW 5";2024-06-11 23:00:00;59,34;15,69;
"K-B3 ACOEM SW 5";2024-06-11 22:00:00;57,08;16,74;
"K-B3 ACOEM SW 5";2024-06-11 21:00:00;52,32;17,84;
"K-B3 ACOEM SW 5";2024-06-11 20:00:00;49,77;18,48;
"K-B3 ACOEM SW 5";2024-06-11 19:00:00;50,23;19,14;
"K-B3 ACOEM SW 5";2024-06-11 18:00:00;52,28;18,65;
"K-B3 ACOEM SW 5";2024-06-11 17:00:00;53,54;19,40;
"K-B3 ACOEM SW 5";2024-06-11 16:00:00;52,87;19,19;
"K-B3 ACOEM SW 5";2024-06-11 15:00:00;59,92;18,06;
"K-B3 ACOEM SW 5";2024-06-11 14:00:00;62,78;17,44;
"K-B3 ACOEM SW 5";2024-06-11 13:00:00;62,13;17,46;
"K-B3 ACOEM SW 5";2024-06-11 12:00:00;69,80;16,39;
"K-B3 ACOEM SW 5";2024-06-11 11:00:00;73,32;15,88;
"K-B3 ACOEM SW 5";2024-06-11 10:00:00;77,99;14,87;
"K-B3 ACOEM SW 5";2024-06-11 09:00:00;81,44;14,27;
"K-B3 ACOEM SW 5";2024-06-11 08:00:00;83,40;13,90;
"K-B3 ACOEM SW 5";2024-06-11 07:00:00;82,94;13,40;
"K-B3 ACOEM SW 5";2024-06-11 06:00:00;83,17;12,80;
"K-B3 ACOEM SW 5";2024-06-11 05:00:00;81,11;12,60;
"K-B3 ACOEM SW 5";2024-06-11 04:00:00;77,64;12,77;
"K-B3 ACOEM SW 5";2024-06-11 03:00:00;80,54;13,02;
"K-B3 ACOEM SW 5";2024-06-11 02:00:00;80,11;13,28;
"K-B3 ACOEM SW 5";2024-06-11 01:00:00;78,65;13,97;
"K-B3 ACOEM SW 5";2024-06-11 00:00:00;78,74;14,32;
"K-B3 ACOEM SW 5";2024-06-10 23:00:00;77,00;14,76;
"K-B3 ACOEM SW 5";2024-06-10 22:00:00;60,27;17,31;
"K-B3 ACOEM SW 5";2024-06-10 21:00:00;50,44;19,54;
"K-B3 ACOEM SW 5";2024-06-10 20:00:00;45,01;20,80;
"K-B3 ACOEM SW 5";2024-06-10 19:00:00;45,83;20,40;
"K-B3 ACOEM SW 5";2024-06-10 18:00:00;42,90;21,31;
"K-B3 ACOEM SW 5";2024-06-10 17:00:00;41,81;21,67;
"K-B3 ACOEM SW 5";2024-06-10 16:00:00;40,63;21,75;
"K-B3 ACOEM SW 5";2024-06-10 15:00:00;41,02;21,40;
"K-B3 ACOEM SW 5";2024-06-10 14:00:00;40,81;21,48;
"K-B3 ACOEM SW 5";2024-06-10 13:00:00;44,39;20,07;
"K-B3 ACOEM SW 5";2024-06-10 12:00:00;40,44;20,98;
"K-B3 ACOEM SW 5";2024-06-10 11:00:00;40,34;20,23;
"K-B3 ACOEM SW 5";2024-06-10 10:00:00;46,74;18,01;
"K-B3 ACOEM SW 5";2024-06-10 09:00:00;60,61;15,38;
"K-B3 ACOEM SW 5";2024-06-10 08:00:00;70,85;12,67;
"K-B3 ACOEM SW 5";2024-06-10 07:00:00;72,13;11,72;
"K-B3 ACOEM SW 5";2024-06-10 06:00:00;73,04;11,25;
"K-B3 ACOEM SW 5";2024-06-10 05:00:00;73,37;11,13;
"K-B3 ACOEM SW 5";2024-06-10 04:00:00;72,51;11,42;
"K-B3 ACOEM SW 5";2024-06-10 03:00:00;72,44;11,52;
"K-B3 ACOEM SW 5";2024-06-10 02:00:00;74,02;11,36;
"K-B3 ACOEM SW 5";2024-06-10 01:00:00;73,64;11,33;
"K-B3 ACOEM SW 5";2024-06-10 00:00:00;71,92;11,49;
"K-B3 ACOEM SW 5";2024-06-09 23:00:00;70,65;12,11;
"K-B3 ACOEM SW 5";2024-06-09 22:00:00;67,58;12,64;
"K-B3 ACOEM SW 5";2024-06-09 21:00:00;61,03;13,22;
"K-B3 ACOEM SW 5";2024-06-09 20:00:00;56,46;14,42;
"K-B3 ACOEM SW 5";2024-06-09 19:00:00;57,27;14,50;
"K-B3 ACOEM SW 5";2024-06-09 18:00:00;55,94;15,47;
"K-B3 ACOEM SW 5";2024-06-09 17:00:00;52,49;16,66;
"K-B3 ACOEM SW 5";2024-06-09 16:00:00;51,99;16,74;
"K-B3 ACOEM SW 5";2024-06-09 15:00:00;56,92;15,56;
"K-B3 ACOEM SW 5";2024-06-09 14:00:00;52,50;15,91;
"K-B3 ACOEM SW 5";2024-06-09 13:00:00;54,75;15,52;
"K-B3 ACOEM SW 5";2024-06-09 12:00:00;60,44;13,79;
"K-B3 ACOEM SW 5";2024-06-09 11:00:00;65,96;12,39;
"K-B3 ACOEM SW 5";2024-06-09 10:00:00;68,51;10,87;
"K-B3 ACOEM SW 5";2024-06-09 09:00:00;72,89;9,69;
"K-B3 ACOEM SW 5";2024-06-09 08:00:00;75,72;9,45;
"K-B3 ACOEM SW 5";2024-06-09 07:00:00;81,06;8,47;
"K-B3 ACOEM SW 5";2024-06-09 06:00:00;82,24;7,97;
"K-B3 ACOEM SW 5";2024-06-09 05:00:00;81,09;7,71;
"K-B3 ACOEM SW 5";2024-06-09 04:00:00;79,83;7,77;
"K-B3 ACOEM SW 5";2024-06-09 03:00:00;76,67;8,24;
"K-B3 ACOEM SW 5";2024-06-09 02:00:00;76,25;8,21;
"K-B3 ACOEM SW 5";2024-06-09 01:00:00;79,38;7,62;
"K-B3 ACOEM SW 5";2024-06-09 00:00:00;75,44;8,29;
"K-B3 ACOEM SW 5";2024-06-08 23:00:00;71,43;9,40;
"K-B3 ACOEM SW 5";2024-06-08 22:00:00;69,17;10,36;
"K-B3 ACOEM SW 5";2024-06-08 21:00:00;69,33;11,20;
"K-B3 ACOEM SW 5";2024-06-08 20:00:00;73,73;11,65;
"K-B3 ACOEM SW 5";2024-06-08 19:00:00;74,32;11,57;
"K-B3 ACOEM SW 5";2024-06-08 18:00:00;67,98;13,03;
"K-B3 ACOEM SW 5";2024-06-08 17:00:00;61,31;13,69;
"K-B3 ACOEM SW 5";2024-06-08 16:00:00;60,85;14,56;
"K-B3 ACOEM SW 5";2024-06-08 15:00:00;70,44;12,78;
"K-B3 ACOEM SW 5";2024-06-08 14:00:00;70,37;12,81;
"K-B3 ACOEM SW 5";2024-06-08 13:00:00;74,50;11,63;
"K-B3 ACOEM SW 5";2024-06-08 12:00:00;75,85;11,91;
"K-B3 ACOEM SW 5";2024-06-08 11:00:00;69,08;13,52;
"K-B3 ACOEM SW 5";2024-06-08 10:00:00;63,78;13,59;
"K-B3 ACOEM SW 5";2024-06-08 09:00:00;75,78;12,74;
"K-B3 ACOEM SW 5";2024-06-08 08:00:00;84,74;11,22;
"K-B3 ACOEM SW 5";2024-06-08 07:00:00;88,16;9,84;
"K-B3 ACOEM SW 5";2024-06-08 06:00:00;87,93;9,06;
"K-B3 ACOEM SW 5";2024-06-08 05:00:00;85,95;9,77;
"K-B3 ACOEM SW 5";2024-06-08 04:00:00;85,55;9,99;
"K-B3 ACOEM SW 5";2024-06-08 03:00:00;86,90;9,30;
"K-B3 ACOEM SW 5";2024-06-08 02:00:00;85,99;9,10;
"K-B3 ACOEM SW 5";2024-06-08 01:00:00;79,89;9,45;
"K-B3 ACOEM SW 5";2024-06-08 00:00:00;74,88;10,14;
"K-B3 ACOEM SW 5";2024-06-07 23:00:00;72,17;11,22;
"K-B3 ACOEM SW 5";2024-06-07 22:00:00;66,96;12,78;
"K-B3 ACOEM SW 5";2024-06-07 21:00:00;65,53;13,36;
"K-B3 ACOEM SW 5";2024-06-07 20:00:00;63,44;13,88;
"K-B3 ACOEM SW 5";2024-06-07 19:00:00;62,23;14,75;
"K-B3 ACOEM SW 5";2024-06-07 18:00:00;57,75;15,33;
"K-B3 ACOEM SW 5";2024-06-07 17:00:00;58,53;16,01;
"K-B3 ACOEM SW 5";2024-06-07 16:00:00;59,36;16,44;
"K-B3 ACOEM SW 5";2024-06-07 15:00:00;61,45;15,70;
"K-B3 ACOEM SW 5";2024-06-07 14:00:00;64,25;14,79;
"K-B3 ACOEM SW 5";2024-06-07 13:00:00;74,01;12,99;
"K-B3 ACOEM SW 5";2024-06-07 12:00:00;71,73;12,86;
"K-B3 ACOEM SW 5";2024-06-07 11:00:00;73,93;12,26;
"K-B3 ACOEM SW 5";2024-06-07 10:00:00;74,42;11,69;
"K-B3 ACOEM SW 5";2024-06-07 09:00:00;68,57;11,62;
"K-B3 ACOEM SW 5";2024-06-07 08:00:00;73,93;10,76;
"K-B3 ACOEM SW 5";2024-06-07 07:00:00;79,09;8,68;
"K-B3 ACOEM SW 5";2024-06-07 06:00:00;82,94;7,29;
"K-B3 ACOEM SW 5";2024-06-07 05:00:00;86,86;6,50;
"K-B3 ACOEM SW 5";2024-06-07 04:00:00;82,99;6,96;
"K-B3 ACOEM SW 5";2024-06-07 03:00:00;78,63;7,98;
"K-B3 ACOEM SW 5";2024-06-07 02:00:00;76,58;8,71;
"K-B3 ACOEM SW 5";2024-06-07 01:00:00;74,12;9,34;
"K-B3 ACOEM SW 5";2024-06-07 00:00:00;70,25;10,16;
"K-B3 ACOEM SW 5";2024-06-06 23:00:00;64,47;11,22;
"K-B3 ACOEM SW 5";2024-06-06 22:00:00;59,90;12,29;
"K-B3 ACOEM SW 5";2024-06-06 21:00:00;54,84;14,06;
"K-B3 ACOEM SW 5";2024-06-06 20:00:00;51,60;14,88;
"K-B3 ACOEM SW 5";2024-06-06 19:00:00;57,56;15,10;
"K-B3 ACOEM SW 5";2024-06-06 18:00:00;67,34;14,19;
"K-B3 ACOEM SW 5";2024-06-06 17:00:00;72,63;13,05;
"K-B3 ACOEM SW 5";2024-06-06 16:00:00;68,84;13,54;
"K-B3 ACOEM SW 5";2024-06-06 15:00:00;75,23;11,84;
"K-B3 ACOEM SW 5";2024-06-06 14:00:00;70,18;13,43;
"K-B3 ACOEM SW 5";2024-06-06 13:00:00;63,19;13,41;
"K-B3 ACOEM SW 5";2024-06-06 12:00:00;68,90;11,73;
"K-B3 ACOEM SW 5";2024-06-06 11:00:00;66,79;12,47;
"K-B3 ACOEM SW 5";2024-06-06 10:00:00;61,99;13,97;
"K-B3 ACOEM SW 5";2024-06-06 09:00:00;65,73;12,53;
"K-B3 ACOEM SW 5";2024-06-06 08:00:00;70,63;10,39;
"K-B3 ACOEM SW 5";2024-06-06 07:00:00;76,63;8,30;
"K-B3 ACOEM SW 5";2024-06-06 06:00:00;81,48;6,99;
"K-B3 ACOEM SW 5";2024-06-06 05:00:00;84,63;6,91;
"K-B3 ACOEM SW 5";2024-06-06 04:00:00;87,65;7,04;
"K-B3 ACOEM SW 5";2024-06-06 03:00:00;86,67;7,14;
"K-B3 ACOEM SW 5";2024-06-06 02:00:00;85,01;7,46;
"K-B3 ACOEM SW 5";2024-06-06 01:00:00;82,15;7,86;
"K-B3 ACOEM SW 5";2024-06-06 00:00:00;77,82;8,51;
"K-B3 ACOEM SW 5";2024-06-05 23:00:00;71,89;9,40;
"K-B3 ACOEM SW 5";2024-06-05 22:00:00;70,27;10,45;
"K-B3 ACOEM SW 5";2024-06-05 21:00:00;64,83;11,56;
"K-B3 ACOEM SW 5";2024-06-05 20:00:00;59,67;12,58;
"K-B3 ACOEM SW 5";2024-06-05 19:00:00;59,64;12,95;
"K-B3 ACOEM SW 5";2024-06-05 18:00:00;56,83;14,82;
"K-B3 ACOEM SW 5";2024-06-05 17:00:00;55,20;14,97;
"K-B3 ACOEM SW 5";2024-06-05 16:00:00;53,12;15,43;
"K-B3 ACOEM SW 5";2024-06-05 15:00:00;46,88;16,32;
"K-B3 ACOEM SW 5";2024-06-05 14:00:00;49,83;15,51;
"K-B3 ACOEM SW 5";2024-06-05 13:00:00;61,71;14,34;
"K-B3 ACOEM SW 5";2024-06-05 12:00:00;79,61;11,58;
"K-B3 ACOEM SW 5";2024-06-05 11:00:00;85,31;9,77;
"K-B3 ACOEM SW 5";2024-06-05 10:00:00;81,08;12,85;
"K-B3 ACOEM SW 5";2024-06-05 09:00:00;85,84;11,95;
"K-B3 ACOEM SW 5";2024-06-05 08:00:00;90,53;11,04;
"K-B3 ACOEM SW 5";2024-06-05 07:00:00;89,94;11,46;
"K-B3 ACOEM SW 5";2024-06-05 06:00:00;93,32;12,43;
"K-B3 ACOEM SW 5";2024-06-05 05:00:00;93,81;12,32;
"K-B3 ACOEM SW 5";2024-06-05 04:00:00;93,61;12,44;
"K-B3 ACOEM SW 5";2024-06-05 03:00:00;92,65;12,71;
"K-B3 ACOEM SW 5";2024-06-05 02:00:00;94,11;13,05;
"K-B3 ACOEM SW 5";2024-06-05 01:00:00;92,44;12,84;
"K-B3 ACOEM SW 5";2024-06-05 00:00:00;90,48;13,17;
"K-B3 ACOEM SW 5";2024-06-04 23:00:00;91,50;13,12;
"K-B3 ACOEM SW 5";2024-06-04 22:00:00;90,72;13,90;
"K-B3 ACOEM SW 5";2024-06-04 21:00:00;88,05;14,57;
"K-B3 ACOEM SW 5";2024-06-04 20:00:00;83,17;15,05;
"K-B3 ACOEM SW 5";2024-06-04 19:00:00;81,16;15,12;
"K-B3 ACOEM SW 5";2024-06-04 18:00:00;70,16;16,96;
"K-B3 ACOEM SW 5";2024-06-04 17:00:00;72,30;16,91;
"K-B3 ACOEM SW 5";2024-06-04 16:00:00;69,54;17,38;
"K-B3 ACOEM SW 5";2024-06-04 15:00:00;70,59;16,69;
"K-B3 ACOEM SW 5";2024-06-04 14:00:00;66,05;17,42;
"K-B3 ACOEM SW 5";2024-06-04 13:00:00;59,85;18,03;
"K-B3 ACOEM SW 5";2024-06-04 12:00:00;62,39;17,32;
"K-B3 ACOEM SW 5";2024-06-04 11:00:00;65,50;16,96;
"K-B3 ACOEM SW 5";2024-06-04 10:00:00;64,57;16,30;
"K-B3 ACOEM SW 5";2024-06-04 09:00:00;59,25;15,84;
"K-B3 ACOEM SW 5";2024-06-04 08:00:00;70,41;13,95;
"K-B3 ACOEM SW 5";2024-06-04 07:00:00;77,62;11,59;
"K-B3 ACOEM SW 5";2024-06-04 06:00:00;80,54;10,49;
"K-B3 ACOEM SW 5";2024-06-04 05:00:00;80,66;10,26;
"K-B3 ACOEM SW 5";2024-06-04 04:00:00;77,24;10,60;
"K-B3 ACOEM SW 5";2024-06-04 03:00:00;69,85;11,09;
"K-B3 ACOEM SW 5";2024-06-04 02:00:00;66,00;12,12;
"K-B3 ACOEM SW 5";2024-06-04 01:00:00;64,20;12,71;
"K-B3 ACOEM SW 5";2024-06-04 00:00:00;60,89;13,29;
"K-B3 ACOEM SW 5";2024-06-03 23:00:00;56,52;14,18;
"K-B3 ACOEM SW 5";2024-06-03 22:00:00;50,69;15,56;
"K-B3 ACOEM SW 5";2024-06-03 21:00:00;44,55;17,03;
"K-B3 ACOEM SW 5";2024-06-03 20:00:00;40,15;19,11;
"K-B3 ACOEM SW 5";2024-06-03 19:00:00;35,49;20,83;
"K-B3 ACOEM SW 5";2024-06-03 18:00:00;31,01;22,87;
"K-B3 ACOEM SW 5";2024-06-03 17:00:00;29,37;23,38;
"K-B3 ACOEM SW 5";2024-06-03 16:00:00;27,42;23,25;
"K-B3 ACOEM SW 5";2024-06-03 15:00:00;27,54;23,67;
"K-B3 ACOEM SW 5";2024-06-03 14:00:00;31,48;24,12;
"K-B3 ACOEM SW 5";2024-06-03 13:00:00;42,43;24,06;
"K-B3 ACOEM SW 5";2024-06-03 12:00:00;55,37;20,86;
"K-B3 ACOEM SW 5";2024-06-03 11:00:00;61,03;18,61;
"K-B3 ACOEM SW 5";2024-06-03 10:00:00;66,43;16,63;
"K-B3 ACOEM SW 5";2024-06-03 09:00:00;65,31;16,72;
"K-B3 ACOEM SW 5";2024-06-03 08:00:00;51,98;17,80;
"K-B3 ACOEM SW 5";2024-06-03 07:00:00;45,96;18,26;
"K-B3 ACOEM SW 5";2024-06-03 06:00:00;41,82;18,43;
"K-B3 ACOEM SW 5";2024-06-03 05:00:00;40,28;18,48;
"K-B3 ACOEM SW 5";2024-06-03 04:00:00;38,52;19,11;
"K-B3 ACOEM SW 5";2024-06-03 03:00:00;34,11;19,32;
"K-B3 ACOEM SW 5";2024-06-03 02:00:00;36,88;19,14;
"K-B3 ACOEM SW 5";2024-06-03 01:00:00;42,35;19,58;
"K-B3 ACOEM SW 5";2024-06-03 00:00:00;53,76;19,91;
"K-B3 ACOEM SW 5";2024-06-02 23:00:00;64,37;20,46;
"K-B3 ACOEM SW 5";2024-06-02 22:00:00;68,13;21,05;
"K-B3 ACOEM SW 5";2024-06-02 21:00:00;65,67;22,61;
"K-B3 ACOEM SW 5";2024-06-02 20:00:00;58,79;24,04;
"K-B3 ACOEM SW 5";2024-06-02 19:00:00;55,48;24,94;
"K-B3 ACOEM SW 5";2024-06-02 18:00:00;58,64;24,90;
"K-B3 ACOEM SW 5";2024-06-02 17:00:00;59,51;24,20;
"K-B3 ACOEM SW 5";2024-06-02 16:00:00;54,12;25,41;
"K-B3 ACOEM SW 5";2024-06-02 15:00:00;52,97;25,76;
"K-B3 ACOEM SW 5";2024-06-02 14:00:00;53,16;25,85;
"K-B3 ACOEM SW 5";2024-06-02 13:00:00;53,34;25,30;
"K-B3 ACOEM SW 5";2024-06-02 12:00:00;54,51;24,41;
"K-B3 ACOEM SW 5";2024-06-02 11:00:00;55,68;23,84;
"K-B3 ACOEM SW 5";2024-06-02 10:00:00;57,04;23,29;
"K-B3 ACOEM SW 5";2024-06-02 09:00:00;58,36;21,90;
"K-B3 ACOEM SW 5";2024-06-02 08:00:00;61,84;20,53;
"K-B3 ACOEM SW 5";2024-06-02 07:00:00;73,73;18,05;
"K-B3 ACOEM SW 5";2024-06-02 06:00:00;78,65;16,73;
"K-B3 ACOEM SW 5";2024-06-02 05:00:00;83,42;16,01;
"K-B3 ACOEM SW 5";2024-06-02 04:00:00;85,89;15,89;
"K-B3 ACOEM SW 5";2024-06-02 03:00:00;85,84;16,27;
"K-B3 ACOEM SW 5";2024-06-02 02:00:00;86,36;16,80;
"K-B3 ACOEM SW 5";2024-06-02 01:00:00;85,63;17,65;
"K-B3 ACOEM SW 5";2024-06-02 00:00:00;82,02;18,71;
"K-B3 ACOEM SW 5";2024-06-01 23:00:00;75,45;19,94;
"K-B3 ACOEM SW 5";2024-06-01 22:00:00;71,45;21,51;
"K-B3 ACOEM SW 5";2024-06-01 21:00:00;68,97;21,86;
"K-B3 ACOEM SW 5";2024-06-01 20:00:00;68,50;21,28;
"K-B3 ACOEM SW 5";2024-06-01 19:00:00;63,68;22,56;
"K-B3 ACOEM SW 5";2024-06-01 18:00:00;51,66;25,88;
"K-B3 ACOEM SW 5";2024-06-01 17:00:00;48,63;27,19;
"K-B3 ACOEM SW 5";2024-06-01 16:00:00;51,05;27,28;
"K-B3 ACOEM SW 5";2024-06-01 15:00:00;47,74;27,47;
"K-B3 ACOEM SW 5";2024-06-01 14:00:00;51,44;25,72;
"K-B3 ACOEM SW 5";2024-06-01 13:00:00;59,32;24,40;
"K-B3 ACOEM SW 5";2024-06-01 12:00:00;59,24;24,40;
"K-B3 ACOEM SW 5";2024-06-01 11:00:00;71,98;21,52;
"K-B3 ACOEM SW 5";2024-06-01 10:00:00;83,37;18,01;
"K-B3 ACOEM SW 5";2024-06-01 09:00:00;87,96;16,94;
"K-B3 ACOEM SW 5";2024-06-01 08:00:00;87,37;16,82;
"K-B3 ACOEM SW 5";2024-06-01 07:00:00;82,33;17,46;
"K-B3 ACOEM SW 5";2024-06-01 06:00:00;76,15;18,10;
"K-B3 ACOEM SW 5";2024-06-01 05:00:00;75,66;17,95;
"K-B3 ACOEM SW 5";2024-06-01 04:00:00;72,77;18,65;
"K-B3 ACOEM SW 5";2024-06-01 03:00:00;72,06;19,18;
"K-B3 ACOEM SW 5";2024-06-01 02:00:00;71,12;19,61;
"K-B3 ACOEM SW 5";2024-06-01 01:00:00;68,48;20,38;
"K-B3 ACOEM SW 5";2024-06-01 00:00:00;64,68;21,25;
"K-B3 ACOEM SW 5";2024-05-31 23:00:00;59,62;22,63;
"K-B3 ACOEM SW 5";2024-05-31 22:00:00;54,04;23,71;
"K-B3 ACOEM SW 5";2024-05-31 21:00:00;52,52;23,88;
"K-B3 ACOEM SW 5";2024-05-31 20:00:00;51,69;24,21;
"K-B3 ACOEM SW 5";2024-05-31 19:00:00;51,68;24,40;
"K-B3 ACOEM SW 5";2024-05-31 18:00:00;53,84;23,60;
"K-B3 ACOEM SW 5";2024-05-31 17:00:00;51,81;23,37;
"K-B3 ACOEM SW 5";2024-05-31 16:00:00;53,43;22,91;
"K-B3 ACOEM SW 5";2024-05-31 15:00:00;58,21;22,14;
"K-B3 ACOEM SW 5";2024-05-31 14:00:00;58,33;22,24;
"K-B3 ACOEM SW 5";2024-05-31 13:00:00;59,82;22,66;
"K-B3 ACOEM SW 5";2024-05-31 12:00:00;60,11;22,65;
"K-B3 ACOEM SW 5";2024-05-31 11:00:00;66,14;20,25;
"K-B3 ACOEM SW 5";2024-05-31 10:00:00;69,30;19,60;
"K-B3 ACOEM SW 5";2024-05-31 09:00:00;76,72;17,33;
"K-B3 ACOEM SW 5";2024-05-31 08:00:00;81,36;15,79;
"K-B3 ACOEM SW 5";2024-05-31 07:00:00;83,08;15,39;
"K-B3 ACOEM SW 5";2024-05-31 06:00:00;87,70;14,39;
"K-B3 ACOEM SW 5";2024-05-31 05:00:00;89,16;14,24;
"K-B3 ACOEM SW 5";2024-05-31 04:00:00;89,99;14,28;
"K-B3 ACOEM SW 5";2024-05-31 03:00:00;88,83;14,61;
"K-B3 ACOEM SW 5";2024-05-31 02:00:00;87,50;15,00;
"K-B3 ACOEM SW 5";2024-05-31 01:00:00;88,70;14,88;
"K-B3 ACOEM SW 5";2024-05-31 00:00:00;88,33;14,92;
"K-B3 ACOEM SW 5";2024-05-30 23:00:00;86,13;15,73;
"K-B3 ACOEM SW 5";2024-05-30 22:00:00;84,63;16,24;
"K-B3 ACOEM SW 5";2024-05-30 21:00:00;83,00;16,50;
"K-B3 ACOEM SW 5";2024-05-30 20:00:00;81,89;16,77;
"K-B3 ACOEM SW 5";2024-05-30 19:00:00;79,37;17,48;
"K-B3 ACOEM SW 5";2024-05-30 18:00:00;76,50;18,42;
"K-B3 ACOEM SW 5";2024-05-30 17:00:00;74,41;18,57;
"K-B3 ACOEM SW 5";2024-05-30 16:00:00;73,55;18,42;
"K-B3 ACOEM SW 5";2024-05-30 15:00:00;70,13;18,46;
"K-B3 ACOEM SW 5";2024-05-30 14:00:00;68,62;19,12;
"K-B3 ACOEM SW 5";2024-05-30 13:00:00;65,23;20,27;
"K-B3 ACOEM SW 5";2024-05-30 12:00:00;68,73;19,61;
"K-B3 ACOEM SW 5";2024-05-30 11:00:00;71,07;18,56;
"K-B3 ACOEM SW 5";2024-05-30 10:00:00;78,67;16,72;
"K-B3 ACOEM SW 5";2024-05-30 09:00:00;79,83;16,33;
"K-B3 ACOEM SW 5";2024-05-30 08:00:00;84,66;15,18;
"K-B3 ACOEM SW 5";2024-05-30 07:00:00;89,07;14,59;
"K-B3 ACOEM SW 5";2024-05-30 06:00:00;90,41;14,59;
"K-B3 ACOEM SW 5";2024-05-30 05:00:00;91,28;14,69;
"K-B3 ACOEM SW 5";2024-05-30 04:00:00;93,03;14,70;
"K-B3 ACOEM SW 5";2024-05-30 03:00:00;94,15;14,47;
"K-B3 ACOEM SW 5";2024-05-30 02:00:00;93,42;14,47;
"K-B3 ACOEM SW 5";2024-05-30 01:00:00;93,75;14,48;
"K-B3 ACOEM SW 5";2024-05-30 00:00:00;93,55;14,72;
"K-B3 ACOEM SW 5";2024-05-29 23:00:00;92,69;14,53;
"K-B3 ACOEM SW 5";2024-05-29 22:00:00;89,67;14,96;
"K-B3 ACOEM SW 5";2024-05-29 21:00:00;87,16;15,23;
"K-B3 ACOEM SW 5";2024-05-29 20:00:00;86,26;14,80;
"K-B3 ACOEM SW 5";2024-05-29 19:00:00;89,98;13,94;
"K-B3 ACOEM SW 5";2024-05-29 18:00:00;82,88;15,13;
"K-B3 ACOEM SW 5";2024-05-29 17:00:00;82,51;15,91;
"K-B3 ACOEM SW 5";2024-05-29 16:00:00;80,44;16,30;
"K-B3 ACOEM SW 5";2024-05-29 15:00:00;76,42;16,69;
"K-B3 ACOEM SW 5";2024-05-29 14:00:00;70,86;17,91;
"K-B3 ACOEM SW 5";2024-05-29 13:00:00;65,73;19,08;
"K-B3 ACOEM SW 5";2024-05-29 12:00:00;66,52;18,72;
"K-B3 ACOEM SW 5";2024-05-29 11:00:00;71,84;17,06;
"K-B3 ACOEM SW 5";2024-05-29 10:00:00;73,82;16,18;
"K-B3 ACOEM SW 5";2024-05-29 09:00:00;77,70;15,52;
"K-B3 ACOEM SW 5";2024-05-29 08:00:00;83,73;14,19;
"K-B3 ACOEM SW 5";2024-05-29 07:00:00;91,03;11,94;
"K-B3 ACOEM SW 5";2024-05-29 06:00:00;90,79;11,34;
"K-B3 ACOEM SW 5";2024-05-29 05:00:00;90,60;11,67;
"K-B3 ACOEM SW 5";2024-05-29 04:00:00;91,59;11,74;
"K-B3 ACOEM SW 5";2024-05-29 03:00:00;92,09;11,57;
"K-B3 ACOEM SW 5";2024-05-29 02:00:00;91,67;11,75;
"K-B3 ACOEM SW 5";2024-05-29 01:00:00;91,52;11,64;
"K-B3 ACOEM SW 5";2024-05-29 00:00:00;91,53;11,53;
"K-B3 ACOEM SW 5";2024-05-28 23:00:00;92,42;11,80;
"K-B3 ACOEM SW 5";2024-05-28 22:00:00;90,95;12,31;
"K-B3 ACOEM SW 5";2024-05-28 21:00:00;89,34;12,59;
"K-B3 ACOEM SW 5";2024-05-28 20:00:00;87,94;12,69;
"K-B3 ACOEM SW 5";2024-05-28 19:00:00;88,16;12,83;
"K-B3 ACOEM SW 5";2024-05-28 18:00:00;89,81;13,02;
"K-B3 ACOEM SW 5";2024-05-28 17:00:00;87,11;14,04;
"K-B3 ACOEM SW 5";2024-05-28 16:00:00;88,37;14,57;
"K-B3 ACOEM SW 5";2024-05-28 15:00:00;84,38;15,15;
"K-B3 ACOEM SW 5";2024-05-28 14:00:00;79,47;16,03;
"K-B3 ACOEM SW 5";2024-05-28 13:00:00;74,21;16,77;
"K-B3 ACOEM SW 5";2024-05-28 12:00:00;69,67;17,42;
"K-B3 ACOEM SW 5";2024-05-28 11:00:00;66,35;18,39;
"K-B3 ACOEM SW 5";2024-05-28 10:00:00;66,18;18,49;
"K-B3 ACOEM SW 5";2024-05-28 09:00:00;71,13;17,41;
"K-B3 ACOEM SW 5";2024-05-28 08:00:00;84,20;14,50;
"K-B3 ACOEM SW 5";2024-05-28 07:00:00;91,27;12,63;
"K-B3 ACOEM SW 5";2024-05-28 06:00:00;92,52;11,84;
"K-B3 ACOEM SW 5";2024-05-28 05:00:00;92,55;11,82;
"K-B3 ACOEM SW 5";2024-05-28 04:00:00;92,19;12,09;
"K-B3 ACOEM SW 5";2024-05-28 03:00:00;92,00;12,43;
"K-B3 ACOEM SW 5";2024-05-28 02:00:00;90,27;12,77;
"K-B3 ACOEM SW 5";2024-05-28 01:00:00;88,73;13,28;
"K-B3 ACOEM SW 5";2024-05-28 00:00:00;84,84;13,97;
"K-B3 ACOEM SW 5";2024-05-27 23:00:00;79,69;15,01;
"K-B3 ACOEM SW 5";2024-05-27 22:00:00;77,92;15,66;
"K-B3 ACOEM SW 5";2024-05-27 21:00:00;78,35;16,40;
"K-B3 ACOEM SW 5";2024-05-27 20:00:00;74,56;18,02;
"K-B3 ACOEM SW 5";2024-05-27 19:00:00;73,90;18,33;
"K-B3 ACOEM SW 5";2024-05-27 18:00:00;78,33;18,09;
"K-B3 ACOEM SW 5";2024-05-27 17:00:00;75,32;19,34;
"K-B3 ACOEM SW 5";2024-05-27 16:00:00;70,22;20,77;
"K-B3 ACOEM SW 5";2024-05-27 15:00:00;73,76;21,01;
"K-B3 ACOEM SW 5";2024-05-27 14:00:00;76,94;19,86;
"K-B3 ACOEM SW 5";2024-05-27 13:00:00;78,47;19,25;
"K-B3 ACOEM SW 5";2024-05-27 12:00:00;84,04;18,33;
"K-B3 ACOEM SW 5";2024-05-27 11:00:00;92,03;16,55;
"K-B3 ACOEM SW 5";2024-05-27 10:00:00;90,95;16,60;
"K-B3 ACOEM SW 5";2024-05-27 09:00:00;90,61;16,70;
"K-B3 ACOEM SW 5";2024-05-27 08:00:00;91,73;16,40;
"K-B3 ACOEM SW 5";2024-05-27 07:00:00;91,91;16,45;
"K-B3 ACOEM SW 5";2024-05-27 06:00:00;91,67;16,48;
"K-B3 ACOEM SW 5";2024-05-27 05:00:00;90,35;16,61;
"K-B3 ACOEM SW 5";2024-05-27 04:00:00;92,05;16,55;
"K-B3 ACOEM SW 5";2024-05-27 03:00:00;93,56;16,40;
"K-B3 ACOEM SW 5";2024-05-27 02:00:00;94,17;16,08;
"K-B3 ACOEM SW 5";2024-05-27 01:00:00;93,00;15,62;
"K-B3 ACOEM SW 5";2024-05-27 00:00:00;90,51;16,02;
"K-B3 ACOEM SW 5";2024-05-26 23:00:00;88,03;16,25;
"K-B3 ACOEM SW 5";2024-05-26 22:00:00;86,89;16,62;
"K-B3 ACOEM SW 5";2024-05-26 21:00:00;82,74;17,70;
"K-B3 ACOEM SW 5";2024-05-26 20:00:00;83,50;17,24;
"K-B3 ACOEM SW 5";2024-05-26 19:00:00;85,77;17,23;
"K-B3 ACOEM SW 5";2024-05-26 18:00:00;76,10;19,96;
"K-B3 ACOEM SW 5";2024-05-26 17:00:00;66,17;22,94;
"K-B3 ACOEM SW 5";2024-05-26 16:00:00;78,03;20,31;
"K-B3 ACOEM SW 5";2024-05-26 15:00:00;89,53;17,06;
"K-B3 ACOEM SW 5";2024-05-26 14:00:00;85,16;17,42;
"K-B3 ACOEM SW 5";2024-05-26 13:00:00;88,29;16,59;
"K-B3 ACOEM SW 5";2024-05-26 12:00:00;87,16;17,04;
"K-B3 ACOEM SW 5";2024-05-26 11:00:00;89,25;16,64;
"K-B3 ACOEM SW 5";2024-05-26 10:00:00;89,48;16,70;
"K-B3 ACOEM SW 5";2024-05-26 09:00:00;88,70;16,98;
"K-B3 ACOEM SW 5";2024-05-26 08:00:00;88,66;17,06;
"K-B3 ACOEM SW 5";2024-05-26 07:00:00;89,29;16,96;
"K-B3 ACOEM SW 5";2024-05-26 06:00:00;90,43;16,66;
"K-B3 ACOEM SW 5";2024-05-26 05:00:00;90,77;16,62;
"K-B3 ACOEM SW 5";2024-05-26 04:00:00;88,14;16,73;
"K-B3 ACOEM SW 5";2024-05-26 03:00:00;84,55;17,11;
"K-B3 ACOEM SW 5";2024-05-26 02:00:00;84,11;17,37;
"K-B3 ACOEM SW 5";2024-05-26 01:00:00;83,47;17,39;
"K-B3 ACOEM SW 5";2024-05-26 00:00:00;78,13;18,06;
"K-B3 ACOEM SW 5";2024-05-25 23:00:00;69,57;19,21;
"K-B3 ACOEM SW 5";2024-05-25 22:00:00;66,78;19,88;
"K-B3 ACOEM SW 5";2024-05-25 21:00:00;62,92;20,68;
"K-B3 ACOEM SW 5";2024-05-25 20:00:00;61,49;21,43;
"K-B3 ACOEM SW 5";2024-05-25 19:00:00;59,66;21,87;
"K-B3 ACOEM SW 5";2024-05-25 18:00:00;56,44;22,30;
"K-B3 ACOEM SW 5";2024-05-25 17:00:00;55,99;22,21;
"K-B3 ACOEM SW 5";2024-05-25 16:00:00;53,61;22,19;
"K-B3 ACOEM SW 5";2024-05-25 15:00:00;55,22;20,70;
"K-B3 ACOEM SW 5";2024-05-25 14:00:00;55,66;20,96;
"K-B3 ACOEM SW 5";2024-05-25 13:00:00;65,02;19,17;
"K-B3 ACOEM SW 5";2024-05-25 12:00:00;65,13;19,34;
"K-B3 ACOEM SW 5";2024-05-25 11:00:00;65,40;19,49;
"K-B3 ACOEM SW 5";2024-05-25 10:00:00;70,56;18,00;
"K-B3 ACOEM SW 5";2024-05-25 09:00:00;74,24;17,30;
"K-B3 ACOEM SW 5";2024-05-25 08:00:00;78,57;16,66;
"K-B3 ACOEM SW 5";2024-05-25 07:00:00;85,43;15,66;
"K-B3 ACOEM SW 5";2024-05-25 06:00:00;88,88;15,25;
"K-B3 ACOEM SW 5";2024-05-25 05:00:00;87,96;15,66;
"K-B3 ACOEM SW 5";2024-05-25 04:00:00;87,98;16,00;
"K-B3 ACOEM SW 5";2024-05-25 03:00:00;88,05;16,46;
"K-B3 ACOEM SW 5";2024-05-25 02:00:00;84,64;16,75;
"K-B3 ACOEM SW 5";2024-05-25 01:00:00;81,09;16,93;
"K-B3 ACOEM SW 5";2024-05-25 00:00:00;79,18;17,10;
"K-B3 ACOEM SW 5";2024-05-24 23:00:00;77,14;17,23;
"K-B3 ACOEM SW 5";2024-05-24 22:00:00;70,64;18,32;
"K-B3 ACOEM SW 5";2024-05-24 21:00:00;64,80;19,83;
"K-B3 ACOEM SW 5";2024-05-24 20:00:00;62,04;20,76;
"K-B3 ACOEM SW 5";2024-05-24 19:00:00;60,08;21,48;
"K-B3 ACOEM SW 5";2024-05-24 18:00:00;60,40;21,45;
"K-B3 ACOEM SW 5";2024-05-24 17:00:00;60,81;22,05;
"K-B3 ACOEM SW 5";2024-05-24 16:00:00;62,92;21,81;
"K-B3 ACOEM SW 5";2024-05-24 15:00:00;66,50;20,34;
"K-B3 ACOEM SW 5";2024-05-24 14:00:00;70,06;18,89;
"K-B3 ACOEM SW 5";2024-05-24 13:00:00;72,43;17,99;
"K-B3 ACOEM SW 5";2024-05-24 12:00:00;75,62;17,36;
"K-B3 ACOEM SW 5";2024-05-24 11:00:00;78,06;16,98;
"K-B3 ACOEM SW 5";2024-05-24 10:00:00;84,39;15,88;
"K-B3 ACOEM SW 5";2024-05-24 09:00:00;88,29;15,17;
"K-B3 ACOEM SW 5";2024-05-24 08:00:00;90,54;14,76;
"K-B3 ACOEM SW 5";2024-05-24 07:00:00;92,07;14,96;
"K-B3 ACOEM SW 5";2024-05-24 06:00:00;92,87;15,11;
"K-B3 ACOEM SW 5";2024-05-24 05:00:00;93,13;15,12;
"K-B3 ACOEM SW 5";2024-05-24 04:00:00;93,46;15,00;
"K-B3 ACOEM SW 5";2024-05-24 03:00:00;92,57;15,15;
"K-B3 ACOEM SW 5";2024-05-24 02:00:00;90,23;15,63;
"K-B3 ACOEM SW 5";2024-05-24 01:00:00;88,15;15,84;
"K-B3 ACOEM SW 5";2024-05-24 00:00:00;84,71;16,24;
"K-B3 ACOEM SW 5";2024-05-23 23:00:00;81,06;16,70;
"K-B3 ACOEM SW 5";2024-05-23 22:00:00;79,02;16,90;
"K-B3 ACOEM SW 5";2024-05-23 21:00:00;78,21;17,14;
"K-B3 ACOEM SW 5";2024-05-23 20:00:00;71,81;18,58;
"K-B3 ACOEM SW 5";2024-05-23 19:00:00;62,45;20,65;
"K-B3 ACOEM SW 5";2024-05-23 18:00:00;63,24;21,12;
"K-B3 ACOEM SW 5";2024-05-23 17:00:00;73,19;18,73;
"K-B3 ACOEM SW 5";2024-05-23 16:00:00;64,29;19,04;
"K-B3 ACOEM SW 5";2024-05-23 15:00:00;51,94;20,70;
"K-B3 ACOEM SW 5";2024-05-23 14:00:00;48,17;20,94;
"K-B3 ACOEM SW 5";2024-05-23 13:00:00;48,44;19,99;
"K-B3 ACOEM SW 5";2024-05-23 12:00:00;53,18;18,36;
"K-B3 ACOEM SW 5";2024-05-23 11:00:00;58,43;16,85;
"K-B3 ACOEM SW 5";2024-05-23 10:00:00;59,45;16,31;
"K-B3 ACOEM SW 5";2024-05-23 09:00:00;59,48;16,24;
"K-B3 ACOEM SW 5";2024-05-23 08:00:00;63,36;15,70;
"K-B3 ACOEM SW 5";2024-05-23 07:00:00;65,15;15,65;
"K-B3 ACOEM SW 5";2024-05-23 06:00:00;67,75;16,02;
"K-B3 ACOEM SW 5";2024-05-23 05:00:00;73,31;16,19;
"K-B3 ACOEM SW 5";2024-05-23 04:00:00;74,90;16,34;
"K-B3 ACOEM SW 5";2024-05-23 03:00:00;74,71;16,76;
"K-B3 ACOEM SW 5";2024-05-23 02:00:00;72,19;17,36;
"K-B3 ACOEM SW 5";2024-05-23 01:00:00;74,14;17,47;
"K-B3 ACOEM SW 5";2024-05-23 00:00:00;69,73;18,39;
"K-B3 ACOEM SW 5";2024-05-22 23:00:00;63,57;19,38;
"K-B3 ACOEM SW 5";2024-05-22 22:00:00;59,68;19,94;
"K-B3 ACOEM SW 5";2024-05-22 21:00:00;54,19;20,86;
"K-B3 ACOEM SW 5";2024-05-22 20:00:00;47,74;21,98;
"K-B3 ACOEM SW 5";2024-05-22 19:00:00;44,74;22,31;
"K-B3 ACOEM SW 5";2024-05-22 18:00:00;42,66;22,57;
"K-B3 ACOEM SW 5";2024-05-22 17:00:00;43,11;22,10;
"K-B3 ACOEM SW 5";2024-05-22 16:00:00;41,42;20,89;
"K-B3 ACOEM SW 5";2024-05-22 15:00:00;37,48;21,14;
"K-B3 ACOEM SW 5";2024-05-22 14:00:00;36,20;20,07;
"K-B3 ACOEM SW 5";2024-05-22 13:00:00;38,62;18,53;
"K-B3 ACOEM SW 5";2024-05-22 12:00:00;41,61;16,80;
"K-B3 ACOEM SW 5";2024-05-22 11:00:00;41,53;16,99;
"K-B3 ACOEM SW 5";2024-05-22 10:00:00;43,27;16,71;
"K-B3 ACOEM SW 5";2024-05-22 09:00:00;42,94;16,45;
"K-B3 ACOEM SW 5";2024-05-22 08:00:00;47,92;15,96;
"K-B3 ACOEM SW 5";2024-05-22 07:00:00;54,31;15,64;
"K-B3 ACOEM SW 5";2024-05-22 06:00:00;59,40;15,11;
"K-B3 ACOEM SW 5";2024-05-22 05:00:00;62,60;14,99;
"K-B3 ACOEM SW 5";2024-05-22 04:00:00;61,02;15,66;
"K-B3 ACOEM SW 5";2024-05-22 03:00:00;57,41;16,50;
"K-B3 ACOEM SW 5";2024-05-22 02:00:00;53,23;16,89;
"K-B3 ACOEM SW 5";2024-05-22 01:00:00;47,67;17,21;
"K-B3 ACOEM SW 5";2024-05-22 00:00:00;41,53;17,49;
"K-B3 ACOEM SW 5";2024-05-21 23:00:00;36,37;18,05;
"K-B3 ACOEM SW 5";2024-05-21 22:00:00;33,86;19,14;
"K-B3 ACOEM SW 5";2024-05-21 21:00:00;31,41;20,21;
"K-B3 ACOEM SW 5";2024-05-21 20:00:00;30,90;20,77;
"K-B3 ACOEM SW 5";2024-05-21 19:00:00;30,08;21,00;
"K-B3 ACOEM SW 5";2024-05-21 18:00:00;28,95;21,05;
"K-B3 ACOEM SW 5";2024-05-21 17:00:00;29,13;20,65;
"K-B3 ACOEM SW 5";2024-05-21 16:00:00;34,52;19,97;
"K-B3 ACOEM SW 5";2024-05-21 15:00:00;44,28;18,90;
"K-B3 ACOEM SW 5";2024-05-21 14:00:00;48,98;18,59;
"K-B3 ACOEM SW 5";2024-05-21 13:00:00;52,68;17,96;
"K-B3 ACOEM SW 5";2024-05-21 12:00:00;55,03;17,81;
"K-B3 ACOEM SW 5";2024-05-21 11:00:00;59,62;17,63;
"K-B3 ACOEM SW 5";2024-05-21 10:00:00;63,40;17,24;
"K-B3 ACOEM SW 5";2024-05-21 09:00:00;62,95;16,87;
"K-B3 ACOEM SW 5";2024-05-21 08:00:00;63,19;15,55;
"K-B3 ACOEM SW 5";2024-05-21 07:00:00;63,71;14,47;
"K-B3 ACOEM SW 5";2024-05-21 06:00:00;64,61;13,75;
"K-B3 ACOEM SW 5";2024-05-21 05:00:00;65,37;13,86;
"K-B3 ACOEM SW 5";2024-05-21 04:00:00;62,29;14,28;
"K-B3 ACOEM SW 5";2024-05-21 03:00:00;57,78;14,73;
"K-B3 ACOEM SW 5";2024-05-21 02:00:00;53,09;14,99;
"K-B3 ACOEM SW 5";2024-05-21 01:00:00;53,01;15,17;
"K-B3 ACOEM SW 5";2024-05-21 00:00:00;50,64;15,83;
"K-B3 ACOEM SW 5";2024-05-20 23:00:00;48,21;16,68;
"K-B3 ACOEM SW 5";2024-05-20 22:00:00;45,13;17,91;
"K-B3 ACOEM SW 5";2024-05-20 21:00:00;41,70;19,00;
"K-B3 ACOEM SW 5";2024-05-20 20:00:00;40,05;19,52;
"K-B3 ACOEM SW 5";2024-05-20 19:00:00;38,98;19,83;
"K-B3 ACOEM SW 5";2024-05-20 18:00:00;40,26;19,57;
"K-B3 ACOEM SW 5";2024-05-20 17:00:00;42,11;19,35;
"K-B3 ACOEM SW 5";2024-05-20 16:00:00;43,01;19,13;
"K-B3 ACOEM SW 5";2024-05-20 15:00:00;46,40;18,33;
"K-B3 ACOEM SW 5";2024-05-20 14:00:00;48,42;18,00;
"K-B3 ACOEM SW 5";2024-05-20 13:00:00;50,23;17,71;
"K-B3 ACOEM SW 5";2024-05-20 12:00:00;51,75;17,45;
"K-B3 ACOEM SW 5";2024-05-20 11:00:00;50,36;17,43;
"K-B3 ACOEM SW 5";2024-05-20 10:00:00;50,21;16,95;
"K-B3 ACOEM SW 5";2024-05-20 09:00:00;48,06;16,85;
"K-B3 ACOEM SW 5";2024-05-20 08:00:00;48,63;16,08;
"K-B3 ACOEM SW 5";2024-05-20 07:00:00;52,81;15,13;
"K-B3 ACOEM SW 5";2024-05-20 06:00:00;58,95;14,57;
"K-B3 ACOEM SW 5";2024-05-20 05:00:00;64,04;14,53;
"K-B3 ACOEM SW 5";2024-05-20 04:00:00;72,69;13,83;
"K-B3 ACOEM SW 5";2024-05-20 03:00:00;86,50;14,14;
"K-B3 ACOEM SW 5";2024-05-20 02:00:00;89,75;15,02;
"K-B3 ACOEM SW 5";2024-05-20 01:00:00;86,29;15,40;
"K-B3 ACOEM SW 5";2024-05-20 00:00:00;85,38;16,16;
"K-B3 ACOEM SW 5";2024-05-19 23:00:00;83,55;16,93;
"K-B3 ACOEM SW 5";2024-05-19 22:00:00;76,35;18,46;
"K-B3 ACOEM SW 5";2024-05-19 21:00:00;52,62;22,70;
"K-B3 ACOEM SW 5";2024-05-19 20:00:00;46,97;24,34;
"K-B3 ACOEM SW 5";2024-05-19 19:00:00;38,86;24,91;
"K-B3 ACOEM SW 5";2024-05-19 18:00:00;36,53;24,64;
"K-B3 ACOEM SW 5";2024-05-19 17:00:00;33,63;24,11;
"K-B3 ACOEM SW 5";2024-05-19 16:00:00;34,72;24,54;
"K-B3 ACOEM SW 5";2024-05-19 15:00:00;39,99;24,67;
"K-B3 ACOEM SW 5";2024-05-19 14:00:00;40,46;24,65;
"K-B3 ACOEM SW 5";2024-05-19 13:00:00;41,25;24,72;
"K-B3 ACOEM SW 5";2024-05-19 12:00:00;39,82;23,89;
"K-B3 ACOEM SW 5";2024-05-19 11:00:00;44,41;22,66;
"K-B3 ACOEM SW 5";2024-05-19 10:00:00;47,36;21,12;
"K-B3 ACOEM SW 5";2024-05-19 09:00:00;49,48;19,66;
"K-B3 ACOEM SW 5";2024-05-19 08:00:00;61,94;14,95;
"K-B3 ACOEM SW 5";2024-05-19 07:00:00;71,67;11,47;
"K-B3 ACOEM SW 5";2024-05-19 06:00:00;77,86;9,74;
"K-B3 ACOEM SW 5";2024-05-19 05:00:00;77,65;9,79;
"K-B3 ACOEM SW 5";2024-05-19 04:00:00;73,56;10,66;
"K-B3 ACOEM SW 5";2024-05-19 03:00:00;66,41;11,67;
"K-B3 ACOEM SW 5";2024-05-19 02:00:00;56,03;12,90;
"K-B3 ACOEM SW 5";2024-05-19 01:00:00;55,79;13,81;
"K-B3 ACOEM SW 5";2024-05-19 00:00:00;52,46;14,63;
"K-B3 ACOEM SW 5";2024-05-18 23:00:00;46,52;16,22;
"K-B3 ACOEM SW 5";2024-05-18 22:00:00;40,57;18,47;
"K-B3 ACOEM SW 5";2024-05-18 21:00:00;39,78;20,05;
"K-B3 ACOEM SW 5";2024-05-18 20:00:00;37,58;21,51;
"K-B3 ACOEM SW 5";2024-05-18 19:00:00;31,40;22,66;
"K-B3 ACOEM SW 5";2024-05-18 18:00:00;28,71;23,81;
"K-B3 ACOEM SW 5";2024-05-18 17:00:00;29,22;23,79;
"K-B3 ACOEM SW 5";2024-05-18 16:00:00;30,89;23,37;
"K-B3 ACOEM SW 5";2024-05-18 15:00:00;30,40;23,62;
"K-B3 ACOEM SW 5";2024-05-18 14:00:00;35,21;23,12;
"K-B3 ACOEM SW 5";2024-05-18 13:00:00;50,99;21,26;
"K-B3 ACOEM SW 5";2024-05-18 12:00:00;53,88;20,34;
"K-B3 ACOEM SW 5";2024-05-18 11:00:00;48,60;20,91;
"K-B3 ACOEM SW 5";2024-05-18 10:00:00;41,08;21,18;
"K-B3 ACOEM SW 5";2024-05-18 09:00:00;49,26;17,75;
"K-B3 ACOEM SW 5";2024-05-18 08:00:00;60,49;14,21;
"K-B3 ACOEM SW 5";2024-05-18 07:00:00;68,05;11,90;
"K-B3 ACOEM SW 5";2024-05-18 06:00:00;69,58;10,99;
"K-B3 ACOEM SW 5";2024-05-18 05:00:00;66,16;11,60;
"K-B3 ACOEM SW 5";2024-05-18 04:00:00;60,33;12,48;
"K-B3 ACOEM SW 5";2024-05-18 03:00:00;60,13;13,00;
"K-B3 ACOEM SW 5";2024-05-18 02:00:00;61,05;13,25;
"K-B3 ACOEM SW 5";2024-05-18 01:00:00;59,17;13,79;
"K-B3 ACOEM SW 5";2024-05-18 00:00:00;57,22;14,33;
"K-B3 ACOEM SW 5";2024-05-17 23:00:00;52,58;15,76;
"K-B3 ACOEM SW 5";2024-05-17 22:00:00;44,38;17,70;
"K-B3 ACOEM SW 5";2024-05-17 21:00:00;38,69;19,39;
"K-B3 ACOEM SW 5";2024-05-17 20:00:00;35,91;20,42;
"K-B3 ACOEM SW 5";2024-05-17 19:00:00;37,57;20,80;
"K-B3 ACOEM SW 5";2024-05-17 18:00:00;37,67;20,89;
"K-B3 ACOEM SW 5";2024-05-17 17:00:00;38,38;20,77;
"K-B3 ACOEM SW 5";2024-05-17 16:00:00;39,51;20,42;
"K-B3 ACOEM SW 5";2024-05-17 15:00:00;44,91;19,76;
"K-B3 ACOEM SW 5";2024-05-17 14:00:00;50,87;18,56;
"K-B3 ACOEM SW 5";2024-05-17 13:00:00;54,68;17,73;
"K-B3 ACOEM SW 5";2024-05-17 12:00:00;58,25;17,42;
"K-B3 ACOEM SW 5";2024-05-17 11:00:00;58,51;17,49;
"K-B3 ACOEM SW 5";2024-05-17 10:00:00;57,90;17,05;
"K-B3 ACOEM SW 5";2024-05-17 09:00:00;60,85;16,59;
"K-B3 ACOEM SW 5";2024-05-17 08:00:00;63,99;15,38;
"K-B3 ACOEM SW 5";2024-05-17 07:00:00;67,87;14,01;
"K-B3 ACOEM SW 5";2024-05-17 06:00:00;72,04;13,02;
"K-B3 ACOEM SW 5";2024-05-17 05:00:00;72,40;13,28;
"K-B3 ACOEM SW 5";2024-05-17 04:00:00;69,58;13,90;
"K-B3 ACOEM SW 5";2024-05-17 03:00:00;61,55;15,32;
"K-B3 ACOEM SW 5";2024-05-17 02:00:00;57,64;15,68;
"K-B3 ACOEM SW 5";2024-05-17 01:00:00;63,02;14,86;
"K-B3 ACOEM SW 5";2024-05-17 00:00:00;69,00;15,05;
"K-B3 ACOEM SW 5";2024-05-16 23:00:00;68,91;16,16;
"K-B3 ACOEM SW 5";2024-05-16 22:00:00;45,82;18,24;
"K-B3 ACOEM SW 5";2024-05-16 21:00:00;40,44;19,30;
"K-B3 ACOEM SW 5";2024-05-16 20:00:00;39,02;19,97;
"K-B3 ACOEM SW 5";2024-05-16 19:00:00;37,53;20,60;
"K-B3 ACOEM SW 5";2024-05-16 18:00:00;38,14;20,95;
"K-B3 ACOEM SW 5";2024-05-16 17:00:00;41,50;20,99;
"K-B3 ACOEM SW 5";2024-05-16 16:00:00;50,03;19,99;
"K-B3 ACOEM SW 5";2024-05-16 15:00:00;52,02;19,25;
"K-B3 ACOEM SW 5";2024-05-16 14:00:00;56,75;18,57;
"K-B3 ACOEM SW 5";2024-05-16 13:00:00;59,28;17,94;
"K-B3 ACOEM SW 5";2024-05-16 12:00:00;58,76;17,96;
"K-B3 ACOEM SW 5";2024-05-16 11:00:00;58,26;17,81;
"K-B3 ACOEM SW 5";2024-05-16 10:00:00;60,13;17,50;
"K-B3 ACOEM SW 5";2024-05-16 09:00:00;62,43;17,19;
"K-B3 ACOEM SW 5";2024-05-16 08:00:00;63,69;16,52;
"K-B3 ACOEM SW 5";2024-05-16 07:00:00;63,35;15,54;
"K-B3 ACOEM SW 5";2024-05-16 06:00:00;66,92;14,86;
"K-B3 ACOEM SW 5";2024-05-16 05:00:00;73,45;14,02;
"K-B3 ACOEM SW 5";2024-05-16 04:00:00;73,59;13,78;
"K-B3 ACOEM SW 5";2024-05-16 03:00:00;73,47;13,97;
"K-B3 ACOEM SW 5";2024-05-16 02:00:00;71,42;14,34;
"K-B3 ACOEM SW 5";2024-05-16 01:00:00;68,66;15,12;
"K-B3 ACOEM SW 5";2024-05-16 00:00:00;63,54;15,99;
"K-B3 ACOEM SW 5";2024-05-15 23:00:00;56,29;16,77;
"K-B3 ACOEM SW 5";2024-05-15 22:00:00;51,46;18,01;
"K-B3 ACOEM SW 5";2024-05-15 21:00:00;48,44;19,32;
"K-B3 ACOEM SW 5";2024-05-15 20:00:00;49,95;19,47;
"K-B3 ACOEM SW 5";2024-05-15 19:00:00;52,85;19,17;
"K-B3 ACOEM SW 5";2024-05-15 18:00:00;54,34;18,89;
"K-B3 ACOEM SW 5";2024-05-15 17:00:00;54,97;19,01;
"K-B3 ACOEM SW 5";2024-05-15 16:00:00;54,53;19,21;
"K-B3 ACOEM SW 5";2024-05-15 15:00:00;55,38;19,15;
"K-B3 ACOEM SW 5";2024-05-15 14:00:00;56,38;18,83;
"K-B3 ACOEM SW 5";2024-05-15 13:00:00;57,09;18,71;
"K-B3 ACOEM SW 5";2024-05-15 12:00:00;59,84;17,95;
"K-B3 ACOEM SW 5";2024-05-15 11:00:00;55,93;18,49;
"K-B3 ACOEM SW 5";2024-05-15 10:00:00;55,44;18,30;
"K-B3 ACOEM SW 5";2024-05-15 09:00:00;63,52;16,88;
"K-B3 ACOEM SW 5";2024-05-15 08:00:00;71,53;14,22;
"K-B3 ACOEM SW 5";2024-05-15 07:00:00;77,66;11,56;
"K-B3 ACOEM SW 5";2024-05-15 06:00:00;80,18;10,42;
"K-B3 ACOEM SW 5";2024-05-15 05:00:00;80,04;10,62;
"K-B3 ACOEM SW 5";2024-05-15 04:00:00;78,75;11,06;
"K-B3 ACOEM SW 5";2024-05-15 03:00:00;77,67;11,55;
"K-B3 ACOEM SW 5";2024-05-15 02:00:00;75,56;12,32;
"K-B3 ACOEM SW 5";2024-05-15 01:00:00;73,89;13,24;
"K-B3 ACOEM SW 5";2024-05-15 00:00:00;71,87;13,99;
"K-B3 ACOEM SW 5";2024-05-14 23:00:00;67,62;14,91;
"K-B3 ACOEM SW 5";2024-05-14 22:00:00;61,49;15,95;
"K-B3 ACOEM SW 5";2024-05-14 21:00:00;54,63;17,72;
"K-B3 ACOEM SW 5";2024-05-14 20:00:00;55,54;18,18;
"K-B3 ACOEM SW 5";2024-05-14 19:00:00;56,71;18,41;
"K-B3 ACOEM SW 5";2024-05-14 18:00:00;55,92;18,81;
"K-B3 ACOEM SW 5";2024-05-14 17:00:00;56,99;18,67;
"K-B3 ACOEM SW 5";2024-05-14 16:00:00;57,87;17,88;
"K-B3 ACOEM SW 5";2024-05-14 15:00:00;56,32;17,87;
"K-B3 ACOEM SW 5";2024-05-14 14:00:00;55,32;18,03;
"K-B3 ACOEM SW 5";2024-05-14 13:00:00;55,08;18,07;
"K-B3 ACOEM SW 5";2024-05-14 12:00:00;57,24;17,54;
"K-B3 ACOEM SW 5";2024-05-14 11:00:00;57,91;17,59;
"K-B3 ACOEM SW 5";2024-05-14 10:00:00;63,11;16,73;
"K-B3 ACOEM SW 5";2024-05-14 09:00:00;69,37;15,14;
"K-B3 ACOEM SW 5";2024-05-14 08:00:00;73,79;12,81;
"K-B3 ACOEM SW 5";2024-05-14 07:00:00;78,10;10,82;
"K-B3 ACOEM SW 5";2024-05-14 06:00:00;82,13;9,51;
"K-B3 ACOEM SW 5";2024-05-14 05:00:00;83,22;9,70;
"K-B3 ACOEM SW 5";2024-05-14 04:00:00;82,27;10,19;
"K-B3 ACOEM SW 5";2024-05-14 03:00:00;80,69;11,09;
"K-B3 ACOEM SW 5";2024-05-14 02:00:00;80,85;11,58;
"K-B3 ACOEM SW 5";2024-05-14 01:00:00;80,02;11,94;
"K-B3 ACOEM SW 5";2024-05-14 00:00:00;76,30;12,55;
"K-B3 ACOEM SW 5";2024-05-13 23:00:00;70,71;13,40;
"K-B3 ACOEM SW 5";2024-05-13 22:00:00;64,77;14,42;
"K-B3 ACOEM SW 5";2024-05-13 21:00:00;61,06;15,45;
"K-B3 ACOEM SW 5";2024-05-13 20:00:00;57,08;16,40;
"K-B3 ACOEM SW 5";2024-05-13 19:00:00;55,37;16,69;
"K-B3 ACOEM SW 5";2024-05-13 18:00:00;55,52;16,80;
"K-B3 ACOEM SW 5";2024-05-13 17:00:00;57,86;16,70;
"K-B3 ACOEM SW 5";2024-05-13 16:00:00;55,18;17,19;
"K-B3 ACOEM SW 5";2024-05-13 15:00:00;47,31;17,83;
"K-B3 ACOEM SW 5";2024-05-13 14:00:00;46,51;17,36;
"K-B3 ACOEM SW 5";2024-05-13 13:00:00;49,91;17,16;
"K-B3 ACOEM SW 5";2024-05-13 12:00:00;58,76;16,63;
"K-B3 ACOEM SW 5";2024-05-13 11:00:00;62,59;16,10;
"K-B3 ACOEM SW 5";2024-05-13 10:00:00;60,89;15,84;
"K-B3 ACOEM SW 5";2024-05-13 09:00:00;70,48;14,47;
"K-B3 ACOEM SW 5";2024-05-13 08:00:00;81,12;12,01;
"K-B3 ACOEM SW 5";2024-05-13 07:00:00;88,17;9,41;
"K-B3 ACOEM SW 5";2024-05-13 06:00:00;89,58;8,71;
"K-B3 ACOEM SW 5";2024-05-13 05:00:00;89,60;9,03;
"K-B3 ACOEM SW 5";2024-05-13 04:00:00;88,42;9,59;
"K-B3 ACOEM SW 5";2024-05-13 03:00:00;86,31;10,30;
"K-B3 ACOEM SW 5";2024-05-13 02:00:00;85,42;10,89;
"K-B3 ACOEM SW 5";2024-05-13 01:00:00;84,05;11,64;
"K-B3 ACOEM SW 5";2024-05-13 00:00:00;83,35;12,41;
"K-B3 ACOEM SW 5";2024-05-12 23:00:00;83,60;13,32;
"K-B3 ACOEM SW 5";2024-05-12 22:00:00;83,14;13,83;
"K-B3 ACOEM SW 5";2024-05-12 21:00:00;75,99;15,10;
"K-B3 ACOEM SW 5";2024-05-12 20:00:00;68,08;16,97;
"K-B3 ACOEM SW 5";2024-05-12 19:00:00;63,50;18,15;
"K-B3 ACOEM SW 5";2024-05-12 18:00:00;62,36;17,58;
"K-B3 ACOEM SW 5";2024-05-12 17:00:00;67,47;17,56;
"K-B3 ACOEM SW 5";2024-05-12 16:00:00;65,70;17,91;
"K-B3 ACOEM SW 5";2024-05-12 15:00:00;68,70;16,75;
"K-B3 ACOEM SW 5";2024-05-12 14:00:00;60,64;19,02;
"K-B3 ACOEM SW 5";2024-05-12 13:00:00;62,72;18,50;
"K-B3 ACOEM SW 5";2024-05-12 12:00:00;70,29;15,70;
"K-B3 ACOEM SW 5";2024-05-12 11:00:00;68,38;16,26;
"K-B3 ACOEM SW 5";2024-05-12 10:00:00;65,83;16,39;
"K-B3 ACOEM SW 5";2024-05-12 09:00:00;73,22;14,26;
"K-B3 ACOEM SW 5";2024-05-12 08:00:00;83,43;12,07;
"K-B3 ACOEM SW 5";2024-05-12 07:00:00;89,50;9,65;
"K-B3 ACOEM SW 5";2024-05-12 06:00:00;89,63;8,88;
"K-B3 ACOEM SW 5";2024-05-12 05:00:00;88,45;9,14;
"K-B3 ACOEM SW 5";2024-05-12 04:00:00;87,70;9,68;
"K-B3 ACOEM SW 5";2024-05-12 03:00:00;87,37;10,17;
"K-B3 ACOEM SW 5";2024-05-12 02:00:00;87,39;10,69;
"K-B3 ACOEM SW 5";2024-05-12 01:00:00;86,96;11,08;
"K-B3 ACOEM SW 5";2024-05-12 00:00:00;85,59;11,65;
"K-B3 ACOEM SW 5";2024-05-11 23:00:00;84,17;12,30;
"K-B3 ACOEM SW 5";2024-05-11 22:00:00;80,87;13,15;
"K-B3 ACOEM SW 5";2024-05-11 21:00:00;69,92;15,33;
"K-B3 ACOEM SW 5";2024-05-11 20:00:00;56,44;17,35;
"K-B3 ACOEM SW 5";2024-05-11 19:00:00;46,46;17,42;
"K-B3 ACOEM SW 5";2024-05-11 18:00:00;53,58;17,23;
"K-B3 ACOEM SW 5";2024-05-11 17:00:00;58,03;17,82;
"K-B3 ACOEM SW 5";2024-05-11 16:00:00;54,75;17,33;
"K-B3 ACOEM SW 5";2024-05-11 15:00:00;53,46;18,14;
"K-B3 ACOEM SW 5";2024-05-11 14:00:00;48,09;18,40;
"K-B3 ACOEM SW 5";2024-05-11 13:00:00;45,44;17,33;
"K-B3 ACOEM SW 5";2024-05-11 12:00:00;45,22;15,78;
"K-B3 ACOEM SW 5";2024-05-11 11:00:00;45,92;16,35;
"K-B3 ACOEM SW 5";2024-05-11 10:00:00;47,99;16,84;
"K-B3 ACOEM SW 5";2024-05-11 09:00:00;59,01;13,85;
"K-B3 ACOEM SW 5";2024-05-11 08:00:00;68,62;11,23;
"K-B3 ACOEM SW 5";2024-05-11 07:00:00;72,42;9,89;
"K-B3 ACOEM SW 5";2024-05-11 06:00:00;73,39;9,51;
"K-B3 ACOEM SW 5";2024-05-11 05:00:00;72,17;9,84;
"K-B3 ACOEM SW 5";2024-05-11 04:00:00;73,73;9,97;
"K-B3 ACOEM SW 5";2024-05-11 03:00:00;75,63;10,42;
"K-B3 ACOEM SW 5";2024-05-11 02:00:00;74,13;11,15;
"K-B3 ACOEM SW 5";2024-05-11 01:00:00;73,77;11,62;
"K-B3 ACOEM SW 5";2024-05-11 00:00:00;73,18;11,53;
"K-B3 ACOEM SW 5";2024-05-10 23:00:00;74,78;11,44;
"K-B3 ACOEM SW 5";2024-05-10 22:00:00;67,14;12,41;
"K-B3 ACOEM SW 5";2024-05-10 21:00:00;57,94;13,56;
"K-B3 ACOEM SW 5";2024-05-10 20:00:00;48,10;15,18;
"K-B3 ACOEM SW 5";2024-05-10 19:00:00;43,42;14,62;
"K-B3 ACOEM SW 5";2024-05-10 18:00:00;44,14;14,69;
"K-B3 ACOEM SW 5";2024-05-10 17:00:00;43,31;15,41;
"K-B3 ACOEM SW 5";2024-05-10 16:00:00;45,61;15,24;
"K-B3 ACOEM SW 5";2024-05-10 15:00:00;46,55;13,87;
"K-B3 ACOEM SW 5";2024-05-10 14:00:00;51,74;13,61;
"K-B3 ACOEM SW 5";2024-05-10 13:00:00;49,26;14,13;
"K-B3 ACOEM SW 5";2024-05-10 12:00:00;46,28;13,59;
"K-B3 ACOEM SW 5";2024-05-10 11:00:00;47,44;13,43;
"K-B3 ACOEM SW 5";2024-05-10 10:00:00;55,93;12,56;
"K-B3 ACOEM SW 5";2024-05-10 09:00:00;60,67;12,23;
"K-B3 ACOEM SW 5";2024-05-10 08:00:00;61,72;11,87;
"K-B3 ACOEM SW 5";2024-05-10 07:00:00;69,43;9,74;
"K-B3 ACOEM SW 5";2024-05-10 06:00:00;76,97;8,65;
"K-B3 ACOEM SW 5";2024-05-10 05:00:00;76,97;9,26;
"K-B3 ACOEM SW 5";2024-05-10 04:00:00;79,27;9,82;
"K-B3 ACOEM SW 5";2024-05-10 03:00:00;79,85;10,68;
"K-B3 ACOEM SW 5";2024-05-10 02:00:00;82,01;11,01;
"K-B3 ACOEM SW 5";2024-05-10 01:00:00;83,06;11,48;
"K-B3 ACOEM SW 5";2024-05-10 00:00:00;81,45;12,15;
"K-B3 ACOEM SW 5";2024-05-09 23:00:00;74,81;13,70;
"K-B3 ACOEM SW 5";2024-05-09 22:00:00;69,44;14,99;
"K-B3 ACOEM SW 5";2024-05-09 21:00:00;65,50;16,22;
"K-B3 ACOEM SW 5";2024-05-09 20:00:00;63,53;16,79;
"K-B3 ACOEM SW 5";2024-05-09 19:00:00;64,34;17,03;
"K-B3 ACOEM SW 5";2024-05-09 18:00:00;78,44;14,96;
"K-B3 ACOEM SW 5";2024-05-09 17:00:00;86,18;13,76;
"K-B3 ACOEM SW 5";2024-05-09 16:00:00;85,79;13,70;
"K-B3 ACOEM SW 5";2024-05-09 15:00:00;83,68;13,34;
"K-B3 ACOEM SW 5";2024-05-09 14:00:00;83,01;13,17;
"K-B3 ACOEM SW 5";2024-05-09 13:00:00;79,75;13,46;
"K-B3 ACOEM SW 5";2024-05-09 12:00:00;74,74;13,76;
"K-B3 ACOEM SW 5";2024-05-09 11:00:00;68,59;14,44;
"K-B3 ACOEM SW 5";2024-05-09 10:00:00;67,16;13,50;
"K-B3 ACOEM SW 5";2024-05-09 09:00:00;65,94;12,07;
"K-B3 ACOEM SW 5";2024-05-09 08:00:00;68,86;11,50;
"K-B3 ACOEM SW 5";2024-05-09 07:00:00;69,66;11,40;
"K-B3 ACOEM SW 5";2024-05-09 06:00:00;67,93;11,21;
"K-B3 ACOEM SW 5";2024-05-09 05:00:00;69,47;11,07;
"K-B3 ACOEM SW 5";2024-05-09 04:00:00;73,60;11,24;
"K-B3 ACOEM SW 5";2024-05-09 03:00:00;73,64;11,68;
"K-B3 ACOEM SW 5";2024-05-09 02:00:00;75,52;11,58;
"K-B3 ACOEM SW 5";2024-05-09 01:00:00;77,64;11,26;
"K-B3 ACOEM SW 5";2024-05-09 00:00:00;78,76;11,16;
"K-B3 ACOEM SW 5";2024-05-08 23:00:00;75,91;12,20;
"K-B3 ACOEM SW 5";2024-05-08 22:00:00;68,96;14,12;
"K-B3 ACOEM SW 5";2024-05-08 21:00:00;61,06;15,76;
"K-B3 ACOEM SW 5";2024-05-08 20:00:00;54,54;17,18;
"K-B3 ACOEM SW 5";2024-05-08 19:00:00;46,85;19,46;
"K-B3 ACOEM SW 5";2024-05-08 18:00:00;49,94;19,00;
"K-B3 ACOEM SW 5";2024-05-08 17:00:00;45,98;20,23;
"K-B3 ACOEM SW 5";2024-05-08 16:00:00;44,88;20,90;
"K-B3 ACOEM SW 5";2024-05-08 15:00:00;43,32;21,14;
"K-B3 ACOEM SW 5";2024-05-08 14:00:00;43,68;21,51;
"K-B3 ACOEM SW 5";2024-05-08 13:00:00;52,22;20,05;
"K-B3 ACOEM SW 5";2024-05-08 12:00:00;49,28;19,35;
"K-B3 ACOEM SW 5";2024-05-08 11:00:00;45,10;19,14;
"K-B3 ACOEM SW 5";2024-05-08 10:00:00;53,75;17,77;
"K-B3 ACOEM SW 5";2024-05-08 09:00:00;57,85;15,32;
"K-B3 ACOEM SW 5";2024-05-08 08:00:00;69,42;11,66;
"K-B3 ACOEM SW 5";2024-05-08 07:00:00;81,58;9,05;
"K-B3 ACOEM SW 5";2024-05-08 06:00:00;82,69;8,69;
"K-B3 ACOEM SW 5";2024-05-08 05:00:00;81,66;9,28;
"K-B3 ACOEM SW 5";2024-05-08 04:00:00;82,27;9,50;
"K-B3 ACOEM SW 5";2024-05-08 03:00:00;80,38;10,13;
"K-B3 ACOEM SW 5";2024-05-08 02:00:00;80,98;10,19;
"K-B3 ACOEM SW 5";2024-05-08 01:00:00;81,62;10,02;
"K-B3 ACOEM SW 5";2024-05-08 00:00:00;80,69;10,14;
"K-B3 ACOEM SW 5";2024-05-07 23:00:00;79,31;10,44;
"K-B3 ACOEM SW 5";2024-05-07 22:00:00;75,42;11,42;
"K-B3 ACOEM SW 5";2024-05-07 21:00:00;68,87;12,98;
"K-B3 ACOEM SW 5";2024-05-07 20:00:00;64,97;14,07;
"K-B3 ACOEM SW 5";2024-05-07 19:00:00;62,19;14,47;
"K-B3 ACOEM SW 5";2024-05-07 18:00:00;56,53;15,70;
"K-B3 ACOEM SW 5";2024-05-07 17:00:00;54,68;15,51;
"K-B3 ACOEM SW 5";2024-05-07 16:00:00;52,22;16,40;
"K-B3 ACOEM SW 5";2024-05-07 15:00:00;53,17;16,37;
"K-B3 ACOEM SW 5";2024-05-07 14:00:00;54,70;16,12;
"K-B3 ACOEM SW 5";2024-05-07 13:00:00;52,27;16,36;
"K-B3 ACOEM SW 5";2024-05-07 12:00:00;58,71;14,77;
"K-B3 ACOEM SW 5";2024-05-07 11:00:00;58,09;14,51;
"K-B3 ACOEM SW 5";2024-05-07 10:00:00;62,71;13,37;
"K-B3 ACOEM SW 5";2024-05-07 09:00:00;65,91;12,81;
"K-B3 ACOEM SW 5";2024-05-07 08:00:00;76,75;9,66;
"K-B3 ACOEM SW 5";2024-05-07 07:00:00;85,05;6,89;
"K-B3 ACOEM SW 5";2024-05-07 06:00:00;84,69;6,66;
"K-B3 ACOEM SW 5";2024-05-07 05:00:00;82,18;7,54;
"K-B3 ACOEM SW 5";2024-05-07 04:00:00;80,10;8,42;
"K-B3 ACOEM SW 5";2024-05-07 03:00:00;79,40;8,92;
"K-B3 ACOEM SW 5";2024-05-07 02:00:00;79,19;9,21;
"K-B3 ACOEM SW 5";2024-05-07 01:00:00;77,14;10,10;
"K-B3 ACOEM SW 5";2024-05-07 00:00:00;76,42;10,74;
"K-B3 ACOEM SW 5";2024-05-06 23:00:00;76,62;10,65;
"K-B3 ACOEM SW 5";2024-05-06 22:00:00;78,29;10,57;
"K-B3 ACOEM SW 5";2024-05-06 21:00:00;74,12;11,27;
"K-B3 ACOEM SW 5";2024-05-06 20:00:00;62,51;12,07;
"K-B3 ACOEM SW 5";2024-05-06 19:00:00;61,60;12,29;
"K-B3 ACOEM SW 5";2024-05-06 18:00:00;62,51;12,31;
"K-B3 ACOEM SW 5";2024-05-06 17:00:00;65,30;12,56;
"K-B3 ACOEM SW 5";2024-05-06 16:00:00;66,30;13,04;
"K-B3 ACOEM SW 5";2024-05-06 15:00:00;69,41;12,77;
"K-B3 ACOEM SW 5";2024-05-06 14:00:00;77,65;11,23;
"K-B3 ACOEM SW 5";2024-05-06 13:00:00;82,72;10,48;
"K-B3 ACOEM SW 5";2024-05-06 12:00:00;86,91;10,09;
"K-B3 ACOEM SW 5";2024-05-06 11:00:00;92,16;9,41;
"K-B3 ACOEM SW 5";2024-05-06 10:00:00;92,51;9,30;
"K-B3 ACOEM SW 5";2024-05-06 09:00:00;91,81;9,46;
"K-B3 ACOEM SW 5";2024-05-06 08:00:00;91,59;9,82;
"K-B3 ACOEM SW 5";2024-05-06 07:00:00;92,27;10,18;
"K-B3 ACOEM SW 5";2024-05-06 06:00:00;91,38;10,93;
"K-B3 ACOEM SW 5";2024-05-06 05:00:00;89,69;11,56;
"K-B3 ACOEM SW 5";2024-05-06 04:00:00;77,87;12,72;
"K-B3 ACOEM SW 5";2024-05-06 03:00:00;77,96;12,21;
"K-B3 ACOEM SW 5";2024-05-06 02:00:00;80,52;11,58;
"K-B3 ACOEM SW 5";2024-05-06 01:00:00;83,55;11,24;
"K-B3 ACOEM SW 5";2024-05-06 00:00:00;84,70;11,14;
"K-B3 ACOEM SW 5";2024-05-05 23:00:00;80,73;11,99;
"K-B3 ACOEM SW 5";2024-05-05 22:00:00;77,54;13,06;
"K-B3 ACOEM SW 5";2024-05-05 21:00:00;75,42;13,81;
"K-B3 ACOEM SW 5";2024-05-05 20:00:00;72,91;14,08;
"K-B3 ACOEM SW 5";2024-05-05 19:00:00;70,54;14,54;
"K-B3 ACOEM SW 5";2024-05-05 18:00:00;64,62;15,65;
"K-B3 ACOEM SW 5";2024-05-05 17:00:00;64,68;15,52;
"K-B3 ACOEM SW 5";2024-05-05 16:00:00;64,03;15,70;
"K-B3 ACOEM SW 5";2024-05-05 15:00:00;61,93;16,44;
"K-B3 ACOEM SW 5";2024-05-05 14:00:00;58,51;16,93;
"K-B3 ACOEM SW 5";2024-05-05 13:00:00;56,40;17,53;
"K-B3 ACOEM SW 5";2024-05-05 12:00:00;58,49;17,34;
"K-B3 ACOEM SW 5";2024-05-05 11:00:00;58,83;17,10;
"K-B3 ACOEM SW 5";2024-05-05 10:00:00;65,21;15,73;
"K-B3 ACOEM SW 5";2024-05-05 09:00:00;72,18;13,35;
"K-B3 ACOEM SW 5";2024-05-05 08:00:00;77,80;11,89;
"K-B3 ACOEM SW 5";2024-05-05 07:00:00;79,45;11,39;
"K-B3 ACOEM SW 5";2024-05-05 06:00:00;76,85;11,72;
"K-B3 ACOEM SW 5";2024-05-05 05:00:00;75,82;11,81;
"K-B3 ACOEM SW 5";2024-05-05 04:00:00;76,80;11,80;
"K-B3 ACOEM SW 5";2024-05-05 03:00:00;79,14;11,53;
"K-B3 ACOEM SW 5";2024-05-05 02:00:00;81,41;11,22;
"K-B3 ACOEM SW 5";2024-05-05 01:00:00;81,48;11,10;
"K-B3 ACOEM SW 5";2024-05-05 00:00:00;79,63;11,49;
"K-B3 ACOEM SW 5";2024-05-04 23:00:00;78,56;11,86;
"K-B3 ACOEM SW 5";2024-05-04 22:00:00;74,59;12,89;
"K-B3 ACOEM SW 5";2024-05-04 21:00:00;70,03;14,21;
"K-B3 ACOEM SW 5";2024-05-04 20:00:00;62,00;16,71;
"K-B3 ACOEM SW 5";2024-05-04 19:00:00;57,58;18,12;
"K-B3 ACOEM SW 5";2024-05-04 18:00:00;57,28;16,77;
"K-B3 ACOEM SW 5";2024-05-04 17:00:00;56,79;16,85;
"K-B3 ACOEM SW 5";2024-05-04 16:00:00;56,07;17,22;
"K-B3 ACOEM SW 5";2024-05-04 15:00:00;52,56;17,76;
"K-B3 ACOEM SW 5";2024-05-04 14:00:00;48,88;18,90;
"K-B3 ACOEM SW 5";2024-05-04 13:00:00;49,83;18,09;
"K-B3 ACOEM SW 5";2024-05-04 12:00:00;53,58;16,19;
"K-B3 ACOEM SW 5";2024-05-04 11:00:00;48,53;16,02;
"K-B3 ACOEM SW 5";2024-05-04 10:00:00;47,91;15,83;
"K-B3 ACOEM SW 5";2024-05-04 09:00:00;48,89;15,15;
"K-B3 ACOEM SW 5";2024-05-04 08:00:00;51,19;13,57;
"K-B3 ACOEM SW 5";2024-05-04 07:00:00;52,90;12,67;
"K-B3 ACOEM SW 5";2024-05-04 06:00:00;52,07;12,88;
"K-B3 ACOEM SW 5";2024-05-04 05:00:00;50,14;13,45;
"K-B3 ACOEM SW 5";2024-05-04 04:00:00;48,74;13,91;
"K-B3 ACOEM SW 5";2024-05-04 03:00:00;47,49;14,32;
"K-B3 ACOEM SW 5";2024-05-04 02:00:00;46,40;14,85;
"K-B3 ACOEM SW 5";2024-05-04 01:00:00;45,84;15,36;
"K-B3 ACOEM SW 5";2024-05-04 00:00:00;45,03;15,89;
"K-B3 ACOEM SW 5";2024-05-03 23:00:00;43,41;16,60;
"K-B3 ACOEM SW 5";2024-05-03 22:00:00;41,43;17,41;
"K-B3 ACOEM SW 5";2024-05-03 21:00:00;38,65;18,36;
"K-B3 ACOEM SW 5";2024-05-03 20:00:00;35,19;19,30;
"K-B3 ACOEM SW 5";2024-05-03 19:00:00;34,05;19,61;
"K-B3 ACOEM SW 5";2024-05-03 18:00:00;34,02;19,36;
"K-B3 ACOEM SW 5";2024-05-03 17:00:00;34,74;19,30;
"K-B3 ACOEM SW 5";2024-05-03 16:00:00;36,36;18,75;
"K-B3 ACOEM SW 5";2024-05-03 15:00:00;38,00;18,54;
"K-B3 ACOEM SW 5";2024-05-03 14:00:00;39,34;18,03;
"K-B3 ACOEM SW 5";2024-05-03 13:00:00;39,60;17,60;
"K-B3 ACOEM SW 5";2024-05-03 12:00:00;39,82;16,88;
"K-B3 ACOEM SW 5";2024-05-03 11:00:00;40,90;16,01;
"K-B3 ACOEM SW 5";2024-05-03 10:00:00;41,74;15,06;
"K-B3 ACOEM SW 5";2024-05-03 09:00:00;42,71;14,00;
"K-B3 ACOEM SW 5";2024-05-03 08:00:00;44,71;13,06;
"K-B3 ACOEM SW 5";2024-05-03 07:00:00;45,11;12,35;
"K-B3 ACOEM SW 5";2024-05-03 06:00:00;45,15;12,29;
"K-B3 ACOEM SW 5";2024-05-03 05:00:00;43,57;12,79;
"K-B3 ACOEM SW 5";2024-05-03 04:00:00;42,62;13,21;
"K-B3 ACOEM SW 5";2024-05-03 03:00:00;44,68;13,66;
"K-B3 ACOEM SW 5";2024-05-03 02:00:00;44,06;14,26;
"K-B3 ACOEM SW 5";2024-05-03 01:00:00;42,62;15,00;
"K-B3 ACOEM SW 5";2024-05-03 00:00:00;40,41;15,69;
"K-B3 ACOEM SW 5";2024-05-02 23:00:00;42,37;15,98;
"K-B3 ACOEM SW 5";2024-05-02 22:00:00;45,17;16,14;
"K-B3 ACOEM SW 5";2024-05-02 21:00:00;44,10;17,04;
"K-B3 ACOEM SW 5";2024-05-02 20:00:00;40,21;18,20;
"K-B3 ACOEM SW 5";2024-05-02 19:00:00;33,45;18,78;
"K-B3 ACOEM SW 5";2024-05-02 18:00:00;33,47;18,92;
"K-B3 ACOEM SW 5";2024-05-02 17:00:00;32,68;18,75;
"K-B3 ACOEM SW 5";2024-05-02 16:00:00;34,11;18,09;
"K-B3 ACOEM SW 5";2024-05-02 15:00:00;36,41;18,52;
"K-B3 ACOEM SW 5";2024-05-02 14:00:00;38,14;18,42;
"K-B3 ACOEM SW 5";2024-05-02 13:00:00;40,14;17,35;
"K-B3 ACOEM SW 5";2024-05-02 12:00:00;40,05;17,39;
"K-B3 ACOEM SW 5";2024-05-02 11:00:00;41,44;16,81;
"K-B3 ACOEM SW 5";2024-05-02 10:00:00;42,38;15,98;
"K-B3 ACOEM SW 5";2024-05-02 09:00:00;43,39;15,03;
"K-B3 ACOEM SW 5";2024-05-02 08:00:00;44,87;14,27;
"K-B3 ACOEM SW 5";2024-05-02 07:00:00;45,03;13,76;
"K-B3 ACOEM SW 5";2024-05-02 06:00:00;43,59;13,91;
"K-B3 ACOEM SW 5";2024-05-02 05:00:00;42,84;14,29;
"K-B3 ACOEM SW 5";2024-05-02 04:00:00;42,56;14,69;
"K-B3 ACOEM SW 5";2024-05-02 03:00:00;43,84;15,23;
"K-B3 ACOEM SW 5";2024-05-02 02:00:00;46,24;15,65;
"K-B3 ACOEM SW 5";2024-05-02 01:00:00;44,47;16,28;
"K-B3 ACOEM SW 5";2024-05-02 00:00:00;44,75;16,33;
"K-B3 ACOEM SW 5";2024-05-01 23:00:00;45,93;16,32;
"K-B3 ACOEM SW 5";2024-05-01 22:00:00;45,16;16,61;
"K-B3 ACOEM SW 5";2024-05-01 21:00:00;43,09;17,27;
"K-B3 ACOEM SW 5";2024-05-01 20:00:00;39,99;17,72;
"K-B3 ACOEM SW 5";2024-05-01 19:00:00;40,84;17,39;
"K-B3 ACOEM SW 5";2024-05-01 18:00:00;41,24;17,56;
"K-B3 ACOEM SW 5";2024-05-01 17:00:00;40,77;17,40;
"K-B3 ACOEM SW 5";2024-05-01 16:00:00;45,42;16,18;
"K-B3 ACOEM SW 5";2024-05-01 15:00:00;40,47;16,06;
"K-B3 ACOEM SW 5";2024-05-01 14:00:00;40,29;16,63;
"K-B3 ACOEM SW 5";2024-05-01 13:00:00;42,67;15,70;
"K-B3 ACOEM SW 5";2024-05-01 12:00:00;45,04;15,01;
"K-B3 ACOEM SW 5";2024-05-01 11:00:00;47,14;14,26;
"K-B3 ACOEM SW 5";2024-05-01 10:00:00;51,62;13,62;
"K-B3 ACOEM SW 5";2024-05-01 09:00:00;65,06;12,13;
"K-B3 ACOEM SW 5";2024-05-01 08:00:00;71,60;11,11;
"K-B3 ACOEM SW 5";2024-05-01 07:00:00;76,60;10,37;
"K-B3 ACOEM SW 5";2024-05-01 06:00:00;79,00;10,23;
"K-B3 ACOEM SW 5";2024-05-01 05:00:00;80,77;10,32;
"K-B3 ACOEM SW 5";2024-05-01 04:00:00;79,59;10,70;
"K-B3 ACOEM SW 5";2024-05-01 03:00:00;70,67;12,02;
"K-B3 ACOEM SW 5";2024-05-01 02:00:00;64,90;12,70;
"K-B3 ACOEM SW 5";2024-05-01 01:00:00;70,18;12,01;
"K-B3 ACOEM SW 5";2024-05-01 00:00:00;64,26;12,85;
"K-B3 ACOEM SW 5";2024-04-30 23:00:00;68,57;12,65;
"K-B3 ACOEM SW 5";2024-04-30 22:00:00;69,56;12,80;
"K-B3 ACOEM SW 5";2024-04-30 21:00:00;71,11;12,52;
"K-B3 ACOEM SW 5";2024-04-30 20:00:00;76,39;11,75;
"K-B3 ACOEM SW 5";2024-04-30 19:00:00;72,37;12,16;
"K-B3 ACOEM SW 5";2024-04-30 18:00:00;71,89;11,98;
"K-B3 ACOEM SW 5";2024-04-30 17:00:00;70,30;12,08;
"K-B3 ACOEM SW 5";2024-04-30 16:00:00;69,53;12,42;
"K-B3 ACOEM SW 5";2024-04-30 15:00:00;72,43;12,43;
"K-B3 ACOEM SW 5";2024-04-30 14:00:00;74,90;12,67;
"K-B3 ACOEM SW 5";2024-04-30 13:00:00;78,53;12,83;
"K-B3 ACOEM SW 5";2024-04-30 12:00:00;89,63;9,96;
"K-B3 ACOEM SW 5";2024-04-30 11:00:00;89,85;9,10;
"K-B3 ACOEM SW 5";2024-04-30 10:00:00;87,69;8,87;
"K-B3 ACOEM SW 5";2024-04-30 09:00:00;92,60;7,16;
"K-B3 ACOEM SW 5";2024-04-30 08:00:00;91,93;6,70;
"K-B3 ACOEM SW 5";2024-04-30 07:00:00;94,14;6,18;
"K-B3 ACOEM SW 5";2024-04-30 06:00:00;94,33;5,71;
"K-B3 ACOEM SW 5";2024-04-30 05:00:00;94,17;5,54;
"K-B3 ACOEM SW 5";2024-04-30 04:00:00;93,32;5,67;
"K-B3 ACOEM SW 5";2024-04-30 03:00:00;91,63;6,29;
"K-B3 ACOEM SW 5";2024-04-30 02:00:00;90,17;7,30;
"K-B3 ACOEM SW 5";2024-04-30 01:00:00;91,39;7,47;
"K-B3 ACOEM SW 5";2024-04-30 00:00:00;89,48;7,79;
"K-B3 ACOEM SW 5";2024-04-29 23:00:00;89,20;8,44;
"K-B3 ACOEM SW 5";2024-04-29 22:00:00;87,08;9,30;
"K-B3 ACOEM SW 5";2024-04-29 21:00:00;75,09;11,15;
"K-B3 ACOEM SW 5";2024-04-29 20:00:00;80,05;11,09;
"K-B3 ACOEM SW 5";2024-04-29 19:00:00;78,53;11,40;
"K-B3 ACOEM SW 5";2024-04-29 18:00:00;74,85;12,09;
"K-B3 ACOEM SW 5";2024-04-29 17:00:00;73,97;12,33;
"K-B3 ACOEM SW 5";2024-04-29 16:00:00;70,16;13,50;
"K-B3 ACOEM SW 5";2024-04-29 15:00:00;70,97;13,00;
"K-B3 ACOEM SW 5";2024-04-29 14:00:00;71,64;12,72;
"K-B3 ACOEM SW 5";2024-04-29 13:00:00;75,44;12,02;
"K-B3 ACOEM SW 5";2024-04-29 12:00:00;82,53;10,43;
"K-B3 ACOEM SW 5";2024-04-29 11:00:00;85,95;9,86;
"K-B3 ACOEM SW 5";2024-04-29 10:00:00;89,21;9,06;
"K-B3 ACOEM SW 5";2024-04-29 09:00:00;91,06;8,39;
"K-B3 ACOEM SW 5";2024-04-29 08:00:00;92,31;7,89;
"K-B3 ACOEM SW 5";2024-04-29 07:00:00;92,29;7,55;
"K-B3 ACOEM SW 5";2024-04-29 06:00:00;91,48;7,73;
"K-B3 ACOEM SW 5";2024-04-29 05:00:00;90,11;8,07;
"K-B3 ACOEM SW 5";2024-04-29 04:00:00;89,57;8,30;
"K-B3 ACOEM SW 5";2024-04-29 03:00:00;88,82;9,05;
"K-B3 ACOEM SW 5";2024-04-29 02:00:00;93,39;9,26;
"K-B3 ACOEM SW 5";2024-04-29 01:00:00;93,37;8,99;
"K-B3 ACOEM SW 5";2024-04-29 00:00:00;91,89;8,79;
"K-B3 ACOEM SW 5";2024-04-28 23:00:00;92,72;8,21;
"K-B3 ACOEM SW 5";2024-04-28 22:00:00;92,60;7,97;
"K-B3 ACOEM SW 5";2024-04-28 21:00:00;89,64;8,30;
"K-B3 ACOEM SW 5";2024-04-28 20:00:00;87,91;8,59;
"K-B3 ACOEM SW 5";2024-04-28 19:00:00;84,52;8,95;
"K-B3 ACOEM SW 5";2024-04-28 18:00:00;83,36;9,10;
"K-B3 ACOEM SW 5";2024-04-28 17:00:00;84,57;8,65;
"K-B3 ACOEM SW 5";2024-04-28 16:00:00;86,92;8,03;
"K-B3 ACOEM SW 5";2024-04-28 15:00:00;89,94;7,56;
"K-B3 ACOEM SW 5";2024-04-28 14:00:00;92,05;7,16;
"K-B3 ACOEM SW 5";2024-04-28 13:00:00;92,04;6,89;
"K-B3 ACOEM SW 5";2024-04-28 12:00:00;90,49;6,83;
"K-B3 ACOEM SW 5";2024-04-28 11:00:00;90,25;6,68;
"K-B3 ACOEM SW 5";2024-04-28 10:00:00;91,15;6,31;
"K-B3 ACOEM SW 5";2024-04-28 09:00:00;92,21;5,86;
"K-B3 ACOEM SW 5";2024-04-28 08:00:00;91,56;5,62;
"K-B3 ACOEM SW 5";2024-04-28 07:00:00;92,08;5,89;
"K-B3 ACOEM SW 5";2024-04-28 06:00:00;93,92;5,96;
"K-B3 ACOEM SW 5";2024-04-28 05:00:00;92,90;5,88;
"K-B3 ACOEM SW 5";2024-04-28 04:00:00;91,55;6,11;
"K-B3 ACOEM SW 5";2024-04-28 03:00:00;89,32;6,12;
"K-B3 ACOEM SW 5";2024-04-28 02:00:00;82,90;6,75;
"K-B3 ACOEM SW 5";2024-04-28 01:00:00;79,73;7,70;
"K-B3 ACOEM SW 5";2024-04-28 00:00:00;79,14;7,63;
"K-B3 ACOEM SW 5";2024-04-27 23:00:00;78,77;7,44;
"K-B3 ACOEM SW 5";2024-04-27 22:00:00;77,19;7,23;
"K-B3 ACOEM SW 5";2024-04-27 21:00:00;75,19;7,06;
"K-B3 ACOEM SW 5";2024-04-27 20:00:00;71,37;7,36;
"K-B3 ACOEM SW 5";2024-04-27 19:00:00;68,86;7,76;
"K-B3 ACOEM SW 5";2024-04-27 18:00:00;66,12;8,60;
"K-B3 ACOEM SW 5";2024-04-27 17:00:00;64,48;9,08;
"K-B3 ACOEM SW 5";2024-04-27 16:00:00;67,86;8,72;
"K-B3 ACOEM SW 5";2024-04-27 15:00:00;67,44;8,39;
"K-B3 ACOEM SW 5";2024-04-27 14:00:00;64,97;8,65;
"K-B3 ACOEM SW 5";2024-04-27 13:00:00;68,31;8,30;
"K-B3 ACOEM SW 5";2024-04-27 12:00:00;67,68;8,30;
"K-B3 ACOEM SW 5";2024-04-27 11:00:00;68,91;7,71;
"K-B3 ACOEM SW 5";2024-04-27 10:00:00;72,74;6,56;
"K-B3 ACOEM SW 5";2024-04-27 09:00:00;71,63;6,46;
"K-B3 ACOEM SW 5";2024-04-27 08:00:00;75,69;4,80;
"K-B3 ACOEM SW 5";2024-04-27 07:00:00;80,94;3,43;
"K-B3 ACOEM SW 5";2024-04-27 06:00:00;81,97;3,17;
"K-B3 ACOEM SW 5";2024-04-27 05:00:00;79,63;3,29;
"K-B3 ACOEM SW 5";2024-04-27 04:00:00;76,76;3,60;
"K-B3 ACOEM SW 5";2024-04-27 03:00:00;74,06;4,00;
"K-B3 ACOEM SW 5";2024-04-27 02:00:00;70,73;4,57;
"K-B3 ACOEM SW 5";2024-04-27 01:00:00;67,80;5,13;
"K-B3 ACOEM SW 5";2024-04-27 00:00:00;67,12;5,37;
"K-B3 ACOEM SW 5";2024-04-26 23:00:00;63,81;5,98;
"K-B3 ACOEM SW 5";2024-04-26 22:00:00;58,90;7,05;
"K-B3 ACOEM SW 5";2024-04-26 21:00:00;52,96;8,14;
"K-B3 ACOEM SW 5";2024-04-26 20:00:00;51,23;8,58;
"K-B3 ACOEM SW 5";2024-04-26 19:00:00;55,63;8,96;
"K-B3 ACOEM SW 5";2024-04-26 18:00:00;57,27;9,28;
"K-B3 ACOEM SW 5";2024-04-26 17:00:00;56,95;9,82;
"K-B3 ACOEM SW 5";2024-04-26 16:00:00;58,32;9,79;
"K-B3 ACOEM SW 5";2024-04-26 15:00:00;63,05;9,42;
"K-B3 ACOEM SW 5";2024-04-26 14:00:00;68,26;9,15;
"K-B3 ACOEM SW 5";2024-04-26 13:00:00;69,05;9,06;
"K-B3 ACOEM SW 5";2024-04-26 12:00:00;72,70;8,40;
"K-B3 ACOEM SW 5";2024-04-26 11:00:00;78,81;6,91;
"K-B3 ACOEM SW 5";2024-04-26 10:00:00;77,26;6,98;
"K-B3 ACOEM SW 5";2024-04-26 09:00:00;82,66;5,02;
"K-B3 ACOEM SW 5";2024-04-26 08:00:00;84,58;3,94;
"K-B3 ACOEM SW 5";2024-04-26 07:00:00;85,13;3,59;
"K-B3 ACOEM SW 5";2024-04-26 06:00:00;85,28;3,74;
"K-B3 ACOEM SW 5";2024-04-26 05:00:00;85,46;4,15;
"K-B3 ACOEM SW 5";2024-04-26 04:00:00;84,46;4,65;
"K-B3 ACOEM SW 5";2024-04-26 03:00:00;83,79;5,10;
"K-B3 ACOEM SW 5";2024-04-26 02:00:00;81,01;5,67;
"K-B3 ACOEM SW 5";2024-04-26 01:00:00;80,16;5,46;
"K-B3 ACOEM SW 5";2024-04-26 00:00:00;76,26;6,10;
"K-B3 ACOEM SW 5";2024-04-25 23:00:00;76,98;6,30;
"K-B3 ACOEM SW 5";2024-04-25 22:00:00;76,79;6,43;
"K-B3 ACOEM SW 5";2024-04-25 21:00:00;71,56;7,06;
"K-B3 ACOEM SW 5";2024-04-25 20:00:00;67,30;8,37;
"K-B3 ACOEM SW 5";2024-04-25 19:00:00;68,03;8,98;
"K-B3 ACOEM SW 5";2024-04-25 18:00:00;62,84;9,62;
"K-B3 ACOEM SW 5";2024-04-25 17:00:00;64,51;9,32;
"K-B3 ACOEM SW 5";2024-04-25 16:00:00;64,78;9,60;
"K-B3 ACOEM SW 5";2024-04-25 15:00:00;66,65;9,05;
"K-B3 ACOEM SW 5";2024-04-25 14:00:00;79,42;7,29;
"K-B3 ACOEM SW 5";2024-04-25 13:00:00;87,03;4,90;
"K-B3 ACOEM SW 5";2024-04-25 12:00:00;87,48;4,47;
"K-B3 ACOEM SW 5";2024-04-25 11:00:00;89,10;4,21;
"K-B3 ACOEM SW 5";2024-04-25 10:00:00;90,48;3,58;
"K-B3 ACOEM SW 5";2024-04-25 09:00:00;88,64;3,49;
"K-B3 ACOEM SW 5";2024-04-25 08:00:00;87,73;3,22;
"K-B3 ACOEM SW 5";2024-04-25 07:00:00;86,40;3,26;
"K-B3 ACOEM SW 5";2024-04-25 06:00:00;83,60;3,60;
"K-B3 ACOEM SW 5";2024-04-25 05:00:00;82,07;3,89;
"K-B3 ACOEM SW 5";2024-04-25 04:00:00;82,03;3,63;
"K-B3 ACOEM SW 5";2024-04-25 03:00:00;83,09;3,51;
"K-B3 ACOEM SW 5";2024-04-25 02:00:00;82,33;3,69;
"K-B3 ACOEM SW 5";2024-04-25 01:00:00;78,44;4,45;
"K-B3 ACOEM SW 5";2024-04-25 00:00:00;72,94;5,28;
"K-B3 ACOEM SW 5";2024-04-24 23:00:00;71,98;5,56;
"K-B3 ACOEM SW 5";2024-04-24 22:00:00;71,94;5,81;
"K-B3 ACOEM SW 5";2024-04-24 21:00:00;69,56;6,21;
"K-B3 ACOEM SW 5";2024-04-24 20:00:00;68,04;6,67;
"K-B3 ACOEM SW 5";2024-04-24 19:00:00;67,11;6,92;
"K-B3 ACOEM SW 5";2024-04-24 18:00:00;57,33;9,35;
"K-B3 ACOEM SW 5";2024-04-24 17:00:00;50,55;11,50;
"K-B3 ACOEM SW 5";2024-04-24 16:00:00;51,32;11,03;
"K-B3 ACOEM SW 5";2024-04-24 15:00:00;48,23;11,81;
"K-B3 ACOEM SW 5";2024-04-24 14:00:00;47,63;11,42;
"K-B3 ACOEM SW 5";2024-04-24 13:00:00;47,04;10,90;
"K-B3 ACOEM SW 5";2024-04-24 12:00:00;47,60;9,77;
"K-B3 ACOEM SW 5";2024-04-24 11:00:00;45,83;9,64;
"K-B3 ACOEM SW 5";2024-04-24 10:00:00;48,59;8,84;
"K-B3 ACOEM SW 5";2024-04-24 09:00:00;50,42;7,38;
"K-B3 ACOEM SW 5";2024-04-24 08:00:00;54,56;5,41;
"K-B3 ACOEM SW 5";2024-04-24 07:00:00;57,81;4,01;
"K-B3 ACOEM SW 5";2024-04-24 06:00:00;57,94;3,76;
"K-B3 ACOEM SW 5";2024-04-24 05:00:00;56,92;4,16;
"K-B3 ACOEM SW 5";2024-04-24 04:00:00;58,30;4,15;
"K-B3 ACOEM SW 5";2024-04-24 03:00:00;62,30;3,97;
"K-B3 ACOEM SW 5";2024-04-24 02:00:00;64,66;4,33;
"K-B3 ACOEM SW 5";2024-04-24 01:00:00;62,24;5,45;
"K-B3 ACOEM SW 5";2024-04-24 00:00:00;58,94;6,02;
"K-B3 ACOEM SW 5";2024-04-23 23:00:00;52,80;6,64;
"K-B3 ACOEM SW 5";2024-04-23 22:00:00;52,46;7,38;
"K-B3 ACOEM SW 5";2024-04-23 21:00:00;49,08;7,82;
"K-B3 ACOEM SW 5";2024-04-23 20:00:00;49,49;8,08;
"K-B3 ACOEM SW 5";2024-04-23 19:00:00;50,97;8,20;
"K-B3 ACOEM SW 5";2024-04-23 18:00:00;51,80;8,44;
"K-B3 ACOEM SW 5";2024-04-23 17:00:00;50,93;8,77;
"K-B3 ACOEM SW 5";2024-04-23 16:00:00;51,84;9,01;
"K-B3 ACOEM SW 5";2024-04-23 15:00:00;52,69;8,93;
"K-B3 ACOEM SW 5";2024-04-23 14:00:00;57,70;8,92;
"K-B3 ACOEM SW 5";2024-04-23 13:00:00;57,37;9,04;
"K-B3 ACOEM SW 5";2024-04-23 12:00:00;50,93;9,82;
"K-B3 ACOEM SW 5";2024-04-23 11:00:00;44,39;9,94;
"K-B3 ACOEM SW 5";2024-04-23 10:00:00;47,00;8,87;
"K-B3 ACOEM SW 5";2024-04-23 09:00:00;59,53;6,49;
"K-B3 ACOEM SW 5";2024-04-23 08:00:00;65,49;4,92;
"K-B3 ACOEM SW 5";2024-04-23 07:00:00;65,60;4,50;
"K-B3 ACOEM SW 5";2024-04-23 06:00:00;65,65;4,48;
"K-B3 ACOEM SW 5";2024-04-23 05:00:00;63,52;4,87;
"K-B3 ACOEM SW 5";2024-04-23 04:00:00;62,49;4,88;
"K-B3 ACOEM SW 5";2024-04-23 03:00:00;64,18;4,46;
"K-B3 ACOEM SW 5";2024-04-23 02:00:00;67,73;4,14;
"K-B3 ACOEM SW 5";2024-04-23 01:00:00;70,36;4,60;
"K-B3 ACOEM SW 5";2024-04-23 00:00:00;73,26;4,81;
"K-B3 ACOEM SW 5";2024-04-22 23:00:00;73,58;5,17;
"K-B3 ACOEM SW 5";2024-04-22 22:00:00;73,90;5,71;
"K-B3 ACOEM SW 5";2024-04-22 21:00:00;68,91;6,96;
"K-B3 ACOEM SW 5";2024-04-22 20:00:00;64,56;7,83;
"K-B3 ACOEM SW 5";2024-04-22 19:00:00;62,83;7,87;
"K-B3 ACOEM SW 5";2024-04-22 18:00:00;58,27;8,15;
"K-B3 ACOEM SW 5";2024-04-22 17:00:00;54,08;8,62;
"K-B3 ACOEM SW 5";2024-04-22 16:00:00;51,73;9,00;
"K-B3 ACOEM SW 5";2024-04-22 15:00:00;50,20;9,19;
"K-B3 ACOEM SW 5";2024-04-22 14:00:00;50,31;8,92;
"K-B3 ACOEM SW 5";2024-04-22 13:00:00;50,97;8,64;
"K-B3 ACOEM SW 5";2024-04-22 12:00:00;55,73;7,43;
"K-B3 ACOEM SW 5";2024-04-22 11:00:00;61,17;6,79;
"K-B3 ACOEM SW 5";2024-04-22 10:00:00;63,77;6,73;
"K-B3 ACOEM SW 5";2024-04-22 09:00:00;61,09;5,16;
"K-B3 ACOEM SW 5";2024-04-22 08:00:00;72,45;2,07;
"K-B3 ACOEM SW 5";2024-04-22 07:00:00;82,60;0,27;
"K-B3 ACOEM SW 5";2024-04-22 06:00:00;82,70;0,21;
"K-B3 ACOEM SW 5";2024-04-22 05:00:00;78,33;0,80;
"K-B3 ACOEM SW 5";2024-04-22 04:00:00;75,44;1,25;
"K-B3 ACOEM SW 5";2024-04-22 03:00:00;71,92;1,82;
"K-B3 ACOEM SW 5";2024-04-22 02:00:00;66,46;2,94;
"K-B3 ACOEM SW 5";2024-04-22 01:00:00;61,94;3,60;
"K-B3 ACOEM SW 5";2024-04-22 00:00:00;56,80;4,01;
"K-B3 ACOEM SW 5";2024-04-21 23:00:00;49,04;4,98;
"K-B3 ACOEM SW 5";2024-04-21 22:00:00;40,28;6,60;
"K-B3 ACOEM SW 5";2024-04-21 21:00:00;32,07;9,08;
"K-B3 ACOEM SW 5";2024-04-21 20:00:00;30,30;10,23;
"K-B3 ACOEM SW 5";2024-04-21 19:00:00;32,73;10,51;
"K-B3 ACOEM SW 5";2024-04-21 18:00:00;36,30;10,18;
"K-B3 ACOEM SW 5";2024-04-21 17:00:00;42,86;9,95;
"K-B3 ACOEM SW 5";2024-04-21 16:00:00;45,31;10,02;
"K-B3 ACOEM SW 5";2024-04-21 15:00:00;45,73;9,99;
"K-B3 ACOEM SW 5";2024-04-21 14:00:00;42,54;10,06;
"K-B3 ACOEM SW 5";2024-04-21 13:00:00;40,63;9,35;
"K-B3 ACOEM SW 5";2024-04-21 12:00:00;43,98;8,82;
"K-B3 ACOEM SW 5";2024-04-21 11:00:00;37,03;8,72;
"K-B3 ACOEM SW 5";2024-04-21 10:00:00;41,25;7,58;
"K-B3 ACOEM SW 5";2024-04-21 09:00:00;47,35;6,02;
"K-B3 ACOEM SW 5";2024-04-21 08:00:00;51,29;4,64;
"K-B3 ACOEM SW 5";2024-04-21 07:00:00;55,67;3,52;
"K-B3 ACOEM SW 5";2024-04-21 06:00:00;56,42;3,71;
"K-B3 ACOEM SW 5";2024-04-21 05:00:00;55,44;4,18;
"K-B3 ACOEM SW 5";2024-04-21 04:00:00;55,99;4,36;
"K-B3 ACOEM SW 5";2024-04-21 03:00:00;56,08;4,66;
"K-B3 ACOEM SW 5";2024-04-21 02:00:00;57,17;4,85;
"K-B3 ACOEM SW 5";2024-04-21 01:00:00;56,22;5,34;
"K-B3 ACOEM SW 5";2024-04-21 00:00:00;60,60;5,05;
"K-B3 ACOEM SW 5";2024-04-20 23:00:00;75,40;4,18;
"K-B3 ACOEM SW 5";2024-04-20 22:00:00;81,24;4,39;
"K-B3 ACOEM SW 5";2024-04-20 21:00:00;81,87;4,81;
"K-B3 ACOEM SW 5";2024-04-20 20:00:00;78,56;5,27;
"K-B3 ACOEM SW 5";2024-04-20 19:00:00;72,15;6,54;
"K-B3 ACOEM SW 5";2024-04-20 18:00:00;79,10;5,72;
"K-B3 ACOEM SW 5";2024-04-20 17:00:00;82,72;4,49;
"K-B3 ACOEM SW 5";2024-04-20 16:00:00;71,73;5,77;
"K-B3 ACOEM SW 5";2024-04-20 15:00:00;52,50;8,19;
"K-B3 ACOEM SW 5";2024-04-20 14:00:00;45,58;9,55;
"K-B3 ACOEM SW 5";2024-04-20 13:00:00;43,86;10,28;
"K-B3 ACOEM SW 5";2024-04-20 12:00:00;37,71;11,62;
"K-B3 ACOEM SW 5";2024-04-20 11:00:00;39,09;11,15;
"K-B3 ACOEM SW 5";2024-04-20 10:00:00;49,31;8,50;
"K-B3 ACOEM SW 5";2024-04-20 09:00:00;62,76;5,43;
"K-B3 ACOEM SW 5";2024-04-20 08:00:00;75,11;3,23;
"K-B3 ACOEM SW 5";2024-04-20 07:00:00;83,04;2,21;
"K-B3 ACOEM SW 5";2024-04-20 06:00:00;85,23;1,75;
"K-B3 ACOEM SW 5";2024-04-20 05:00:00;81,19;2,44;
"K-B3 ACOEM SW 5";2024-04-20 04:00:00;78,19;3,26;
"K-B3 ACOEM SW 5";2024-04-20 03:00:00;77,45;3,33;
"K-B3 ACOEM SW 5";2024-04-20 02:00:00;75,79;3,60;
"K-B3 ACOEM SW 5";2024-04-20 01:00:00;74,45;3,85;
"K-B3 ACOEM SW 5";2024-04-20 00:00:00;70,96;4,58;
"K-B3 ACOEM SW 5";2024-04-19 23:00:00;68,63;5,10;
"K-B3 ACOEM SW 5";2024-04-19 22:00:00;67,63;5,37;
"K-B3 ACOEM SW 5";2024-04-19 21:00:00;66,94;5,34;
"K-B3 ACOEM SW 5";2024-04-19 20:00:00;66,76;5,41;
"K-B3 ACOEM SW 5";2024-04-19 19:00:00;63,86;6,10;
"K-B3 ACOEM SW 5";2024-04-19 18:00:00;59,50;6,66;
"K-B3 ACOEM SW 5";2024-04-19 17:00:00;59,93;6,76;
"K-B3 ACOEM SW 5";2024-04-19 16:00:00;58,86;6,56;
"K-B3 ACOEM SW 5";2024-04-19 15:00:00;59,27;6,50;
"K-B3 ACOEM SW 5";2024-04-19 14:00:00;59,50;6,04;
"K-B3 ACOEM SW 5";2024-04-19 13:00:00;61,60;6,02;
"K-B3 ACOEM SW 5";2024-04-19 12:00:00;62,49;5,28;
"K-B3 ACOEM SW 5";2024-04-19 11:00:00;64,69;4,99;
"K-B3 ACOEM SW 5";2024-04-19 10:00:00;65,62;5,00;
"K-B3 ACOEM SW 5";2024-04-19 09:00:00;65,50;5,03;
"K-B3 ACOEM SW 5";2024-04-19 08:00:00;68,55;4,73;
"K-B3 ACOEM SW 5";2024-04-19 07:00:00;69,65;5,06;
"K-B3 ACOEM SW 5";2024-04-19 06:00:00;72,92;5,29;
"K-B3 ACOEM SW 5";2024-04-19 05:00:00;65,92;5,34;
"K-B3 ACOEM SW 5";2024-04-19 04:00:00;65,50;5,46;
"K-B3 ACOEM SW 5";2024-04-19 03:00:00;66,21;5,44;
"K-B3 ACOEM SW 5";2024-04-19 02:00:00;67,87;5,02;
"K-B3 ACOEM SW 5";2024-04-19 01:00:00;66,88;5,08;
"K-B3 ACOEM SW 5";2024-04-19 00:00:00;69,12;5,12;
"K-B3 ACOEM SW 5";2024-04-18 23:00:00;70,15;5,35;
"K-B3 ACOEM SW 5";2024-04-18 22:00:00;67,50;5,82;
"K-B3 ACOEM SW 5";2024-04-18 21:00:00;66,45;6,09;
"K-B3 ACOEM SW 5";2024-04-18 20:00:00;65,11;6,37;
"K-B3 ACOEM SW 5";2024-04-18 19:00:00;61,10;7,06;
"K-B3 ACOEM SW 5";2024-04-18 18:00:00;57,89;7,77;
"K-B3 ACOEM SW 5";2024-04-18 17:00:00;55,19;8,39;
"K-B3 ACOEM SW 5";2024-04-18 16:00:00;56,41;8,34;
"K-B3 ACOEM SW 5";2024-04-18 15:00:00;54,33;8,70;
"K-B3 ACOEM SW 5";2024-04-18 14:00:00;50,19;9,42;
"K-B3 ACOEM SW 5";2024-04-18 13:00:00;48,61;8,87;
"K-B3 ACOEM SW 5";2024-04-18 12:00:00;47,45;8,33;
"K-B3 ACOEM SW 5";2024-04-18 11:00:00;46,90;7,99;
"K-B3 ACOEM SW 5";2024-04-18 10:00:00;45,27;6,63;
"K-B3 ACOEM SW 5";2024-04-18 09:00:00;45,52;5,18;
"K-B3 ACOEM SW 5";2024-04-18 08:00:00;55,62;3,24;
"K-B3 ACOEM SW 5";2024-04-18 07:00:00;64,93;1,72;
"K-B3 ACOEM SW 5";2024-04-18 06:00:00;64,60;2,14;
"K-B3 ACOEM SW 5";2024-04-18 05:00:00;64,44;2,81;
"K-B3 ACOEM SW 5";2024-04-18 04:00:00;67,92;3,08;
"K-B3 ACOEM SW 5";2024-04-18 03:00:00;77,04;3,13;
"K-B3 ACOEM SW 5";2024-04-18 02:00:00;80,40;4,01;
"K-B3 ACOEM SW 5";2024-04-18 01:00:00;79,96;4,82;
"K-B3 ACOEM SW 5";2024-04-18 00:00:00;77,84;5,49;
"K-B3 ACOEM SW 5";2024-04-17 23:00:00;74,88;5,59;
"K-B3 ACOEM SW 5";2024-04-17 22:00:00;75,26;5,79;
"K-B3 ACOEM SW 5";2024-04-17 21:00:00;61,01;8,56;
"K-B3 ACOEM SW 5";2024-04-17 20:00:00;47,63;10,46;
"K-B3 ACOEM SW 5";2024-04-17 19:00:00;41,46;11,78;
"K-B3 ACOEM SW 5";2024-04-17 18:00:00;40,19;11,66;
"K-B3 ACOEM SW 5";2024-04-17 17:00:00;36,82;12,05;
"K-B3 ACOEM SW 5";2024-04-17 16:00:00;35,54;12,83;
"K-B3 ACOEM SW 5";2024-04-17 15:00:00;37,86;13,08;
"K-B3 ACOEM SW 5";2024-04-17 14:00:00;41,27;12,68;
"K-B3 ACOEM SW 5";2024-04-17 13:00:00;45,41;12,05;
"K-B3 ACOEM SW 5";2024-04-17 12:00:00;43,37;12,49;
"K-B3 ACOEM SW 5";2024-04-17 11:00:00;40,28;12,37;
"K-B3 ACOEM SW 5";2024-04-17 10:00:00;48,81;9,26;
"K-B3 ACOEM SW 5";2024-04-17 09:00:00;61,59;5,10;
"K-B3 ACOEM SW 5";2024-04-17 08:00:00;70,30;2,31;
"K-B3 ACOEM SW 5";2024-04-17 07:00:00;77,27;0,55;
"K-B3 ACOEM SW 5";2024-04-17 06:00:00;75,39;1,01;
"K-B3 ACOEM SW 5";2024-04-17 05:00:00;74,91;1,46;
"K-B3 ACOEM SW 5";2024-04-17 04:00:00;75,10;1,70;
"K-B3 ACOEM SW 5";2024-04-17 03:00:00;76,66;2,00;
"K-B3 ACOEM SW 5";2024-04-17 02:00:00;76,51;2,53;
"K-B3 ACOEM SW 5";2024-04-17 01:00:00;75,34;3,20;
"K-B3 ACOEM SW 5";2024-04-17 00:00:00;72,67;4,31;
"K-B3 ACOEM SW 5";2024-04-16 23:00:00;71,30;5,85;
"K-B3 ACOEM SW 5";2024-04-16 22:00:00;68,69;6,76;
"K-B3 ACOEM SW 5";2024-04-16 21:00:00;60,75;7,76;
"K-B3 ACOEM SW 5";2024-04-16 20:00:00;54,06;8,78;
"K-B3 ACOEM SW 5";2024-04-16 19:00:00;52,97;9,60;
"K-B3 ACOEM SW 5";2024-04-16 18:00:00;48,62;10,37;
"K-B3 ACOEM SW 5";2024-04-16 17:00:00;44,31;11,41;
"K-B3 ACOEM SW 5";2024-04-16 16:00:00;42,26;11,93;
"K-B3 ACOEM SW 5";2024-04-16 15:00:00;40,52;12,18;
"K-B3 ACOEM SW 5";2024-04-16 14:00:00;40,31;12,44;
"K-B3 ACOEM SW 5";2024-04-16 13:00:00;42,07;12,20;
"K-B3 ACOEM SW 5";2024-04-16 12:00:00;41,15;12,17;
"K-B3 ACOEM SW 5";2024-04-16 11:00:00;42,50;10,70;
"K-B3 ACOEM SW 5";2024-04-16 10:00:00;49,14;8,67;
"K-B3 ACOEM SW 5";2024-04-16 09:00:00;59,76;6,16;
"K-B3 ACOEM SW 5";2024-04-16 08:00:00;71,68;3,54;
"K-B3 ACOEM SW 5";2024-04-16 07:00:00;75,08;2,72;
"K-B3 ACOEM SW 5";2024-04-16 06:00:00;75,43;2,70;
"K-B3 ACOEM SW 5";2024-04-16 05:00:00;75,29;3,01;
"K-B3 ACOEM SW 5";2024-04-16 04:00:00;73,10;3,22;
"K-B3 ACOEM SW 5";2024-04-16 03:00:00;78,57;3,34;
"K-B3 ACOEM SW 5";2024-04-16 02:00:00;88,58;3,78;
"K-B3 ACOEM SW 5";2024-04-16 01:00:00;91,53;4,47;
"K-B3 ACOEM SW 5";2024-04-16 00:00:00;90,42;5,14;
"K-B3 ACOEM SW 5";2024-04-15 23:00:00;89,98;5,54;
"K-B3 ACOEM SW 5";2024-04-15 22:00:00;89,59;6,02;
"K-B3 ACOEM SW 5";2024-04-15 21:00:00;89,68;6,13;
"K-B3 ACOEM SW 5";2024-04-15 20:00:00;88,96;6,26;
"K-B3 ACOEM SW 5";2024-04-15 19:00:00;89,13;6,33;
"K-B3 ACOEM SW 5";2024-04-15 18:00:00;90,35;6,30;
"K-B3 ACOEM SW 5";2024-04-15 17:00:00;92,03;6,18;
"K-B3 ACOEM SW 5";2024-04-15 16:00:00;90,08;6,04;
"K-B3 ACOEM SW 5";2024-04-15 15:00:00;86,82;6,02;
"K-B3 ACOEM SW 5";2024-04-15 14:00:00;83,40;6,54;
"K-B3 ACOEM SW 5";2024-04-15 13:00:00;72,29;7,72;
"K-B3 ACOEM SW 5";2024-04-15 12:00:00;70,47;7,37;
"K-B3 ACOEM SW 5";2024-04-15 11:00:00;62,91;7,91;
"K-B3 ACOEM SW 5";2024-04-15 10:00:00;59,78;8,37;
"K-B3 ACOEM SW 5";2024-04-15 09:00:00;68,69;5,77;
"K-B3 ACOEM SW 5";2024-04-15 08:00:00;77,96;2,90;
"K-B3 ACOEM SW 5";2024-04-15 07:00:00;81,60;1,94;
"K-B3 ACOEM SW 5";2024-04-15 06:00:00;80,14;2,48;
"K-B3 ACOEM SW 5";2024-04-15 05:00:00;80,08;2,68;
"K-B3 ACOEM SW 5";2024-04-15 04:00:00;76,11;3,26;
"K-B3 ACOEM SW 5";2024-04-15 03:00:00;72,83;3,91;
"K-B3 ACOEM SW 5";2024-04-15 02:00:00;69,69;4,67;
"K-B3 ACOEM SW 5";2024-04-15 01:00:00;65,57;5,65;
"K-B3 ACOEM SW 5";2024-04-15 00:00:00;62,09;6,27;
"K-B3 ACOEM SW 5";2024-04-14 23:00:00;60,96;6,73;
"K-B3 ACOEM SW 5";2024-04-14 22:00:00;58,63;7,41;
"K-B3 ACOEM SW 5";2024-04-14 21:00:00;53,99;8,68;
"K-B3 ACOEM SW 5";2024-04-14 20:00:00;50,21;10,37;
"K-B3 ACOEM SW 5";2024-04-14 19:00:00;47,00;11,27;
"K-B3 ACOEM SW 5";2024-04-14 18:00:00;44,24;12,38;
"K-B3 ACOEM SW 5";2024-04-14 17:00:00;42,73;12,56;
"K-B3 ACOEM SW 5";2024-04-14 16:00:00;42,78;12,53;
"K-B3 ACOEM SW 5";2024-04-14 15:00:00;48,16;12,03;
"K-B3 ACOEM SW 5";2024-04-14 14:00:00;51,63;11,80;
"K-B3 ACOEM SW 5";2024-04-14 13:00:00;53,00;11,57;
"K-B3 ACOEM SW 5";2024-04-14 12:00:00;56,10;10,74;
"K-B3 ACOEM SW 5";2024-04-14 11:00:00;60,74;9,68;
"K-B3 ACOEM SW 5";2024-04-14 10:00:00;63,90;8,65;
"K-B3 ACOEM SW 5";2024-04-14 09:00:00;68,80;7,51;
"K-B3 ACOEM SW 5";2024-04-14 08:00:00;74,20;6,47;
"K-B3 ACOEM SW 5";2024-04-14 07:00:00;77,94;5,90;
"K-B3 ACOEM SW 5";2024-04-14 06:00:00;79,04;6,08;
"K-B3 ACOEM SW 5";2024-04-14 05:00:00;79,95;6,17;
"K-B3 ACOEM SW 5";2024-04-14 04:00:00;81,46;6,69;
"K-B3 ACOEM SW 5";2024-04-14 03:00:00;84,98;7,58;
"K-B3 ACOEM SW 5";2024-04-14 02:00:00;87,62;8,33;
"K-B3 ACOEM SW 5";2024-04-14 01:00:00;92,68;8,46;
"K-B3 ACOEM SW 5";2024-04-14 00:00:00;93,25;8,32;
"K-B3 ACOEM SW 5";2024-04-13 23:00:00;94,29;8,10;
"K-B3 ACOEM SW 5";2024-04-13 22:00:00;92,82;8,22;
"K-B3 ACOEM SW 5";2024-04-13 21:00:00;89,49;8,83;
"K-B3 ACOEM SW 5";2024-04-13 20:00:00;77,57;10,37;
"K-B3 ACOEM SW 5";2024-04-13 19:00:00;66,29;12,19;
"K-B3 ACOEM SW 5";2024-04-13 18:00:00;57,75;14,11;
"K-B3 ACOEM SW 5";2024-04-13 17:00:00;60,52;14,10;
"K-B3 ACOEM SW 5";2024-04-13 16:00:00;56,47;15,83;
"K-B3 ACOEM SW 5";2024-04-13 15:00:00;42,89;17,63;
"K-B3 ACOEM SW 5";2024-04-13 14:00:00;42,47;17,73;
"K-B3 ACOEM SW 5";2024-04-13 13:00:00;45,87;17,47;
"K-B3 ACOEM SW 5";2024-04-13 12:00:00;51,71;16,48;
"K-B3 ACOEM SW 5";2024-04-13 11:00:00;63,26;14,67;
"K-B3 ACOEM SW 5";2024-04-13 10:00:00;74,98;13,12;
"K-B3 ACOEM SW 5";2024-04-13 09:00:00;88,68;10,24;
"K-B3 ACOEM SW 5";2024-04-13 08:00:00;94,11;8,46;
"K-B3 ACOEM SW 5";2024-04-13 07:00:00;94,28;8,28;
"K-B3 ACOEM SW 5";2024-04-13 06:00:00;95,70;8,00;
"K-B3 ACOEM SW 5";2024-04-13 05:00:00;95,79;7,59;
"K-B3 ACOEM SW 5";2024-04-13 04:00:00;95,48;7,85;
"K-B3 ACOEM SW 5";2024-04-13 03:00:00;94,57;7,99;
"K-B3 ACOEM SW 5";2024-04-13 02:00:00;94,36;8,33;
"K-B3 ACOEM SW 5";2024-04-13 01:00:00;93,86;7,91;
"K-B3 ACOEM SW 5";2024-04-13 00:00:00;90,71;8,83;
"K-B3 ACOEM SW 5";2024-04-12 23:00:00;87,68;10,30;
"K-B3 ACOEM SW 5";2024-04-12 22:00:00;85,26;11,16;
"K-B3 ACOEM SW 5";2024-04-12 21:00:00;80,12;12,84;
"K-B3 ACOEM SW 5";2024-04-12 20:00:00;76,19;13,94;
"K-B3 ACOEM SW 5";2024-04-12 19:00:00;73,94;14,69;
"K-B3 ACOEM SW 5";2024-04-12 18:00:00;74,99;15,10;
"K-B3 ACOEM SW 5";2024-04-12 17:00:00;72,63;15,69;
"K-B3 ACOEM SW 5";2024-04-12 16:00:00;72,76;15,92;
"K-B3 ACOEM SW 5";2024-04-12 15:00:00;73,38;15,81;
"K-B3 ACOEM SW 5";2024-04-12 14:00:00;81,84;12,89;
"K-B3 ACOEM SW 5";2024-04-12 13:00:00;89,25;10,31;
"K-B3 ACOEM SW 5";2024-04-12 12:00:00;92,77;8,77;
"K-B3 ACOEM SW 5";2024-04-12 11:00:00;93,04;8,33;
"K-B3 ACOEM SW 5";2024-04-12 10:00:00;93,32;8,38;
"K-B3 ACOEM SW 5";2024-04-12 09:00:00;94,22;7,93;
"K-B3 ACOEM SW 5";2024-04-12 08:00:00;91,53;7,94;
"K-B3 ACOEM SW 5";2024-04-12 07:00:00;87,72;8,46;
"K-B3 ACOEM SW 5";2024-04-12 06:00:00;85,30;8,62;
"K-B3 ACOEM SW 5";2024-04-12 05:00:00;81,11;8,42;
"K-B3 ACOEM SW 5";2024-04-12 04:00:00;80,08;8,07;
"K-B3 ACOEM SW 5";2024-04-12 03:00:00;79,09;8,03;
"K-B3 ACOEM SW 5";2024-04-12 02:00:00;82,82;7,26;
"K-B3 ACOEM SW 5";2024-04-12 01:00:00;77,78;8,29;
"K-B3 ACOEM SW 5";2024-04-12 00:00:00;70,90;9,54;
"K-B3 ACOEM SW 5";2024-04-11 23:00:00;66,68;10,44;
"K-B3 ACOEM SW 5";2024-04-11 22:00:00;61,48;11,41;
"K-B3 ACOEM SW 5";2024-04-11 21:00:00;58,50;12,67;
"K-B3 ACOEM SW 5";2024-04-11 20:00:00;53,81;14,96;
"K-B3 ACOEM SW 5";2024-04-11 19:00:00;50,77;16,57;
"K-B3 ACOEM SW 5";2024-04-11 18:00:00;54,93;17,02;
"K-B3 ACOEM SW 5";2024-04-11 17:00:00;58,81;17,36;
"K-B3 ACOEM SW 5";2024-04-11 16:00:00;58,94;17,77;
"K-B3 ACOEM SW 5";2024-04-11 15:00:00;61,67;17,02;
"K-B3 ACOEM SW 5";2024-04-11 14:00:00;63,78;16,24;
"K-B3 ACOEM SW 5";2024-04-11 13:00:00;66,57;16,04;
"K-B3 ACOEM SW 5";2024-04-11 12:00:00;76,36;14,61;
"K-B3 ACOEM SW 5";2024-04-11 11:00:00;86,18;12,37;
"K-B3 ACOEM SW 5";2024-04-11 10:00:00;93,97;9,88;
"K-B3 ACOEM SW 5";2024-04-11 09:00:00;96,36;8,36;
"K-B3 ACOEM SW 5";2024-04-11 08:00:00;96,83;7,74;
"K-B3 ACOEM SW 5";2024-04-11 07:00:00;97,35;7,26;
"K-B3 ACOEM SW 5";2024-04-11 06:00:00;97,56;6,93;
"K-B3 ACOEM SW 5";2024-04-11 05:00:00;97,21;6,72;
"K-B3 ACOEM SW 5";2024-04-11 04:00:00;96,29;6,58;
"K-B3 ACOEM SW 5";2024-04-11 03:00:00;94,74;6,50;
"K-B3 ACOEM SW 5";2024-04-11 02:00:00;91,79;6,62;
"K-B3 ACOEM SW 5";2024-04-11 01:00:00;89,01;6,70;
"K-B3 ACOEM SW 5";2024-04-11 00:00:00;87,32;6,36;
"K-B3 ACOEM SW 5";2024-04-10 23:00:00;84,31;6,27;
"K-B3 ACOEM SW 5";2024-04-10 22:00:00;78,42;6,75;
"K-B3 ACOEM SW 5";2024-04-10 21:00:00;61,11;8,54;
"K-B3 ACOEM SW 5";2024-04-10 20:00:00;52,32;10,13;
"K-B3 ACOEM SW 5";2024-04-10 19:00:00;48,52;11,10;
"K-B3 ACOEM SW 5";2024-04-10 18:00:00;45,56;11,70;
"K-B3 ACOEM SW 5";2024-04-10 17:00:00;45,16;11,99;
"K-B3 ACOEM SW 5";2024-04-10 16:00:00;43,88;12,39;
"K-B3 ACOEM SW 5";2024-04-10 15:00:00;45,26;12,27;
"K-B3 ACOEM SW 5";2024-04-10 14:00:00;45,94;12,26;
"K-B3 ACOEM SW 5";2024-04-10 13:00:00;51,87;11,58;
"K-B3 ACOEM SW 5";2024-04-10 12:00:00;59,54;10,79;
"K-B3 ACOEM SW 5";2024-04-10 11:00:00;66,01;10,28;
"K-B3 ACOEM SW 5";2024-04-10 10:00:00;80,23;9,75;
"K-B3 ACOEM SW 5";2024-04-10 09:00:00;92,79;8,25;
"K-B3 ACOEM SW 5";2024-04-10 08:00:00;96,01;6,75;
"K-B3 ACOEM SW 5";2024-04-10 07:00:00;95,04;6,60;
"K-B3 ACOEM SW 5";2024-04-10 06:00:00;95,99;6,78;
"K-B3 ACOEM SW 5";2024-04-10 05:00:00;96,33;6,64;
"K-B3 ACOEM SW 5";2024-04-10 04:00:00;95,42;7,04;
"K-B3 ACOEM SW 5";2024-04-10 03:00:00;94,61;7,13;
"K-B3 ACOEM SW 5";2024-04-10 02:00:00;94,27;7,29;
"K-B3 ACOEM SW 5";2024-04-10 01:00:00;92,83;7,37;
"K-B3 ACOEM SW 5";2024-04-10 00:00:00;90,60;7,56;
"K-B3 ACOEM SW 5";2024-04-09 23:00:00;90,66;7,67;
"K-B3 ACOEM SW 5";2024-04-09 22:00:00;92,06;7,86;
"K-B3 ACOEM SW 5";2024-04-09 21:00:00;92,43;8,23;
"K-B3 ACOEM SW 5";2024-04-09 20:00:00;94,89;8,29;
"K-B3 ACOEM SW 5";2024-04-09 19:00:00;95,71;8,45;
"K-B3 ACOEM SW 5";2024-04-09 18:00:00;97,10;8,29;
"K-B3 ACOEM SW 5";2024-04-09 17:00:00;97,21;8,52;
"K-B3 ACOEM SW 5";2024-04-09 16:00:00;96,43;8,05;
"K-B3 ACOEM SW 5";2024-04-09 15:00:00;95,76;7,87;
"K-B3 ACOEM SW 5";2024-04-09 14:00:00;95,50;7,76;
"K-B3 ACOEM SW 5";2024-04-09 13:00:00;94,52;7,51;
"K-B3 ACOEM SW 5";2024-04-09 12:00:00;92,88;7,44;
"K-B3 ACOEM SW 5";2024-04-09 11:00:00;92,72;7,63;
"K-B3 ACOEM SW 5";2024-04-09 10:00:00;94,48;6,65;
"K-B3 ACOEM SW 5";2024-04-09 09:00:00;94,88;6,52;
"K-B3 ACOEM SW 5";2024-04-09 08:00:00;95,95;5,64;
"K-B3 ACOEM SW 5";2024-04-09 07:00:00;94,60;4,99;
"K-B3 ACOEM SW 5";2024-04-09 06:00:00;93,77;4,85;
"K-B3 ACOEM SW 5";2024-04-09 05:00:00;94,03;5,00;
"K-B3 ACOEM SW 5";2024-04-09 04:00:00;93,07;5,28;
"K-B3 ACOEM SW 5";2024-04-09 03:00:00;93,26;5,97;
"K-B3 ACOEM SW 5";2024-04-09 02:00:00;93,78;6,35;
"K-B3 ACOEM SW 5";2024-04-09 01:00:00;92,54;6,35;
"K-B3 ACOEM SW 5";2024-04-09 00:00:00;92,06;6,69;
"K-B3 ACOEM SW 5";2024-04-08 23:00:00;89,13;7,73;
"K-B3 ACOEM SW 5";2024-04-08 22:00:00;88,05;8,38;
"K-B3 ACOEM SW 5";2024-04-08 21:00:00;83,66;9,41;
"K-B3 ACOEM SW 5";2024-04-08 20:00:00;80,23;10,48;
"K-B3 ACOEM SW 5";2024-04-08 19:00:00;76,09;11,46;
"K-B3 ACOEM SW 5";2024-04-08 18:00:00;78,08;11,27;
"K-B3 ACOEM SW 5";2024-04-08 17:00:00;78,95;10,95;
"K-B3 ACOEM SW 5";2024-04-08 16:00:00;72,34;12,98;
"K-B3 ACOEM SW 5";2024-04-08 15:00:00;74,14;12,85;
"K-B3 ACOEM SW 5";2024-04-08 14:00:00;74,75;12,76;
"K-B3 ACOEM SW 5";2024-04-08 13:00:00;74,77;12,74;
"K-B3 ACOEM SW 5";2024-04-08 12:00:00;75,05;12,53;
"K-B3 ACOEM SW 5";2024-04-08 11:00:00;82,37;11,02;
"K-B3 ACOEM SW 5";2024-04-08 10:00:00;87,19;10,21;
"K-B3 ACOEM SW 5";2024-04-08 09:00:00;93,41;8,58;
"K-B3 ACOEM SW 5";2024-04-08 08:00:00;94,70;7,74;
"K-B3 ACOEM SW 5";2024-04-08 07:00:00;94,90;7,78;
"K-B3 ACOEM SW 5";2024-04-08 06:00:00;94,66;7,95;
"K-B3 ACOEM SW 5";2024-04-08 05:00:00;94,43;7,98;
"K-B3 ACOEM SW 5";2024-04-08 04:00:00;93,92;8,03;
"K-B3 ACOEM SW 5";2024-04-08 03:00:00;94,03;8,05;
"K-B3 ACOEM SW 5";2024-04-08 02:00:00;93,90;8,09;
"K-B3 ACOEM SW 5";2024-04-08 01:00:00;93,21;8,19;
"K-B3 ACOEM SW 5";2024-04-08 00:00:00;90,38;8,46;
"K-B3 ACOEM SW 5";2024-04-07 23:00:00;86,95;8,84;
"K-B3 ACOEM SW 5";2024-04-07 22:00:00;86,75;8,75;
"K-B3 ACOEM SW 5";2024-04-07 21:00:00;85,78;8,91;
"K-B3 ACOEM SW 5";2024-04-07 20:00:00;85,04;9,22;
"K-B3 ACOEM SW 5";2024-04-07 19:00:00;85,46;9,22;
"K-B3 ACOEM SW 5";2024-04-07 18:00:00;84,60;9,31;
"K-B3 ACOEM SW 5";2024-04-07 17:00:00;78,41;10,83;
"K-B3 ACOEM SW 5";2024-04-07 16:00:00;72,89;12,34;
"K-B3 ACOEM SW 5";2024-04-07 15:00:00;74,55;12,06;
"K-B3 ACOEM SW 5";2024-04-07 14:00:00;76,14;11,97;
"K-B3 ACOEM SW 5";2024-04-07 13:00:00;79,44;11,69;
"K-B3 ACOEM SW 5";2024-04-07 12:00:00;83,98;10,99;
"K-B3 ACOEM SW 5";2024-04-07 11:00:00;89,92;9,64;
"K-B3 ACOEM SW 5";2024-04-07 10:00:00;96,62;7,49;
"K-B3 ACOEM SW 5";2024-04-07 09:00:00;95,90;5,28;
"K-B3 ACOEM SW 5";2024-04-07 08:00:00;94,15;4,45;
"K-B3 ACOEM SW 5";2024-04-07 07:00:00;93,27;4,28;
"K-B3 ACOEM SW 5";2024-04-07 06:00:00;93,65;4,21;
"K-B3 ACOEM SW 5";2024-04-07 05:00:00;94,22;4,22;
"K-B3 ACOEM SW 5";2024-04-07 04:00:00;94,83;4,32;
"K-B3 ACOEM SW 5";2024-04-07 03:00:00;96,03;4,26;
"K-B3 ACOEM SW 5";2024-04-07 02:00:00;96,76;4,04;
"K-B3 ACOEM SW 5";2024-04-07 01:00:00;96,74;3,87;
"K-B3 ACOEM SW 5";2024-04-07 00:00:00;97,09;3,79;
"K-B3 ACOEM SW 5";2024-04-06 23:00:00;97,98;3,57;
"K-B3 ACOEM SW 5";2024-04-06 22:00:00;97,73;3,29;
"K-B3 ACOEM SW 5";2024-04-06 21:00:00;97,24;3,29;
"K-B3 ACOEM SW 5";2024-04-06 20:00:00;96,84;3,24;
"K-B3 ACOEM SW 5";2024-04-06 19:00:00;96,06;3,01;
"K-B3 ACOEM SW 5";2024-04-06 18:00:00;94,97;3,05;
"K-B3 ACOEM SW 5";2024-04-06 17:00:00;93,61;3,21;
"K-B3 ACOEM SW 5";2024-04-06 16:00:00;91,59;3,45;
"K-B3 ACOEM SW 5";2024-04-06 15:00:00;88,92;3,70;
"K-B3 ACOEM SW 5";2024-04-06 14:00:00;84,88;3,99;
"K-B3 ACOEM SW 5";2024-04-06 13:00:00;81,72;4,00;
"K-B3 ACOEM SW 5";2024-04-06 12:00:00;81,39;3,92;
"K-B3 ACOEM SW 5";2024-04-06 11:00:00;82,48;3,40;
"K-B3 ACOEM SW 5";2024-04-06 10:00:00;82,73;3,05;
"K-B3 ACOEM SW 5";2024-04-06 09:00:00;86,23;2,47;
"K-B3 ACOEM SW 5";2024-04-06 08:00:00;89,18;2,01;
"K-B3 ACOEM SW 5";2024-04-06 07:00:00;89,39;1,89;
"K-B3 ACOEM SW 5";2024-04-06 06:00:00;90,51;1,61;
"K-B3 ACOEM SW 5";2024-04-06 05:00:00;91,41;1,50;
"K-B3 ACOEM SW 5";2024-04-06 04:00:00;91,66;1,42;
"K-B3 ACOEM SW 5";2024-04-06 03:00:00;91,50;1,34;
"K-B3 ACOEM SW 5";2024-04-06 02:00:00;91,99;1,17;
"K-B3 ACOEM SW 5";2024-04-06 01:00:00;91,14;1,00;
"K-B3 ACOEM SW 5";2024-04-06 00:00:00;91,64;0,82;
"K-B3 ACOEM SW 5";2024-04-05 23:00:00;91,83;0,79;
"K-B3 ACOEM SW 5";2024-04-05 22:00:00;92,35;0,71;
"K-B3 ACOEM SW 5";2024-04-05 21:00:00;93,25;0,57;
"K-B3 ACOEM SW 5";2024-04-05 20:00:00;93,56;0,72;
"K-B3 ACOEM SW 5";2024-04-05 19:00:00;93,44;0,77;
"K-B3 ACOEM SW 5";2024-04-05 18:00:00;93,42;0,73;
"K-B3 ACOEM SW 5";2024-04-05 17:00:00;91,99;0,81;
"K-B3 ACOEM SW 5";2024-04-05 16:00:00;88,55;1,15;
"K-B3 ACOEM SW 5";2024-04-05 15:00:00;79,72;2,01;
"K-B3 ACOEM SW 5";2024-04-05 14:00:00;76,81;2,33;
"K-B3 ACOEM SW 5";2024-04-05 13:00:00;71,62;3,22;
"K-B3 ACOEM SW 5";2024-04-05 12:00:00;64,62;4,40;
"K-B3 ACOEM SW 5";2024-04-05 11:00:00;62,22;4,22;
"K-B3 ACOEM SW 5";2024-04-05 10:00:00;65,53;3,14;
"K-B3 ACOEM SW 5";2024-04-05 09:00:00;73,25;1,11;
"K-B3 ACOEM SW 5";2024-04-05 08:00:00;82,50;-0,86;
"K-B3 ACOEM SW 5";2024-04-05 07:00:00;82,61;-0,63;
"K-B3 ACOEM SW 5";2024-04-05 06:00:00;84,03;-0,42;
"K-B3 ACOEM SW 5";2024-04-05 05:00:00;86,26;-0,70;
"K-B3 ACOEM SW 5";2024-04-05 04:00:00;88,91;-0,94;
"K-B3 ACOEM SW 5";2024-04-05 03:00:00;90,06;-0,99;
"K-B3 ACOEM SW 5";2024-04-05 02:00:00;91,58;-1,27;
"K-B3 ACOEM SW 5";2024-04-05 01:00:00;91,41;-1,36;
"K-B3 ACOEM SW 5";2024-04-05 00:00:00;90,59;-1,52;
"K-B3 ACOEM SW 5";2024-04-04 23:00:00;92,33;-1,74;
"K-B3 ACOEM SW 5";2024-04-04 22:00:00;92,22;-1,70;
"K-B3 ACOEM SW 5";2024-04-04 21:00:00;92,93;-1,63;
"K-B3 ACOEM SW 5";2024-04-04 20:00:00;92,90;-1,24;
"K-B3 ACOEM SW 5";2024-04-04 19:00:00;93,87;-0,27;
"K-B3 ACOEM SW 5";2024-04-04 18:00:00;93,55;0,04;
"K-B3 ACOEM SW 5";2024-04-04 17:00:00;92,73;0,13;
"K-B3 ACOEM SW 5";2024-04-04 16:00:00;92,57;-0,07;
"K-B3 ACOEM SW 5";2024-04-04 15:00:00;92,30;-0,02;
"K-B3 ACOEM SW 5";2024-04-04 14:00:00;93,30;-0,17;
"K-B3 ACOEM SW 5";2024-04-04 13:00:00;93,64;-0,42;
"K-B3 ACOEM SW 5";2024-04-04 12:00:00;94,63;-0,63;
"K-B3 ACOEM SW 5";2024-04-04 11:00:00;95,08;-0,57;
"K-B3 ACOEM SW 5";2024-04-04 10:00:00;94,53;-0,27;
"K-B3 ACOEM SW 5";2024-04-04 09:00:00;94,19;0,29;
"K-B3 ACOEM SW 5";2024-04-04 08:00:00;92,62;0,44;
"K-B3 ACOEM SW 5";2024-04-04 07:00:00;83,17;1,11;
"K-B3 ACOEM SW 5";2024-04-04 06:00:00;71,25;1,58;
"K-B3 ACOEM SW 5";2024-04-04 05:00:00;65,30;1,79;
"K-B3 ACOEM SW 5";2024-04-04 04:00:00;65,58;1,90;
"K-B3 ACOEM SW 5";2024-04-04 03:00:00;67,27;2,04;
"K-B3 ACOEM SW 5";2024-04-04 02:00:00;61,53;2,27;
"K-B3 ACOEM SW 5";2024-04-04 01:00:00;59,93;2,56;
"K-B3 ACOEM SW 5";2024-04-04 00:00:00;64,07;2,92;
"K-B3 ACOEM SW 5";2024-04-03 23:00:00;54,50;3,38;
"K-B3 ACOEM SW 5";2024-04-03 22:00:00;50,40;3,39;
"K-B3 ACOEM SW 5";2024-04-03 21:00:00;50,54;3,31;
"K-B3 ACOEM SW 5";2024-04-03 20:00:00;50,14;3,35;
"K-B3 ACOEM SW 5";2024-04-03 19:00:00;50,85;3,61;
"K-B3 ACOEM SW 5";2024-04-03 18:00:00;52,09;3,84;
"K-B3 ACOEM SW 5";2024-04-03 17:00:00;52,88;3,93;
"K-B3 ACOEM SW 5";2024-04-03 16:00:00;51,66;4,20;
"K-B3 ACOEM SW 5";2024-04-03 15:00:00;52,17;4,57;
"K-B3 ACOEM SW 5";2024-04-03 14:00:00;52,02;4,25;
"K-B3 ACOEM SW 5";2024-04-03 13:00:00;52,85;3,84;
"K-B3 ACOEM SW 5";2024-04-03 12:00:00;51,01;3,57;
"K-B3 ACOEM SW 5";2024-04-03 11:00:00;53,97;2,86;
"K-B3 ACOEM SW 5";2024-04-03 10:00:00;55,05;2,70;
"K-B3 ACOEM SW 5";2024-04-03 09:00:00;59,76;2,26;
"K-B3 ACOEM SW 5";2024-04-03 08:00:00;68,71;0,98;
"K-B3 ACOEM SW 5";2024-04-03 07:00:00;70,86;0,91;
"K-B3 ACOEM SW 5";2024-04-03 06:00:00;70,47;0,98;
"K-B3 ACOEM SW 5";2024-04-03 05:00:00;77,27;0,64;
"K-B3 ACOEM SW 5";2024-04-03 04:00:00;74,17;1,29;
"K-B3 ACOEM SW 5";2024-04-03 03:00:00;72,79;1,77;
"K-B3 ACOEM SW 5";2024-04-03 02:00:00;78,18;1,99;
"K-B3 ACOEM SW 5";2024-04-03 01:00:00;75,99;2,73;
"K-B3 ACOEM SW 5";2024-04-03 00:00:00;78,10;2,80;
"K-B3 ACOEM SW 5";2024-04-02 23:00:00;75,65;3,42;
"K-B3 ACOEM SW 5";2024-04-02 22:00:00;73,61;4,03;
"K-B3 ACOEM SW 5";2024-04-02 21:00:00;71,80;4,35;
"K-B3 ACOEM SW 5";2024-04-02 20:00:00;70,09;4,72;
"K-B3 ACOEM SW 5";2024-04-02 19:00:00;70,07;5,09;
"K-B3 ACOEM SW 5";2024-04-02 18:00:00;65,48;5,93;
"K-B3 ACOEM SW 5";2024-04-02 17:00:00;58,68;6,46;
"K-B3 ACOEM SW 5";2024-04-02 16:00:00;59,62;6,24;
"K-B3 ACOEM SW 5";2024-04-02 15:00:00;59,11;6,66;
"K-B3 ACOEM SW 5";2024-04-02 14:00:00;60,54;5,85;
"K-B3 ACOEM SW 5";2024-04-02 13:00:00;62,60;5,31;
"K-B3 ACOEM SW 5";2024-04-02 12:00:00;64,72;4,85;
"K-B3 ACOEM SW 5";2024-04-02 11:00:00;66,69;4,11;
"K-B3 ACOEM SW 5";2024-04-02 10:00:00;71,29;4,08;
"K-B3 ACOEM SW 5";2024-04-02 09:00:00;72,43;3,95;
"K-B3 ACOEM SW 5";2024-04-02 08:00:00;69,93;4,07;
"K-B3 ACOEM SW 5";2024-04-02 07:00:00;69,39;4,69;
"K-B3 ACOEM SW 5";2024-04-02 06:00:00;68,74;5,30;
"K-B3 ACOEM SW 5";2024-04-02 05:00:00;68,34;5,95;
"K-B3 ACOEM SW 5";2024-04-02 04:00:00;68,41;6,63;
"K-B3 ACOEM SW 5";2024-04-02 03:00:00;67,11;7,29;
"K-B3 ACOEM SW 5";2024-04-02 02:00:00;65,86;8,02;
"K-B3 ACOEM SW 5";2024-04-02 01:00:00;66,42;8,72;
"K-B3 ACOEM SW 5";2024-04-02 00:00:00;61,61;9,97;
"K-B3 ACOEM SW 5";2024-04-01 23:00:00;62,67;10,13;
"K-B3 ACOEM SW 5";2024-04-01 22:00:00;62,19;10,30;
"K-B3 ACOEM SW 5";2024-04-01 21:00:00;61,67;10,32;
"K-B3 ACOEM SW 5";2024-04-01 20:00:00;62,23;10,10;
"K-B3 ACOEM SW 5";2024-04-01 19:00:00;63,04;10,00;
"K-B3 ACOEM SW 5";2024-04-01 18:00:00;62,19;10,22;
"K-B3 ACOEM SW 5";2024-04-01 17:00:00;60,21;10,49;
"K-B3 ACOEM SW 5";2024-04-01 16:00:00;63,06;10,37;
"K-B3 ACOEM SW 5";2024-04-01 15:00:00;56,26;11,03;
"K-B3 ACOEM SW 5";2024-04-01 14:00:00;55,95;10,42;
"K-B3 ACOEM SW 5";2024-04-01 13:00:00;60,33;9,31;
"K-B3 ACOEM SW 5";2024-04-01 12:00:00;58,80;9,86;
"K-B3 ACOEM SW 5";2024-04-01 11:00:00;59,26;9,75;
"K-B3 ACOEM SW 5";2024-04-01 10:00:00;61,35;8,15;
"K-B3 ACOEM SW 5";2024-04-01 09:00:00;65,16;6,56;
"K-B3 ACOEM SW 5";2024-04-01 08:00:00;73,84;4,67;
"K-B3 ACOEM SW 5";2024-04-01 07:00:00;71,21;5,47;
"K-B3 ACOEM SW 5";2024-04-01 06:00:00;70,57;5,90;
"K-B3 ACOEM SW 5";2024-04-01 05:00:00;77,25;5,24;
"K-B3 ACOEM SW 5";2024-04-01 04:00:00;90,46;4,39;
"K-B3 ACOEM SW 5";2024-04-01 03:00:00;94,49;4,99;
"K-B3 ACOEM SW 5";2024-04-01 02:00:00;95,01;5,53;
"K-B3 ACOEM SW 5";2024-04-01 01:00:00;94,22;5,84;
"K-B3 ACOEM SW 5";2024-04-01 00:00:00;94,00;5,95;
"K-B3 ACOEM SW 5";2024-03-31 23:00:00;93,13;5,80;
"K-B3 ACOEM SW 5";2024-03-31 22:00:00;89,08;6,90;
"K-B3 ACOEM SW 5";2024-03-31 21:00:00;85,61;8,07;
"K-B3 ACOEM SW 5";2024-03-31 20:00:00;83,33;8,89;
"K-B3 ACOEM SW 5";2024-03-31 19:00:00;79,58;9,94;
"K-B3 ACOEM SW 5";2024-03-31 18:00:00;76,53;10,99;
"K-B3 ACOEM SW 5";2024-03-31 17:00:00;73,36;11,92;
"K-B3 ACOEM SW 5";2024-03-31 16:00:00;74,46;11,73;
"K-B3 ACOEM SW 5";2024-03-31 15:00:00;76,20;11,24;
"K-B3 ACOEM SW 5";2024-03-31 14:00:00;68,99;13,21;
"K-B3 ACOEM SW 5";2024-03-31 13:00:00;66,47;13,09;
"K-B3 ACOEM SW 5";2024-03-31 12:00:00;76,68;12,05;
"K-B3 ACOEM SW 5";2024-03-31 11:00:00;78,99;11,33;
"K-B3 ACOEM SW 5";2024-03-31 10:00:00;85,94;9,50;
"K-B3 ACOEM SW 5";2024-03-31 09:00:00;93,36;7,52;
"K-B3 ACOEM SW 5";2024-03-31 08:00:00;95,44;7,12;
"K-B3 ACOEM SW 5";2024-03-31 07:00:00;95,22;7,23;
"K-B3 ACOEM SW 5";2024-03-31 06:00:00;95,03;7,24;
"K-B3 ACOEM SW 5";2024-03-31 05:00:00;93,35;7,26;
"K-B3 ACOEM SW 5";2024-03-31 04:00:00;92,92;7,15;
"K-B3 ACOEM SW 5";2024-03-31 02:00:00;93,09;7,03;
"K-B3 ACOEM SW 5";2024-03-31 01:00:00;93,55;7,02;
"K-B3 ACOEM SW 5";2024-03-31 00:00:00;93,48;7,51;
"K-B3 ACOEM SW 5";2024-03-30 23:00:00;96,30;7,10;
"K-B3 ACOEM SW 5";2024-03-30 22:00:00;96,57;6,57;
"K-B3 ACOEM SW 5";2024-03-30 21:00:00;95,27;6,43;
"K-B3 ACOEM SW 5";2024-03-30 20:00:00;94,69;6,53;
"K-B3 ACOEM SW 5";2024-03-30 19:00:00;92,87;6,65;
"K-B3 ACOEM SW 5";2024-03-30 18:00:00;90,51;7,07;
"K-B3 ACOEM SW 5";2024-03-30 17:00:00;88,27;7,88;
"K-B3 ACOEM SW 5";2024-03-30 16:00:00;89,03;7,94;
"K-B3 ACOEM SW 5";2024-03-30 15:00:00;87,74;8,38;
"K-B3 ACOEM SW 5";2024-03-30 14:00:00;86,13;8,68;
"K-B3 ACOEM SW 5";2024-03-30 13:00:00;87,53;8,26;
"K-B3 ACOEM SW 5";2024-03-30 12:00:00;87,72;8,11;
"K-B3 ACOEM SW 5";2024-03-30 11:00:00;88,51;7,87;
"K-B3 ACOEM SW 5";2024-03-30 10:00:00;88,02;7,99;
"K-B3 ACOEM SW 5";2024-03-30 09:00:00;90,68;7,52;
"K-B3 ACOEM SW 5";2024-03-30 08:00:00;92,66;7,10;
"K-B3 ACOEM SW 5";2024-03-30 07:00:00;93,23;6,92;
"K-B3 ACOEM SW 5";2024-03-30 06:00:00;93,40;6,98;
"K-B3 ACOEM SW 5";2024-03-30 05:00:00;93,67;6,91;
"K-B3 ACOEM SW 5";2024-03-30 04:00:00;93,94;6,88;
"K-B3 ACOEM SW 5";2024-03-30 03:00:00;94,15;6,90;
"K-B3 ACOEM SW 5";2024-03-30 02:00:00;94,51;6,79;
"K-B3 ACOEM SW 5";2024-03-30 01:00:00;94,38;6,88;
"K-B3 ACOEM SW 5";2024-03-30 00:00:00;94,23;6,73;
"K-B3 ACOEM SW 5";2024-03-29 23:00:00;93,63;6,66;
"K-B3 ACOEM SW 5";2024-03-29 22:00:00;90,68;7,34;
"K-B3 ACOEM SW 5";2024-03-29 21:00:00;90,17;7,33;
"K-B3 ACOEM SW 5";2024-03-29 20:00:00;90,15;7,54;
"K-B3 ACOEM SW 5";2024-03-29 19:00:00;89,74;7,65;
"K-B3 ACOEM SW 5";2024-03-29 18:00:00;86,67;8,26;
"K-B3 ACOEM SW 5";2024-03-29 17:00:00;85,59;8,67;
"K-B3 ACOEM SW 5";2024-03-29 16:00:00;84,06;9,17;
"K-B3 ACOEM SW 5";2024-03-29 15:00:00;82,18;9,67;
"K-B3 ACOEM SW 5";2024-03-29 14:00:00;86,35;8,43;
"K-B3 ACOEM SW 5";2024-03-29 13:00:00;86,85;8,38;
"K-B3 ACOEM SW 5";2024-03-29 12:00:00;90,87;7,66;
"K-B3 ACOEM SW 5";2024-03-29 11:00:00;93,12;7,08;
"K-B3 ACOEM SW 5";2024-03-29 10:00:00;93,70;6,72;
"K-B3 ACOEM SW 5";2024-03-29 09:00:00;95,18;6,26;
"K-B3 ACOEM SW 5";2024-03-29 08:00:00;95,71;5,69;
"K-B3 ACOEM SW 5";2024-03-29 07:00:00;95,09;5,42;
"K-B3 ACOEM SW 5";2024-03-29 06:00:00;94,06;5,36;
"K-B3 ACOEM SW 5";2024-03-29 05:00:00;94,22;4,90;
"K-B3 ACOEM SW 5";2024-03-29 04:00:00;92,83;4,72;
"K-B3 ACOEM SW 5";2024-03-29 03:00:00;91,79;5,10;
"K-B3 ACOEM SW 5";2024-03-29 02:00:00;93,25;6,09;
"K-B3 ACOEM SW 5";2024-03-29 01:00:00;95,32;6,50;
"K-B3 ACOEM SW 5";2024-03-29 00:00:00;96,00;6,44;
"K-B3 ACOEM SW 5";2024-03-28 23:00:00;96,38;6,31;
"K-B3 ACOEM SW 5";2024-03-28 22:00:00;95,79;6,41;
"K-B3 ACOEM SW 5";2024-03-28 21:00:00;95,36;6,41;
"K-B3 ACOEM SW 5";2024-03-28 20:00:00;94,66;6,48;
"K-B3 ACOEM SW 5";2024-03-28 19:00:00;94,05;6,55;
"K-B3 ACOEM SW 5";2024-03-28 18:00:00;93,62;6,65;
"K-B3 ACOEM SW 5";2024-03-28 17:00:00;93,08;6,59;
"K-B3 ACOEM SW 5";2024-03-28 16:00:00;92,30;6,50;
"K-B3 ACOEM SW 5";2024-03-28 15:00:00;90,18;6,81;
"K-B3 ACOEM SW 5";2024-03-28 14:00:00;76,61;8,49;
"K-B3 ACOEM SW 5";2024-03-28 13:00:00;72,59;8,85;
"K-B3 ACOEM SW 5";2024-03-28 12:00:00;74,21;8,22;
"K-B3 ACOEM SW 5";2024-03-28 11:00:00;77,25;7,50;
"K-B3 ACOEM SW 5";2024-03-28 10:00:00;80,72;6,59;
"K-B3 ACOEM SW 5";2024-03-28 09:00:00;84,26;5,80;
"K-B3 ACOEM SW 5";2024-03-28 08:00:00;86,10;5,50;
"K-B3 ACOEM SW 5";2024-03-28 07:00:00;88,19;5,31;
"K-B3 ACOEM SW 5";2024-03-28 06:00:00;88,48;5,42;
"K-B3 ACOEM SW 5";2024-03-28 05:00:00;89,01;5,37;
"K-B3 ACOEM SW 5";2024-03-28 04:00:00;89,44;5,35;
"K-B3 ACOEM SW 5";2024-03-28 03:00:00;89,77;5,32;
"K-B3 ACOEM SW 5";2024-03-28 02:00:00;89,67;5,36;
"K-B3 ACOEM SW 5";2024-03-28 01:00:00;88,98;5,55;
"K-B3 ACOEM SW 5";2024-03-28 00:00:00;88,98;5,52;
"K-B3 ACOEM SW 5";2024-03-27 23:00:00;89,56;5,28;
"K-B3 ACOEM SW 5";2024-03-27 22:00:00;89,84;5,12;
"K-B3 ACOEM SW 5";2024-03-27 21:00:00;89,61;5,15;
"K-B3 ACOEM SW 5";2024-03-27 20:00:00;88,85;5,27;
"K-B3 ACOEM SW 5";2024-03-27 19:00:00;89,13;5,25;
"K-B3 ACOEM SW 5";2024-03-27 18:00:00;89,32;5,24;
"K-B3 ACOEM SW 5";2024-03-27 17:00:00;89,86;5,06;
"K-B3 ACOEM SW 5";2024-03-27 16:00:00;91,11;4,75;
"K-B3 ACOEM SW 5";2024-03-27 15:00:00;92,13;4,55;
"K-B3 ACOEM SW 5";2024-03-27 14:00:00;92,75;4,68;
"K-B3 ACOEM SW 5";2024-03-27 13:00:00;93,69;4,18;
"K-B3 ACOEM SW 5";2024-03-27 12:00:00;90,98;4,42;
"K-B3 ACOEM SW 5";2024-03-27 11:00:00;90,21;4,64;
"K-B3 ACOEM SW 5";2024-03-27 10:00:00;90,90;4,54;
"K-B3 ACOEM SW 5";2024-03-27 09:00:00;91,36;4,58;
"K-B3 ACOEM SW 5";2024-03-27 08:00:00;90,95;4,73;
"K-B3 ACOEM SW 5";2024-03-27 07:00:00;90,85;4,86;
"K-B3 ACOEM SW 5";2024-03-27 06:00:00;90,63;4,82;
"K-B3 ACOEM SW 5";2024-03-27 05:00:00;90,07;4,86;
"K-B3 ACOEM SW 5";2024-03-27 04:00:00;89,84;4,87;
"K-B3 ACOEM SW 5";2024-03-27 03:00:00;89,39;5,14;
"K-B3 ACOEM SW 5";2024-03-27 02:00:00;88,81;5,29;
"K-B3 ACOEM SW 5";2024-03-27 01:00:00;88,19;5,38;
"K-B3 ACOEM SW 5";2024-03-27 00:00:00;89,94;5,26;
"K-B3 ACOEM SW 5";2024-03-26 23:00:00;92,73;4,95;
"K-B3 ACOEM SW 5";2024-03-26 22:00:00;92,85;4,58;
"K-B3 ACOEM SW 5";2024-03-26 21:00:00;90,71;4,37;
"K-B3 ACOEM SW 5";2024-03-26 20:00:00;90,77;4,09;
"K-B3 ACOEM SW 5";2024-03-26 19:00:00;89,13;3,76;
"K-B3 ACOEM SW 5";2024-03-26 18:00:00;87,33;3,72;
"K-B3 ACOEM SW 5";2024-03-26 17:00:00;88,03;3,84;
"K-B3 ACOEM SW 5";2024-03-26 16:00:00;90,64;3,65;
"K-B3 ACOEM SW 5";2024-03-26 15:00:00;90,02;3,79;
"K-B3 ACOEM SW 5";2024-03-26 14:00:00;88,78;4,00;
"K-B3 ACOEM SW 5";2024-03-26 13:00:00;87,63;4,59;
"K-B3 ACOEM SW 5";2024-03-26 12:00:00;85,71;5,37;
"K-B3 ACOEM SW 5";2024-03-26 11:00:00;87,37;5,06;
"K-B3 ACOEM SW 5";2024-03-26 10:00:00;90,70;4,21;
"K-B3 ACOEM SW 5";2024-03-26 09:00:00;92,83;3,24;
"K-B3 ACOEM SW 5";2024-03-26 08:00:00;93,44;2,63;
"K-B3 ACOEM SW 5";2024-03-26 07:00:00;92,86;2,57;
"K-B3 ACOEM SW 5";2024-03-26 06:00:00;91,51;3,10;
"K-B3 ACOEM SW 5";2024-03-26 05:00:00;92,15;3,44;
"K-B3 ACOEM SW 5";2024-03-26 04:00:00;91,11;3,35;
"K-B3 ACOEM SW 5";2024-03-26 03:00:00;90,18;3,53;
"K-B3 ACOEM SW 5";2024-03-26 02:00:00;89,22;3,83;
"K-B3 ACOEM SW 5";2024-03-26 01:00:00;87,96;4,12;
"K-B3 ACOEM SW 5";2024-03-26 00:00:00;89,20;4,24;
"K-B3 ACOEM SW 5";2024-03-25 23:00:00;90,20;4,08;
"K-B3 ACOEM SW 5";2024-03-25 22:00:00;91,09;4,01;
"K-B3 ACOEM SW 5";2024-03-25 21:00:00;91,70;4,19;
"K-B3 ACOEM SW 5";2024-03-25 20:00:00;91,91;4,20;
"K-B3 ACOEM SW 5";2024-03-25 19:00:00;90,70;4,45;
"K-B3 ACOEM SW 5";2024-03-25 18:00:00;89,09;4,77;
"K-B3 ACOEM SW 5";2024-03-25 17:00:00;86,22;5,35;
"K-B3 ACOEM SW 5";2024-03-25 16:00:00;86,98;5,32;
"K-B3 ACOEM SW 5";2024-03-25 15:00:00;84,84;5,43;
"K-B3 ACOEM SW 5";2024-03-25 14:00:00;84,53;4,96;
"K-B3 ACOEM SW 5";2024-03-25 13:00:00;82,56;5,11;
"K-B3 ACOEM SW 5";2024-03-25 12:00:00;81,90;5,16;
"K-B3 ACOEM SW 5";2024-03-25 11:00:00;84,14;4,66;
"K-B3 ACOEM SW 5";2024-03-25 10:00:00;85,90;4,46;
"K-B3 ACOEM SW 5";2024-03-25 09:00:00;89,32;4,13;
"K-B3 ACOEM SW 5";2024-03-25 08:00:00;90,85;3,70;
"K-B3 ACOEM SW 5";2024-03-25 07:00:00;91,11;3,38;
"K-B3 ACOEM SW 5";2024-03-25 06:00:00;90,81;3,43;
"K-B3 ACOEM SW 5";2024-03-25 05:00:00;90,37;3,55;
"K-B3 ACOEM SW 5";2024-03-25 04:00:00;89,49;3,63;
"K-B3 ACOEM SW 5";2024-03-25 03:00:00;89,11;3,54;
"K-B3 ACOEM SW 5";2024-03-25 02:00:00;89,33;3,32;
"K-B3 ACOEM SW 5";2024-03-25 01:00:00;89,49;3,35;
"K-B3 ACOEM SW 5";2024-03-25 00:00:00;90,85;3,00;
"K-B3 ACOEM SW 5";2024-03-24 23:00:00;90,62;3,40;
"K-B3 ACOEM SW 5";2024-03-24 22:00:00;91,04;3,79;
"K-B3 ACOEM SW 5";2024-03-24 21:00:00;89,56;4,40;
"K-B3 ACOEM SW 5";2024-03-24 20:00:00;87,91;4,96;
"K-B3 ACOEM SW 5";2024-03-24 19:00:00;85,11;5,77;
"K-B3 ACOEM SW 5";2024-03-24 18:00:00;82,10;6,18;
"K-B3 ACOEM SW 5";2024-03-24 17:00:00;78,20;6,37;
"K-B3 ACOEM SW 5";2024-03-24 16:00:00;76,60;7,03;
"K-B3 ACOEM SW 5";2024-03-24 15:00:00;79,16;6,84;
"K-B3 ACOEM SW 5";2024-03-24 14:00:00;82,43;6,29;
"K-B3 ACOEM SW 5";2024-03-24 13:00:00;85,87;5,80;
"K-B3 ACOEM SW 5";2024-03-24 12:00:00;89,47;5,25;
"K-B3 ACOEM SW 5";2024-03-24 11:00:00;91,04;4,76;
"K-B3 ACOEM SW 5";2024-03-24 10:00:00;93,69;4,42;
"K-B3 ACOEM SW 5";2024-03-24 09:00:00;93,92;4,23;
"K-B3 ACOEM SW 5";2024-03-24 08:00:00;94,56;4,15;
"K-B3 ACOEM SW 5";2024-03-24 07:00:00;92,64;3,89;
"K-B3 ACOEM SW 5";2024-03-24 06:00:00;93,45;3,92;
"K-B3 ACOEM SW 5";2024-03-24 05:00:00;93,98;3,85;
"K-B3 ACOEM SW 5";2024-03-24 04:00:00;94,36;3,87;
"K-B3 ACOEM SW 5";2024-03-24 03:00:00;92,97;4,11;
"K-B3 ACOEM SW 5";2024-03-24 02:00:00;91,49;4,26;
"K-B3 ACOEM SW 5";2024-03-24 01:00:00;89,58;4,58;
"K-B3 ACOEM SW 5";2024-03-24 00:00:00;92,60;5,16;
"K-B3 ACOEM SW 5";2024-03-23 23:00:00;92,93;4,98;
"K-B3 ACOEM SW 5";2024-03-23 22:00:00;93,28;4,95;
"K-B3 ACOEM SW 5";2024-03-23 21:00:00;93,69;5,17;
"K-B3 ACOEM SW 5";2024-03-23 20:00:00;92,66;5,24;
"K-B3 ACOEM SW 5";2024-03-23 19:00:00;91,15;5,32;
"K-B3 ACOEM SW 5";2024-03-23 18:00:00;90,32;5,52;
"K-B3 ACOEM SW 5";2024-03-23 17:00:00;87,26;5,68;
"K-B3 ACOEM SW 5";2024-03-23 16:00:00;86,62;5,99;
"K-B3 ACOEM SW 5";2024-03-23 15:00:00;82,90;6,73;
"K-B3 ACOEM SW 5";2024-03-23 14:00:00;87,75;6,31;
"K-B3 ACOEM SW 5";2024-03-23 13:00:00;82,50;6,71;
"K-B3 ACOEM SW 5";2024-03-23 12:00:00;79,36;6,79;
"K-B3 ACOEM SW 5";2024-03-23 11:00:00;78,62;6,85;
"K-B3 ACOEM SW 5";2024-03-23 10:00:00;79,33;6,54;
"K-B3 ACOEM SW 5";2024-03-23 09:00:00;84,37;5,77;
"K-B3 ACOEM SW 5";2024-03-23 08:00:00;89,37;4,35;
"K-B3 ACOEM SW 5";2024-03-23 07:00:00;91,66;3,84;
"K-B3 ACOEM SW 5";2024-03-23 06:00:00;92,96;3,69;
"K-B3 ACOEM SW 5";2024-03-23 05:00:00;93,88;3,72;
"K-B3 ACOEM SW 5";2024-03-23 04:00:00;94,01;3,59;
"K-B3 ACOEM SW 5";2024-03-23 03:00:00;92,53;3,66;
"K-B3 ACOEM SW 5";2024-03-23 02:00:00;91,13;3,90;
"K-B3 ACOEM SW 5";2024-03-23 01:00:00;90,80;3,90;
"K-B3 ACOEM SW 5";2024-03-23 00:00:00;88,03;3,95;
"K-B3 ACOEM SW 5";2024-03-22 23:00:00;85,26;4,11;
"K-B3 ACOEM SW 5";2024-03-22 22:00:00;79,54;4,48;
"K-B3 ACOEM SW 5";2024-03-22 21:00:00;72,44;5,23;
"K-B3 ACOEM SW 5";2024-03-22 20:00:00;67,25;6,13;
"K-B3 ACOEM SW 5";2024-03-22 19:00:00;58,34;7,52;
"K-B3 ACOEM SW 5";2024-03-22 18:00:00;54,32;8,67;
"K-B3 ACOEM SW 5";2024-03-22 17:00:00;51,34;9,24;
"K-B3 ACOEM SW 5";2024-03-22 16:00:00;49,50;10,79;
"K-B3 ACOEM SW 5";2024-03-22 15:00:00;50,58;11,02;
"K-B3 ACOEM SW 5";2024-03-22 14:00:00;54,53;11,16;
"K-B3 ACOEM SW 5";2024-03-22 13:00:00;55,38;11,72;
"K-B3 ACOEM SW 5";2024-03-22 12:00:00;62,66;11,14;
"K-B3 ACOEM SW 5";2024-03-22 11:00:00;72,07;10,44;
"K-B3 ACOEM SW 5";2024-03-22 10:00:00;81,14;9,16;
"K-B3 ACOEM SW 5";2024-03-22 09:00:00;90,93;7,52;
"K-B3 ACOEM SW 5";2024-03-22 08:00:00;96,02;6,20;
"K-B3 ACOEM SW 5";2024-03-22 07:00:00;96,35;6,14;
"K-B3 ACOEM SW 5";2024-03-22 06:00:00;95,72;6,31;
"K-B3 ACOEM SW 5";2024-03-22 05:00:00;95,10;6,66;
"K-B3 ACOEM SW 5";2024-03-22 04:00:00;95,33;6,86;
"K-B3 ACOEM SW 5";2024-03-22 03:00:00;95,80;6,53;
"K-B3 ACOEM SW 5";2024-03-22 02:00:00;95,72;6,50;
"K-B3 ACOEM SW 5";2024-03-22 01:00:00;96,20;6,27;
"K-B3 ACOEM SW 5";2024-03-22 00:00:00;96,96;6,00;
"K-B3 ACOEM SW 5";2024-03-21 23:00:00;97,48;5,43;
"K-B3 ACOEM SW 5";2024-03-21 22:00:00;96,84;5,09;
"K-B3 ACOEM SW 5";2024-03-21 21:00:00;96,18;4,93;
"K-B3 ACOEM SW 5";2024-03-21 20:00:00;95,17;4,73;
"K-B3 ACOEM SW 5";2024-03-21 19:00:00;92,18;4,30;
"K-B3 ACOEM SW 5";2024-03-21 18:00:00;87,57;4,05;
"K-B3 ACOEM SW 5";2024-03-21 17:00:00;83,92;4,43;
"K-B3 ACOEM SW 5";2024-03-21 16:00:00;80,97;4,79;
"K-B3 ACOEM SW 5";2024-03-21 15:00:00;79,16;4,96;
"K-B3 ACOEM SW 5";2024-03-21 14:00:00;76,77;5,54;
"K-B3 ACOEM SW 5";2024-03-21 13:00:00;74,27;6,08;
"K-B3 ACOEM SW 5";2024-03-21 12:00:00;71,95;7,19;
"K-B3 ACOEM SW 5";2024-03-21 11:00:00;75,98;6,22;
"K-B3 ACOEM SW 5";2024-03-21 10:00:00;76,81;5,16;
"K-B3 ACOEM SW 5";2024-03-21 09:00:00;88,25;1,33;
"K-B3 ACOEM SW 5";2024-03-21 08:00:00;92,06;-0,31;
"K-B3 ACOEM SW 5";2024-03-21 07:00:00;91,34;-0,47;
"K-B3 ACOEM SW 5";2024-03-21 06:00:00;91,91;0,33;
"K-B3 ACOEM SW 5";2024-03-21 05:00:00;93,62;0,78;
"K-B3 ACOEM SW 5";2024-03-21 04:00:00;94,25;1,34;
"K-B3 ACOEM SW 5";2024-03-21 03:00:00;93,05;2,30;
"K-B3 ACOEM SW 5";2024-03-21 02:00:00;91,24;2,54;
"K-B3 ACOEM SW 5";2024-03-21 01:00:00;89,90;3,03;
"K-B3 ACOEM SW 5";2024-03-21 00:00:00;90,48;3,39;
"K-B3 ACOEM SW 5";2024-03-20 23:00:00;92,44;3,52;
"K-B3 ACOEM SW 5";2024-03-20 22:00:00;93,37;3,35;
"K-B3 ACOEM SW 5";2024-03-20 21:00:00;91,83;3,61;
"K-B3 ACOEM SW 5";2024-03-20 20:00:00;86,41;4,76;
"K-B3 ACOEM SW 5";2024-03-20 19:00:00;77,54;7,19;
"K-B3 ACOEM SW 5";2024-03-20 18:00:00;58,00;9,79;
"K-B3 ACOEM SW 5";2024-03-20 17:00:00;56,94;10,09;
"K-B3 ACOEM SW 5";2024-03-20 16:00:00;53,88;10,78;
"K-B3 ACOEM SW 5";2024-03-20 15:00:00;54,28;11,42;
"K-B3 ACOEM SW 5";2024-03-20 14:00:00;60,80;11,44;
"K-B3 ACOEM SW 5";2024-03-20 13:00:00;55,98;11,94;
"K-B3 ACOEM SW 5";2024-03-20 12:00:00;60,47;10,32;
"K-B3 ACOEM SW 5";2024-03-20 11:00:00;67,64;9,46;
"K-B3 ACOEM SW 5";2024-03-20 10:00:00;79,23;7,22;
"K-B3 ACOEM SW 5";2024-03-20 09:00:00;90,19;3,74;
"K-B3 ACOEM SW 5";2024-03-20 08:00:00;93,94;1,36;
"K-B3 ACOEM SW 5";2024-03-20 07:00:00;91,91;1,07;
"K-B3 ACOEM SW 5";2024-03-20 06:00:00;92,21;2,19;
"K-B3 ACOEM SW 5";2024-03-20 05:00:00;93,48;2,59;
"K-B3 ACOEM SW 5";2024-03-20 04:00:00;93,10;2,99;
"K-B3 ACOEM SW 5";2024-03-20 03:00:00;93,56;3,12;
"K-B3 ACOEM SW 5";2024-03-20 02:00:00;94,38;3,72;
"K-B3 ACOEM SW 5";2024-03-20 01:00:00;95,11;4,08;
"K-B3 ACOEM SW 5";2024-03-20 00:00:00;94,25;4,54;
"K-B3 ACOEM SW 5";2024-03-19 23:00:00;95,53;4,79;
"K-B3 ACOEM SW 5";2024-03-19 22:00:00;95,87;4,59;
"K-B3 ACOEM SW 5";2024-03-19 21:00:00;95,93;4,50;
"K-B3 ACOEM SW 5";2024-03-19 20:00:00;96,27;4,17;
"K-B3 ACOEM SW 5";2024-03-19 19:00:00;96,45;3,91;
"K-B3 ACOEM SW 5";2024-03-19 18:00:00;95,79;3,50;
"K-B3 ACOEM SW 5";2024-03-19 17:00:00;94,62;3,48;
"K-B3 ACOEM SW 5";2024-03-19 16:00:00;93,09;3,41;
"K-B3 ACOEM SW 5";2024-03-19 15:00:00;91,14;3,44;
"K-B3 ACOEM SW 5";2024-03-19 14:00:00;92,09;3,38;
"K-B3 ACOEM SW 5";2024-03-19 13:00:00;93,65;2,89;
"K-B3 ACOEM SW 5";2024-03-19 12:00:00;93,57;2,55;
"K-B3 ACOEM SW 5";2024-03-19 11:00:00;90,67;2,64;
"K-B3 ACOEM SW 5";2024-03-19 10:00:00;88,49;2,89;
"K-B3 ACOEM SW 5";2024-03-19 09:00:00;87,26;2,88;
"K-B3 ACOEM SW 5";2024-03-19 08:00:00;87,79;2,80;
"K-B3 ACOEM SW 5";2024-03-19 07:00:00;85,65;2,99;
"K-B3 ACOEM SW 5";2024-03-19 06:00:00;84,92;2,90;
"K-B3 ACOEM SW 5";2024-03-19 05:00:00;82,96;2,67;
"K-B3 ACOEM SW 5";2024-03-19 04:00:00;79,22;2,06;
"K-B3 ACOEM SW 5";2024-03-19 03:00:00;80,03;2,27;
"K-B3 ACOEM SW 5";2024-03-19 02:00:00;80,64;1,70;
"K-B3 ACOEM SW 5";2024-03-19 01:00:00;78,35;0,99;
"K-B3 ACOEM SW 5";2024-03-19 00:00:00;77,04;0,64;
"K-B3 ACOEM SW 5";2024-03-18 23:00:00;76,95;0,64;
"K-B3 ACOEM SW 5";2024-03-18 22:00:00;75,40;1,14;
"K-B3 ACOEM SW 5";2024-03-18 21:00:00;69,81;1,64;
"K-B3 ACOEM SW 5";2024-03-18 20:00:00;70,93;1,28;
"K-B3 ACOEM SW 5";2024-03-18 19:00:00;72,04;1,13;
"K-B3 ACOEM SW 5";2024-03-18 18:00:00;72,62;1,18;
"K-B3 ACOEM SW 5";2024-03-18 17:00:00;74,04;1,22;
"K-B3 ACOEM SW 5";2024-03-18 16:00:00;75,09;1,55;
"K-B3 ACOEM SW 5";2024-03-18 15:00:00;74,47;2,04;
"K-B3 ACOEM SW 5";2024-03-18 14:00:00;73,68;2,40;
"K-B3 ACOEM SW 5";2024-03-18 13:00:00;74,13;2,50;
"K-B3 ACOEM SW 5";2024-03-18 12:00:00;74,72;2,46;
"K-B3 ACOEM SW 5";2024-03-18 11:00:00;75,49;2,49;
"K-B3 ACOEM SW 5";2024-03-18 10:00:00;74,88;2,45;
"K-B3 ACOEM SW 5";2024-03-18 09:00:00;75,69;2,03;
"K-B3 ACOEM SW 5";2024-03-18 08:00:00;75,53;1,93;
"K-B3 ACOEM SW 5";2024-03-18 07:00:00;74,05;2,06;
"K-B3 ACOEM SW 5";2024-03-18 06:00:00;73,93;2,23;
"K-B3 ACOEM SW 5";2024-03-18 05:00:00;74,70;2,35;
"K-B3 ACOEM SW 5";2024-03-18 04:00:00;77,88;2,06;
"K-B3 ACOEM SW 5";2024-03-18 03:00:00;74,41;1,80;
"K-B3 ACOEM SW 5";2024-03-18 02:00:00;69,26;1,89;
"K-B3 ACOEM SW 5";2024-03-18 01:00:00;66,62;2,26;
"K-B3 ACOEM SW 5";2024-03-18 00:00:00;69,61;2,44;
"K-B3 ACOEM SW 5";2024-03-17 23:00:00;67,57;2,19;
"K-B3 ACOEM SW 5";2024-03-17 22:00:00;68,99;1,76;
"K-B3 ACOEM SW 5";2024-03-17 21:00:00;63,54;1,41;
"K-B3 ACOEM SW 5";2024-03-17 20:00:00;63,16;1,31;
"K-B3 ACOEM SW 5";2024-03-17 19:00:00;64,10;1,35;
"K-B3 ACOEM SW 5";2024-03-17 18:00:00;64,29;1,49;
"K-B3 ACOEM SW 5";2024-03-17 17:00:00;64,23;1,92;
"K-B3 ACOEM SW 5";2024-03-17 16:00:00;60,39;2,85;
"K-B3 ACOEM SW 5";2024-03-17 15:00:00;61,40;2,54;
"K-B3 ACOEM SW 5";2024-03-17 14:00:00;59,68;2,84;
"K-B3 ACOEM SW 5";2024-03-17 13:00:00;63,20;2,50;
"K-B3 ACOEM SW 5";2024-03-17 12:00:00;61,67;2,56;
"K-B3 ACOEM SW 5";2024-03-17 11:00:00;60,48;2,14;
"K-B3 ACOEM SW 5";2024-03-17 10:00:00;58,58;1,66;
"K-B3 ACOEM SW 5";2024-03-17 09:00:00;59,18;0,68;
"K-B3 ACOEM SW 5";2024-03-17 08:00:00;64,74;-0,92;
"K-B3 ACOEM SW 5";2024-03-17 07:00:00;65,70;-1,22;
"K-B3 ACOEM SW 5";2024-03-17 06:00:00;63,88;-0,73;
"K-B3 ACOEM SW 5";2024-03-17 05:00:00;63,00;-0,38;
"K-B3 ACOEM SW 5";2024-03-17 04:00:00;63,36;-0,16;
"K-B3 ACOEM SW 5";2024-03-17 03:00:00;62,06;0,35;
"K-B3 ACOEM SW 5";2024-03-17 02:00:00;61,50;0,81;
"K-B3 ACOEM SW 5";2024-03-17 01:00:00;61,79;1,28;
"K-B3 ACOEM SW 5";2024-03-17 00:00:00;64,93;1,64;
"K-B3 ACOEM SW 5";2024-03-16 23:00:00;65,75;1,72;
"K-B3 ACOEM SW 5";2024-03-16 22:00:00;59,03;2,45;
"K-B3 ACOEM SW 5";2024-03-16 21:00:00;56,80;3,14;
"K-B3 ACOEM SW 5";2024-03-16 20:00:00;58,55;4,00;
"K-B3 ACOEM SW 5";2024-03-16 19:00:00;57,96;4,09;
"K-B3 ACOEM SW 5";2024-03-16 18:00:00;57,94;4,65;
"K-B3 ACOEM SW 5";2024-03-16 17:00:00;59,05;4,96;
"K-B3 ACOEM SW 5";2024-03-16 16:00:00;62,15;5,60;
"K-B3 ACOEM SW 5";2024-03-16 15:00:00;66,44;5,10;
"K-B3 ACOEM SW 5";2024-03-16 14:00:00;67,64;5,22;
"K-B3 ACOEM SW 5";2024-03-16 13:00:00;74,80;5,19;
"K-B3 ACOEM SW 5";2024-03-16 12:00:00;79,83;5,04;
"K-B3 ACOEM SW 5";2024-03-16 11:00:00;86,76;4,33;
"K-B3 ACOEM SW 5";2024-03-16 10:00:00;85,68;4,74;
"K-B3 ACOEM SW 5";2024-03-16 09:00:00;83,19;4,67;
"K-B3 ACOEM SW 5";2024-03-16 08:00:00;86,99;4,04;
"K-B3 ACOEM SW 5";2024-03-16 07:00:00;89,46;3,70;
"K-B3 ACOEM SW 5";2024-03-16 06:00:00;89,16;4,12;
"K-B3 ACOEM SW 5";2024-03-16 05:00:00;90,44;5,30;
"K-B3 ACOEM SW 5";2024-03-16 04:00:00;94,99;6,46;
"K-B3 ACOEM SW 5";2024-03-16 03:00:00;96,20;6,36;
"K-B3 ACOEM SW 5";2024-03-16 02:00:00;96,02;6,19;
"K-B3 ACOEM SW 5";2024-03-16 01:00:00;95,16;6,49;
"K-B3 ACOEM SW 5";2024-03-16 00:00:00;96,05;6,40;
"K-B3 ACOEM SW 5";2024-03-15 23:00:00;96,69;6,47;
"K-B3 ACOEM SW 5";2024-03-15 22:00:00;97,22;6,40;
"K-B3 ACOEM SW 5";2024-03-15 21:00:00;97,30;6,44;
"K-B3 ACOEM SW 5";2024-03-15 20:00:00;97,23;6,46;
"K-B3 ACOEM SW 5";2024-03-15 19:00:00;97,22;6,45;
"K-B3 ACOEM SW 5";2024-03-15 18:00:00;96,89;6,67;
"K-B3 ACOEM SW 5";2024-03-15 17:00:00;94,94;7,32;
"K-B3 ACOEM SW 5";2024-03-15 16:00:00;93,56;8,25;
"K-B3 ACOEM SW 5";2024-03-15 15:00:00;96,12;7,41;
"K-B3 ACOEM SW 5";2024-03-15 14:00:00;96,06;7,30;
"K-B3 ACOEM SW 5";2024-03-15 13:00:00;94,87;7,53;
"K-B3 ACOEM SW 5";2024-03-15 12:00:00;94,31;8,07;
"K-B3 ACOEM SW 5";2024-03-15 11:00:00;94,28;7,97;
"K-B3 ACOEM SW 5";2024-03-15 10:00:00;95,87;7,21;
"K-B3 ACOEM SW 5";2024-03-15 09:00:00;95,35;6,69;
"K-B3 ACOEM SW 5";2024-03-15 08:00:00;95,59;6,26;
"K-B3 ACOEM SW 5";2024-03-15 07:00:00;94,88;6,14;
"K-B3 ACOEM SW 5";2024-03-15 06:00:00;94,69;6,00;
"K-B3 ACOEM SW 5";2024-03-15 05:00:00;94,38;5,76;
"K-B3 ACOEM SW 5";2024-03-15 04:00:00;93,03;5,86;
"K-B3 ACOEM SW 5";2024-03-15 03:00:00;92,55;5,94;
"K-B3 ACOEM SW 5";2024-03-15 02:00:00;92,75;5,93;
"K-B3 ACOEM SW 5";2024-03-15 01:00:00;92,17;6,05;
"K-B3 ACOEM SW 5";2024-03-15 00:00:00;92,80;6,11;
"K-B3 ACOEM SW 5";2024-03-14 23:00:00;93,70;5,91;
"K-B3 ACOEM SW 5";2024-03-14 22:00:00;93,85;5,60;
"K-B3 ACOEM SW 5";2024-03-14 21:00:00;92,23;6,07;
"K-B3 ACOEM SW 5";2024-03-14 20:00:00;89,37;6,65;
"K-B3 ACOEM SW 5";2024-03-14 19:00:00;88,02;6,86;
"K-B3 ACOEM SW 5";2024-03-14 18:00:00;81,80;8,15;
"K-B3 ACOEM SW 5";2024-03-14 17:00:00;77,29;9,14;
"K-B3 ACOEM SW 5";2024-03-14 16:00:00;76,64;9,61;
"K-B3 ACOEM SW 5";2024-03-14 15:00:00;72,18;10,73;
"K-B3 ACOEM SW 5";2024-03-14 14:00:00;71,42;11,25;
"K-B3 ACOEM SW 5";2024-03-14 13:00:00;68,59;11,45;
"K-B3 ACOEM SW 5";2024-03-14 12:00:00;73,68;10,03;
"K-B3 ACOEM SW 5";2024-03-14 11:00:00;81,05;8,79;
"K-B3 ACOEM SW 5";2024-03-14 10:00:00;90,50;6,64;
"K-B3 ACOEM SW 5";2024-03-14 09:00:00;95,87;5,02;
"K-B3 ACOEM SW 5";2024-03-14 08:00:00;95,60;5,13;
"K-B3 ACOEM SW 5";2024-03-14 07:00:00;94,42;5,76;
"K-B3 ACOEM SW 5";2024-03-14 06:00:00;94,85;6,14;
"K-B3 ACOEM SW 5";2024-03-14 05:00:00;95,87;6,67;
"K-B3 ACOEM SW 5";2024-03-14 04:00:00;95,97;7,01;
"K-B3 ACOEM SW 5";2024-03-14 03:00:00;96,22;7,05;
"K-B3 ACOEM SW 5";2024-03-14 02:00:00;96,55;6,88;
"K-B3 ACOEM SW 5";2024-03-14 01:00:00;96,67;6,80;
"K-B3 ACOEM SW 5";2024-03-14 00:00:00;97,26;6,62;
"K-B3 ACOEM SW 5";2024-03-13 23:00:00;97,64;6,32;
"K-B3 ACOEM SW 5";2024-03-13 22:00:00;97,60;6,14;
"K-B3 ACOEM SW 5";2024-03-13 21:00:00;97,31;5,98;
"K-B3 ACOEM SW 5";2024-03-13 20:00:00;96,73;5,97;
"K-B3 ACOEM SW 5";2024-03-13 19:00:00;96,35;6,07;
"K-B3 ACOEM SW 5";2024-03-13 18:00:00;96,47;5,96;
"K-B3 ACOEM SW 5";2024-03-13 17:00:00;95,87;5,60;
"K-B3 ACOEM SW 5";2024-03-13 16:00:00;95,76;5,49;
"K-B3 ACOEM SW 5";2024-03-13 15:00:00;94,26;5,58;
"K-B3 ACOEM SW 5";2024-03-13 14:00:00;93,43;5,66;
"K-B3 ACOEM SW 5";2024-03-13 13:00:00;93,07;5,68;
"K-B3 ACOEM SW 5";2024-03-13 12:00:00;92,42;5,01;
"K-B3 ACOEM SW 5";2024-03-13 11:00:00;93,45;4,35;
"K-B3 ACOEM SW 5";2024-03-13 10:00:00;94,24;3,73;
"K-B3 ACOEM SW 5";2024-03-13 09:00:00;90,53;3,66;
"K-B3 ACOEM SW 5";2024-03-13 08:00:00;89,60;3,48;
"K-B3 ACOEM SW 5";2024-03-13 07:00:00;88,94;3,43;
"K-B3 ACOEM SW 5";2024-03-13 06:00:00;89,60;3,23;
"K-B3 ACOEM SW 5";2024-03-13 05:00:00;87,84;3,11;
"K-B3 ACOEM SW 5";2024-03-13 04:00:00;86,91;3,09;
"K-B3 ACOEM SW 5";2024-03-13 03:00:00;86,89;2,86;
"K-B3 ACOEM SW 5";2024-03-13 02:00:00;87,16;2,63;
"K-B3 ACOEM SW 5";2024-03-13 01:00:00;88,02;2,52;
"K-B3 ACOEM SW 5";2024-03-13 00:00:00;87,75;2,55;
"K-B3 ACOEM SW 5";2024-03-12 23:00:00;86,06;2,70;
"K-B3 ACOEM SW 5";2024-03-12 22:00:00;82,02;3,11;
"K-B3 ACOEM SW 5";2024-03-12 21:00:00;78,55;3,31;
"K-B3 ACOEM SW 5";2024-03-12 20:00:00;75,04;3,71;
"K-B3 ACOEM SW 5";2024-03-12 19:00:00;74,52;3,49;
"K-B3 ACOEM SW 5";2024-03-12 18:00:00;71,44;3,54;
"K-B3 ACOEM SW 5";2024-03-12 17:00:00;67,29;3,68;
"K-B3 ACOEM SW 5";2024-03-12 16:00:00;65,07;3,83;
"K-B3 ACOEM SW 5";2024-03-12 15:00:00;64,26;3,69;
"K-B3 ACOEM SW 5";2024-03-12 14:00:00;64,48;3,55;
"K-B3 ACOEM SW 5";2024-03-12 13:00:00;65,74;3,20;
"K-B3 ACOEM SW 5";2024-03-12 12:00:00;68,81;2,66;
"K-B3 ACOEM SW 5";2024-03-12 11:00:00;69,97;2,32;
"K-B3 ACOEM SW 5";2024-03-12 10:00:00;69,57;2,04;
"K-B3 ACOEM SW 5";2024-03-12 09:00:00;69,77;1,58;
"K-B3 ACOEM SW 5";2024-03-12 08:00:00;70,08;1,35;
"K-B3 ACOEM SW 5";2024-03-12 07:00:00;69,85;1,35;
"K-B3 ACOEM SW 5";2024-03-12 06:00:00;69,13;1,35;
"K-B3 ACOEM SW 5";2024-03-12 05:00:00;67,35;1,59;
"K-B3 ACOEM SW 5";2024-03-12 04:00:00;67,10;1,53;
"K-B3 ACOEM SW 5";2024-03-12 03:00:00;65,67;1,82;
"K-B3 ACOEM SW 5";2024-03-12 02:00:00;64,25;2,24;
"K-B3 ACOEM SW 5";2024-03-12 01:00:00;63,85;2,31;
"K-B3 ACOEM SW 5";2024-03-12 00:00:00;63,55;2,29;
"K-B3 ACOEM SW 5";2024-03-11 23:00:00;63,15;2,24;
"K-B3 ACOEM SW 5";2024-03-11 22:00:00;63,03;2,08;
"K-B3 ACOEM SW 5";2024-03-11 21:00:00;62,59;2,30;
"K-B3 ACOEM SW 5";2024-03-11 20:00:00;60,84;2,88;
"K-B3 ACOEM SW 5";2024-03-11 19:00:00;59,41;3,40;
"K-B3 ACOEM SW 5";2024-03-11 18:00:00;61,33;3,75;
"K-B3 ACOEM SW 5";2024-03-11 17:00:00;61,82;3,99;
"K-B3 ACOEM SW 5";2024-03-11 16:00:00;63,86;4,05;
"K-B3 ACOEM SW 5";2024-03-11 15:00:00;62,46;4,27;
"K-B3 ACOEM SW 5";2024-03-11 14:00:00;61,45;4,14;
"K-B3 ACOEM SW 5";2024-03-11 13:00:00;60,21;3,44;
"K-B3 ACOEM SW 5";2024-03-11 12:00:00;64,29;2,18;
"K-B3 ACOEM SW 5";2024-03-11 11:00:00;68,27;1,25;
"K-B3 ACOEM SW 5";2024-03-11 10:00:00;71,68;0,33;
"K-B3 ACOEM SW 5";2024-03-11 09:00:00;73,82;-0,38;
"K-B3 ACOEM SW 5";2024-03-11 08:00:00;74,44;-0,55;
"K-B3 ACOEM SW 5";2024-03-11 07:00:00;74,60;-0,42;
"K-B3 ACOEM SW 5";2024-03-11 06:00:00;74,99;-0,20;
"K-B3 ACOEM SW 5";2024-03-11 05:00:00;75,00;-0,10;
"K-B3 ACOEM SW 5";2024-03-11 04:00:00;74,92;-0,05;
"K-B3 ACOEM SW 5";2024-03-11 03:00:00;75,20;0,06;
"K-B3 ACOEM SW 5";2024-03-11 02:00:00;75,71;0,17;
"K-B3 ACOEM SW 5";2024-03-11 01:00:00;75,99;0,24;
"K-B3 ACOEM SW 5";2024-03-11 00:00:00;75,99;0,25;
"K-B3 ACOEM SW 5";2024-03-10 23:00:00;76,17;0,24;
"K-B3 ACOEM SW 5";2024-03-10 22:00:00;76,81;0,21;
"K-B3 ACOEM SW 5";2024-03-10 21:00:00;77,89;0,13;
"K-B3 ACOEM SW 5";2024-03-10 20:00:00;79,96;-0,04;
"K-B3 ACOEM SW 5";2024-03-10 19:00:00;81,05;-0,09;
"K-B3 ACOEM SW 5";2024-03-10 18:00:00;80,89;-0,05;
"K-B3 ACOEM SW 5";2024-03-10 17:00:00;81,98;-0,05;
"K-B3 ACOEM SW 5";2024-03-10 16:00:00;82,49;0,05;
"K-B3 ACOEM SW 5";2024-03-10 15:00:00;80,31;0,21;
"K-B3 ACOEM SW 5";2024-03-10 14:00:00;79,82;0,14;
"K-B3 ACOEM SW 5";2024-03-10 13:00:00;79,24;0,08;
"K-B3 ACOEM SW 5";2024-03-10 12:00:00;78,83;0,09;
"K-B3 ACOEM SW 5";2024-03-10 11:00:00;79,15;0,12;
"K-B3 ACOEM SW 5";2024-03-10 10:00:00;78,65;0,39;
"K-B3 ACOEM SW 5";2024-03-10 09:00:00;78,04;0,44;
"K-B3 ACOEM SW 5";2024-03-10 08:00:00;78,26;0,61;
"K-B3 ACOEM SW 5";2024-03-10 07:00:00;80,95;0,56;
"K-B3 ACOEM SW 5";2024-03-10 06:00:00;84,45;0,57;
"K-B3 ACOEM SW 5";2024-03-10 05:00:00;85,09;0,52;
"K-B3 ACOEM SW 5";2024-03-10 04:00:00;81,85;0,70;
"K-B3 ACOEM SW 5";2024-03-10 03:00:00;81,71;0,63;
"K-B3 ACOEM SW 5";2024-03-10 02:00:00;79,43;0,60;
"K-B3 ACOEM SW 5";2024-03-10 01:00:00;78,63;0,47;
"K-B3 ACOEM SW 5";2024-03-10 00:00:00;78,56;0,42;
"K-B3 ACOEM SW 5";2024-03-09 23:00:00;83,03;0,30;
"K-B3 ACOEM SW 5";2024-03-09 22:00:00;85,60;0,45;
"K-B3 ACOEM SW 5";2024-03-09 21:00:00;79,57;1,15;
"K-B3 ACOEM SW 5";2024-03-09 20:00:00;80,25;1,05;
"K-B3 ACOEM SW 5";2024-03-09 19:00:00;84,71;0,66;
"K-B3 ACOEM SW 5";2024-03-09 18:00:00;83,13;0,78;
"K-B3 ACOEM SW 5";2024-03-09 17:00:00;83,71;0,71;
"K-B3 ACOEM SW 5";2024-03-09 16:00:00;84,99;0,50;
"K-B3 ACOEM SW 5";2024-03-09 15:00:00;90,20;0,40;
"K-B3 ACOEM SW 5";2024-03-09 14:00:00;88,59;0,56;
"K-B3 ACOEM SW 5";2024-03-09 13:00:00;88,20;0,87;
"K-B3 ACOEM SW 5";2024-03-09 12:00:00;86,18;1,26;
"K-B3 ACOEM SW 5";2024-03-09 11:00:00;85,58;1,52;
"K-B3 ACOEM SW 5";2024-03-09 10:00:00;87,28;1,66;
"K-B3 ACOEM SW 5";2024-03-09 09:00:00;86,49;1,60;
"K-B3 ACOEM SW 5";2024-03-09 08:00:00;83,02;1,27;
"K-B3 ACOEM SW 5";2024-03-09 07:00:00;78,81;0,91;
"K-B3 ACOEM SW 5";2024-03-09 06:00:00;77,58;0,99;
"K-B3 ACOEM SW 5";2024-03-09 05:00:00;76,77;1,22;
"K-B3 ACOEM SW 5";2024-03-09 04:00:00;76,04;1,49;
"K-B3 ACOEM SW 5";2024-03-09 03:00:00;75,33;1,76;
"K-B3 ACOEM SW 5";2024-03-09 02:00:00;74,36;2,07;
"K-B3 ACOEM SW 5";2024-03-09 01:00:00;73,71;2,40;
"K-B3 ACOEM SW 5";2024-03-09 00:00:00;71,36;2,99;
"K-B3 ACOEM SW 5";2024-03-08 23:00:00;69,30;3,34;
"K-B3 ACOEM SW 5";2024-03-08 22:00:00;69,50;3,39;
"K-B3 ACOEM SW 5";2024-03-08 21:00:00;72,68;3,52;
"K-B3 ACOEM SW 5";2024-03-08 20:00:00;75,52;3,55;
"K-B3 ACOEM SW 5";2024-03-08 19:00:00;74,14;4,01;
"K-B3 ACOEM SW 5";2024-03-08 18:00:00;70,42;4,60;
"K-B3 ACOEM SW 5";2024-03-08 17:00:00;69,68;5,39;
"K-B3 ACOEM SW 5";2024-03-08 16:00:00;67,80;6,06;
"K-B3 ACOEM SW 5";2024-03-08 15:00:00;66,32;6,20;
"K-B3 ACOEM SW 5";2024-03-08 14:00:00;65,67;5,76;
"K-B3 ACOEM SW 5";2024-03-08 13:00:00;62,29;5,57;
"K-B3 ACOEM SW 5";2024-03-08 12:00:00;59,51;5,71;
"K-B3 ACOEM SW 5";2024-03-08 11:00:00;61,75;4,97;
"K-B3 ACOEM SW 5";2024-03-08 10:00:00;66,61;3,95;
"K-B3 ACOEM SW 5";2024-03-08 09:00:00;75,41;2,11;
"K-B3 ACOEM SW 5";2024-03-08 08:00:00;84,47;-0,14;
"K-B3 ACOEM SW 5";2024-03-08 07:00:00;85,58;-0,32;
"K-B3 ACOEM SW 5";2024-03-08 06:00:00;87,08;-0,47;
"K-B3 ACOEM SW 5";2024-03-08 05:00:00;88,55;-0,64;
"K-B3 ACOEM SW 5";2024-03-08 04:00:00;89,70;-0,83;
"K-B3 ACOEM SW 5";2024-03-08 03:00:00;89,24;-0,93;
"K-B3 ACOEM SW 5";2024-03-08 02:00:00;87,35;-0,80;
"K-B3 ACOEM SW 5";2024-03-08 01:00:00;87,02;-0,58;
"K-B3 ACOEM SW 5";2024-03-08 00:00:00;86,82;-0,30;
"K-B3 ACOEM SW 5";2024-03-07 23:00:00;85,79;0,09;
"K-B3 ACOEM SW 5";2024-03-07 22:00:00;83,85;0,65;
"K-B3 ACOEM SW 5";2024-03-07 21:00:00;81,13;1,50;
"K-B3 ACOEM SW 5";2024-03-07 20:00:00;76,02;2,45;
"K-B3 ACOEM SW 5";2024-03-07 19:00:00;75,40;3,17;
"K-B3 ACOEM SW 5";2024-03-07 18:00:00;73,91;4,57;
"K-B3 ACOEM SW 5";2024-03-07 17:00:00;65,46;6,49;
"K-B3 ACOEM SW 5";2024-03-07 16:00:00;62,82;7,24;
"K-B3 ACOEM SW 5";2024-03-07 15:00:00;66,45;6,92;
"K-B3 ACOEM SW 5";2024-03-07 14:00:00;66,16;6,78;
"K-B3 ACOEM SW 5";2024-03-07 13:00:00;65,46;5,92;
"K-B3 ACOEM SW 5";2024-03-07 12:00:00;64,95;6,04;
"K-B3 ACOEM SW 5";2024-03-07 11:00:00;67,77;5,20;
"K-B3 ACOEM SW 5";2024-03-07 10:00:00;73,75;3,61;
"K-B3 ACOEM SW 5";2024-03-07 09:00:00;81,43;1,88;
"K-B3 ACOEM SW 5";2024-03-07 08:00:00;84,50;0,97;
"K-B3 ACOEM SW 5";2024-03-07 07:00:00;81,28;1,60;
"K-B3 ACOEM SW 5";2024-03-07 06:00:00;80,18;1,83;
"K-B3 ACOEM SW 5";2024-03-07 05:00:00;80,02;1,86;
"K-B3 ACOEM SW 5";2024-03-07 04:00:00;79,64;1,88;
"K-B3 ACOEM SW 5";2024-03-07 03:00:00;80,67;1,73;
"K-B3 ACOEM SW 5";2024-03-07 02:00:00;81,68;1,65;
"K-B3 ACOEM SW 5";2024-03-07 01:00:00;82,48;1,52;
"K-B3 ACOEM SW 5";2024-03-07 00:00:00;82,93;1,35;
"K-B3 ACOEM SW 5";2024-03-06 23:00:00;83,59;1,26;
"K-B3 ACOEM SW 5";2024-03-06 22:00:00;84,96;1,04;
"K-B3 ACOEM SW 5";2024-03-06 21:00:00;85,28;0,95;
"K-B3 ACOEM SW 5";2024-03-06 20:00:00;85,69;0,80;
"K-B3 ACOEM SW 5";2024-03-06 19:00:00;86,79;0,63;
"K-B3 ACOEM SW 5";2024-03-06 18:00:00;88,15;0,51;
"K-B3 ACOEM SW 5";2024-03-06 17:00:00;89,15;0,60;
"K-B3 ACOEM SW 5";2024-03-06 16:00:00;90,41;0,59;
"K-B3 ACOEM SW 5";2024-03-06 15:00:00;91,61;0,66;
"K-B3 ACOEM SW 5";2024-03-06 14:00:00;91,90;0,84;
"K-B3 ACOEM SW 5";2024-03-06 13:00:00;91,77;0,91;
"K-B3 ACOEM SW 5";2024-03-06 12:00:00;92,65;0,65;
"K-B3 ACOEM SW 5";2024-03-06 11:00:00;93,33;0,13;
"K-B3 ACOEM SW 5";2024-03-06 10:00:00;93,41;-0,09;
"K-B3 ACOEM SW 5";2024-03-06 09:00:00;89,61;0,38;
"K-B3 ACOEM SW 5";2024-03-06 08:00:00;86,42;0,58;
"K-B3 ACOEM SW 5";2024-03-06 07:00:00;83,93;1,02;
"K-B3 ACOEM SW 5";2024-03-06 06:00:00;77,24;1,79;
"K-B3 ACOEM SW 5";2024-03-06 05:00:00;77,91;1,89;
"K-B3 ACOEM SW 5";2024-03-06 04:00:00;81,48;2,03;
"K-B3 ACOEM SW 5";2024-03-06 03:00:00;78,79;2,11;
"K-B3 ACOEM SW 5";2024-03-06 02:00:00;79,46;2,23;
"K-B3 ACOEM SW 5";2024-03-06 01:00:00;79,64;2,40;
"K-B3 ACOEM SW 5";2024-03-06 00:00:00;79,37;2,44;
"K-B3 ACOEM SW 5";2024-03-05 23:00:00;77,99;2,39;
"K-B3 ACOEM SW 5";2024-03-05 22:00:00;80,66;2,37;
"K-B3 ACOEM SW 5";2024-03-05 21:00:00;81,30;2,35;
"K-B3 ACOEM SW 5";2024-03-05 20:00:00;81,27;2,34;
"K-B3 ACOEM SW 5";2024-03-05 19:00:00;80,71;2,29;
"K-B3 ACOEM SW 5";2024-03-05 18:00:00;81,00;2,45;
"K-B3 ACOEM SW 5";2024-03-05 17:00:00;79,03;2,84;
"K-B3 ACOEM SW 5";2024-03-05 16:00:00;77,09;2,99;
"K-B3 ACOEM SW 5";2024-03-05 15:00:00;77,77;2,90;
"K-B3 ACOEM SW 5";2024-03-05 14:00:00;77,50;2,96;
"K-B3 ACOEM SW 5";2024-03-05 13:00:00;78,87;2,94;
"K-B3 ACOEM SW 5";2024-03-05 12:00:00;78,46;2,96;
"K-B3 ACOEM SW 5";2024-03-05 11:00:00;77,69;2,93;
"K-B3 ACOEM SW 5";2024-03-05 10:00:00;79,36;2,82;
"K-B3 ACOEM SW 5";2024-03-05 09:00:00;79,75;2,64;
"K-B3 ACOEM SW 5";2024-03-05 08:00:00;81,34;2,66;
"K-B3 ACOEM SW 5";2024-03-05 07:00:00;82,93;2,71;
"K-B3 ACOEM SW 5";2024-03-05 06:00:00;81,14;2,97;
"K-B3 ACOEM SW 5";2024-03-05 05:00:00;83,44;3,22;
"K-B3 ACOEM SW 5";2024-03-05 04:00:00;85,16;3,37;
"K-B3 ACOEM SW 5";2024-03-05 03:00:00;87,50;3,60;
"K-B3 ACOEM SW 5";2024-03-05 02:00:00;86,61;3,92;
"K-B3 ACOEM SW 5";2024-03-05 01:00:00;86,16;4,06;
"K-B3 ACOEM SW 5";2024-03-05 00:00:00;85,69;4,10;
"K-B3 ACOEM SW 5";2024-03-04 23:00:00;84,65;4,17;
"K-B3 ACOEM SW 5";2024-03-04 22:00:00;83,37;4,13;
"K-B3 ACOEM SW 5";2024-03-04 21:00:00;79,46;4,03;
"K-B3 ACOEM SW 5";2024-03-04 20:00:00;80,70;3,84;
"K-B3 ACOEM SW 5";2024-03-04 19:00:00;83,10;4,03;
"K-B3 ACOEM SW 5";2024-03-04 18:00:00;81,74;4,04;
"K-B3 ACOEM SW 5";2024-03-04 17:00:00;81,57;4,04;
"K-B3 ACOEM SW 5";2024-03-04 16:00:00;84,16;4,22;
"K-B3 ACOEM SW 5";2024-03-04 15:00:00;83,53;4,62;
"K-B3 ACOEM SW 5";2024-03-04 14:00:00;85,11;4,56;
"K-B3 ACOEM SW 5";2024-03-04 13:00:00;86,47;4,60;
"K-B3 ACOEM SW 5";2024-03-04 12:00:00;87,48;4,55;
"K-B3 ACOEM SW 5";2024-03-04 11:00:00;88,34;4,41;
"K-B3 ACOEM SW 5";2024-03-04 10:00:00;89,47;4,26;
"K-B3 ACOEM SW 5";2024-03-04 09:00:00;90,20;4,15;
"K-B3 ACOEM SW 5";2024-03-04 08:00:00;91,05;4,14;
"K-B3 ACOEM SW 5";2024-03-04 07:00:00;91,64;4,20;
"K-B3 ACOEM SW 5";2024-03-04 06:00:00;92,50;4,31;
"K-B3 ACOEM SW 5";2024-03-04 05:00:00;93,15;4,44;
"K-B3 ACOEM SW 5";2024-03-04 04:00:00;93,69;4,57;
"K-B3 ACOEM SW 5";2024-03-04 03:00:00;94,49;4,71;
"K-B3 ACOEM SW 5";2024-03-04 02:00:00;95,15;4,86;
"K-B3 ACOEM SW 5";2024-03-04 01:00:00;95,57;5,00;
"K-B3 ACOEM SW 5";2024-03-04 00:00:00;96,17;5,06;
"K-B3 ACOEM SW 5";2024-03-03 23:00:00;96,61;4,95;
"K-B3 ACOEM SW 5";2024-03-03 22:00:00;96,52;4,84;
"K-B3 ACOEM SW 5";2024-03-03 21:00:00;96,25;4,87;
"K-B3 ACOEM SW 5";2024-03-03 20:00:00;96,07;4,96;
"K-B3 ACOEM SW 5";2024-03-03 19:00:00;96,16;4,97;
"K-B3 ACOEM SW 5";2024-03-03 18:00:00;96,34;4,99;
"K-B3 ACOEM SW 5";2024-03-03 17:00:00;96,37;5,04;
"K-B3 ACOEM SW 5";2024-03-03 16:00:00;97,18;4,94;
"K-B3 ACOEM SW 5";2024-03-03 15:00:00;98,08;4,67;
"K-B3 ACOEM SW 5";2024-03-03 14:00:00;98,64;4,58;
"K-B3 ACOEM SW 5";2024-03-03 13:00:00;98,57;4,63;
"K-B3 ACOEM SW 5";2024-03-03 12:00:00;97,99;4,71;
"K-B3 ACOEM SW 5";2024-03-03 11:00:00;97,12;4,85;
"K-B3 ACOEM SW 5";2024-03-03 10:00:00;97,37;4,70;
"K-B3 ACOEM SW 5";2024-03-03 09:00:00;97,31;4,69;
"K-B3 ACOEM SW 5";2024-03-03 08:00:00;97,65;4,60;
"K-B3 ACOEM SW 5";2024-03-03 07:00:00;97,99;4,55;
"K-B3 ACOEM SW 5";2024-03-03 06:00:00;97,57;4,65;
"K-B3 ACOEM SW 5";2024-03-03 05:00:00;97,65;4,71;
"K-B3 ACOEM SW 5";2024-03-03 04:00:00;98,31;4,67;
"K-B3 ACOEM SW 5";2024-03-03 03:00:00;99,36;4,65;
"K-B3 ACOEM SW 5";2024-03-03 02:00:00;99,77;4,75;
"K-B3 ACOEM SW 5";2024-03-03 01:00:00;99,96;4,98;
"K-B3 ACOEM SW 5";2024-03-03 00:00:00;99,83;4,93;
"K-B3 ACOEM SW 5";2024-03-02 23:00:00;99,71;4,91;
"K-B3 ACOEM SW 5";2024-03-02 22:00:00;99,69;5,00;
"K-B3 ACOEM SW 5";2024-03-02 21:00:00;99,33;5,02;
"K-B3 ACOEM SW 5";2024-03-02 20:00:00;98,75;5,00;
"K-B3 ACOEM SW 5";2024-03-02 19:00:00;98,25;5,08;
"K-B3 ACOEM SW 5";2024-03-02 18:00:00;97,69;5,14;
"K-B3 ACOEM SW 5";2024-03-02 17:00:00;97,63;5,18;
"K-B3 ACOEM SW 5";2024-03-02 16:00:00;98,05;5,13;
"K-B3 ACOEM SW 5";2024-03-02 15:00:00;97,88;5,11;
"K-B3 ACOEM SW 5";2024-03-02 14:00:00;97,77;5,13;
"K-B3 ACOEM SW 5";2024-03-02 13:00:00;97,19;5,10;
"K-B3 ACOEM SW 5";2024-03-02 12:00:00;96,63;5,26;
"K-B3 ACOEM SW 5";2024-03-02 11:00:00;97,31;5,52;
"K-B3 ACOEM SW 5";2024-03-02 10:00:00;98,49;5,47;
"K-B3 ACOEM SW 5";2024-03-02 09:00:00;99,22;5,15;
"K-B3 ACOEM SW 5";2024-03-02 08:00:00;99,01;4,95;
"K-B3 ACOEM SW 5";2024-03-02 07:00:00;98,11;5,06;
"K-B3 ACOEM SW 5";2024-03-02 06:00:00;98,19;5,05;
"K-B3 ACOEM SW 5";2024-03-02 05:00:00;98,65;4,73;
"K-B3 ACOEM SW 5";2024-03-02 04:00:00;97,13;4,62;
"K-B3 ACOEM SW 5";2024-03-02 03:00:00;96,45;4,97;
"K-B3 ACOEM SW 5";2024-03-02 02:00:00;95,05;5,52;
"K-B3 ACOEM SW 5";2024-03-02 01:00:00;94,51;5,95;
"K-B3 ACOEM SW 5";2024-03-02 00:00:00;95,49;5,88;
"K-B3 ACOEM SW 5";2024-03-01 23:00:00;96,41;5,75;
"K-B3 ACOEM SW 5";2024-03-01 22:00:00;96,68;5,92;
"K-B3 ACOEM SW 5";2024-03-01 21:00:00;96,87;5,82;
"K-B3 ACOEM SW 5";2024-03-01 20:00:00;96,82;5,64;
"K-B3 ACOEM SW 5";2024-03-01 19:00:00;96,68;5,42;
"K-B3 ACOEM SW 5";2024-03-01 18:00:00;97,25;5,20;
"K-B3 ACOEM SW 5";2024-03-01 17:00:00;97,25;5,15;
"K-B3 ACOEM SW 5";2024-03-01 16:00:00;94,87;5,37;
"K-B3 ACOEM SW 5";2024-03-01 15:00:00;92,86;5,60;
"K-B3 ACOEM SW 5";2024-03-01 14:00:00;92,36;5,62;
"K-B3 ACOEM SW 5";2024-03-01 13:00:00;94,03;5,32;
"K-B3 ACOEM SW 5";2024-03-01 12:00:00;95,03;5,06;
"K-B3 ACOEM SW 5";2024-03-01 11:00:00;96,13;4,98;
"K-B3 ACOEM SW 5";2024-03-01 10:00:00;97,70;4,82;
"K-B3 ACOEM SW 5";2024-03-01 09:00:00;97,85;4,92;
"K-B3 ACOEM SW 5";2024-03-01 08:00:00;97,46;5,04;
"K-B3 ACOEM SW 5";2024-03-01 07:00:00;97,67;5,14;
"K-B3 ACOEM SW 5";2024-03-01 06:00:00;98,16;5,26;
"K-B3 ACOEM SW 5";2024-03-01 05:00:00;98,46;5,44;
"K-B3 ACOEM SW 5";2024-03-01 04:00:00;98,33;5,60;
"K-B3 ACOEM SW 5";2024-03-01 03:00:00;98,29;5,73;
"K-B3 ACOEM SW 5";2024-03-01 02:00:00;98,53;5,69;
"K-B3 ACOEM SW 5";2024-03-01 01:00:00;98,30;5,61;
"K-B3 ACOEM SW 5";2024-03-01 00:00:00;97,97;5,70;
"K-B3 ACOEM SW 5";2024-02-29 23:00:00;97,41;5,76;
"K-B3 ACOEM SW 5";2024-02-29 22:00:00;97,73;5,89;
"K-B3 ACOEM SW 5";2024-02-29 21:00:00;97,66;5,84;
"K-B3 ACOEM SW 5";2024-02-29 20:00:00;97,49;6,03;
"K-B3 ACOEM SW 5";2024-02-29 19:00:00;97,79;6,16;
"K-B3 ACOEM SW 5";2024-02-29 18:00:00;97,98;6,17;
"K-B3 ACOEM SW 5";2024-02-29 17:00:00;97,72;6,26;
"K-B3 ACOEM SW 5";2024-02-29 16:00:00;97,06;6,51;
"K-B3 ACOEM SW 5";2024-02-29 15:00:00;97,30;6,58;
"K-B3 ACOEM SW 5";2024-02-29 14:00:00;97,64;6,42;
"K-B3 ACOEM SW 5";2024-02-29 13:00:00;98,10;6,14;
"K-B3 ACOEM SW 5";2024-02-29 12:00:00;98,33;5,86;
"K-B3 ACOEM SW 5";2024-02-29 11:00:00;97,92;5,57;
"K-B3 ACOEM SW 5";2024-02-29 10:00:00;97,53;5,34;
"K-B3 ACOEM SW 5";2024-02-29 09:00:00;97,55;5,13;
"K-B3 ACOEM SW 5";2024-02-29 08:00:00;97,37;5,00;
"K-B3 ACOEM SW 5";2024-02-29 07:00:00;97,16;4,98;
"K-B3 ACOEM SW 5";2024-02-29 06:00:00;97,38;4,85;
"K-B3 ACOEM SW 5";2024-02-29 05:00:00;97,57;4,71;
"K-B3 ACOEM SW 5";2024-02-29 04:00:00;96,31;4,70;
"K-B3 ACOEM SW 5";2024-02-29 03:00:00;92,47;5,03;
"K-B3 ACOEM SW 5";2024-02-29 02:00:00;92,39;5,12;
"K-B3 ACOEM SW 5";2024-02-29 01:00:00;92,65;5,12;
"K-B3 ACOEM SW 5";2024-02-29 00:00:00;90,91;5,17;
"K-B3 ACOEM SW 5";2024-02-28 23:00:00;91,32;5,17;
"K-B3 ACOEM SW 5";2024-02-28 22:00:00;88,76;5,23;
"K-B3 ACOEM SW 5";2024-02-28 21:00:00;88,76;5,19;
"K-B3 ACOEM SW 5";2024-02-28 20:00:00;90,58;5,12;
"K-B3 ACOEM SW 5";2024-02-28 19:00:00;92,66;4,72;
"K-B3 ACOEM SW 5";2024-02-28 18:00:00;88,52;5,84;
"K-B3 ACOEM SW 5";2024-02-28 17:00:00;79,38;7,82;
"K-B3 ACOEM SW 5";2024-02-28 16:00:00;79,69;8,28;
"K-B3 ACOEM SW 5";2024-02-28 15:00:00;74,83;9,17;
"K-B3 ACOEM SW 5";2024-02-28 14:00:00;66,97;9,69;
"K-B3 ACOEM SW 5";2024-02-28 13:00:00;73,06;9,19;
"K-B3 ACOEM SW 5";2024-02-28 12:00:00;79,66;8,28;
"K-B3 ACOEM SW 5";2024-02-28 11:00:00;86,22;6,92;
"K-B3 ACOEM SW 5";2024-02-28 10:00:00;92,03;5,71;
"K-B3 ACOEM SW 5";2024-02-28 09:00:00;95,58;4,61;
"K-B3 ACOEM SW 5";2024-02-28 08:00:00;95,35;4,72;
"K-B3 ACOEM SW 5";2024-02-28 07:00:00;95,79;4,82;
"K-B3 ACOEM SW 5";2024-02-28 06:00:00;97,01;4,55;
"K-B3 ACOEM SW 5";2024-02-28 05:00:00;97,36;4,19;
"K-B3 ACOEM SW 5";2024-02-28 04:00:00;97,10;3,94;
"K-B3 ACOEM SW 5";2024-02-28 03:00:00;96,39;3,69;
"K-B3 ACOEM SW 5";2024-02-28 02:00:00;94,77;3,55;
"K-B3 ACOEM SW 5";2024-02-28 01:00:00;94,46;3,68;
"K-B3 ACOEM SW 5";2024-02-28 00:00:00;93,88;3,80;
"K-B3 ACOEM SW 5";2024-02-27 23:00:00;90,16;4,14;
"K-B3 ACOEM SW 5";2024-02-27 22:00:00;89,10;4,10;
"K-B3 ACOEM SW 5";2024-02-27 21:00:00;89,22;4,09;
"K-B3 ACOEM SW 5";2024-02-27 20:00:00;86,56;4,10;
"K-B3 ACOEM SW 5";2024-02-27 19:00:00;88,06;3,98;
"K-B3 ACOEM SW 5";2024-02-27 18:00:00;82,40;4,24;
"K-B3 ACOEM SW 5";2024-02-27 17:00:00;79,52;4,48;
"K-B3 ACOEM SW 5";2024-02-27 16:00:00;81,29;4,52;
"K-B3 ACOEM SW 5";2024-02-27 15:00:00;80,04;4,51;
"K-B3 ACOEM SW 5";2024-02-27 14:00:00;78,50;4,70;
"K-B3 ACOEM SW 5";2024-02-27 13:00:00;80,37;3,69;
"K-B3 ACOEM SW 5";2024-02-27 12:00:00;78,55;3,25;
"K-B3 ACOEM SW 5";2024-02-27 11:00:00;80,45;2,13;
"K-B3 ACOEM SW 5";2024-02-27 10:00:00;88,02;0,62;
"K-B3 ACOEM SW 5";2024-02-27 09:00:00;93,74;0,02;
"K-B3 ACOEM SW 5";2024-02-27 08:00:00;95,19;0,07;
"K-B3 ACOEM SW 5";2024-02-27 07:00:00;95,13;-0,73;
"K-B3 ACOEM SW 5";2024-02-27 06:00:00;94,96;-1,28;
"K-B3 ACOEM SW 5";2024-02-27 05:00:00;91,84;-2,25;
"K-B3 ACOEM SW 5";2024-02-27 04:00:00;91,22;-2,02;
"K-B3 ACOEM SW 5";2024-02-27 03:00:00;90,97;-1,53;
"K-B3 ACOEM SW 5";2024-02-27 02:00:00;91,26;-1,33;
"K-B3 ACOEM SW 5";2024-02-27 01:00:00;91,26;-1,03;
"K-B3 ACOEM SW 5";2024-02-27 00:00:00;90,19;-0,38;
"K-B3 ACOEM SW 5";2024-02-26 23:00:00;88,36;0,42;
"K-B3 ACOEM SW 5";2024-02-26 22:00:00;85,12;1,22;
"K-B3 ACOEM SW 5";2024-02-26 21:00:00;84,78;2,08;
"K-B3 ACOEM SW 5";2024-02-26 20:00:00;84,44;2,67;
"K-B3 ACOEM SW 5";2024-02-26 19:00:00;79,50;3,51;
"K-B3 ACOEM SW 5";2024-02-26 18:00:00;74,08;5,01;
"K-B3 ACOEM SW 5";2024-02-26 17:00:00;67,28;6,67;
"K-B3 ACOEM SW 5";2024-02-26 16:00:00;63,08;8,08;
"K-B3 ACOEM SW 5";2024-02-26 15:00:00;59,43;8,60;
"K-B3 ACOEM SW 5";2024-02-26 14:00:00;57,34;8,10;
"K-B3 ACOEM SW 5";2024-02-26 13:00:00;59,54;6,99;
"K-B3 ACOEM SW 5";2024-02-26 12:00:00;63,42;5,80;
"K-B3 ACOEM SW 5";2024-02-26 11:00:00;73,46;4,41;
"K-B3 ACOEM SW 5";2024-02-26 10:00:00;81,08;2,56;
"K-B3 ACOEM SW 5";2024-02-26 09:00:00;88,00;1,17;
"K-B3 ACOEM SW 5";2024-02-26 08:00:00;89,91;1,20;
"K-B3 ACOEM SW 5";2024-02-26 07:00:00;90,64;1,76;
"K-B3 ACOEM SW 5";2024-02-26 06:00:00;92,34;2,13;
"K-B3 ACOEM SW 5";2024-02-26 05:00:00;92,45;2,39;
"K-B3 ACOEM SW 5";2024-02-26 04:00:00;92,95;2,56;
"K-B3 ACOEM SW 5";2024-02-26 03:00:00;93,26;2,88;
"K-B3 ACOEM SW 5";2024-02-26 02:00:00;93,80;2,98;
"K-B3 ACOEM SW 5";2024-02-26 01:00:00;94,92;2,87;
"K-B3 ACOEM SW 5";2024-02-26 00:00:00;95,73;2,57;
"K-B3 ACOEM SW 5";2024-02-25 23:00:00;94,59;2,98;
"K-B3 ACOEM SW 5";2024-02-25 22:00:00;94,62;3,25;
"K-B3 ACOEM SW 5";2024-02-25 21:00:00;93,91;3,39;
"K-B3 ACOEM SW 5";2024-02-25 20:00:00;93,53;3,74;
"K-B3 ACOEM SW 5";2024-02-25 19:00:00;94,01;4,00;
"K-B3 ACOEM SW 5";2024-02-25 18:00:00;92,70;4,42;
"K-B3 ACOEM SW 5";2024-02-25 17:00:00;92,66;4,56;
"K-B3 ACOEM SW 5";2024-02-25 16:00:00;92,64;4,58;
"K-B3 ACOEM SW 5";2024-02-25 15:00:00;91,42;4,73;
"K-B3 ACOEM SW 5";2024-02-25 14:00:00;89,92;5,07;
"K-B3 ACOEM SW 5";2024-02-25 13:00:00;89,84;5,29;
"K-B3 ACOEM SW 5";2024-02-25 12:00:00;90,88;5,21;
"K-B3 ACOEM SW 5";2024-02-25 11:00:00;93,12;4,42;
"K-B3 ACOEM SW 5";2024-02-25 10:00:00;93,60;3,57;
"K-B3 ACOEM SW 5";2024-02-25 09:00:00;94,34;3,13;
"K-B3 ACOEM SW 5";2024-02-25 08:00:00;94,38;3,27;
"K-B3 ACOEM SW 5";2024-02-25 07:00:00;94,00;3,27;
"K-B3 ACOEM SW 5";2024-02-25 06:00:00;94,83;3,54;
"K-B3 ACOEM SW 5";2024-02-25 05:00:00;96,28;3,25;
"K-B3 ACOEM SW 5";2024-02-25 04:00:00;94,64;3,53;
"K-B3 ACOEM SW 5";2024-02-25 03:00:00;94,43;4,03;
"K-B3 ACOEM SW 5";2024-02-25 02:00:00;94,50;4,21;
"K-B3 ACOEM SW 5";2024-02-25 01:00:00;94,14;4,15;
"K-B3 ACOEM SW 5";2024-02-25 00:00:00;93,38;4,13;
"K-B3 ACOEM SW 5";2024-02-24 23:00:00;94,12;4,32;
"K-B3 ACOEM SW 5";2024-02-24 22:00:00;94,78;4,59;
"K-B3 ACOEM SW 5";2024-02-24 21:00:00;95,14;4,71;
"K-B3 ACOEM SW 5";2024-02-24 20:00:00;94,74;4,73;
"K-B3 ACOEM SW 5";2024-02-24 19:00:00;93,25;5,05;
"K-B3 ACOEM SW 5";2024-02-24 18:00:00;92,33;5,13;
"K-B3 ACOEM SW 5";2024-02-24 17:00:00;93,20;5,01;
"K-B3 ACOEM SW 5";2024-02-24 16:00:00;92,58;5,23;
"K-B3 ACOEM SW 5";2024-02-24 15:00:00;91,34;5,63;
"K-B3 ACOEM SW 5";2024-02-24 14:00:00;91,18;5,71;
"K-B3 ACOEM SW 5";2024-02-24 13:00:00;92,07;5,39;
"K-B3 ACOEM SW 5";2024-02-24 12:00:00;93,18;5,10;
"K-B3 ACOEM SW 5";2024-02-24 11:00:00;95,29;5,03;
"K-B3 ACOEM SW 5";2024-02-24 10:00:00;95,88;4,71;
"K-B3 ACOEM SW 5";2024-02-24 09:00:00;93,14;4,56;
"K-B3 ACOEM SW 5";2024-02-24 08:00:00;94,80;4,55;
"K-B3 ACOEM SW 5";2024-02-24 07:00:00;94,46;4,31;
"K-B3 ACOEM SW 5";2024-02-24 06:00:00;94,57;4,05;
"K-B3 ACOEM SW 5";2024-02-24 05:00:00;94,48;3,91;
"K-B3 ACOEM SW 5";2024-02-24 04:00:00;95,10;4,05;
"K-B3 ACOEM SW 5";2024-02-24 03:00:00;94,19;4,16;
"K-B3 ACOEM SW 5";2024-02-24 02:00:00;94,18;4,07;
"K-B3 ACOEM SW 5";2024-02-24 01:00:00;94,30;4,01;
"K-B3 ACOEM SW 5";2024-02-24 00:00:00;94,77;4,29;
"K-B3 ACOEM SW 5";2024-02-23 23:00:00;93,96;4,29;
"K-B3 ACOEM SW 5";2024-02-23 22:00:00;94,06;4,08;
"K-B3 ACOEM SW 5";2024-02-23 21:00:00;93,57;3,66;
"K-B3 ACOEM SW 5";2024-02-23 20:00:00;92,39;3,81;
"K-B3 ACOEM SW 5";2024-02-23 19:00:00;91,09;4,26;
"K-B3 ACOEM SW 5";2024-02-23 18:00:00;89,49;4,56;
"K-B3 ACOEM SW 5";2024-02-23 17:00:00;84,66;5,35;
"K-B3 ACOEM SW 5";2024-02-23 16:00:00;76,85;6,64;
"K-B3 ACOEM SW 5";2024-02-23 15:00:00;73,10;6,78;
"K-B3 ACOEM SW 5";2024-02-23 14:00:00;75,03;6,55;
"K-B3 ACOEM SW 5";2024-02-23 13:00:00;81,24;5,52;
"K-B3 ACOEM SW 5";2024-02-23 12:00:00;87,32;4,42;
"K-B3 ACOEM SW 5";2024-02-23 11:00:00;89,65;3,55;
"K-B3 ACOEM SW 5";2024-02-23 10:00:00;93,13;4,62;
"K-B3 ACOEM SW 5";2024-02-23 09:00:00;93,45;4,99;
"K-B3 ACOEM SW 5";2024-02-23 08:00:00;95,68;5,49;
"K-B3 ACOEM SW 5";2024-02-23 07:00:00;98,52;5,64;
"K-B3 ACOEM SW 5";2024-02-23 06:00:00;98,66;5,41;
"K-B3 ACOEM SW 5";2024-02-23 05:00:00;98,84;5,25;
"K-B3 ACOEM SW 5";2024-02-23 04:00:00;99,10;5,11;
"K-B3 ACOEM SW 5";2024-02-23 03:00:00;99,71;4,95;
"K-B3 ACOEM SW 5";2024-02-23 02:00:00;99,78;4,85;
"K-B3 ACOEM SW 5";2024-02-23 01:00:00;99,50;4,92;
"K-B3 ACOEM SW 5";2024-02-23 00:00:00;99,01;5,08;
"K-B3 ACOEM SW 5";2024-02-22 23:00:00;99,01;5,10;
"K-B3 ACOEM SW 5";2024-02-22 22:00:00;98,36;4,73;
"K-B3 ACOEM SW 5";2024-02-22 21:00:00;98,82;4,73;
"K-B3 ACOEM SW 5";2024-02-22 20:00:00;99,35;4,59;
"K-B3 ACOEM SW 5";2024-02-22 19:00:00;97,10;4,39;
"K-B3 ACOEM SW 5";2024-02-22 18:00:00;95,97;4,75;
"K-B3 ACOEM SW 5";2024-02-22 17:00:00;93,61;5,22;
"K-B3 ACOEM SW 5";2024-02-22 16:00:00;93,93;5,26;
"K-B3 ACOEM SW 5";2024-02-22 15:00:00;93,06;5,82;
"K-B3 ACOEM SW 5";2024-02-22 14:00:00;91,60;6,25;
"K-B3 ACOEM SW 5";2024-02-22 13:00:00;92,68;6,31;
"K-B3 ACOEM SW 5";2024-02-22 12:00:00;93,91;6,30;
"K-B3 ACOEM SW 5";2024-02-22 11:00:00;96,15;5,82;
"K-B3 ACOEM SW 5";2024-02-22 10:00:00;96,26;5,44;
"K-B3 ACOEM SW 5";2024-02-22 09:00:00;95,51;5,37;
"K-B3 ACOEM SW 5";2024-02-22 08:00:00;96,14;5,32;
"K-B3 ACOEM SW 5";2024-02-22 07:00:00;97,02;5,37;
"K-B3 ACOEM SW 5";2024-02-22 06:00:00;98,27;5,31;
"K-B3 ACOEM SW 5";2024-02-22 05:00:00;98,33;5,33;
"K-B3 ACOEM SW 5";2024-02-22 04:00:00;98,26;5,29;
"K-B3 ACOEM SW 5";2024-02-22 03:00:00;98,34;5,32;
"K-B3 ACOEM SW 5";2024-02-22 02:00:00;98,36;5,20;
"K-B3 ACOEM SW 5";2024-02-22 01:00:00;98,27;5,10;
"K-B3 ACOEM SW 5";2024-02-22 00:00:00;97,63;5,12;
"K-B3 ACOEM SW 5";2024-02-21 23:00:00;97,22;5,00;
"K-B3 ACOEM SW 5";2024-02-21 22:00:00;96,88;4,78;
"K-B3 ACOEM SW 5";2024-02-21 21:00:00;96,52;4,55;
"K-B3 ACOEM SW 5";2024-02-21 20:00:00;95,60;4,27;
"K-B3 ACOEM SW 5";2024-02-21 19:00:00;94,58;4,22;
"K-B3 ACOEM SW 5";2024-02-21 18:00:00;92,26;4,31;
"K-B3 ACOEM SW 5";2024-02-21 17:00:00;84,25;5,81;
"K-B3 ACOEM SW 5";2024-02-21 16:00:00;76,41;8,28;
"K-B3 ACOEM SW 5";2024-02-21 15:00:00;72,88;9,32;
"K-B3 ACOEM SW 5";2024-02-21 14:00:00;72,98;8,82;
"K-B3 ACOEM SW 5";2024-02-21 13:00:00;73,50;8,88;
"K-B3 ACOEM SW 5";2024-02-21 12:00:00;76,72;8,49;
"K-B3 ACOEM SW 5";2024-02-21 11:00:00;81,55;6,99;
"K-B3 ACOEM SW 5";2024-02-21 10:00:00;82,92;5,69;
"K-B3 ACOEM SW 5";2024-02-21 09:00:00;89,91;3,88;
"K-B3 ACOEM SW 5";2024-02-21 08:00:00;89,72;4,34;
"K-B3 ACOEM SW 5";2024-02-21 07:00:00;90,70;4,57;
"K-B3 ACOEM SW 5";2024-02-21 06:00:00;93,57;4,36;
"K-B3 ACOEM SW 5";2024-02-21 05:00:00;94,70;4,32;
"K-B3 ACOEM SW 5";2024-02-21 04:00:00;93,91;4,41;
"K-B3 ACOEM SW 5";2024-02-21 03:00:00;95,13;4,49;
"K-B3 ACOEM SW 5";2024-02-21 02:00:00;95,68;4,46;
"K-B3 ACOEM SW 5";2024-02-21 01:00:00;96,03;4,64;
"K-B3 ACOEM SW 5";2024-02-21 00:00:00;96,43;4,73;
"K-B3 ACOEM SW 5";2024-02-20 23:00:00;95,78;4,98;
"K-B3 ACOEM SW 5";2024-02-20 22:00:00;96,22;5,23;
"K-B3 ACOEM SW 5";2024-02-20 21:00:00;97,05;5,01;
"K-B3 ACOEM SW 5";2024-02-20 20:00:00;96,03;5,13;
"K-B3 ACOEM SW 5";2024-02-20 19:00:00;96,20;5,19;
"K-B3 ACOEM SW 5";2024-02-20 18:00:00;95,83;5,17;
"K-B3 ACOEM SW 5";2024-02-20 17:00:00;94,08;5,32;
"K-B3 ACOEM SW 5";2024-02-20 16:00:00;90,09;6,21;
"K-B3 ACOEM SW 5";2024-02-20 15:00:00;85,51;7,53;
"K-B3 ACOEM SW 5";2024-02-20 14:00:00;84,59;7,28;
"K-B3 ACOEM SW 5";2024-02-20 13:00:00;84,65;6,89;
"K-B3 ACOEM SW 5";2024-02-20 12:00:00;83,35;6,50;
"K-B3 ACOEM SW 5";2024-02-20 11:00:00;82,15;6,20;
"K-B3 ACOEM SW 5";2024-02-20 10:00:00;82,53;5,72;
"K-B3 ACOEM SW 5";2024-02-20 09:00:00;86,20;4,01;
"K-B3 ACOEM SW 5";2024-02-20 08:00:00;88,62;3,18;
"K-B3 ACOEM SW 5";2024-02-20 07:00:00;89,09;2,77;
"K-B3 ACOEM SW 5";2024-02-20 06:00:00;91,58;2,33;
"K-B3 ACOEM SW 5";2024-02-20 05:00:00;93,80;0,98;
"K-B3 ACOEM SW 5";2024-02-20 04:00:00;91,95;1,44;
"K-B3 ACOEM SW 5";2024-02-20 03:00:00;93,83;1,65;
"K-B3 ACOEM SW 5";2024-02-20 02:00:00;95,44;1,21;
"K-B3 ACOEM SW 5";2024-02-20 01:00:00;93,42;0,14;
"K-B3 ACOEM SW 5";2024-02-20 00:00:00;90,78;0,47;
"K-B3 ACOEM SW 5";2024-02-19 23:00:00;91,38;1,04;
"K-B3 ACOEM SW 5";2024-02-19 22:00:00;91,51;1,69;
"K-B3 ACOEM SW 5";2024-02-19 21:00:00;91,77;2,47;
"K-B3 ACOEM SW 5";2024-02-19 20:00:00;92,07;2,79;
"K-B3 ACOEM SW 5";2024-02-19 19:00:00;92,90;2,57;
"K-B3 ACOEM SW 5";2024-02-19 18:00:00;91,73;2,68;
"K-B3 ACOEM SW 5";2024-02-19 17:00:00;89,89;3,11;
"K-B3 ACOEM SW 5";2024-02-19 16:00:00;88,97;3,46;
"K-B3 ACOEM SW 5";2024-02-19 15:00:00;85,68;4,24;
"K-B3 ACOEM SW 5";2024-02-19 14:00:00;83,69;4,84;
"K-B3 ACOEM SW 5";2024-02-19 13:00:00;84,03;4,76;
"K-B3 ACOEM SW 5";2024-02-19 12:00:00;87,75;3,90;
"K-B3 ACOEM SW 5";2024-02-19 11:00:00;91,33;2,99;
"K-B3 ACOEM SW 5";2024-02-19 10:00:00;93,93;2,12;
"K-B3 ACOEM SW 5";2024-02-19 09:00:00;93,94;1,73;
"K-B3 ACOEM SW 5";2024-02-19 08:00:00;92,91;1,72;
"K-B3 ACOEM SW 5";2024-02-19 07:00:00;93,56;1,57;
"K-B3 ACOEM SW 5";2024-02-19 06:00:00;90,42;1,55;
"K-B3 ACOEM SW 5";2024-02-19 05:00:00;89,57;1,44;
"K-B3 ACOEM SW 5";2024-02-19 04:00:00;89,45;1,27;
"K-B3 ACOEM SW 5";2024-02-19 03:00:00;90,42;0,93;
"K-B3 ACOEM SW 5";2024-02-19 02:00:00;91,23;0,66;
"K-B3 ACOEM SW 5";2024-02-19 01:00:00;90,77;0,99;
"K-B3 ACOEM SW 5";2024-02-19 00:00:00;90,42;1,22;
"K-B3 ACOEM SW 5";2024-02-18 23:00:00;90,83;1,49;
"K-B3 ACOEM SW 5";2024-02-18 22:00:00;91,84;1,61;
"K-B3 ACOEM SW 5";2024-02-18 21:00:00;93,04;1,56;
"K-B3 ACOEM SW 5";2024-02-18 20:00:00;94,08;1,67;
"K-B3 ACOEM SW 5";2024-02-18 19:00:00;93,84;2,02;
"K-B3 ACOEM SW 5";2024-02-18 18:00:00;94,43;2,03;
"K-B3 ACOEM SW 5";2024-02-18 17:00:00;94,77;2,16;
"K-B3 ACOEM SW 5";2024-02-18 16:00:00;96,15;2,17;
"K-B3 ACOEM SW 5";2024-02-18 15:00:00;95,88;1,97;
"K-B3 ACOEM SW 5";2024-02-18 14:00:00;96,64;1,62;
"K-B3 ACOEM SW 5";2024-02-18 13:00:00;96,12;1,32;
"K-B3 ACOEM SW 5";2024-02-18 12:00:00;95,97;1,53;
"K-B3 ACOEM SW 5";2024-02-18 11:00:00;96,13;1,28;
"K-B3 ACOEM SW 5";2024-02-18 10:00:00;96,51;1,09;
"K-B3 ACOEM SW 5";2024-02-18 09:00:00;96,14;0,72;
"K-B3 ACOEM SW 5";2024-02-18 08:00:00;94,23;0,61;
"K-B3 ACOEM SW 5";2024-02-18 07:00:00;92,36;0,89;
"K-B3 ACOEM SW 5";2024-02-18 06:00:00;92,02;1,15;
"K-B3 ACOEM SW 5";2024-02-18 05:00:00;92,55;1,16;
"K-B3 ACOEM SW 5";2024-02-18 04:00:00;92,79;1,35;
"K-B3 ACOEM SW 5";2024-02-18 03:00:00;93,96;1,06;
"K-B3 ACOEM SW 5";2024-02-18 02:00:00;94,25;0,95;
"K-B3 ACOEM SW 5";2024-02-18 01:00:00;94,50;0,96;
"K-B3 ACOEM SW 5";2024-02-18 00:00:00;93,02;1,29;
"K-B3 ACOEM SW 5";2024-02-17 23:00:00;92,63;1,37;
"K-B3 ACOEM SW 5";2024-02-17 22:00:00;92,33;1,65;
"K-B3 ACOEM SW 5";2024-02-17 21:00:00;92,47;2,51;
"K-B3 ACOEM SW 5";2024-02-17 20:00:00;93,76;2,99;
"K-B3 ACOEM SW 5";2024-02-17 19:00:00;92,85;3,00;
"K-B3 ACOEM SW 5";2024-02-17 18:00:00;84,22;4,39;
"K-B3 ACOEM SW 5";2024-02-17 17:00:00;56,63;7,62;
"K-B3 ACOEM SW 5";2024-02-17 16:00:00;52,24;8,30;
"K-B3 ACOEM SW 5";2024-02-17 15:00:00;52,94;8,62;
"K-B3 ACOEM SW 5";2024-02-17 14:00:00;59,47;8,39;
"K-B3 ACOEM SW 5";2024-02-17 13:00:00;68,86;7,63;
"K-B3 ACOEM SW 5";2024-02-17 12:00:00;78,30;6,28;
"K-B3 ACOEM SW 5";2024-02-17 11:00:00;85,38;4,00;
"K-B3 ACOEM SW 5";2024-02-17 10:00:00;89,14;2,94;
"K-B3 ACOEM SW 5";2024-02-17 09:00:00;93,64;1,67;
"K-B3 ACOEM SW 5";2024-02-17 08:00:00;94,22;1,02;
"K-B3 ACOEM SW 5";2024-02-17 07:00:00;93,57;0,99;
"K-B3 ACOEM SW 5";2024-02-17 06:00:00;92,49;1,55;
"K-B3 ACOEM SW 5";2024-02-17 05:00:00;91,81;1,95;
"K-B3 ACOEM SW 5";2024-02-17 04:00:00;91,22;2,25;
"K-B3 ACOEM SW 5";2024-02-17 03:00:00;91,80;2,53;
"K-B3 ACOEM SW 5";2024-02-17 02:00:00;91,92;2,72;
"K-B3 ACOEM SW 5";2024-02-17 01:00:00;92,91;2,71;
"K-B3 ACOEM SW 5";2024-02-17 00:00:00;95,81;2,18;
"K-B3 ACOEM SW 5";2024-02-16 23:00:00;96,48;1,85;
"K-B3 ACOEM SW 5";2024-02-16 22:00:00;95,56;3,05;
"K-B3 ACOEM SW 5";2024-02-16 21:00:00;96,26;3,33;
"K-B3 ACOEM SW 5";2024-02-16 20:00:00;94,74;3,95;
"K-B3 ACOEM SW 5";2024-02-16 19:00:00;95,95;3,95;
"K-B3 ACOEM SW 5";2024-02-16 18:00:00;94,50;3,69;
"K-B3 ACOEM SW 5";2024-02-16 17:00:00;92,82;4,08;
"K-B3 ACOEM SW 5";2024-02-16 16:00:00;91,82;4,31;
"K-B3 ACOEM SW 5";2024-02-16 15:00:00;91,80;4,01;
"K-B3 ACOEM SW 5";2024-02-16 14:00:00;91,17;3,88;
"K-B3 ACOEM SW 5";2024-02-16 13:00:00;93,38;3,12;
"K-B3 ACOEM SW 5";2024-02-16 12:00:00;94,62;2,66;
"K-B3 ACOEM SW 5";2024-02-16 11:00:00;95,63;2,32;
"K-B3 ACOEM SW 5";2024-02-16 10:00:00;95,30;2,25;
"K-B3 ACOEM SW 5";2024-02-16 09:00:00;96,08;2,08;
"K-B3 ACOEM SW 5";2024-02-16 08:00:00;94,57;2,27;
"K-B3 ACOEM SW 5";2024-02-16 07:00:00;92,59;2,46;
"K-B3 ACOEM SW 5";2024-02-16 06:00:00;92,46;2,46;
"K-B3 ACOEM SW 5";2024-02-16 05:00:00;93,36;2,41;
"K-B3 ACOEM SW 5";2024-02-16 04:00:00;94,26;2,17;
"K-B3 ACOEM SW 5";2024-02-16 03:00:00;94,12;2,06;
"K-B3 ACOEM SW 5";2024-02-16 02:00:00;94,20;1,99;
"K-B3 ACOEM SW 5";2024-02-16 01:00:00;94,45;1,97;
"K-B3 ACOEM SW 5";2024-02-16 00:00:00;95,43;2,00;
"K-B3 ACOEM SW 5";2024-02-15 23:00:00;96,31;1,87;
"K-B3 ACOEM SW 5";2024-02-15 22:00:00;96,46;1,78;
"K-B3 ACOEM SW 5";2024-02-15 21:00:00;96,58;1,76;
"K-B3 ACOEM SW 5";2024-02-15 20:00:00;96,53;1,69;
"K-B3 ACOEM SW 5";2024-02-15 19:00:00;96,62;1,51;
"K-B3 ACOEM SW 5";2024-02-15 18:00:00;96,27;1,47;
"K-B3 ACOEM SW 5";2024-02-15 17:00:00;96,17;1,47;
"K-B3 ACOEM SW 5";2024-02-15 16:00:00;95,67;1,45;
"K-B3 ACOEM SW 5";2024-02-15 15:00:00;95,71;1,48;
"K-B3 ACOEM SW 5";2024-02-15 14:00:00;96,07;1,47;
"K-B3 ACOEM SW 5";2024-02-15 13:00:00;96,40;1,50;
"K-B3 ACOEM SW 5";2024-02-15 12:00:00;96,50;1,35;
"K-B3 ACOEM SW 5";2024-02-15 11:00:00;96,47;1,19;
"K-B3 ACOEM SW 5";2024-02-15 10:00:00;97,13;1,08;
"K-B3 ACOEM SW 5";2024-02-15 09:00:00;97,51;1,03;
"K-B3 ACOEM SW 5";2024-02-15 08:00:00;97,71;1,12;
"K-B3 ACOEM SW 5";2024-02-15 07:00:00;97,20;1,19;
"K-B3 ACOEM SW 5";2024-02-15 06:00:00;96,15;1,34;
"K-B3 ACOEM SW 5";2024-02-15 05:00:00;95,27;1,64;
"K-B3 ACOEM SW 5";2024-02-15 04:00:00;93,74;1,87;
"K-B3 ACOEM SW 5";2024-02-15 03:00:00;92,82;2,05;
"K-B3 ACOEM SW 5";2024-02-15 02:00:00;91,12;2,34;
"K-B3 ACOEM SW 5";2024-02-15 01:00:00;90,08;2,46;
"K-B3 ACOEM SW 5";2024-02-15 00:00:00;90,02;2,37;
"K-B3 ACOEM SW 5";2024-02-14 23:00:00;90,26;2,34;
"K-B3 ACOEM SW 5";2024-02-14 22:00:00;89,94;2,48;
"K-B3 ACOEM SW 5";2024-02-14 21:00:00;89,69;2,55;
"K-B3 ACOEM SW 5";2024-02-14 20:00:00;89,39;2,64;
"K-B3 ACOEM SW 5";2024-02-14 19:00:00;89,19;2,71;
"K-B3 ACOEM SW 5";2024-02-14 18:00:00;87,54;3,10;
"K-B3 ACOEM SW 5";2024-02-14 17:00:00;85,56;3,60;
"K-B3 ACOEM SW 5";2024-02-14 16:00:00;83,45;4,04;
"K-B3 ACOEM SW 5";2024-02-14 15:00:00;82,29;3,85;
"K-B3 ACOEM SW 5";2024-02-14 14:00:00;80,93;3,94;
"K-B3 ACOEM SW 5";2024-02-14 13:00:00;81,87;3,34;
"K-B3 ACOEM SW 5";2024-02-14 12:00:00;83,31;2,89;
"K-B3 ACOEM SW 5";2024-02-14 11:00:00;86,44;1,73;
"K-B3 ACOEM SW 5";2024-02-14 10:00:00;90,21;0,58;
"K-B3 ACOEM SW 5";2024-02-14 09:00:00;90,98;-0,03;
"K-B3 ACOEM SW 5";2024-02-14 08:00:00;90,71;-0,33;
"K-B3 ACOEM SW 5";2024-02-14 07:00:00;90,20;-0,33;
"K-B3 ACOEM SW 5";2024-02-14 06:00:00;89,82;-0,61;
"K-B3 ACOEM SW 5";2024-02-14 05:00:00;89,66;-0,76;
"K-B3 ACOEM SW 5";2024-02-14 04:00:00;89,38;-0,67;
"K-B3 ACOEM SW 5";2024-02-14 03:00:00;89,63;-0,90;
"K-B3 ACOEM SW 5";2024-02-14 02:00:00;89,72;-0,94;
"K-B3 ACOEM SW 5";2024-02-14 01:00:00;90,01;-1,11;
"K-B3 ACOEM SW 5";2024-02-14 00:00:00;90,06;-1,23;
"K-B3 ACOEM SW 5";2024-02-13 23:00:00;89,96;-1,35;
"K-B3 ACOEM SW 5";2024-02-13 22:00:00;89,07;-1,39;
"K-B3 ACOEM SW 5";2024-02-13 21:00:00;88,45;-1,44;
"K-B3 ACOEM SW 5";2024-02-13 20:00:00;86,33;-1,37;
"K-B3 ACOEM SW 5";2024-02-13 19:00:00;86,25;-1,21;
"K-B3 ACOEM SW 5";2024-02-13 18:00:00;87,24;-1,06;
"K-B3 ACOEM SW 5";2024-02-13 17:00:00;85,08;-0,47;
"K-B3 ACOEM SW 5";2024-02-13 16:00:00;83,49;0,06;
"K-B3 ACOEM SW 5";2024-02-13 15:00:00;84,26;0,10;
"K-B3 ACOEM SW 5";2024-02-13 14:00:00;84,76;-0,15;
"K-B3 ACOEM SW 5";2024-02-13 13:00:00;86,33;-0,76;
"K-B3 ACOEM SW 5";2024-02-13 12:00:00;88,33;-1,40;
"K-B3 ACOEM SW 5";2024-02-13 11:00:00;89,86;-1,84;
"K-B3 ACOEM SW 5";2024-02-13 10:00:00;86,80;-2,10;
"K-B3 ACOEM SW 5";2024-02-13 09:00:00;86,97;-2,45;
"K-B3 ACOEM SW 5";2024-02-13 08:00:00;87,68;-2,65;
"K-B3 ACOEM SW 5";2024-02-13 07:00:00;85,33;-2,45;
"K-B3 ACOEM SW 5";2024-02-13 06:00:00;83,29;-2,40;
"K-B3 ACOEM SW 5";2024-02-13 05:00:00;82,39;-2,32;
"K-B3 ACOEM SW 5";2024-02-13 04:00:00;81,85;-2,28;
"K-B3 ACOEM SW 5";2024-02-13 03:00:00;82,32;-2,46;
"K-B3 ACOEM SW 5";2024-02-13 02:00:00;81,63;-2,28;
"K-B3 ACOEM SW 5";2024-02-13 01:00:00;81,86;-2,23;
"K-B3 ACOEM SW 5";2024-02-13 00:00:00;83,21;-2,32;
"K-B3 ACOEM SW 5";2024-02-12 23:00:00;84,98;-2,50;
"K-B3 ACOEM SW 5";2024-02-12 22:00:00;86,95;-2,70;
"K-B3 ACOEM SW 5";2024-02-12 21:00:00;87,95;-2,76;
"K-B3 ACOEM SW 5";2024-02-12 20:00:00;88,28;-2,82;
"K-B3 ACOEM SW 5";2024-02-12 19:00:00;88,46;-2,88;
"K-B3 ACOEM SW 5";2024-02-12 18:00:00;88,30;-2,85;
"K-B3 ACOEM SW 5";2024-02-12 17:00:00;88,62;-2,81;
"K-B3 ACOEM SW 5";2024-02-12 16:00:00;88,71;-2,75;
"K-B3 ACOEM SW 5";2024-02-12 15:00:00;88,54;-2,82;
"K-B3 ACOEM SW 5";2024-02-12 14:00:00;85,90;-2,72;
"K-B3 ACOEM SW 5";2024-02-12 13:00:00;86,43;-2,64;
"K-B3 ACOEM SW 5";2024-02-12 12:00:00;86,30;-2,75;
"K-B3 ACOEM SW 5";2024-02-12 11:00:00;87,46;-3,19;
"K-B3 ACOEM SW 5";2024-02-12 10:00:00;89,86;-3,73;
"K-B3 ACOEM SW 5";2024-02-12 09:00:00;90,62;-4,04;
"K-B3 ACOEM SW 5";2024-02-12 08:00:00;90,59;-4,20;
"K-B3 ACOEM SW 5";2024-02-12 07:00:00;90,73;-4,30;
"K-B3 ACOEM SW 5";2024-02-12 06:00:00;89,95;-4,28;
"K-B3 ACOEM SW 5";2024-02-12 05:00:00;89,96;-4,26;
"K-B3 ACOEM SW 5";2024-02-12 04:00:00;89,46;-4,13;
"K-B3 ACOEM SW 5";2024-02-12 03:00:00;88,82;-4,03;
"K-B3 ACOEM SW 5";2024-02-12 02:00:00;87,72;-4,00;
"K-B3 ACOEM SW 5";2024-02-12 01:00:00;86,88;-3,93;
"K-B3 ACOEM SW 5";2024-02-12 00:00:00;88,19;-3,98;
"K-B3 ACOEM SW 5";2024-02-11 23:00:00;89,79;-3,96;
"K-B3 ACOEM SW 5";2024-02-11 22:00:00;88,05;-3,82;
"K-B3 ACOEM SW 5";2024-02-11 21:00:00;87,77;-3,70;
"K-B3 ACOEM SW 5";2024-02-11 20:00:00;87,02;-3,59;
"K-B3 ACOEM SW 5";2024-02-11 19:00:00;86,00;-3,41;
"K-B3 ACOEM SW 5";2024-02-11 18:00:00;86,35;-3,20;
"K-B3 ACOEM SW 5";2024-02-11 17:00:00;86,45;-3,09;
"K-B3 ACOEM SW 5";2024-02-11 16:00:00;86,22;-3,06;
"K-B3 ACOEM SW 5";2024-02-11 15:00:00;85,97;-3,05;
"K-B3 ACOEM SW 5";2024-02-11 14:00:00;85,96;-3,15;
"K-B3 ACOEM SW 5";2024-02-11 13:00:00;85,59;-3,39;
"K-B3 ACOEM SW 5";2024-02-11 12:00:00;85,44;-3,54;
"K-B3 ACOEM SW 5";2024-02-11 11:00:00;85,45;-3,60;
"K-B3 ACOEM SW 5";2024-02-11 10:00:00;85,63;-3,79;
"K-B3 ACOEM SW 5";2024-02-11 09:00:00;84,98;-4,18;
"K-B3 ACOEM SW 5";2024-02-11 08:00:00;85,06;-4,41;
"K-B3 ACOEM SW 5";2024-02-11 07:00:00;85,36;-4,70;
"K-B3 ACOEM SW 5";2024-02-11 06:00:00;85,54;-4,88;
"K-B3 ACOEM SW 5";2024-02-11 05:00:00;85,99;-5,10;
"K-B3 ACOEM SW 5";2024-02-11 04:00:00;84,70;-5,17;
"K-B3 ACOEM SW 5";2024-02-11 03:00:00;84,27;-5,29;
"K-B3 ACOEM SW 5";2024-02-11 02:00:00;84,35;-5,41;
"K-B3 ACOEM SW 5";2024-02-11 01:00:00;84,89;-5,58;
"K-B3 ACOEM SW 5";2024-02-11 00:00:00;85,72;-5,70;
"K-B3 ACOEM SW 5";2024-02-10 23:00:00;85,17;-5,68;
"K-B3 ACOEM SW 5";2024-02-10 22:00:00;84,75;-5,47;
"K-B3 ACOEM SW 5";2024-02-10 21:00:00;82,39;-5,51;
"K-B3 ACOEM SW 5";2024-02-10 20:00:00;81,59;-5,76;
"K-B3 ACOEM SW 5";2024-02-10 19:00:00;82,25;-6,02;
"K-B3 ACOEM SW 5";2024-02-10 18:00:00;83,82;-6,41;
"K-B3 ACOEM SW 5";2024-02-10 17:00:00;82,83;-6,31;
"K-B3 ACOEM SW 5";2024-02-10 16:00:00;83,33;-6,27;
"K-B3 ACOEM SW 5";2024-02-10 15:00:00;83,55;-6,18;
"K-B3 ACOEM SW 5";2024-02-10 14:00:00;83,95;-6,27;
"K-B3 ACOEM SW 5";2024-02-10 13:00:00;85,02;-6,20;
"K-B3 ACOEM SW 5";2024-02-10 12:00:00;89,08;-6,24;
"K-B3 ACOEM SW 5";2024-02-10 11:00:00;90,82;-6,03;
"K-B3 ACOEM SW 5";2024-02-10 10:00:00;91,63;-5,59;
"K-B3 ACOEM SW 5";2024-02-10 09:00:00;91,39;-4,96;
"K-B3 ACOEM SW 5";2024-02-10 08:00:00;89,26;-3,83;
"K-B3 ACOEM SW 5";2024-02-10 07:00:00;90,38;-2,72;
"K-B3 ACOEM SW 5";2024-02-10 06:00:00;90,53;-2,40;
"K-B3 ACOEM SW 5";2024-02-10 05:00:00;93,55;-2,68;
"K-B3 ACOEM SW 5";2024-02-10 04:00:00;91,58;-4,00;
"K-B3 ACOEM SW 5";2024-02-10 03:00:00;88,04;-4,08;
"K-B3 ACOEM SW 5";2024-02-10 02:00:00;86,78;-4,14;
"K-B3 ACOEM SW 5";2024-02-10 01:00:00;84,84;-4,49;
"K-B3 ACOEM SW 5";2024-02-10 00:00:00;82,48;-5,10;
"K-B3 ACOEM SW 5";2024-02-09 23:00:00;81,27;-5,59;
"K-B3 ACOEM SW 5";2024-02-09 22:00:00;80,98;-5,97;
"K-B3 ACOEM SW 5";2024-02-09 21:00:00;80,66;-6,29;
"K-B3 ACOEM SW 5";2024-02-09 20:00:00;79,85;-6,31;
"K-B3 ACOEM SW 5";2024-02-09 19:00:00;79,56;-6,07;
"K-B3 ACOEM SW 5";2024-02-09 18:00:00;80,44;-5,53;
"K-B3 ACOEM SW 5";2024-02-09 17:00:00;81,64;-5,96;
"K-B3 ACOEM SW 5";2024-02-09 16:00:00;83,66;-6,47;
"K-B3 ACOEM SW 5";2024-02-09 15:00:00;84,50;-6,58;
"K-B3 ACOEM SW 5";2024-02-09 14:00:00;83,52;-6,68;
"K-B3 ACOEM SW 5";2024-02-09 13:00:00;83,21;-6,60;
"K-B3 ACOEM SW 5";2024-02-09 12:00:00;81,71;-6,10;
"K-B3 ACOEM SW 5";2024-02-09 11:00:00;79,89;-5,51;
"K-B3 ACOEM SW 5";2024-02-09 10:00:00;79,98;-5,10;
"K-B3 ACOEM SW 5";2024-02-09 09:00:00;80,80;-5,11;
"K-B3 ACOEM SW 5";2024-02-09 08:00:00;82,04;-4,95;
"K-B3 ACOEM SW 5";2024-02-09 07:00:00;83,21;-4,86;
"K-B3 ACOEM SW 5";2024-02-09 06:00:00;83,30;-4,94;
"K-B3 ACOEM SW 5";2024-02-09 05:00:00;83,22;-4,79;
"K-B3 ACOEM SW 5";2024-02-09 04:00:00;82,27;-4,76;
"K-B3 ACOEM SW 5";2024-02-09 03:00:00;83,09;-4,56;
"K-B3 ACOEM SW 5";2024-02-09 02:00:00;84,31;-4,39;
"K-B3 ACOEM SW 5";2024-02-09 01:00:00;83,82;-4,20;
"K-B3 ACOEM SW 5";2024-02-09 00:00:00;83,31;-4,08;
"K-B3 ACOEM SW 5";2024-02-08 23:00:00;82,67;-4,03;
"K-B3 ACOEM SW 5";2024-02-08 22:00:00;82,36;-4,09;
"K-B3 ACOEM SW 5";2024-02-08 21:00:00;81,89;-4,01;
"K-B3 ACOEM SW 5";2024-02-08 20:00:00;82,99;-3,92;
"K-B3 ACOEM SW 5";2024-02-08 19:00:00;83,69;-3,72;
"K-B3 ACOEM SW 5";2024-02-08 18:00:00;84,71;-3,63;
"K-B3 ACOEM SW 5";2024-02-08 17:00:00;83,89;-2,91;
"K-B3 ACOEM SW 5";2024-02-08 16:00:00;82,51;-2,49;
"K-B3 ACOEM SW 5";2024-02-08 15:00:00;80,43;-2,28;
"K-B3 ACOEM SW 5";2024-02-08 14:00:00;79,73;-2,08;
"K-B3 ACOEM SW 5";2024-02-08 13:00:00;82,40;-2,82;
"K-B3 ACOEM SW 5";2024-02-08 12:00:00;82,02;-2,78;
"K-B3 ACOEM SW 5";2024-02-08 11:00:00;82,56;-3,41;
"K-B3 ACOEM SW 5";2024-02-08 10:00:00;84,46;-4,73;
"K-B3 ACOEM SW 5";2024-02-08 09:00:00;84,56;-5,37;
"K-B3 ACOEM SW 5";2024-02-08 08:00:00;84,01;-5,48;
"K-B3 ACOEM SW 5";2024-02-08 07:00:00;85,60;-5,66;
"K-B3 ACOEM SW 5";2024-02-08 06:00:00;87,08;-6,46;
"K-B3 ACOEM SW 5";2024-02-08 05:00:00;86,63;-6,10;
"K-B3 ACOEM SW 5";2024-02-08 04:00:00;86,14;-5,47;
"K-B3 ACOEM SW 5";2024-02-08 03:00:00;83,98;-4,82;
"K-B3 ACOEM SW 5";2024-02-08 02:00:00;82,30;-4,04;
"K-B3 ACOEM SW 5";2024-02-08 01:00:00;83,41;-2,91;
"K-B3 ACOEM SW 5";2024-02-08 00:00:00;83,53;-1,61;
"K-B3 ACOEM SW 5";2024-02-07 23:00:00;85,04;-1,02;
"K-B3 ACOEM SW 5";2024-02-07 22:00:00;83,39;-0,78;
"K-B3 ACOEM SW 5";2024-02-07 21:00:00;81,35;-0,51;
"K-B3 ACOEM SW 5";2024-02-07 20:00:00;77,59;0,23;
"K-B3 ACOEM SW 5";2024-02-07 19:00:00;77,62;-0,37;
"K-B3 ACOEM SW 5";2024-02-07 18:00:00;74,55;-0,43;
"K-B3 ACOEM SW 5";2024-02-07 17:00:00;66,33;1,06;
"K-B3 ACOEM SW 5";2024-02-07 16:00:00;58,25;2,91;
"K-B3 ACOEM SW 5";2024-02-07 15:00:00;54,69;3,30;
"K-B3 ACOEM SW 5";2024-02-07 14:00:00;54,19;3,18;
"K-B3 ACOEM SW 5";2024-02-07 13:00:00;59,86;1,70;
"K-B3 ACOEM SW 5";2024-02-07 12:00:00;63,02;0,86;
"K-B3 ACOEM SW 5";2024-02-07 11:00:00;72,46;-1,55;
"K-B3 ACOEM SW 5";2024-02-07 10:00:00;84,39;-4,66;
"K-B3 ACOEM SW 5";2024-02-07 09:00:00;86,34;-5,42;
"K-B3 ACOEM SW 5";2024-02-07 08:00:00;82,04;-4,20;
"K-B3 ACOEM SW 5";2024-02-07 07:00:00;83,16;-3,99;
"K-B3 ACOEM SW 5";2024-02-07 06:00:00;81,66;-3,90;
"K-B3 ACOEM SW 5";2024-02-07 05:00:00;82,07;-4,09;
"K-B3 ACOEM SW 5";2024-02-07 04:00:00;81,81;-4,17;
"K-B3 ACOEM SW 5";2024-02-07 03:00:00;83,99;-4,14;
"K-B3 ACOEM SW 5";2024-02-07 02:00:00;82,94;-4,12;
"K-B3 ACOEM SW 5";2024-02-07 01:00:00;85,67;-4,10;
"K-B3 ACOEM SW 5";2024-02-07 00:00:00;85,04;-3,97;
"K-B3 ACOEM SW 5";2024-02-06 23:00:00;85,64;-3,99;
"K-B3 ACOEM SW 5";2024-02-06 22:00:00;88,23;-3,93;
"K-B3 ACOEM SW 5";2024-02-06 21:00:00;85,52;-3,57;
"K-B3 ACOEM SW 5";2024-02-06 20:00:00;80,85;-3,13;
"K-B3 ACOEM SW 5";2024-02-06 19:00:00;80,56;-2,77;
"K-B3 ACOEM SW 5";2024-02-06 18:00:00;82,30;-2,48;
"K-B3 ACOEM SW 5";2024-02-06 17:00:00;82,20;-2,30;
"K-B3 ACOEM SW 5";2024-02-06 16:00:00;79,00;-1,99;
"K-B3 ACOEM SW 5";2024-02-06 15:00:00;77,25;-1,65;
"K-B3 ACOEM SW 5";2024-02-06 14:00:00;80,45;-1,72;
"K-B3 ACOEM SW 5";2024-02-06 13:00:00;85,22;-2,28;
"K-B3 ACOEM SW 5";2024-02-06 12:00:00;84,39;-3,09;
"K-B3 ACOEM SW 5";2024-02-06 11:00:00;81,60;-3,11;
"K-B3 ACOEM SW 5";2024-02-06 10:00:00;76,50;-2,72;
"K-B3 ACOEM SW 5";2024-02-06 09:00:00;66,57;-2,01;
"K-B3 ACOEM SW 5";2024-02-06 08:00:00;64,41;-1,74;
"K-B3 ACOEM SW 5";2024-02-06 07:00:00;63,26;-1,39;
"K-B3 ACOEM SW 5";2024-02-06 06:00:00;60,81;-0,96;
"K-B3 ACOEM SW 5";2024-02-06 05:00:00;60,19;-0,82;
"K-B3 ACOEM SW 5";2024-02-06 04:00:00;59,06;-0,48;
"K-B3 ACOEM SW 5";2024-02-06 03:00:00;60,96;0,07;
"K-B3 ACOEM SW 5";2024-02-06 02:00:00;61,64;0,82;
"K-B3 ACOEM SW 5";2024-02-06 01:00:00;64,29;1,08;
"K-B3 ACOEM SW 5";2024-02-06 00:00:00;68,50;1,22;
"K-B3 ACOEM SW 5";2024-02-05 23:00:00;71,01;1,48;
"K-B3 ACOEM SW 5";2024-02-05 22:00:00;68,77;1,90;
"K-B3 ACOEM SW 5";2024-02-05 21:00:00;67,21;2,18;
"K-B3 ACOEM SW 5";2024-02-05 20:00:00;66,27;2,42;
"K-B3 ACOEM SW 5";2024-02-05 19:00:00;62,88;2,77;
"K-B3 ACOEM SW 5";2024-02-05 18:00:00;60,34;3,28;
"K-B3 ACOEM SW 5";2024-02-05 17:00:00;58,17;3,62;
"K-B3 ACOEM SW 5";2024-02-05 16:00:00;56,91;3,74;
"K-B3 ACOEM SW 5";2024-02-05 15:00:00;56,70;3,96;
"K-B3 ACOEM SW 5";2024-02-05 14:00:00;55,48;4,19;
"K-B3 ACOEM SW 5";2024-02-05 13:00:00;54,31;3,97;
"K-B3 ACOEM SW 5";2024-02-05 12:00:00;58,91;3,02;
"K-B3 ACOEM SW 5";2024-02-05 11:00:00;64,92;2,14;
"K-B3 ACOEM SW 5";2024-02-05 10:00:00;71,89;1,19;
"K-B3 ACOEM SW 5";2024-02-05 09:00:00;70,95;1,49;
"K-B3 ACOEM SW 5";2024-02-05 08:00:00;70,57;1,79;
"K-B3 ACOEM SW 5";2024-02-05 07:00:00;68,99;2,44;
"K-B3 ACOEM SW 5";2024-02-05 06:00:00;68,18;2,68;
"K-B3 ACOEM SW 5";2024-02-05 05:00:00;68,21;2,87;
"K-B3 ACOEM SW 5";2024-02-05 04:00:00;69,12;3,14;
"K-B3 ACOEM SW 5";2024-02-05 03:00:00;72,18;3,17;
"K-B3 ACOEM SW 5";2024-02-05 02:00:00;71,89;3,22;
"K-B3 ACOEM SW 5";2024-02-05 01:00:00;70,83;3,45;
"K-B3 ACOEM SW 5";2024-02-05 00:00:00;73,17;3,27;
"K-B3 ACOEM SW 5";2024-02-04 23:00:00;75,73;2,99;
"K-B3 ACOEM SW 5";2024-02-04 22:00:00;78,17;3,03;
"K-B3 ACOEM SW 5";2024-02-04 21:00:00;74,80;3,59;
"K-B3 ACOEM SW 5";2024-02-04 20:00:00;81,47;3,49;
"K-B3 ACOEM SW 5";2024-02-04 19:00:00;81,68;3,50;
"K-B3 ACOEM SW 5";2024-02-04 18:00:00;80,84;3,51;
"K-B3 ACOEM SW 5";2024-02-04 17:00:00;81,90;3,79;
"K-B3 ACOEM SW 5";2024-02-04 16:00:00;82,20;4,51;
"K-B3 ACOEM SW 5";2024-02-04 15:00:00;66,78;6,48;
"K-B3 ACOEM SW 5";2024-02-04 14:00:00;63,72;7,05;
"K-B3 ACOEM SW 5";2024-02-04 13:00:00;65,91;6,93;
"K-B3 ACOEM SW 5";2024-02-04 12:00:00;69,84;6,37;
"K-B3 ACOEM SW 5";2024-02-04 11:00:00;74,37;5,44;
"K-B3 ACOEM SW 5";2024-02-04 10:00:00;74,27;5,08;
"K-B3 ACOEM SW 5";2024-02-04 09:00:00;74,47;5,03;
"K-B3 ACOEM SW 5";2024-02-04 08:00:00;80,64;4,60;
"K-B3 ACOEM SW 5";2024-02-04 07:00:00;79,98;4,65;
"K-B3 ACOEM SW 5";2024-02-04 06:00:00;81,84;3,99;
"K-B3 ACOEM SW 5";2024-02-04 05:00:00;82,30;3,46;
"K-B3 ACOEM SW 5";2024-02-04 04:00:00;80,84;3,55;
"K-B3 ACOEM SW 5";2024-02-04 03:00:00;79,53;4,07;
"K-B3 ACOEM SW 5";2024-02-04 02:00:00;77,27;4,44;
"K-B3 ACOEM SW 5";2024-02-04 01:00:00;76,95;4,30;
"K-B3 ACOEM SW 5";2024-02-04 00:00:00;78,41;4,26;
"K-B3 ACOEM SW 5";2024-02-03 23:00:00;78,71;4,42;
"K-B3 ACOEM SW 5";2024-02-03 22:00:00;77,84;4,65;
"K-B3 ACOEM SW 5";2024-02-03 21:00:00;71,84;5,14;
"K-B3 ACOEM SW 5";2024-02-03 20:00:00;68,03;5,12;
"K-B3 ACOEM SW 5";2024-02-03 19:00:00;70,30;4,58;
"K-B3 ACOEM SW 5";2024-02-03 18:00:00;68,27;4,77;
"K-B3 ACOEM SW 5";2024-02-03 17:00:00;67,28;5,18;
"K-B3 ACOEM SW 5";2024-02-03 16:00:00;64,07;5,97;
"K-B3 ACOEM SW 5";2024-02-03 15:00:00;55,62;7,35;
"K-B3 ACOEM SW 5";2024-02-03 14:00:00;55,48;7,44;
"K-B3 ACOEM SW 5";2024-02-03 13:00:00;64,56;7,33;
"K-B3 ACOEM SW 5";2024-02-03 12:00:00;65,44;7,30;
"K-B3 ACOEM SW 5";2024-02-03 11:00:00;68,21;7,07;
"K-B3 ACOEM SW 5";2024-02-03 10:00:00;69,88;6,60;
"K-B3 ACOEM SW 5";2024-02-03 09:00:00;72,22;6,79;
"K-B3 ACOEM SW 5";2024-02-03 08:00:00;71,67;7,19;
"K-B3 ACOEM SW 5";2024-02-03 07:00:00;71,80;7,68;
"K-B3 ACOEM SW 5";2024-02-03 06:00:00;70,94;8,00;
"K-B3 ACOEM SW 5";2024-02-03 05:00:00;70,01;8,20;
"K-B3 ACOEM SW 5";2024-02-03 04:00:00;64,19;8,78;
"K-B3 ACOEM SW 5";2024-02-03 03:00:00;64,72;9,31;
"K-B3 ACOEM SW 5";2024-02-03 02:00:00;72,51;9,62;
"K-B3 ACOEM SW 5";2024-02-03 01:00:00;75,43;9,91;
"K-B3 ACOEM SW 5";2024-02-03 00:00:00;75,52;10,21;
"K-B3 ACOEM SW 5";2024-02-02 23:00:00;74,36;10,49;
"K-B3 ACOEM SW 5";2024-02-02 22:00:00;75,26;10,41;
"K-B3 ACOEM SW 5";2024-02-02 21:00:00;74,06;10,29;
"K-B3 ACOEM SW 5";2024-02-02 20:00:00;71,17;10,29;
"K-B3 ACOEM SW 5";2024-02-02 19:00:00;69,46;10,47;
"K-B3 ACOEM SW 5";2024-02-02 18:00:00;69,60;10,51;
"K-B3 ACOEM SW 5";2024-02-02 17:00:00;67,28;10,69;
"K-B3 ACOEM SW 5";2024-02-02 16:00:00;65,54;11,10;
"K-B3 ACOEM SW 5";2024-02-02 15:00:00;67,12;11,35;
"K-B3 ACOEM SW 5";2024-02-02 14:00:00;78,05;10,17;
"K-B3 ACOEM SW 5";2024-02-02 13:00:00;92,43;8,00;
"K-B3 ACOEM SW 5";2024-02-02 12:00:00;95,94;6,53;
"K-B3 ACOEM SW 5";2024-02-02 11:00:00;96,23;6,00;
"K-B3 ACOEM SW 5";2024-02-02 10:00:00;96,71;5,54;
"K-B3 ACOEM SW 5";2024-02-02 09:00:00;96,79;5,11;
"K-B3 ACOEM SW 5";2024-02-02 08:00:00;95,42;4,83;
"K-B3 ACOEM SW 5";2024-02-02 07:00:00;92,50;5,02;
"K-B3 ACOEM SW 5";2024-02-02 06:00:00;90,33;5,04;
"K-B3 ACOEM SW 5";2024-02-02 05:00:00;86,27;5,04;
"K-B3 ACOEM SW 5";2024-02-02 04:00:00;85,20;5,11;
"K-B3 ACOEM SW 5";2024-02-02 03:00:00;84,80;4,76;
"K-B3 ACOEM SW 5";2024-02-02 02:00:00;82,03;4,66;
"K-B3 ACOEM SW 5";2024-02-02 01:00:00;82,01;4,31;
"K-B3 ACOEM SW 5";2024-02-02 00:00:00;79,83;4,15;
"K-B3 ACOEM SW 5";2024-02-01 23:00:00;78,27;3,46;
"K-B3 ACOEM SW 5";2024-02-01 22:00:00;74,79;3,29;
"K-B3 ACOEM SW 5";2024-02-01 21:00:00;69,54;3,11;
"K-B3 ACOEM SW 5";2024-02-01 20:00:00;64,63;3,31;
"K-B3 ACOEM SW 5";2024-02-01 19:00:00;59,70;3,80;
"K-B3 ACOEM SW 5";2024-02-01 18:00:00;55,05;4,57;
"K-B3 ACOEM SW 5";2024-02-01 17:00:00;55,21;5,18;
"K-B3 ACOEM SW 5";2024-02-01 16:00:00;56,57;6,24;
"K-B3 ACOEM SW 5";2024-02-01 15:00:00;57,04;6,47;
"K-B3 ACOEM SW 5";2024-02-01 14:00:00;61,34;6,22;
"K-B3 ACOEM SW 5";2024-02-01 13:00:00;64,92;5,21;
"K-B3 ACOEM SW 5";2024-02-01 12:00:00;73,13;3,93;
"K-B3 ACOEM SW 5";2024-02-01 11:00:00;81,22;2,91;
"K-B3 ACOEM SW 5";2024-02-01 10:00:00;88,71;2,01;
"K-B3 ACOEM SW 5";2024-02-01 09:00:00;79,07;2,56;
"K-B3 ACOEM SW 5";2024-02-01 08:00:00;77,35;2,84;
"K-B3 ACOEM SW 5";2024-02-01 07:00:00;81,84;2,39;
"K-B3 ACOEM SW 5";2024-02-01 06:00:00;83,63;2,28;
"K-B3 ACOEM SW 5";2024-02-01 05:00:00;85,71;2,26;
"K-B3 ACOEM SW 5";2024-02-01 04:00:00;77,09;3,22;
"K-B3 ACOEM SW 5";2024-02-01 03:00:00;81,80;2,76;
"K-B3 ACOEM SW 5";2024-02-01 02:00:00;77,35;3,55;
"K-B3 ACOEM SW 5";2024-02-01 01:00:00;71,87;3,94;
"K-B3 ACOEM SW 5";2024-02-01 00:00:00;72,94;4,01;
"K-B3 ACOEM SW 5";2024-01-31 23:00:00;80,78;4,09;
"K-B3 ACOEM SW 5";2024-01-31 22:00:00;87,52;5,13;
"K-B3 ACOEM SW 5";2024-01-31 21:00:00;92,86;4,81;
"K-B3 ACOEM SW 5";2024-01-31 20:00:00;92,55;4,29;
"K-B3 ACOEM SW 5";2024-01-31 19:00:00;90,36;4,35;
"K-B3 ACOEM SW 5";2024-01-31 18:00:00;85,58;5,02;
"K-B3 ACOEM SW 5";2024-01-31 17:00:00;84,50;5,07;
"K-B3 ACOEM SW 5";2024-01-31 16:00:00;84,55;5,00;
"K-B3 ACOEM SW 5";2024-01-31 15:00:00;84,24;5,04;
"K-B3 ACOEM SW 5";2024-01-31 14:00:00;84,58;5,25;
"K-B3 ACOEM SW 5";2024-01-31 13:00:00;82,97;5,47;
"K-B3 ACOEM SW 5";2024-01-31 12:00:00;84,42;5,22;
"K-B3 ACOEM SW 5";2024-01-31 11:00:00;89,13;4,32;
"K-B3 ACOEM SW 5";2024-01-31 10:00:00;91,37;3,25;
"K-B3 ACOEM SW 5";2024-01-31 09:00:00;91,21;2,35;
"K-B3 ACOEM SW 5";2024-01-31 08:00:00;89,82;1,77;
"K-B3 ACOEM SW 5";2024-01-31 07:00:00;86,61;1,13;
"K-B3 ACOEM SW 5";2024-01-31 06:00:00;82,25;0,78;
"K-B3 ACOEM SW 5";2024-01-31 05:00:00;77,32;0,99;
"K-B3 ACOEM SW 5";2024-01-31 04:00:00;84,02;0,56;
"K-B3 ACOEM SW 5";2024-01-31 03:00:00;85,21;0,90;
"K-B3 ACOEM SW 5";2024-01-31 02:00:00;85,31;1,82;
"K-B3 ACOEM SW 5";2024-01-31 01:00:00;86,44;1,99;
"K-B3 ACOEM SW 5";2024-01-31 00:00:00;90,06;1,71;
"K-B3 ACOEM SW 5";2024-01-30 23:00:00;89,22;2,28;
"K-B3 ACOEM SW 5";2024-01-30 22:00:00;89,89;2,56;
"K-B3 ACOEM SW 5";2024-01-30 21:00:00;89,79;2,76;
"K-B3 ACOEM SW 5";2024-01-30 20:00:00;90,29;2,69;
"K-B3 ACOEM SW 5";2024-01-30 19:00:00;91,13;2,53;
"K-B3 ACOEM SW 5";2024-01-30 18:00:00;92,77;2,29;
"K-B3 ACOEM SW 5";2024-01-30 17:00:00;92,78;2,18;
"K-B3 ACOEM SW 5";2024-01-30 16:00:00;92,47;2,10;
"K-B3 ACOEM SW 5";2024-01-30 15:00:00;93,52;1,99;
"K-B3 ACOEM SW 5";2024-01-30 14:00:00;93,50;1,97;
"K-B3 ACOEM SW 5";2024-01-30 13:00:00;93,80;1,87;
"K-B3 ACOEM SW 5";2024-01-30 12:00:00;93,78;1,80;
"K-B3 ACOEM SW 5";2024-01-30 11:00:00;93,76;1,48;
"K-B3 ACOEM SW 5";2024-01-30 10:00:00;93,29;1,36;
"K-B3 ACOEM SW 5";2024-01-30 09:00:00;90,79;1,61;
"K-B3 ACOEM SW 5";2024-01-30 08:00:00;86,13;2,25;
"K-B3 ACOEM SW 5";2024-01-30 07:00:00;84,43;2,71;
"K-B3 ACOEM SW 5";2024-01-30 06:00:00;84,92;3,27;
"K-B3 ACOEM SW 5";2024-01-30 05:00:00;81,32;4,09;
"K-B3 ACOEM SW 5";2024-01-30 04:00:00;77,99;4,05;
"K-B3 ACOEM SW 5";2024-01-30 03:00:00;73,44;4,45;
"K-B3 ACOEM SW 5";2024-01-30 02:00:00;70,06;4,61;
"K-B3 ACOEM SW 5";2024-01-30 01:00:00;69,91;4,45;
"K-B3 ACOEM SW 5";2024-01-30 00:00:00;69,89;4,62;
"K-B3 ACOEM SW 5";2024-01-29 23:00:00;71,29;4,51;
"K-B3 ACOEM SW 5";2024-01-29 22:00:00;72,07;4,55;
"K-B3 ACOEM SW 5";2024-01-29 21:00:00;73,00;4,62;
"K-B3 ACOEM SW 5";2024-01-29 20:00:00;69,76;5,45;
"K-B3 ACOEM SW 5";2024-01-29 19:00:00;67,15;6,34;
"K-B3 ACOEM SW 5";2024-01-29 18:00:00;64,66;6,96;
"K-B3 ACOEM SW 5";2024-01-29 17:00:00;64,69;7,27;
"K-B3 ACOEM SW 5";2024-01-29 16:00:00;68,13;7,37;
"K-B3 ACOEM SW 5";2024-01-29 15:00:00;74,32;7,42;
"K-B3 ACOEM SW 5";2024-01-29 14:00:00;79,60;7,15;
"K-B3 ACOEM SW 5";2024-01-29 13:00:00;84,35;7,17;
"K-B3 ACOEM SW 5";2024-01-29 12:00:00;88,30;7,04;
"K-B3 ACOEM SW 5";2024-01-29 11:00:00;94,33;6,27;
"K-B3 ACOEM SW 5";2024-01-29 10:00:00;95,73;5,80;
"K-B3 ACOEM SW 5";2024-01-29 09:00:00;94,74;5,85;
"K-B3 ACOEM SW 5";2024-01-29 08:00:00;93,68;6,14;
"K-B3 ACOEM SW 5";2024-01-29 07:00:00;94,34;6,02;
"K-B3 ACOEM SW 5";2024-01-29 06:00:00;94,44;5,87;
"K-B3 ACOEM SW 5";2024-01-29 05:00:00;92,84;5,77;
"K-B3 ACOEM SW 5";2024-01-29 04:00:00;90,65;5,57;
"K-B3 ACOEM SW 5";2024-01-29 03:00:00;89,67;5,20;
"K-B3 ACOEM SW 5";2024-01-29 02:00:00;92,23;4,50;
"K-B3 ACOEM SW 5";2024-01-29 01:00:00;92,95;3,67;
"K-B3 ACOEM SW 5";2024-01-29 00:00:00;92,03;3,43;
"K-B3 ACOEM SW 5";2024-01-28 23:00:00;90,64;3,75;
"K-B3 ACOEM SW 5";2024-01-28 22:00:00;88,61;3,99;
"K-B3 ACOEM SW 5";2024-01-28 21:00:00;88,30;4,41;
"K-B3 ACOEM SW 5";2024-01-28 20:00:00;87,36;4,71;
"K-B3 ACOEM SW 5";2024-01-28 19:00:00;86,73;4,70;
"K-B3 ACOEM SW 5";2024-01-28 18:00:00;87,59;4,67;
"K-B3 ACOEM SW 5";2024-01-28 17:00:00;86,06;5,17;
"K-B3 ACOEM SW 5";2024-01-28 16:00:00;83,80;5,92;
"K-B3 ACOEM SW 5";2024-01-28 15:00:00;85,92;5,86;
"K-B3 ACOEM SW 5";2024-01-28 14:00:00;87,44;5,90;
"K-B3 ACOEM SW 5";2024-01-28 13:00:00;88,18;5,84;
"K-B3 ACOEM SW 5";2024-01-28 12:00:00;85,96;5,90;
"K-B3 ACOEM SW 5";2024-01-28 11:00:00;87,48;5,64;
"K-B3 ACOEM SW 5";2024-01-28 10:00:00;90,43;5,51;
"K-B3 ACOEM SW 5";2024-01-28 09:00:00;88,82;5,45;
"K-B3 ACOEM SW 5";2024-01-28 08:00:00;90,64;5,55;
"K-B3 ACOEM SW 5";2024-01-28 07:00:00;90,58;5,85;
"K-B3 ACOEM SW 5";2024-01-28 06:00:00;89,63;6,06;
"K-B3 ACOEM SW 5";2024-01-28 05:00:00;89,31;6,16;
"K-B3 ACOEM SW 5";2024-01-28 04:00:00;90,66;5,93;
"K-B3 ACOEM SW 5";2024-01-28 03:00:00;92,09;5,69;
"K-B3 ACOEM SW 5";2024-01-28 02:00:00;90,49;5,76;
"K-B3 ACOEM SW 5";2024-01-28 01:00:00;90,16;5,89;
"K-B3 ACOEM SW 5";2024-01-28 00:00:00;90,08;5,92;
"K-B3 ACOEM SW 5";2024-01-27 23:00:00;88,93;6,18;
"K-B3 ACOEM SW 5";2024-01-27 22:00:00;87,39;6,45;
"K-B3 ACOEM SW 5";2024-01-27 21:00:00;85,19;6,66;
"K-B3 ACOEM SW 5";2024-01-27 20:00:00;87,41;6,29;
"K-B3 ACOEM SW 5";2024-01-27 19:00:00;90,55;5,87;
"K-B3 ACOEM SW 5";2024-01-27 18:00:00;90,02;6,10;
"K-B3 ACOEM SW 5";2024-01-27 17:00:00;89,10;6,41;
"K-B3 ACOEM SW 5";2024-01-27 16:00:00;88,89;6,60;
"K-B3 ACOEM SW 5";2024-01-27 15:00:00;82,84;7,55;
"K-B3 ACOEM SW 5";2024-01-27 14:00:00;82,09;7,46;
"K-B3 ACOEM SW 5";2024-01-27 13:00:00;81,40;7,48;
"K-B3 ACOEM SW 5";2024-01-27 12:00:00;81,95;7,36;
"K-B3 ACOEM SW 5";2024-01-27 11:00:00;85,78;6,28;
"K-B3 ACOEM SW 5";2024-01-27 10:00:00;88,63;5,45;
"K-B3 ACOEM SW 5";2024-01-27 09:00:00;87,84;5,38;
"K-B3 ACOEM SW 5";2024-01-27 08:00:00;87,16;5,30;
"K-B3 ACOEM SW 5";2024-01-27 07:00:00;83,94;5,55;
"K-B3 ACOEM SW 5";2024-01-27 06:00:00;79,00;5,59;
"K-B3 ACOEM SW 5";2024-01-27 05:00:00;72,76;5,33;
"K-B3 ACOEM SW 5";2024-01-27 04:00:00;72,90;4,76;
"K-B3 ACOEM SW 5";2024-01-27 03:00:00;77,54;3,38;
"K-B3 ACOEM SW 5";2024-01-27 02:00:00;76,67;3,09;
"K-B3 ACOEM SW 5";2024-01-27 01:00:00;72,57;3,56;
"K-B3 ACOEM SW 5";2024-01-27 00:00:00;65,91;4,26;
"K-B3 ACOEM SW 5";2024-01-26 23:00:00;60,62;4,99;
"K-B3 ACOEM SW 5";2024-01-26 22:00:00;60,50;5,33;
"K-B3 ACOEM SW 5";2024-01-26 21:00:00;59,45;5,59;
"K-B3 ACOEM SW 5";2024-01-26 20:00:00;61,66;5,87;
"K-B3 ACOEM SW 5";2024-01-26 19:00:00;65,78;6,02;
"K-B3 ACOEM SW 5";2024-01-26 18:00:00;70,36;6,02;
"K-B3 ACOEM SW 5";2024-01-26 17:00:00;71,66;6,01;
"K-B3 ACOEM SW 5";2024-01-26 16:00:00;72,65;5,78;
"K-B3 ACOEM SW 5";2024-01-26 15:00:00;77,94;5,23;
"K-B3 ACOEM SW 5";2024-01-26 14:00:00;89,25;5,26;
"K-B3 ACOEM SW 5";2024-01-26 13:00:00;94,90;6,20;
"K-B3 ACOEM SW 5";2024-01-26 12:00:00;95,84;5,97;
"K-B3 ACOEM SW 5";2024-01-26 11:00:00;96,02;5,66;
"K-B3 ACOEM SW 5";2024-01-26 10:00:00;96,45;5,30;
"K-B3 ACOEM SW 5";2024-01-26 09:00:00;96,98;5,02;
"K-B3 ACOEM SW 5";2024-01-26 08:00:00;97,05;4,60;
"K-B3 ACOEM SW 5";2024-01-26 07:00:00;96,44;4,35;
"K-B3 ACOEM SW 5";2024-01-26 06:00:00;96,65;4,09;
"K-B3 ACOEM SW 5";2024-01-26 05:00:00;96,83;3,95;
"K-B3 ACOEM SW 5";2024-01-26 04:00:00;96,67;3,26;
"K-B3 ACOEM SW 5";2024-01-26 03:00:00;89,42;1,72;
"K-B3 ACOEM SW 5";2024-01-26 02:00:00;78,90;1,81;
"K-B3 ACOEM SW 5";2024-01-26 01:00:00;78,32;1,29;
"K-B3 ACOEM SW 5";2024-01-26 00:00:00;78,70;1,11;
"K-B3 ACOEM SW 5";2024-01-25 23:00:00;78,92;0,99;
"K-B3 ACOEM SW 5";2024-01-25 22:00:00;78,99;0,70;
"K-B3 ACOEM SW 5";2024-01-25 21:00:00;79,25;0,54;
"K-B3 ACOEM SW 5";2024-01-25 20:00:00;77,00;1,17;
"K-B3 ACOEM SW 5";2024-01-25 19:00:00;71,90;2,60;
"K-B3 ACOEM SW 5";2024-01-25 18:00:00;65,52;4,41;
"K-B3 ACOEM SW 5";2024-01-25 17:00:00;56,38;6,89;
"K-B3 ACOEM SW 5";2024-01-25 16:00:00;51,35;8,44;
"K-B3 ACOEM SW 5";2024-01-25 15:00:00;48,73;9,64;
"K-B3 ACOEM SW 5";2024-01-25 14:00:00;49,03;8,95;
"K-B3 ACOEM SW 5";2024-01-25 13:00:00;55,67;6,95;
"K-B3 ACOEM SW 5";2024-01-25 12:00:00;56,45;6,78;
"K-B3 ACOEM SW 5";2024-01-25 11:00:00;57,11;6,39;
"K-B3 ACOEM SW 5";2024-01-25 10:00:00;59,74;5,60;
"K-B3 ACOEM SW 5";2024-01-25 09:00:00;60,51;5,48;
"K-B3 ACOEM SW 5";2024-01-25 08:00:00;61,40;5,35;
"K-B3 ACOEM SW 5";2024-01-25 07:00:00;58,70;6,10;
"K-B3 ACOEM SW 5";2024-01-25 06:00:00;58,14;6,52;
"K-B3 ACOEM SW 5";2024-01-25 05:00:00;57,43;7,11;
"K-B3 ACOEM SW 5";2024-01-25 04:00:00;56,40;7,39;
"K-B3 ACOEM SW 5";2024-01-25 03:00:00;58,18;7,53;
"K-B3 ACOEM SW 5";2024-01-25 02:00:00;58,43;7,75;
"K-B3 ACOEM SW 5";2024-01-25 01:00:00;62,88;7,64;
"K-B3 ACOEM SW 5";2024-01-25 00:00:00;75,24;6,43;
"K-B3 ACOEM SW 5";2024-01-24 23:00:00;72,49;6,95;
"K-B3 ACOEM SW 5";2024-01-24 22:00:00;71,78;7,13;
"K-B3 ACOEM SW 5";2024-01-24 21:00:00;71,55;7,34;
"K-B3 ACOEM SW 5";2024-01-24 20:00:00;73,18;7,23;
"K-B3 ACOEM SW 5";2024-01-24 19:00:00;78,40;6,33;
"K-B3 ACOEM SW 5";2024-01-24 18:00:00;75,47;7,22;
"K-B3 ACOEM SW 5";2024-01-24 17:00:00;76,49;7,97;
"K-B3 ACOEM SW 5";2024-01-24 16:00:00;75,91;8,47;
"K-B3 ACOEM SW 5";2024-01-24 15:00:00;74,63;9,36;
"K-B3 ACOEM SW 5";2024-01-24 14:00:00;76,00;9,43;
"K-B3 ACOEM SW 5";2024-01-24 13:00:00;80,41;8,66;
"K-B3 ACOEM SW 5";2024-01-24 12:00:00;84,61;7,56;
"K-B3 ACOEM SW 5";2024-01-24 11:00:00;88,42;7,06;
"K-B3 ACOEM SW 5";2024-01-24 10:00:00;91,51;6,14;
"K-B3 ACOEM SW 5";2024-01-24 09:00:00;91,02;6,32;
"K-B3 ACOEM SW 5";2024-01-24 08:00:00;92,51;6,60;
"K-B3 ACOEM SW 5";2024-01-24 07:00:00;93,46;6,57;
"K-B3 ACOEM SW 5";2024-01-24 06:00:00;92,21;6,86;
"K-B3 ACOEM SW 5";2024-01-24 05:00:00;93,93;7,36;
"K-B3 ACOEM SW 5";2024-01-24 04:00:00;97,03;6,85;
"K-B3 ACOEM SW 5";2024-01-24 03:00:00;97,91;6,37;
"K-B3 ACOEM SW 5";2024-01-24 02:00:00;98,53;5,63;
"K-B3 ACOEM SW 5";2024-01-24 01:00:00;96,88;4,40;
"K-B3 ACOEM SW 5";2024-01-24 00:00:00;94,89;4,02;
"K-B3 ACOEM SW 5";2024-01-23 23:00:00;91,95;4,04;
"K-B3 ACOEM SW 5";2024-01-23 22:00:00;93,11;5,03;
"K-B3 ACOEM SW 5";2024-01-23 21:00:00;93,68;4,91;
"K-B3 ACOEM SW 5";2024-01-23 20:00:00;87,61;4,40;
"K-B3 ACOEM SW 5";2024-01-23 19:00:00;78,60;4,32;
"K-B3 ACOEM SW 5";2024-01-23 18:00:00;74,67;4,43;
"K-B3 ACOEM SW 5";2024-01-23 17:00:00;70,81;4,95;
"K-B3 ACOEM SW 5";2024-01-23 16:00:00;71,09;5,70;
"K-B3 ACOEM SW 5";2024-01-23 15:00:00;69,11;6,77;
"K-B3 ACOEM SW 5";2024-01-23 14:00:00;64,71;7,37;
"K-B3 ACOEM SW 5";2024-01-23 13:00:00;62,21;7,43;
"K-B3 ACOEM SW 5";2024-01-23 12:00:00;64,15;7,19;
"K-B3 ACOEM SW 5";2024-01-23 11:00:00;65,83;6,44;
"K-B3 ACOEM SW 5";2024-01-23 10:00:00;62,97;5,94;
"K-B3 ACOEM SW 5";2024-01-23 09:00:00;64,65;5,89;
"K-B3 ACOEM SW 5";2024-01-23 08:00:00;71,54;5,68;
"K-B3 ACOEM SW 5";2024-01-23 07:00:00;77,42;5,33;
"K-B3 ACOEM SW 5";2024-01-23 06:00:00;82,46;4,74;
"K-B3 ACOEM SW 5";2024-01-23 05:00:00;84,96;4,33;
"K-B3 ACOEM SW 5";2024-01-23 04:00:00;86,22;4,15;
"K-B3 ACOEM SW 5";2024-01-23 03:00:00;85,28;4,28;
"K-B3 ACOEM SW 5";2024-01-23 02:00:00;87,02;4,23;
"K-B3 ACOEM SW 5";2024-01-23 01:00:00;86,92;4,25;
"K-B3 ACOEM SW 5";2024-01-23 00:00:00;82,84;4,78;
"K-B3 ACOEM SW 5";2024-01-22 23:00:00;77,21;5,40;
"K-B3 ACOEM SW 5";2024-01-22 22:00:00;76,87;5,29;
"K-B3 ACOEM SW 5";2024-01-22 21:00:00;77,22;5,34;
"K-B3 ACOEM SW 5";2024-01-22 20:00:00;76,32;5,56;
"K-B3 ACOEM SW 5";2024-01-22 19:00:00;77,04;5,60;
"K-B3 ACOEM SW 5";2024-01-22 18:00:00;78,23;5,76;
"K-B3 ACOEM SW 5";2024-01-22 17:00:00;79,98;5,93;
"K-B3 ACOEM SW 5";2024-01-22 16:00:00;75,98;6,81;
"K-B3 ACOEM SW 5";2024-01-22 15:00:00;73,49;7,32;
"K-B3 ACOEM SW 5";2024-01-22 14:00:00;74,09;7,36;
"K-B3 ACOEM SW 5";2024-01-22 13:00:00;78,32;7,16;
"K-B3 ACOEM SW 5";2024-01-22 12:00:00;85,94;6,59;
"K-B3 ACOEM SW 5";2024-01-22 11:00:00;91,67;6,20;
"K-B3 ACOEM SW 5";2024-01-22 10:00:00;94,40;6,07;
"K-B3 ACOEM SW 5";2024-01-22 09:00:00;95,55;6,19;
"K-B3 ACOEM SW 5";2024-01-22 08:00:00;95,71;6,68;
"K-B3 ACOEM SW 5";2024-01-22 07:00:00;98,94;6,43;
"K-B3 ACOEM SW 5";2024-01-22 06:00:00;99,70;5,89;
"K-B3 ACOEM SW 5";2024-01-22 05:00:00;99,34;5,32;
"K-B3 ACOEM SW 5";2024-01-22 04:00:00;98,95;5,05;
"K-B3 ACOEM SW 5";2024-01-22 03:00:00;98,67;4,60;
"K-B3 ACOEM SW 5";2024-01-22 02:00:00;98,33;4,52;
"K-B3 ACOEM SW 5";2024-01-22 01:00:00;98,61;4,59;
"K-B3 ACOEM SW 5";2024-01-22 00:00:00;99,21;4,61;
"K-B3 ACOEM SW 5";2024-01-21 23:00:00;99,16;4,37;
"K-B3 ACOEM SW 5";2024-01-21 22:00:00;98,64;4,20;
"K-B3 ACOEM SW 5";2024-01-21 21:00:00;97,68;4,31;
"K-B3 ACOEM SW 5";2024-01-21 20:00:00;97,80;4,41;
"K-B3 ACOEM SW 5";2024-01-21 19:00:00;97,88;4,36;
"K-B3 ACOEM SW 5";2024-01-21 18:00:00;97,65;4,05;
"K-B3 ACOEM SW 5";2024-01-21 17:00:00;96,23;3,50;
"K-B3 ACOEM SW 5";2024-01-21 16:00:00;93,49;3,33;
"K-B3 ACOEM SW 5";2024-01-21 15:00:00;94,57;3,09;
"K-B3 ACOEM SW 5";2024-01-21 14:00:00;95,91;1,68;
"K-B3 ACOEM SW 5";2024-01-21 13:00:00;94,61;1,51;
"K-B3 ACOEM SW 5";2024-01-21 12:00:00;91,34;2,61;
"K-B3 ACOEM SW 5";2024-01-21 11:00:00;88,91;3,20;
"K-B3 ACOEM SW 5";2024-01-21 10:00:00;88,00;3,43;
"K-B3 ACOEM SW 5";2024-01-21 09:00:00;91,10;3,34;
"K-B3 ACOEM SW 5";2024-01-21 08:00:00;92,38;3,38;
"K-B3 ACOEM SW 5";2024-01-21 07:00:00;95,88;2,52;
"K-B3 ACOEM SW 5";2024-01-21 06:00:00;92,69;0,74;
"K-B3 ACOEM SW 5";2024-01-21 05:00:00;91,58;0,04;
"K-B3 ACOEM SW 5";2024-01-21 04:00:00;91,63;-0,50;
"K-B3 ACOEM SW 5";2024-01-21 03:00:00;90,91;-0,63;
"K-B3 ACOEM SW 5";2024-01-21 02:00:00;90,03;-0,91;
"K-B3 ACOEM SW 5";2024-01-21 01:00:00;89,57;-1,07;
"K-B3 ACOEM SW 5";2024-01-21 00:00:00;89,25;-1,28;
"K-B3 ACOEM SW 5";2024-01-20 23:00:00;88,44;-1,44;
"K-B3 ACOEM SW 5";2024-01-20 22:00:00;88,79;-1,58;
"K-B3 ACOEM SW 5";2024-01-20 21:00:00;89,62;-1,70;
"K-B3 ACOEM SW 5";2024-01-20 20:00:00;90,83;-1,94;
"K-B3 ACOEM SW 5";2024-01-20 19:00:00;90,59;-1,68;
"K-B3 ACOEM SW 5";2024-01-20 18:00:00;90,83;-1,75;
"K-B3 ACOEM SW 5";2024-01-20 17:00:00;91,43;-2,13;
"K-B3 ACOEM SW 5";2024-01-20 16:00:00;90,93;-2,42;
"K-B3 ACOEM SW 5";2024-01-20 15:00:00;87,79;-2,08;
"K-B3 ACOEM SW 5";2024-01-20 14:00:00;83,00;-1,43;
"K-B3 ACOEM SW 5";2024-01-20 13:00:00;79,58;-1,64;
"K-B3 ACOEM SW 5";2024-01-20 12:00:00;81,26;-2,90;
"K-B3 ACOEM SW 5";2024-01-20 11:00:00;84,10;-3,68;
"K-B3 ACOEM SW 5";2024-01-20 10:00:00;87,89;-4,45;
"K-B3 ACOEM SW 5";2024-01-20 09:00:00;89,07;-4,73;
"K-B3 ACOEM SW 5";2024-01-20 08:00:00;88,22;-4,02;
"K-B3 ACOEM SW 5";2024-01-20 07:00:00;88,72;-3,67;
"K-B3 ACOEM SW 5";2024-01-20 06:00:00;88,37;-3,13;
"K-B3 ACOEM SW 5";2024-01-20 05:00:00;88,15;-2,44;
"K-B3 ACOEM SW 5";2024-01-20 04:00:00;88,98;-1,60;
"K-B3 ACOEM SW 5";2024-01-20 03:00:00;90,17;-1,15;
"K-B3 ACOEM SW 5";2024-01-20 02:00:00;89,77;-1,19;
"K-B3 ACOEM SW 5";2024-01-20 01:00:00;89,70;-1,20;
"K-B3 ACOEM SW 5";2024-01-20 00:00:00;85,82;-1,12;
"K-B3 ACOEM SW 5";2024-01-19 23:00:00;82,40;-0,48;
"K-B3 ACOEM SW 5";2024-01-19 22:00:00;81,52;-0,55;
"K-B3 ACOEM SW 5";2024-01-19 21:00:00;80,55;-0,81;
"K-B3 ACOEM SW 5";2024-01-19 20:00:00;79,81;-1,12;
"K-B3 ACOEM SW 5";2024-01-19 19:00:00;77,36;-0,93;
"K-B3 ACOEM SW 5";2024-01-19 18:00:00;73,86;-0,70;
"K-B3 ACOEM SW 5";2024-01-19 17:00:00;68,54;0,31;
"K-B3 ACOEM SW 5";2024-01-19 16:00:00;62,55;1,58;
"K-B3 ACOEM SW 5";2024-01-19 15:00:00;62,32;1,76;
"K-B3 ACOEM SW 5";2024-01-19 14:00:00;62,20;1,70;
"K-B3 ACOEM SW 5";2024-01-19 13:00:00;63,74;1,47;
"K-B3 ACOEM SW 5";2024-01-19 12:00:00;66,03;0,59;
"K-B3 ACOEM SW 5";2024-01-19 11:00:00;68,48;-0,29;
"K-B3 ACOEM SW 5";2024-01-19 10:00:00;76,28;-2,50;
"K-B3 ACOEM SW 5";2024-01-19 09:00:00;81,27;-4,53;
"K-B3 ACOEM SW 5";2024-01-19 08:00:00;81,57;-4,25;
"K-B3 ACOEM SW 5";2024-01-19 07:00:00;81,32;-5,04;
"K-B3 ACOEM SW 5";2024-01-19 06:00:00;80,92;-5,19;
"K-B3 ACOEM SW 5";2024-01-19 05:00:00;84,49;-5,99;
"K-B3 ACOEM SW 5";2024-01-19 04:00:00;86,02;-6,61;
"K-B3 ACOEM SW 5";2024-01-19 03:00:00;84,39;-6,39;
"K-B3 ACOEM SW 5";2024-01-19 02:00:00;79,66;-4,89;
"K-B3 ACOEM SW 5";2024-01-19 01:00:00;77,61;-4,32;
"K-B3 ACOEM SW 5";2024-01-19 00:00:00;77,00;-3,96;
"K-B3 ACOEM SW 5";2024-01-18 23:00:00;76,24;-3,33;
"K-B3 ACOEM SW 5";2024-01-18 22:00:00;76,02;-3,12;
"K-B3 ACOEM SW 5";2024-01-18 21:00:00;72,65;-2,67;
"K-B3 ACOEM SW 5";2024-01-18 20:00:00;69,11;-2,52;
"K-B3 ACOEM SW 5";2024-01-18 19:00:00;67,18;-2,39;
"K-B3 ACOEM SW 5";2024-01-18 18:00:00;64,19;-1,95;
"K-B3 ACOEM SW 5";2024-01-18 17:00:00;63,62;-1,41;
"K-B3 ACOEM SW 5";2024-01-18 16:00:00;66,39;-0,97;
"K-B3 ACOEM SW 5";2024-01-18 15:00:00;69,51;-1,56;
"K-B3 ACOEM SW 5";2024-01-18 14:00:00;67,07;-3,08;
"K-B3 ACOEM SW 5";2024-01-18 13:00:00;63,36;-3,57;
"K-B3 ACOEM SW 5";2024-01-18 12:00:00;62,34;-4,12;
"K-B3 ACOEM SW 5";2024-01-18 11:00:00;56,88;-3,67;
"K-B3 ACOEM SW 5";2024-01-18 10:00:00;57,04;-4,93;
"K-B3 ACOEM SW 5";2024-01-18 09:00:00;56,71;-5,98;
"K-B3 ACOEM SW 5";2024-01-18 08:00:00;56,04;-6,52;
"K-B3 ACOEM SW 5";2024-01-18 07:00:00;60,35;-7,22;
"K-B3 ACOEM SW 5";2024-01-18 06:00:00;59,98;-6,57;
"K-B3 ACOEM SW 5";2024-01-18 05:00:00;63,50;-6,48;
"K-B3 ACOEM SW 5";2024-01-18 04:00:00;66,42;-6,30;
"K-B3 ACOEM SW 5";2024-01-18 03:00:00;67,45;-6,11;
"K-B3 ACOEM SW 5";2024-01-18 02:00:00;69,03;-6,05;
"K-B3 ACOEM SW 5";2024-01-18 01:00:00;70,76;-6,03;
"K-B3 ACOEM SW 5";2024-01-18 00:00:00;67,56;-5,08;
"K-B3 ACOEM SW 5";2024-01-17 23:00:00;65,59;-4,60;
"K-B3 ACOEM SW 5";2024-01-17 22:00:00;66,75;-4,60;
"K-B3 ACOEM SW 5";2024-01-17 21:00:00;67,57;-4,77;
"K-B3 ACOEM SW 5";2024-01-17 20:00:00;66,03;-4,31;
"K-B3 ACOEM SW 5";2024-01-17 19:00:00;65,93;-3,93;
"K-B3 ACOEM SW 5";2024-01-17 18:00:00;66,45;-3,48;
"K-B3 ACOEM SW 5";2024-01-17 17:00:00;66,09;-2,55;
"K-B3 ACOEM SW 5";2024-01-17 16:00:00;65,33;-1,38;
"K-B3 ACOEM SW 5";2024-01-17 15:00:00;64,67;-0,54;
"K-B3 ACOEM SW 5";2024-01-17 14:00:00;65,02;-0,22;
"K-B3 ACOEM SW 5";2024-01-17 13:00:00;67,25;-0,30;
"K-B3 ACOEM SW 5";2024-01-17 12:00:00;69,70;-0,42;
"K-B3 ACOEM SW 5";2024-01-17 11:00:00;71,33;-0,92;
"K-B3 ACOEM SW 5";2024-01-17 10:00:00;78,17;-1,36;
"K-B3 ACOEM SW 5";2024-01-17 09:00:00;93,26;-2,40;
"K-B3 ACOEM SW 5";2024-01-17 08:00:00;90,34;-2,81;
"K-B3 ACOEM SW 5";2024-01-17 07:00:00;88,58;-2,52;
"K-B3 ACOEM SW 5";2024-01-17 06:00:00;92,45;1,75;
"K-B3 ACOEM SW 5";2024-01-17 05:00:00;97,34;0,68;
"K-B3 ACOEM SW 5";2024-01-17 04:00:00;96,59;-0,95;
"K-B3 ACOEM SW 5";2024-01-17 03:00:00;92,89;-1,66;
"K-B3 ACOEM SW 5";2024-01-17 02:00:00;91,60;-1,54;
"K-B3 ACOEM SW 5";2024-01-17 01:00:00;91,04;-1,71;
"K-B3 ACOEM SW 5";2024-01-17 00:00:00;91,13;-1,90;
"K-B3 ACOEM SW 5";2024-01-16 23:00:00;91,55;-1,93;
"K-B3 ACOEM SW 5";2024-01-16 22:00:00;91,63;-1,74;
"K-B3 ACOEM SW 5";2024-01-16 21:00:00;92,00;-2,02;
"K-B3 ACOEM SW 5";2024-01-16 20:00:00;91,23;-1,61;
"K-B3 ACOEM SW 5";2024-01-16 19:00:00;91,01;-0,99;
"K-B3 ACOEM SW 5";2024-01-16 18:00:00;92,85;-0,05;
"K-B3 ACOEM SW 5";2024-01-16 17:00:00;94,35;-0,11;
"K-B3 ACOEM SW 5";2024-01-16 16:00:00;88,15;-0,29;
"K-B3 ACOEM SW 5";2024-01-16 15:00:00;78,85;-0,60;
"K-B3 ACOEM SW 5";2024-01-16 14:00:00;78,67;-2,37;
"K-B3 ACOEM SW 5";2024-01-16 13:00:00;77,92;-4,36;
"K-B3 ACOEM SW 5";2024-01-16 12:00:00;80,40;-5,40;
"K-B3 ACOEM SW 5";2024-01-16 11:00:00;83,14;-6,52;
"K-B3 ACOEM SW 5";2024-01-16 10:00:00;84,38;-7,00;
"K-B3 ACOEM SW 5";2024-01-16 09:00:00;83,77;-6,57;
"K-B3 ACOEM SW 5";2024-01-16 08:00:00;81,60;-5,80;
"K-B3 ACOEM SW 5";2024-01-16 07:00:00;79,62;-5,94;
"K-B3 ACOEM SW 5";2024-01-16 06:00:00;78,80;-5,82;
"K-B3 ACOEM SW 5";2024-01-16 05:00:00;78,40;-5,77;
"K-B3 ACOEM SW 5";2024-01-16 04:00:00;79,76;-5,84;
"K-B3 ACOEM SW 5";2024-01-16 03:00:00;81,22;-5,99;
"K-B3 ACOEM SW 5";2024-01-16 02:00:00;82,09;-5,65;
"K-B3 ACOEM SW 5";2024-01-16 01:00:00;78,74;-5,25;
"K-B3 ACOEM SW 5";2024-01-16 00:00:00;76,05;-5,19;
"K-B3 ACOEM SW 5";2024-01-15 23:00:00;76,71;-5,15;
"K-B3 ACOEM SW 5";2024-01-15 22:00:00;76,81;-5,19;
"K-B3 ACOEM SW 5";2024-01-15 21:00:00;75,74;-5,18;
"K-B3 ACOEM SW 5";2024-01-15 20:00:00;77,14;-5,06;
"K-B3 ACOEM SW 5";2024-01-15 19:00:00;77,25;-5,04;
"K-B3 ACOEM SW 5";2024-01-15 18:00:00;76,54;-4,95;
"K-B3 ACOEM SW 5";2024-01-15 17:00:00;72,79;-4,09;
"K-B3 ACOEM SW 5";2024-01-15 16:00:00;67,49;-2,84;
"K-B3 ACOEM SW 5";2024-01-15 15:00:00;63,81;-2,27;
"K-B3 ACOEM SW 5";2024-01-15 14:00:00;63,28;-1,78;
"K-B3 ACOEM SW 5";2024-01-15 13:00:00;64,36;-2,35;
"K-B3 ACOEM SW 5";2024-01-15 12:00:00;65,51;-3,52;
"K-B3 ACOEM SW 5";2024-01-15 11:00:00;62,86;-3,71;
"K-B3 ACOEM SW 5";2024-01-15 10:00:00;60,38;-3,56;
"K-B3 ACOEM SW 5";2024-01-15 09:00:00;59,97;-3,56;
"K-B3 ACOEM SW 5";2024-01-15 08:00:00;59,91;-3,74;
"K-B3 ACOEM SW 5";2024-01-15 07:00:00;58,46;-3,12;
"K-B3 ACOEM SW 5";2024-01-15 06:00:00;54,76;-2,26;
"K-B3 ACOEM SW 5";2024-01-15 05:00:00;49,75;-1,29;
"K-B3 ACOEM SW 5";2024-01-15 04:00:00;50,02;-0,51;
"K-B3 ACOEM SW 5";2024-01-15 03:00:00;53,79;0,20;
"K-B3 ACOEM SW 5";2024-01-15 02:00:00;56,33;0,70;
"K-B3 ACOEM SW 5";2024-01-15 01:00:00;66,04;0,50;
"K-B3 ACOEM SW 5";2024-01-15 00:00:00;76,78;-0,21;
"K-B3 ACOEM SW 5";2024-01-14 23:00:00;68,75;-0,58;
"K-B3 ACOEM SW 5";2024-01-14 22:00:00;61,57;-0,88;
"K-B3 ACOEM SW 5";2024-01-14 21:00:00;64,62;-0,98;
"K-B3 ACOEM SW 5";2024-01-14 20:00:00;63,77;-0,54;
"K-B3 ACOEM SW 5";2024-01-14 19:00:00;60,50;0,17;
"K-B3 ACOEM SW 5";2024-01-14 18:00:00;58,33;1,09;
"K-B3 ACOEM SW 5";2024-01-14 17:00:00;59,92;2,54;
"K-B3 ACOEM SW 5";2024-01-14 16:00:00;58,88;4,13;
"K-B3 ACOEM SW 5";2024-01-14 15:00:00;63,58;3,86;
"K-B3 ACOEM SW 5";2024-01-14 14:00:00;62,08;4,27;
"K-B3 ACOEM SW 5";2024-01-14 13:00:00;61,68;4,61;
"K-B3 ACOEM SW 5";2024-01-14 12:00:00;65,69;3,29;
"K-B3 ACOEM SW 5";2024-01-14 11:00:00;66,79;2,47;
"K-B3 ACOEM SW 5";2024-01-14 10:00:00;64,52;2,42;
"K-B3 ACOEM SW 5";2024-01-14 09:00:00;62,13;2,25;
"K-B3 ACOEM SW 5";2024-01-14 08:00:00;60,37;2,32;
"K-B3 ACOEM SW 5";2024-01-14 07:00:00;58,61;2,67;
"K-B3 ACOEM SW 5";2024-01-14 06:00:00;57,74;2,38;
"K-B3 ACOEM SW 5";2024-01-14 05:00:00;58,35;1,96;
"K-B3 ACOEM SW 5";2024-01-14 04:00:00;60,13;1,58;
"K-B3 ACOEM SW 5";2024-01-14 03:00:00;59,93;1,91;
"K-B3 ACOEM SW 5";2024-01-14 02:00:00;58,11;2,57;
"K-B3 ACOEM SW 5";2024-01-14 01:00:00;58,83;2,68;
"K-B3 ACOEM SW 5";2024-01-14 00:00:00;58,50;3,09;
"K-B3 ACOEM SW 5";2024-01-13 23:00:00;58,34;3,40;
"K-B3 ACOEM SW 5";2024-01-13 22:00:00;58,55;3,59;
"K-B3 ACOEM SW 5";2024-01-13 21:00:00;58,54;3,85;
"K-B3 ACOEM SW 5";2024-01-13 20:00:00;60,32;3,62;
"K-B3 ACOEM SW 5";2024-01-13 19:00:00;61,85;3,48;
"K-B3 ACOEM SW 5";2024-01-13 18:00:00;62,22;3,88;
"K-B3 ACOEM SW 5";2024-01-13 17:00:00;61,85;4,48;
"K-B3 ACOEM SW 5";2024-01-13 16:00:00;59,14;5,57;
"K-B3 ACOEM SW 5";2024-01-13 15:00:00;60,23;6,26;
"K-B3 ACOEM SW 5";2024-01-13 14:00:00;59,91;6,43;
"K-B3 ACOEM SW 5";2024-01-13 13:00:00;61,86;6,05;
"K-B3 ACOEM SW 5";2024-01-13 12:00:00;71,68;5,35;
"K-B3 ACOEM SW 5";2024-01-13 11:00:00;78,47;4,28;
"K-B3 ACOEM SW 5";2024-01-13 10:00:00;87,68;2,90;
"K-B3 ACOEM SW 5";2024-01-13 09:00:00;91,58;2,34;
"K-B3 ACOEM SW 5";2024-01-13 08:00:00;93,02;1,64;
"K-B3 ACOEM SW 5";2024-01-13 07:00:00;91,62;2,10;
"K-B3 ACOEM SW 5";2024-01-13 06:00:00;91,56;1,73;
"K-B3 ACOEM SW 5";2024-01-13 05:00:00;87,76;1,46;
"K-B3 ACOEM SW 5";2024-01-13 04:00:00;83,11;1,27;
"K-B3 ACOEM SW 5";2024-01-13 03:00:00;78,35;0,55;
"K-B3 ACOEM SW 5";2024-01-13 02:00:00;72,89;1,08;
"K-B3 ACOEM SW 5";2024-01-13 01:00:00;64,27;1,47;
"K-B3 ACOEM SW 5";2024-01-13 00:00:00;64,45;-0,16;
"K-B3 ACOEM SW 5";2024-01-12 23:00:00;81,33;-2,97;
"K-B3 ACOEM SW 5";2024-01-12 22:00:00;83,08;-2,95;
"K-B3 ACOEM SW 5";2024-01-12 21:00:00;80,46;-1,64;
"K-B3 ACOEM SW 5";2024-01-12 20:00:00;80,77;-0,95;
"K-B3 ACOEM SW 5";2024-01-12 19:00:00;77,54;-0,01;
"K-B3 ACOEM SW 5";2024-01-12 18:00:00;67,05;1,55;
"K-B3 ACOEM SW 5";2024-01-12 17:00:00;66,61;1,66;
"K-B3 ACOEM SW 5";2024-01-12 16:00:00;65,92;1,73;
"K-B3 ACOEM SW 5";2024-01-12 15:00:00;68,18;0,69;
"K-B3 ACOEM SW 5";2024-01-12 14:00:00;66,10;0,34;
"K-B3 ACOEM SW 5";2024-01-12 13:00:00;66,71;-0,89;
"K-B3 ACOEM SW 5";2024-01-12 12:00:00;71,74;-2,99;
"K-B3 ACOEM SW 5";2024-01-12 11:00:00;74,02;-4,28;
"K-B3 ACOEM SW 5";2024-01-12 10:00:00;75,54;-4,71;
"K-B3 ACOEM SW 5";2024-01-12 09:00:00;75,06;-4,58;
"K-B3 ACOEM SW 5";2024-01-12 08:00:00;75,86;-4,62;
"K-B3 ACOEM SW 5";2024-01-12 07:00:00;75,90;-4,70;
"K-B3 ACOEM SW 5";2024-01-12 06:00:00;76,48;-4,80;
"K-B3 ACOEM SW 5";2024-01-12 05:00:00;77,68;-4,76;
"K-B3 ACOEM SW 5";2024-01-12 04:00:00;77,93;-4,67;
"K-B3 ACOEM SW 5";2024-01-12 03:00:00;77,64;-4,48;
"K-B3 ACOEM SW 5";2024-01-12 02:00:00;80,34;-4,47;
"K-B3 ACOEM SW 5";2024-01-12 01:00:00;80,91;-4,18;
"K-B3 ACOEM SW 5";2024-01-12 00:00:00;79,86;-3,74;
"K-B3 ACOEM SW 5";2024-01-11 23:00:00;81,18;-3,66;
"K-B3 ACOEM SW 5";2024-01-11 22:00:00;82,18;-3,63;
"K-B3 ACOEM SW 5";2024-01-11 21:00:00;82,05;-2,93;
"K-B3 ACOEM SW 5";2024-01-11 20:00:00;83,35;-2,29;
"K-B3 ACOEM SW 5";2024-01-11 19:00:00;83,86;-1,85;
"K-B3 ACOEM SW 5";2024-01-11 18:00:00;84,18;-1,40;
"K-B3 ACOEM SW 5";2024-01-11 17:00:00;79,69;-0,48;
"K-B3 ACOEM SW 5";2024-01-11 16:00:00;71,94;0,92;
"K-B3 ACOEM SW 5";2024-01-11 15:00:00;69,07;1,54;
"K-B3 ACOEM SW 5";2024-01-11 14:00:00;68,79;1,44;
"K-B3 ACOEM SW 5";2024-01-11 13:00:00;70,03;0,91;
"K-B3 ACOEM SW 5";2024-01-11 12:00:00;74,06;-0,92;
"K-B3 ACOEM SW 5";2024-01-11 11:00:00;76,42;-1,94;
"K-B3 ACOEM SW 5";2024-01-11 10:00:00;79,53;-2,76;
"K-B3 ACOEM SW 5";2024-01-11 09:00:00;83,02;-3,51;
"K-B3 ACOEM SW 5";2024-01-11 08:00:00;81,95;-3,58;
"K-B3 ACOEM SW 5";2024-01-11 07:00:00;82,03;-2,91;
"K-B3 ACOEM SW 5";2024-01-11 06:00:00;77,63;-2,09;
"K-B3 ACOEM SW 5";2024-01-11 05:00:00;78,90;-2,42;
"K-B3 ACOEM SW 5";2024-01-11 04:00:00;79,88;-2,63;
"K-B3 ACOEM SW 5";2024-01-11 03:00:00;81,81;-3,28;
"K-B3 ACOEM SW 5";2024-01-11 02:00:00;85,38;-4,43;
"K-B3 ACOEM SW 5";2024-01-11 01:00:00;86,36;-4,68;
"K-B3 ACOEM SW 5";2024-01-11 00:00:00;86,92;-4,91;
"K-B3 ACOEM SW 5";2024-01-10 23:00:00;86,17;-4,56;
"K-B3 ACOEM SW 5";2024-01-10 22:00:00;82,64;-3,61;
"K-B3 ACOEM SW 5";2024-01-10 21:00:00;82,82;-3,29;
"K-B3 ACOEM SW 5";2024-01-10 20:00:00;85,79;-2,75;
"K-B3 ACOEM SW 5";2024-01-10 19:00:00;91,38;-2,40;
"K-B3 ACOEM SW 5";2024-01-10 18:00:00;86,87;-3,03;
"K-B3 ACOEM SW 5";2024-01-10 17:00:00;82,27;-2,46;
"K-B3 ACOEM SW 5";2024-01-10 16:00:00;75,80;-0,71;
"K-B3 ACOEM SW 5";2024-01-10 15:00:00;70,33;0,42;
"K-B3 ACOEM SW 5";2024-01-10 14:00:00;68,06;0,61;
"K-B3 ACOEM SW 5";2024-01-10 13:00:00;70,57;-0,62;
"K-B3 ACOEM SW 5";2024-01-10 12:00:00;74,51;-2,30;
"K-B3 ACOEM SW 5";2024-01-10 11:00:00;79,26;-3,92;
"K-B3 ACOEM SW 5";2024-01-10 10:00:00;83,38;-5,14;
"K-B3 ACOEM SW 5";2024-01-10 09:00:00;86,45;-5,20;
"K-B3 ACOEM SW 5";2024-01-10 08:00:00;86,63;-5,40;
"K-B3 ACOEM SW 5";2024-01-10 07:00:00;84,27;-5,06;
"K-B3 ACOEM SW 5";2024-01-10 06:00:00;82,23;-4,39;
"K-B3 ACOEM SW 5";2024-01-10 05:00:00;80,15;-4,02;
"K-B3 ACOEM SW 5";2024-01-10 04:00:00;82,34;-5,16;
"K-B3 ACOEM SW 5";2024-01-10 03:00:00;84,19;-6,03;
"K-B3 ACOEM SW 5";2024-01-10 02:00:00;84,94;-6,19;
"K-B3 ACOEM SW 5";2024-01-10 01:00:00;84,92;-6,23;
"K-B3 ACOEM SW 5";2024-01-10 00:00:00;83,97;-6,05;
"K-B3 ACOEM SW 5";2024-01-09 23:00:00;83,73;-6,01;
"K-B3 ACOEM SW 5";2024-01-09 22:00:00;85,12;-6,47;
"K-B3 ACOEM SW 5";2024-01-09 21:00:00;86,58;-6,68;
"K-B3 ACOEM SW 5";2024-01-09 20:00:00;86,72;-6,89;
"K-B3 ACOEM SW 5";2024-01-09 19:00:00;89,88;-7,02;
"K-B3 ACOEM SW 5";2024-01-09 18:00:00;85,42;-6,71;
"K-B3 ACOEM SW 5";2024-01-09 17:00:00;83,43;-5,95;
"K-B3 ACOEM SW 5";2024-01-09 16:00:00;77,97;-4,66;
"K-B3 ACOEM SW 5";2024-01-09 15:00:00;74,33;-3,84;
"K-B3 ACOEM SW 5";2024-01-09 14:00:00;73,52;-4,25;
"K-B3 ACOEM SW 5";2024-01-09 13:00:00;73,87;-5,12;
"K-B3 ACOEM SW 5";2024-01-09 12:00:00;76,89;-6,47;
"K-B3 ACOEM SW 5";2024-01-09 11:00:00;81,16;-8,45;
"K-B3 ACOEM SW 5";2024-01-09 10:00:00;83,95;-10,02;
"K-B3 ACOEM SW 5";2024-01-09 09:00:00;85,01;-10,68;
"K-B3 ACOEM SW 5";2024-01-09 08:00:00;84,83;-10,95;
"K-B3 ACOEM SW 5";2024-01-09 07:00:00;84,82;-10,90;
"K-B3 ACOEM SW 5";2024-01-09 06:00:00;84,50;-10,80;
"K-B3 ACOEM SW 5";2024-01-09 05:00:00;85,01;-10,74;
"K-B3 ACOEM SW 5";2024-01-09 04:00:00;84,65;-10,89;
"K-B3 ACOEM SW 5";2024-01-09 03:00:00;85,34;-11,03;
"K-B3 ACOEM SW 5";2024-01-09 02:00:00;84,87;-10,95;
"K-B3 ACOEM SW 5";2024-01-09 01:00:00;85,26;-11,00;
"K-B3 ACOEM SW 5";2024-01-09 00:00:00;85,50;-11,03;
"K-B3 ACOEM SW 5";2024-01-08 23:00:00;85,25;-11,40;
"K-B3 ACOEM SW 5";2024-01-08 22:00:00;83,76;-11,30;
"K-B3 ACOEM SW 5";2024-01-08 21:00:00;82,91;-11,03;
"K-B3 ACOEM SW 5";2024-01-08 20:00:00;82,22;-10,95;
"K-B3 ACOEM SW 5";2024-01-08 19:00:00;84,07;-10,83;
"K-B3 ACOEM SW 5";2024-01-08 18:00:00;84,35;-10,42;
"K-B3 ACOEM SW 5";2024-01-08 17:00:00;83,31;-9,72;
"K-B3 ACOEM SW 5";2024-01-08 16:00:00;78,40;-8,39;
"K-B3 ACOEM SW 5";2024-01-08 15:00:00;75,14;-7,59;
"K-B3 ACOEM SW 5";2024-01-08 14:00:00;74,39;-7,82;
"K-B3 ACOEM SW 5";2024-01-08 13:00:00;75,31;-7,93;
"K-B3 ACOEM SW 5";2024-01-08 12:00:00;80,64;-8,67;
"K-B3 ACOEM SW 5";2024-01-08 11:00:00;86,33;-10,24;
"K-B3 ACOEM SW 5";2024-01-08 10:00:00;89,44;-11,21;
"K-B3 ACOEM SW 5";2024-01-08 09:00:00;92,56;-11,15;
"K-B3 ACOEM SW 5";2024-01-08 08:00:00;89,83;-11,60;
"K-B3 ACOEM SW 5";2024-01-08 07:00:00;91,11;-11,20;
"K-B3 ACOEM SW 5";2024-01-08 06:00:00;90,41;-11,65;
"K-B3 ACOEM SW 5";2024-01-08 05:00:00;89,04;-11,99;
"K-B3 ACOEM SW 5";2024-01-08 04:00:00;88,05;-12,17;
"K-B3 ACOEM SW 5";2024-01-08 03:00:00;87,73;-11,87;
"K-B3 ACOEM SW 5";2024-01-08 02:00:00;87,09;-11,06;
"K-B3 ACOEM SW 5";2024-01-08 01:00:00;87,12;-10,27;
"K-B3 ACOEM SW 5";2024-01-08 00:00:00;86,22;-9,89;
"K-B3 ACOEM SW 5";2024-01-07 23:00:00;87,08;-9,39;
"K-B3 ACOEM SW 5";2024-01-07 22:00:00;87,65;-9,25;
"K-B3 ACOEM SW 5";2024-01-07 21:00:00;88,39;-8,69;
"K-B3 ACOEM SW 5";2024-01-07 20:00:00;88,08;-8,73;
"K-B3 ACOEM SW 5";2024-01-07 19:00:00;87,09;-8,64;
"K-B3 ACOEM SW 5";2024-01-07 18:00:00;87,43;-8,63;
"K-B3 ACOEM SW 5";2024-01-07 17:00:00;89,66;-8,66;
"K-B3 ACOEM SW 5";2024-01-07 16:00:00;85,30;-8,40;
"K-B3 ACOEM SW 5";2024-01-07 15:00:00;83,41;-8,19;
"K-B3 ACOEM SW 5";2024-01-07 14:00:00;83,03;-8,64;
"K-B3 ACOEM SW 5";2024-01-07 13:00:00;83,31;-9,41;
"K-B3 ACOEM SW 5";2024-01-07 12:00:00;82,88;-10,77;
"K-B3 ACOEM SW 5";2024-01-07 11:00:00;84,53;-11,07;
"K-B3 ACOEM SW 5";2024-01-07 10:00:00;86,18;-12,24;
"K-B3 ACOEM SW 5";2024-01-07 09:00:00;86,19;-13,02;
"K-B3 ACOEM SW 5";2024-01-07 08:00:00;84,46;-13,25;
"K-B3 ACOEM SW 5";2024-01-07 07:00:00;84,06;-12,50;
"K-B3 ACOEM SW 5";2024-01-07 06:00:00;89,23;-12,51;
"K-B3 ACOEM SW 5";2024-01-07 05:00:00;86,49;-13,87;
"K-B3 ACOEM SW 5";2024-01-07 04:00:00;85,78;-13,63;
"K-B3 ACOEM SW 5";2024-01-07 03:00:00;86,52;-14,70;
"K-B3 ACOEM SW 5";2024-01-07 02:00:00;84,96;-14,96;
"K-B3 ACOEM SW 5";2024-01-07 01:00:00;85,09;-14,81;
"K-B3 ACOEM SW 5";2024-01-07 00:00:00;85,39;-15,06;
"K-B3 ACOEM SW 5";2024-01-06 23:00:00;85,35;-15,10;
"K-B3 ACOEM SW 5";2024-01-06 22:00:00;84,27;-15,27;
"K-B3 ACOEM SW 5";2024-01-06 21:00:00;84,39;-15,18;
"K-B3 ACOEM SW 5";2024-01-06 20:00:00;84,37;-15,00;
"K-B3 ACOEM SW 5";2024-01-06 19:00:00;83,71;-14,67;
"K-B3 ACOEM SW 5";2024-01-06 18:00:00;83,94;-14,40;
"K-B3 ACOEM SW 5";2024-01-06 17:00:00;82,07;-13,62;
"K-B3 ACOEM SW 5";2024-01-06 16:00:00;78,01;-12,62;
"K-B3 ACOEM SW 5";2024-01-06 15:00:00;74,38;-11,84;
"K-B3 ACOEM SW 5";2024-01-06 14:00:00;73,22;-11,88;
"K-B3 ACOEM SW 5";2024-01-06 13:00:00;74,75;-13,00;
"K-B3 ACOEM SW 5";2024-01-06 12:00:00;78,25;-14,90;
"K-B3 ACOEM SW 5";2024-01-06 11:00:00;77,73;-14,83;
"K-B3 ACOEM SW 5";2024-01-06 10:00:00;76,42;-13,64;
"K-B3 ACOEM SW 5";2024-01-06 09:00:00;77,54;-13,59;
"K-B3 ACOEM SW 5";2024-01-06 08:00:00;78,63;-13,75;
"K-B3 ACOEM SW 5";2024-01-06 07:00:00;78,66;-13,77;
"K-B3 ACOEM SW 5";2024-01-06 06:00:00;80,27;-13,60;
"K-B3 ACOEM SW 5";2024-01-06 05:00:00;75,99;-12,88;
"K-B3 ACOEM SW 5";2024-01-06 04:00:00;75,28;-12,32;
"K-B3 ACOEM SW 5";2024-01-06 03:00:00;73,41;-11,62;
"K-B3 ACOEM SW 5";2024-01-06 02:00:00;76,51;-10,81;
"K-B3 ACOEM SW 5";2024-01-06 01:00:00;79,71;-10,56;
"K-B3 ACOEM SW 5";2024-01-06 00:00:00;79,97;-10,44;
"K-B3 ACOEM SW 5";2024-01-05 23:00:00;79,69;-10,43;
"K-B3 ACOEM SW 5";2024-01-05 22:00:00;80,03;-10,45;
"K-B3 ACOEM SW 5";2024-01-05 21:00:00;80,16;-10,73;
"K-B3 ACOEM SW 5";2024-01-05 20:00:00;79,76;-10,97;
"K-B3 ACOEM SW 5";2024-01-05 19:00:00;80,12;-10,88;
"K-B3 ACOEM SW 5";2024-01-05 18:00:00;79,84;-10,73;
"K-B3 ACOEM SW 5";2024-01-05 17:00:00;79,87;-10,70;
"K-B3 ACOEM SW 5";2024-01-05 16:00:00;78,52;-10,60;
"K-B3 ACOEM SW 5";2024-01-05 15:00:00;77,85;-10,53;
"K-B3 ACOEM SW 5";2024-01-05 14:00:00;77,13;-10,55;
"K-B3 ACOEM SW 5";2024-01-05 13:00:00;77,06;-10,59;
"K-B3 ACOEM SW 5";2024-01-05 12:00:00;78,11;-10,56;
"K-B3 ACOEM SW 5";2024-01-05 11:00:00;80,48;-10,57;
"K-B3 ACOEM SW 5";2024-01-05 10:00:00;81,10;-10,81;
"K-B3 ACOEM SW 5";2024-01-05 09:00:00;81,16;-10,91;
"K-B3 ACOEM SW 5";2024-01-05 08:00:00;82,09;-11,01;
"K-B3 ACOEM SW 5";2024-01-05 07:00:00;81,30;-10,94;
"K-B3 ACOEM SW 5";2024-01-05 06:00:00;79,92;-10,75;
"K-B3 ACOEM SW 5";2024-01-05 05:00:00;79,73;-10,72;
"K-B3 ACOEM SW 5";2024-01-05 04:00:00;79,19;-10,64;
"K-B3 ACOEM SW 5";2024-01-05 03:00:00;78,83;-10,67;
"K-B3 ACOEM SW 5";2024-01-05 02:00:00;78,08;-10,60;
"K-B3 ACOEM SW 5";2024-01-05 01:00:00;76,97;-10,49;
"K-B3 ACOEM SW 5";2024-01-05 00:00:00;76,17;-10,28;
"K-B3 ACOEM SW 5";2024-01-04 23:00:00;76,13;-10,06;
"K-B3 ACOEM SW 5";2024-01-04 22:00:00;76,87;-10,05;
"K-B3 ACOEM SW 5";2024-01-04 21:00:00;76,92;-9,87;
"K-B3 ACOEM SW 5";2024-01-04 20:00:00;77,02;-9,61;
"K-B3 ACOEM SW 5";2024-01-04 19:00:00;77,36;-9,39;
"K-B3 ACOEM SW 5";2024-01-04 18:00:00;77,64;-9,17;
"K-B3 ACOEM SW 5";2024-01-04 17:00:00;78,81;-8,88;
"K-B3 ACOEM SW 5";2024-01-04 16:00:00;78,96;-8,57;
"K-B3 ACOEM SW 5";2024-01-04 15:00:00;80,29;-8,28;
"K-B3 ACOEM SW 5";2024-01-04 14:00:00;81,08;-8,00;
"K-B3 ACOEM SW 5";2024-01-04 13:00:00;82,87;-7,96;
"K-B3 ACOEM SW 5";2024-01-04 12:00:00;83,00;-7,88;
"K-B3 ACOEM SW 5";2024-01-04 11:00:00;83,43;-7,95;
"K-B3 ACOEM SW 5";2024-01-04 10:00:00;83,57;-7,91;
"K-B3 ACOEM SW 5";2024-01-04 09:00:00;82,12;-7,83;
"K-B3 ACOEM SW 5";2024-01-04 08:00:00;80,49;-7,87;
"K-B3 ACOEM SW 5";2024-01-04 07:00:00;79,23;-7,96;
"K-B3 ACOEM SW 5";2024-01-04 06:00:00;78,12;-7,95;
"K-B3 ACOEM SW 5";2024-01-04 05:00:00;78,46;-7,99;
"K-B3 ACOEM SW 5";2024-01-04 04:00:00;78,70;-7,98;
"K-B3 ACOEM SW 5";2024-01-04 03:00:00;78,84;-7,95;
"K-B3 ACOEM SW 5";2024-01-04 02:00:00;80,07;-7,95;
"K-B3 ACOEM SW 5";2024-01-04 01:00:00;80,52;-7,88;
"K-B3 ACOEM SW 5";2024-01-04 00:00:00;81,26;-7,90;
"K-B3 ACOEM SW 5";2024-01-03 23:00:00;82,11;-7,94;
"K-B3 ACOEM SW 5";2024-01-03 22:00:00;82,64;-7,97;
"K-B3 ACOEM SW 5";2024-01-03 21:00:00;83,45;-7,99;
"K-B3 ACOEM SW 5";2024-01-03 20:00:00;84,10;-8,00;
"K-B3 ACOEM SW 5";2024-01-03 19:00:00;84,31;-7,99;
"K-B3 ACOEM SW 5";2024-01-03 18:00:00;85,70;-7,94;
"K-B3 ACOEM SW 5";2024-01-03 17:00:00;86,32;-7,86;
"K-B3 ACOEM SW 5";2024-01-03 16:00:00;86,62;-7,75;
"K-B3 ACOEM SW 5";2024-01-03 15:00:00;86,97;-7,64;
"K-B3 ACOEM SW 5";2024-01-03 14:00:00;87,67;-7,56;
"K-B3 ACOEM SW 5";2024-01-03 13:00:00;88,45;-7,49;
"K-B3 ACOEM SW 5";2024-01-03 12:00:00;89,14;-7,36;
"K-B3 ACOEM SW 5";2024-01-03 11:00:00;89,72;-7,19;
"K-B3 ACOEM SW 5";2024-01-03 10:00:00;90,86;-7,06;
"K-B3 ACOEM SW 5";2024-01-03 09:00:00;91,57;-6,96;
"K-B3 ACOEM SW 5";2024-01-03 08:00:00;92,30;-6,82;
"K-B3 ACOEM SW 5";2024-01-03 07:00:00;91,49;-6,61;
"K-B3 ACOEM SW 5";2024-01-03 06:00:00;92,78;-6,51;
"K-B3 ACOEM SW 5";2024-01-03 05:00:00;93,75;-6,36;
"K-B3 ACOEM SW 5";2024-01-03 04:00:00;93,55;-6,28;
"K-B3 ACOEM SW 5";2024-01-03 03:00:00;93,59;-6,44;
"K-B3 ACOEM SW 5";2024-01-03 02:00:00;94,95;-6,66;
"K-B3 ACOEM SW 5";2024-01-03 01:00:00;95,60;-6,88;
"K-B3 ACOEM SW 5";2024-01-03 00:00:00;94,67;-6,90;
"K-B3 ACOEM SW 5";2024-01-02 23:00:00;94,64;-6,84;
"K-B3 ACOEM SW 5";2024-01-02 22:00:00;94,41;-6,72;
"K-B3 ACOEM SW 5";2024-01-02 21:00:00;93,88;-6,65;
"K-B3 ACOEM SW 5";2024-01-02 20:00:00;94,90;-6,63;
"K-B3 ACOEM SW 5";2024-01-02 19:00:00;94,94;-6,49;
"K-B3 ACOEM SW 5";2024-01-02 18:00:00;94,26;-6,18;
"K-B3 ACOEM SW 5";2024-01-02 17:00:00;94,58;-5,90;
"K-B3 ACOEM SW 5";2024-01-02 16:00:00;94,63;-5,84;
"K-B3 ACOEM SW 5";2024-01-02 15:00:00;93,68;-5,50;
"K-B3 ACOEM SW 5";2024-01-02 14:00:00;93,42;-4,73;
"K-B3 ACOEM SW 5";2024-01-02 13:00:00;94,54;-3,53;
"K-B3 ACOEM SW 5";2024-01-02 12:00:00;97,31;-2,21;
"K-B3 ACOEM SW 5";2024-01-02 11:00:00;94,95;-3,00;
"K-B3 ACOEM SW 5";2024-01-02 10:00:00;96,43;-3,00;
"K-B3 ACOEM SW 5";2024-01-02 09:00:00;95,20;-2,16;
"K-B3 ACOEM SW 5";2024-01-02 08:00:00;97,14;-1,09;
"K-B3 ACOEM SW 5";2024-01-02 07:00:00;98,06;-1,01;
"K-B3 ACOEM SW 5";2024-01-02 06:00:00;97,80;-0,89;
"K-B3 ACOEM SW 5";2024-01-02 05:00:00;97,52;-1,52;
"K-B3 ACOEM SW 5";2024-01-02 04:00:00;95,93;-2,31;
"K-B3 ACOEM SW 5";2024-01-02 03:00:00;95,85;-2,59;
"K-B3 ACOEM SW 5";2024-01-02 02:00:00;96,02;-3,23;
"K-B3 ACOEM SW 5";2024-01-02 01:00:00;96,00;-3,32;
"K-B3 ACOEM SW 5";2024-01-02 00:00:00;94,77;-3,19;
"K-B3 ACOEM SW 5";2024-01-01 23:00:00;95,03;-3,23;
"K-B3 ACOEM SW 5";2024-01-01 22:00:00;94,21;-3,32;
"K-B3 ACOEM SW 5";2024-01-01 21:00:00;93,19;-3,28;
"K-B3 ACOEM SW 5";2024-01-01 20:00:00;95,30;-3,30;
"K-B3 ACOEM SW 5";2024-01-01 19:00:00;93,78;-3,23;
"K-B3 ACOEM SW 5";2024-01-01 18:00:00;92,77;-3,25;
"K-B3 ACOEM SW 5";2024-01-01 17:00:00;94,33;-3,38;
"K-B3 ACOEM SW 5";2024-01-01 16:00:00;93,28;-3,20;
"K-B3 ACOEM SW 5";2024-01-01 15:00:00;93,11;-2,89;
"K-B3 ACOEM SW 5";2024-01-01 14:00:00;93,90;-2,74;
"K-B3 ACOEM SW 5";2024-01-01 13:00:00;93,91;-2,56;
"K-B3 ACOEM SW 5";2024-01-01 12:00:00;95,17;-2,52;
"K-B3 ACOEM SW 5";2024-01-01 11:00:00;96,50;-2,59;
"K-B3 ACOEM SW 5";2024-01-01 10:00:00;96,76;-2,45;
"K-B3 ACOEM SW 5";2024-01-01 09:00:00;97,36;-2,33;
"K-B3 ACOEM SW 5";2024-01-01 08:00:00;97,95;-2,20;
"K-B3 ACOEM SW 5";2024-01-01 07:00:00;98,11;-2,08;
"K-B3 ACOEM SW 5";2024-01-01 06:00:00;98,16;-2,05;
"K-B3 ACOEM SW 5";2024-01-01 05:00:00;97,94;-2,13;
"K-B3 ACOEM SW 5";2024-01-01 04:00:00;98,05;-2,12;
"K-B3 ACOEM SW 5";2024-01-01 03:00:00;97,74;-1,65;
"K-B3 ACOEM SW 5";2024-01-01 02:00:00;98,11;-0,97;
"K-B3 ACOEM SW 5";2024-01-01 01:00:00;98,55;-0,50;
"K-B3 ACOEM SW 5";2024-01-01 00:00:00;97,87;-0,12;
"K-B3 ACOEM SW 5";2023-12-31 23:00:00;97,84;0,08;
"K-B3 ACOEM SW 5";2023-12-31 22:00:00;97,55;0,69;
"K-B3 ACOEM SW 5";2023-12-31 21:00:00;97,85;0,84;
"K-B3 ACOEM SW 5";2023-12-31 20:00:00;97,49;0,89;
"K-B3 ACOEM SW 5";2023-12-31 19:00:00;97,35;1,07;
"K-B3 ACOEM SW 5";2023-12-31 18:00:00;97,19;1,43;
"K-B3 ACOEM SW 5";2023-12-31 17:00:00;96,94;1,79;
"K-B3 ACOEM SW 5";2023-12-31 16:00:00;96,07;1,87;
"K-B3 ACOEM SW 5";2023-12-31 15:00:00;95,09;2,25;
"K-B3 ACOEM SW 5";2023-12-31 14:00:00;94,68;2,65;
"K-B3 ACOEM SW 5";2023-12-31 13:00:00;96,54;3,26;
"K-B3 ACOEM SW 5";2023-12-31 12:00:00;98,00;3,29;
"K-B3 ACOEM SW 5";2023-12-31 11:00:00;97,67;2,77;
"K-B3 ACOEM SW 5";2023-12-31 10:00:00;97,67;2,08;
"K-B3 ACOEM SW 5";2023-12-31 09:00:00;97,94;1,52;
"K-B3 ACOEM SW 5";2023-12-31 08:00:00;97,27;0,53;
"K-B3 ACOEM SW 5";2023-12-31 07:00:00;97,01;0,30;
"K-B3 ACOEM SW 5";2023-12-31 06:00:00;96,54;0,05;
"K-B3 ACOEM SW 5";2023-12-31 05:00:00;95,50;-0,14;
"K-B3 ACOEM SW 5";2023-12-31 04:00:00;94,84;-0,28;
"K-B3 ACOEM SW 5";2023-12-31 03:00:00;94,31;-0,46;
"K-B3 ACOEM SW 5";2023-12-31 02:00:00;92,50;-0,38;
"K-B3 ACOEM SW 5";2023-12-31 01:00:00;89,18;-0,21;
"K-B3 ACOEM SW 5";2023-12-31 00:00:00;88,12;-0,20;
"K-B3 ACOEM SW 5";2023-12-30 23:00:00;87,47;-0,23;
"K-B3 ACOEM SW 5";2023-12-30 22:00:00;87,62;-0,38;
"K-B3 ACOEM SW 5";2023-12-30 21:00:00;87,44;-0,64;
"K-B3 ACOEM SW 5";2023-12-30 20:00:00;88,21;-1,24;
"K-B3 ACOEM SW 5";2023-12-30 19:00:00;87,62;-1,04;
"K-B3 ACOEM SW 5";2023-12-30 18:00:00;86,63;-0,54;
"K-B3 ACOEM SW 5";2023-12-30 17:00:00;86,53;-0,34;
"K-B3 ACOEM SW 5";2023-12-30 16:00:00;86,62;-0,18;
"K-B3 ACOEM SW 5";2023-12-30 15:00:00;86,76;-0,16;
"K-B3 ACOEM SW 5";2023-12-30 14:00:00;87,21;-0,25;
"K-B3 ACOEM SW 5";2023-12-30 13:00:00;87,74;-0,31;
"K-B3 ACOEM SW 5";2023-12-30 12:00:00;88,32;-0,49;
"K-B3 ACOEM SW 5";2023-12-30 11:00:00;90,83;-0,69;
"K-B3 ACOEM SW 5";2023-12-30 10:00:00;92,39;-0,64;
"K-B3 ACOEM SW 5";2023-12-30 09:00:00;94,59;-0,29;
"K-B3 ACOEM SW 5";2023-12-30 08:00:00;94,43;0,07;
"K-B3 ACOEM SW 5";2023-12-30 07:00:00;94,89;0,32;
"K-B3 ACOEM SW 5";2023-12-30 06:00:00;94,98;0,42;
"K-B3 ACOEM SW 5";2023-12-30 05:00:00;95,31;0,41;
"K-B3 ACOEM SW 5";2023-12-30 04:00:00;95,40;0,35;
"K-B3 ACOEM SW 5";2023-12-30 03:00:00;94,28;0,66;
"K-B3 ACOEM SW 5";2023-12-30 02:00:00;93,65;0,84;
"K-B3 ACOEM SW 5";2023-12-30 01:00:00;93,80;0,74;
"K-B3 ACOEM SW 5";2023-12-30 00:00:00;93,43;0,76;
"K-B3 ACOEM SW 5";2023-12-29 23:00:00;92,33;0,93;
"K-B3 ACOEM SW 5";2023-12-29 22:00:00;91,43;1,23;
"K-B3 ACOEM SW 5";2023-12-29 21:00:00;91,86;1,10;
"K-B3 ACOEM SW 5";2023-12-29 20:00:00;92,52;0,87;
"K-B3 ACOEM SW 5";2023-12-29 19:00:00;93,97;0,61;
"K-B3 ACOEM SW 5";2023-12-29 18:00:00;94,90;0,29;
"K-B3 ACOEM SW 5";2023-12-29 17:00:00;95,05;0,27;
"K-B3 ACOEM SW 5";2023-12-29 16:00:00;95,27;0,20;
"K-B3 ACOEM SW 5";2023-12-29 15:00:00;94,58;0,34;
"K-B3 ACOEM SW 5";2023-12-29 14:00:00;92,69;0,79;
"K-B3 ACOEM SW 5";2023-12-29 13:00:00;91,56;1,14;
"K-B3 ACOEM SW 5";2023-12-29 12:00:00;92,16;1,35;
"K-B3 ACOEM SW 5";2023-12-29 11:00:00;92,91;1,25;
"K-B3 ACOEM SW 5";2023-12-29 10:00:00;93,22;1,27;
"K-B3 ACOEM SW 5";2023-12-29 09:00:00;93,75;1,16;
"K-B3 ACOEM SW 5";2023-12-29 08:00:00;94,30;0,89;
"K-B3 ACOEM SW 5";2023-12-29 07:00:00;94,11;0,65;
"K-B3 ACOEM SW 5";2023-12-29 06:00:00;93,49;0,63;
"K-B3 ACOEM SW 5";2023-12-29 05:00:00;93,11;0,71;
"K-B3 ACOEM SW 5";2023-12-29 04:00:00;93,18;0,93;
"K-B3 ACOEM SW 5";2023-12-29 03:00:00;91,71;1,12;
"K-B3 ACOEM SW 5";2023-12-29 02:00:00;92,24;0,97;
"K-B3 ACOEM SW 5";2023-12-29 01:00:00;93,39;0,70;
"K-B3 ACOEM SW 5";2023-12-29 00:00:00;94,19;0,63;
"K-B3 ACOEM SW 5";2023-12-28 23:00:00;94,26;0,63;
"K-B3 ACOEM SW 5";2023-12-28 22:00:00;94,51;0,55;
"K-B3 ACOEM SW 5";2023-12-28 21:00:00;93,99;0,36;
"K-B3 ACOEM SW 5";2023-12-28 20:00:00;92,96;0,16;
"K-B3 ACOEM SW 5";2023-12-28 19:00:00;92,67;-0,08;
"K-B3 ACOEM SW 5";2023-12-28 18:00:00;92,70;-0,12;
"K-B3 ACOEM SW 5";2023-12-28 17:00:00;91,19;-0,11;
"K-B3 ACOEM SW 5";2023-12-28 16:00:00;89,46;-0,01;
"K-B3 ACOEM SW 5";2023-12-28 15:00:00;87,21;0,36;
"K-B3 ACOEM SW 5";2023-12-28 14:00:00;85,35;0,45;
"K-B3 ACOEM SW 5";2023-12-28 13:00:00;84,87;0,22;
"K-B3 ACOEM SW 5";2023-12-28 12:00:00;86,60;-0,53;
"K-B3 ACOEM SW 5";2023-12-28 11:00:00;87,46;-0,89;
"K-B3 ACOEM SW 5";2023-12-28 10:00:00;88,54;-1,06;
"K-B3 ACOEM SW 5";2023-12-28 09:00:00;89,19;-1,07;
"K-B3 ACOEM SW 5";2023-12-28 08:00:00;89,70;-0,26;
"K-B3 ACOEM SW 5";2023-12-28 07:00:00;94,51;0,70;
"K-B3 ACOEM SW 5";2023-12-28 06:00:00;96,14;0,69;
"K-B3 ACOEM SW 5";2023-12-28 05:00:00;97,57;0,60;
"K-B3 ACOEM SW 5";2023-12-28 04:00:00;98,10;0,47;
"K-B3 ACOEM SW 5";2023-12-28 03:00:00;98,12;0,38;
"K-B3 ACOEM SW 5";2023-12-28 02:00:00;97,36;0,42;
"K-B3 ACOEM SW 5";2023-12-28 01:00:00;96,45;0,51;
"K-B3 ACOEM SW 5";2023-12-28 00:00:00;91,78;0,66;
"K-B3 ACOEM SW 5";2023-12-27 23:00:00;70,08;2,52;
"K-B3 ACOEM SW 5";2023-12-27 22:00:00;62,64;3,10;
"K-B3 ACOEM SW 5";2023-12-27 21:00:00;59,83;3,20;
"K-B3 ACOEM SW 5";2023-12-27 20:00:00;57,97;3,38;
"K-B3 ACOEM SW 5";2023-12-27 19:00:00;62,90;2,79;
"K-B3 ACOEM SW 5";2023-12-27 18:00:00;67,29;0,11;
"K-B3 ACOEM SW 5";2023-12-27 17:00:00;58,79;-0,16;
"K-B3 ACOEM SW 5";2023-12-27 16:00:00;53,30;-0,01;
"K-B3 ACOEM SW 5";2023-12-27 15:00:00;51,22;0,29;
"K-B3 ACOEM SW 5";2023-12-27 14:00:00;50,72;0,58;
"K-B3 ACOEM SW 5";2023-12-27 13:00:00;49,86;0,72;
"K-B3 ACOEM SW 5";2023-12-27 12:00:00;49,98;0,49;
"K-B3 ACOEM SW 5";2023-12-27 11:00:00;50,45;0,42;
"K-B3 ACOEM SW 5";2023-12-27 10:00:00;51,13;0,35;
"K-B3 ACOEM SW 5";2023-12-27 09:00:00;51,28;0,69;
"K-B3 ACOEM SW 5";2023-12-27 08:00:00;50,36;1,30;
"K-B3 ACOEM SW 5";2023-12-27 07:00:00;51,95;1,66;
"K-B3 ACOEM SW 5";2023-12-27 06:00:00;53,21;2,06;
"K-B3 ACOEM SW 5";2023-12-27 05:00:00;55,65;2,16;
"K-B3 ACOEM SW 5";2023-12-27 04:00:00;55,35;2,42;
"K-B3 ACOEM SW 5";2023-12-27 03:00:00;55,98;2,52;
"K-B3 ACOEM SW 5";2023-12-27 02:00:00;55,15;2,95;
"K-B3 ACOEM SW 5";2023-12-27 01:00:00;54,44;3,30;
"K-B3 ACOEM SW 5";2023-12-27 00:00:00;56,73;3,61;
"K-B3 ACOEM SW 5";2023-12-26 23:00:00;60,40;3,64;
"K-B3 ACOEM SW 5";2023-12-26 22:00:00;64,40;3,04;
"K-B3 ACOEM SW 5";2023-12-26 21:00:00;66,54;2,75;
"K-B3 ACOEM SW 5";2023-12-26 20:00:00;68,50;2,20;
"K-B3 ACOEM SW 5";2023-12-26 19:00:00;65,85;2,97;
"K-B3 ACOEM SW 5";2023-12-26 18:00:00;68,93;2,87;
"K-B3 ACOEM SW 5";2023-12-26 17:00:00;73,19;2,97;
"K-B3 ACOEM SW 5";2023-12-26 16:00:00;74,20;3,40;
"K-B3 ACOEM SW 5";2023-12-26 15:00:00;73,16;3,66;
"K-B3 ACOEM SW 5";2023-12-26 14:00:00;71,15;3,55;
"K-B3 ACOEM SW 5";2023-12-26 13:00:00;70,15;2,72;
"K-B3 ACOEM SW 5";2023-12-26 12:00:00;69,52;2,24;
"K-B3 ACOEM SW 5";2023-12-26 11:00:00;75,89;0,42;
"K-B3 ACOEM SW 5";2023-12-26 10:00:00;82,89;-1,15;
"K-B3 ACOEM SW 5";2023-12-26 09:00:00;80,60;-0,49;
"K-B3 ACOEM SW 5";2023-12-26 08:00:00;79,86;-0,12;
"K-B3 ACOEM SW 5";2023-12-26 07:00:00;81,05;0,07;
"K-B3 ACOEM SW 5";2023-12-26 06:00:00;80,65;0,65;
"K-B3 ACOEM SW 5";2023-12-26 05:00:00;81,55;0,70;
"K-B3 ACOEM SW 5";2023-12-26 04:00:00;83,11;0,86;
"K-B3 ACOEM SW 5";2023-12-26 03:00:00;84,73;0,64;
"K-B3 ACOEM SW 5";2023-12-26 02:00:00;87,08;0,21;
"K-B3 ACOEM SW 5";2023-12-26 01:00:00;84,34;0,69;
"K-B3 ACOEM SW 5";2023-12-26 00:00:00;80,94;1,77;
"K-B3 ACOEM SW 5";2023-12-25 23:00:00;81,46;1,64;
"K-B3 ACOEM SW 5";2023-12-25 22:00:00;81,43;1,67;
"K-B3 ACOEM SW 5";2023-12-25 21:00:00;80,41;1,86;
"K-B3 ACOEM SW 5";2023-12-25 20:00:00;77,94;2,37;
"K-B3 ACOEM SW 5";2023-12-25 19:00:00;76,10;2,76;
"K-B3 ACOEM SW 5";2023-12-25 18:00:00;73,59;3,07;
"K-B3 ACOEM SW 5";2023-12-25 17:00:00;68,38;3,56;
"K-B3 ACOEM SW 5";2023-12-25 16:00:00;62,03;4,58;
"K-B3 ACOEM SW 5";2023-12-25 15:00:00;59,80;5,38;
"K-B3 ACOEM SW 5";2023-12-25 14:00:00;56,59;5,75;
"K-B3 ACOEM SW 5";2023-12-25 13:00:00;56,12;5,78;
"K-B3 ACOEM SW 5";2023-12-25 12:00:00;55,65;5,49;
"K-B3 ACOEM SW 5";2023-12-25 11:00:00;57,29;5,33;
"K-B3 ACOEM SW 5";2023-12-25 10:00:00;66,02;5,15;
"K-B3 ACOEM SW 5";2023-12-25 09:00:00;74,76;5,08;
"K-B3 ACOEM SW 5";2023-12-25 08:00:00;82,74;4,92;
"K-B3 ACOEM SW 5";2023-12-25 07:00:00;89,91;4,22;
"K-B3 ACOEM SW 5";2023-12-25 06:00:00;92,61;3,83;
"K-B3 ACOEM SW 5";2023-12-25 05:00:00;92,49;3,58;
"K-B3 ACOEM SW 5";2023-12-25 04:00:00;90,96;3,42;
"K-B3 ACOEM SW 5";2023-12-25 03:00:00;92,54;2,69;
"K-B3 ACOEM SW 5";2023-12-25 02:00:00;92,95;1,41;
"K-B3 ACOEM SW 5";2023-12-25 01:00:00;90,84;1,00;
"K-B3 ACOEM SW 5";2023-12-25 00:00:00;90,04;1,07;
"K-B3 ACOEM SW 5";2023-12-24 23:00:00;89,05;1,08;
"K-B3 ACOEM SW 5";2023-12-24 22:00:00;88,62;0,93;
"K-B3 ACOEM SW 5";2023-12-24 21:00:00;88,94;0,59;
"K-B3 ACOEM SW 5";2023-12-24 20:00:00;88,47;0,24;
"K-B3 ACOEM SW 5";2023-12-24 19:00:00;88,74;0,23;
"K-B3 ACOEM SW 5";2023-12-24 18:00:00;89,98;0,22;
"K-B3 ACOEM SW 5";2023-12-24 17:00:00;91,09;0,39;
"K-B3 ACOEM SW 5";2023-12-24 16:00:00;92,95;0,54;
"K-B3 ACOEM SW 5";2023-12-24 15:00:00;92,88;0,76;
"K-B3 ACOEM SW 5";2023-12-24 14:00:00;93,35;1,30;
"K-B3 ACOEM SW 5";2023-12-24 13:00:00;94,24;0,99;
"K-B3 ACOEM SW 5";2023-12-24 12:00:00;90,80;-0,82;
"K-B3 ACOEM SW 5";2023-12-24 11:00:00;88,80;-1,83;
"K-B3 ACOEM SW 5";2023-12-24 10:00:00;81,73;-2,05;
"K-B3 ACOEM SW 5";2023-12-24 09:00:00;72,70;-1,68;
"K-B3 ACOEM SW 5";2023-12-24 08:00:00;70,96;-1,64;
"K-B3 ACOEM SW 5";2023-12-24 07:00:00;66,22;-1,48;
"K-B3 ACOEM SW 5";2023-12-24 06:00:00;57,77;-1,70;
"K-B3 ACOEM SW 5";2023-12-24 05:00:00;55,87;-2,11;
"K-B3 ACOEM SW 5";2023-12-24 04:00:00;60,17;-2,68;
"K-B3 ACOEM SW 5";2023-12-24 03:00:00;60,26;-2,94;
"K-B3 ACOEM SW 5";2023-12-24 02:00:00;60,33;-3,14;
"K-B3 ACOEM SW 5";2023-12-24 01:00:00;58,51;-3,25;
"K-B3 ACOEM SW 5";2023-12-24 00:00:00;57,38;-3,28;
"K-B3 ACOEM SW 5";2023-12-23 23:00:00;67,50;-3,87;
"K-B3 ACOEM SW 5";2023-12-23 22:00:00;64,79;-3,47;
"K-B3 ACOEM SW 5";2023-12-23 21:00:00;64,27;-3,24;
"K-B3 ACOEM SW 5";2023-12-23 20:00:00;61,99;-2,64;
"K-B3 ACOEM SW 5";2023-12-23 19:00:00;61,17;-2,35;
"K-B3 ACOEM SW 5";2023-12-23 18:00:00;55,68;-1,16;
"K-B3 ACOEM SW 5";2023-12-23 17:00:00;54,42;-0,68;
"K-B3 ACOEM SW 5";2023-12-23 16:00:00;58,87;-0,65;
"K-B3 ACOEM SW 5";2023-12-23 15:00:00;67,46;-0,73;
"K-B3 ACOEM SW 5";2023-12-23 14:00:00;67,78;-0,37;
"K-B3 ACOEM SW 5";2023-12-23 13:00:00;67,83;-0,19;
"K-B3 ACOEM SW 5";2023-12-23 12:00:00;70,89;-1,15;
"K-B3 ACOEM SW 5";2023-12-23 11:00:00;77,92;-3,12;
"K-B3 ACOEM SW 5";2023-12-23 10:00:00;81,51;-4,10;
"K-B3 ACOEM SW 5";2023-12-23 09:00:00;79,39;-3,80;
"K-B3 ACOEM SW 5";2023-12-23 08:00:00;75,20;-3,07;
"K-B3 ACOEM SW 5";2023-12-23 07:00:00;74,14;-2,99;
"K-B3 ACOEM SW 5";2023-12-23 06:00:00;72,02;-2,37;
"K-B3 ACOEM SW 5";2023-12-23 05:00:00;69,23;-1,85;
"K-B3 ACOEM SW 5";2023-12-23 04:00:00;71,00;-2,31;
"K-B3 ACOEM SW 5";2023-12-23 03:00:00;70,72;-1,97;
"K-B3 ACOEM SW 5";2023-12-23 02:00:00;70,76;-1,79;
"K-B3 ACOEM SW 5";2023-12-23 01:00:00;68,43;-1,55;
"K-B3 ACOEM SW 5";2023-12-23 00:00:00;60,30;-1,01;
"K-B3 ACOEM SW 5";2023-12-22 23:00:00;54,76;-0,56;
"K-B3 ACOEM SW 5";2023-12-22 22:00:00;52,21;-0,67;
"K-B3 ACOEM SW 5";2023-12-22 21:00:00;47,39;-0,61;
"K-B3 ACOEM SW 5";2023-12-22 20:00:00;44,87;-0,75;
"K-B3 ACOEM SW 5";2023-12-22 19:00:00;43,10;-0,52;
"K-B3 ACOEM SW 5";2023-12-22 18:00:00;41,47;-0,20;
"K-B3 ACOEM SW 5";2023-12-22 17:00:00;38,03;0,41;
"K-B3 ACOEM SW 5";2023-12-22 16:00:00;35,76;0,94;
"K-B3 ACOEM SW 5";2023-12-22 15:00:00;33,48;1,85;
"K-B3 ACOEM SW 5";2023-12-22 14:00:00;34,48;2,34;
"K-B3 ACOEM SW 5";2023-12-22 13:00:00;39,79;1,91;
"K-B3 ACOEM SW 5";2023-12-22 12:00:00;43,47;1,94;
"K-B3 ACOEM SW 5";2023-12-22 11:00:00;46,73;1,75;
"K-B3 ACOEM SW 5";2023-12-22 10:00:00;48,17;2,05;
"K-B3 ACOEM SW 5";2023-12-22 09:00:00;48,18;2,33;
"K-B3 ACOEM SW 5";2023-12-22 08:00:00;49,87;2,55;
"K-B3 ACOEM SW 5";2023-12-22 07:00:00;49,80;2,94;
"K-B3 ACOEM SW 5";2023-12-22 06:00:00;52,30;3,29;
"K-B3 ACOEM SW 5";2023-12-22 05:00:00;52,60;3,45;
"K-B3 ACOEM SW 5";2023-12-22 04:00:00;51,56;3,23;
"K-B3 ACOEM SW 5";2023-12-22 03:00:00;51,64;2,83;
"K-B3 ACOEM SW 5";2023-12-22 02:00:00;53,50;2,53;
"K-B3 ACOEM SW 5";2023-12-22 01:00:00;55,02;2,50;
"K-B3 ACOEM SW 5";2023-12-22 00:00:00;54,33;2,91;
"K-B3 ACOEM SW 5";2023-12-21 23:00:00;55,92;3,51;
"K-B3 ACOEM SW 5";2023-12-21 22:00:00;58,82;4,28;
"K-B3 ACOEM SW 5";2023-12-21 21:00:00;62,66;4,52;
"K-B3 ACOEM SW 5";2023-12-21 20:00:00;69,05;4,13;
"K-B3 ACOEM SW 5";2023-12-21 19:00:00;82,10;2,26;
"K-B3 ACOEM SW 5";2023-12-21 18:00:00;89,34;1,30;
"K-B3 ACOEM SW 5";2023-12-21 17:00:00;88,10;2,29;
"K-B3 ACOEM SW 5";2023-12-21 16:00:00;79,61;4,35;
"K-B3 ACOEM SW 5";2023-12-21 15:00:00;74,43;5,48;
"K-B3 ACOEM SW 5";2023-12-21 14:00:00;74,36;6,27;
"K-B3 ACOEM SW 5";2023-12-21 13:00:00;80,63;6,14;
"K-B3 ACOEM SW 5";2023-12-21 12:00:00;89,05;4,68;
"K-B3 ACOEM SW 5";2023-12-21 11:00:00;90,97;4,40;
"K-B3 ACOEM SW 5";2023-12-21 10:00:00;92,78;4,54;
"K-B3 ACOEM SW 5";2023-12-21 09:00:00;92,95;4,62;
"K-B3 ACOEM SW 5";2023-12-21 08:00:00;92,78;5,01;
"K-B3 ACOEM SW 5";2023-12-21 07:00:00;95,97;5,14;
"K-B3 ACOEM SW 5";2023-12-21 06:00:00;93,82;3,33;
"K-B3 ACOEM SW 5";2023-12-21 05:00:00;87,17;1,90;
"K-B3 ACOEM SW 5";2023-12-21 04:00:00;79,75;2,32;
"K-B3 ACOEM SW 5";2023-12-21 03:00:00;76,81;2,26;
"K-B3 ACOEM SW 5";2023-12-21 02:00:00;76,00;2,23;
"K-B3 ACOEM SW 5";2023-12-21 01:00:00;75,35;2,70;
"K-B3 ACOEM SW 5";2023-12-21 00:00:00;73,21;3,32;
"K-B3 ACOEM SW 5";2023-12-20 23:00:00;72,68;3,57;
"K-B3 ACOEM SW 5";2023-12-20 22:00:00;72,86;3,51;
"K-B3 ACOEM SW 5";2023-12-20 21:00:00;72,51;3,45;
"K-B3 ACOEM SW 5";2023-12-20 20:00:00;70,61;3,56;
"K-B3 ACOEM SW 5";2023-12-20 19:00:00;69,82;3,26;
"K-B3 ACOEM SW 5";2023-12-20 18:00:00;68,80;3,19;
"K-B3 ACOEM SW 5";2023-12-20 17:00:00;66,97;3,14;
"K-B3 ACOEM SW 5";2023-12-20 16:00:00;65,54;3,64;
"K-B3 ACOEM SW 5";2023-12-20 15:00:00;60,94;4,49;
"K-B3 ACOEM SW 5";2023-12-20 14:00:00;59,85;4,84;
"K-B3 ACOEM SW 5";2023-12-20 13:00:00;67,05;4,24;
"K-B3 ACOEM SW 5";2023-12-20 12:00:00;74,72;3,51;
"K-B3 ACOEM SW 5";2023-12-20 11:00:00;77,64;2,56;
"K-B3 ACOEM SW 5";2023-12-20 10:00:00;79,67;2,02;
"K-B3 ACOEM SW 5";2023-12-20 09:00:00;80,22;2,46;
"K-B3 ACOEM SW 5";2023-12-20 08:00:00;79,45;2,77;
"K-B3 ACOEM SW 5";2023-12-20 07:00:00;79,01;3,13;
"K-B3 ACOEM SW 5";2023-12-20 06:00:00;81,04;3,43;
"K-B3 ACOEM SW 5";2023-12-20 05:00:00;84,23;3,48;
"K-B3 ACOEM SW 5";2023-12-20 04:00:00;87,58;3,40;
"K-B3 ACOEM SW 5";2023-12-20 03:00:00;89,27;3,12;
"K-B3 ACOEM SW 5";2023-12-20 02:00:00;89,36;3,16;
"K-B3 ACOEM SW 5";2023-12-20 01:00:00;88,98;3,18;
"K-B3 ACOEM SW 5";2023-12-20 00:00:00;88,11;3,20;
"K-B3 ACOEM SW 5";2023-12-19 23:00:00;86,50;3,39;
"K-B3 ACOEM SW 5";2023-12-19 22:00:00;83,85;3,75;
"K-B3 ACOEM SW 5";2023-12-19 21:00:00;84,31;3,79;
"K-B3 ACOEM SW 5";2023-12-19 20:00:00;83,60;3,66;
"K-B3 ACOEM SW 5";2023-12-19 19:00:00;81,31;3,73;
"K-B3 ACOEM SW 5";2023-12-19 18:00:00;79,73;3,84;
"K-B3 ACOEM SW 5";2023-12-19 17:00:00;78,31;4,26;
"K-B3 ACOEM SW 5";2023-12-19 16:00:00;74,47;5,08;
"K-B3 ACOEM SW 5";2023-12-19 15:00:00;69,90;6,01;
"K-B3 ACOEM SW 5";2023-12-19 14:00:00;69,88;6,46;
"K-B3 ACOEM SW 5";2023-12-19 13:00:00;74,13;5,80;
"K-B3 ACOEM SW 5";2023-12-19 12:00:00;76,84;4,53;
"K-B3 ACOEM SW 5";2023-12-19 11:00:00;77,00;3,88;
"K-B3 ACOEM SW 5";2023-12-19 10:00:00;75,92;4,22;
"K-B3 ACOEM SW 5";2023-12-19 09:00:00;75,36;4,54;
"K-B3 ACOEM SW 5";2023-12-19 08:00:00;73,19;5,08;
"K-B3 ACOEM SW 5";2023-12-19 07:00:00;72,58;5,39;
"K-B3 ACOEM SW 5";2023-12-19 06:00:00;72,07;5,83;
"K-B3 ACOEM SW 5";2023-12-19 05:00:00;69,10;6,36;
"K-B3 ACOEM SW 5";2023-12-19 04:00:00;67,40;7,22;
"K-B3 ACOEM SW 5";2023-12-19 03:00:00;69,37;8,07;
"K-B3 ACOEM SW 5";2023-12-19 02:00:00;82,52;7,99;
"K-B3 ACOEM SW 5";2023-12-19 01:00:00;82,18;7,68;
"K-B3 ACOEM SW 5";2023-12-19 00:00:00;85,46;8,33;
"K-B3 ACOEM SW 5";2023-12-18 23:00:00;92,16;8,90;
"K-B3 ACOEM SW 5";2023-12-18 22:00:00;94,17;8,80;
"K-B3 ACOEM SW 5";2023-12-18 21:00:00;95,01;8,53;
"K-B3 ACOEM SW 5";2023-12-18 20:00:00;95,66;8,28;
"K-B3 ACOEM SW 5";2023-12-18 19:00:00;96,19;8,02;
"K-B3 ACOEM SW 5";2023-12-18 18:00:00;94,16;7,72;
"K-B3 ACOEM SW 5";2023-12-18 17:00:00;90,20;7,83;
"K-B3 ACOEM SW 5";2023-12-18 16:00:00;86,48;8,18;
"K-B3 ACOEM SW 5";2023-12-18 15:00:00;81,93;8,69;
"K-B3 ACOEM SW 5";2023-12-18 14:00:00;79,79;8,88;
"K-B3 ACOEM SW 5";2023-12-18 13:00:00;80,39;8,79;
"K-B3 ACOEM SW 5";2023-12-18 12:00:00;83,76;8,12;
"K-B3 ACOEM SW 5";2023-12-18 11:00:00;89,06;7,60;
"K-B3 ACOEM SW 5";2023-12-18 10:00:00;92,65;7,07;
"K-B3 ACOEM SW 5";2023-12-18 09:00:00;90,17;7,90;
"K-B3 ACOEM SW 5";2023-12-18 08:00:00;90,87;8,04;
"K-B3 ACOEM SW 5";2023-12-18 07:00:00;91,24;8,04;
"K-B3 ACOEM SW 5";2023-12-18 06:00:00;91,55;8,01;
"K-B3 ACOEM SW 5";2023-12-18 05:00:00;91,29;8,17;
"K-B3 ACOEM SW 5";2023-12-18 04:00:00;91,37;8,18;
"K-B3 ACOEM SW 5";2023-12-18 03:00:00;90,21;8,36;
"K-B3 ACOEM SW 5";2023-12-18 02:00:00;88,45;9,01;
"K-B3 ACOEM SW 5";2023-12-18 01:00:00;87,71;9,18;
"K-B3 ACOEM SW 5";2023-12-18 00:00:00;87,27;9,35;
"K-B3 ACOEM SW 5";2023-12-17 23:00:00;87,71;9,20;
"K-B3 ACOEM SW 5";2023-12-17 22:00:00;87,84;9,07;
"K-B3 ACOEM SW 5";2023-12-17 21:00:00;87,64;8,99;
"K-B3 ACOEM SW 5";2023-12-17 20:00:00;88,21;8,89;
"K-B3 ACOEM SW 5";2023-12-17 19:00:00;87,60;8,70;
"K-B3 ACOEM SW 5";2023-12-17 18:00:00;85,04;9,12;
"K-B3 ACOEM SW 5";2023-12-17 17:00:00;83,29;9,50;
"K-B3 ACOEM SW 5";2023-12-17 16:00:00;80,97;9,85;
"K-B3 ACOEM SW 5";2023-12-17 15:00:00;79,96;10,15;
"K-B3 ACOEM SW 5";2023-12-17 14:00:00;81,39;10,32;
"K-B3 ACOEM SW 5";2023-12-17 13:00:00;83,21;9,96;
"K-B3 ACOEM SW 5";2023-12-17 12:00:00;84,32;9,60;
"K-B3 ACOEM SW 5";2023-12-17 11:00:00;87,99;9,08;
"K-B3 ACOEM SW 5";2023-12-17 10:00:00;92,04;8,57;
"K-B3 ACOEM SW 5";2023-12-17 09:00:00;94,10;8,21;
"K-B3 ACOEM SW 5";2023-12-17 08:00:00;94,99;7,89;
"K-B3 ACOEM SW 5";2023-12-17 07:00:00;95,82;7,68;
"K-B3 ACOEM SW 5";2023-12-17 06:00:00;94,15;7,43;
"K-B3 ACOEM SW 5";2023-12-17 05:00:00;92,96;7,13;
"K-B3 ACOEM SW 5";2023-12-17 04:00:00;91,25;6,85;
"K-B3 ACOEM SW 5";2023-12-17 03:00:00;89,32;7,16;
"K-B3 ACOEM SW 5";2023-12-17 02:00:00;85,23;7,93;
"K-B3 ACOEM SW 5";2023-12-17 01:00:00;81,81;8,80;
"K-B3 ACOEM SW 5";2023-12-17 00:00:00;81,73;9,27;
"K-B3 ACOEM SW 5";2023-12-16 23:00:00;82,12;9,55;
"K-B3 ACOEM SW 5";2023-12-16 22:00:00;81,16;9,96;
"K-B3 ACOEM SW 5";2023-12-16 21:00:00;81,35;10,02;
"K-B3 ACOEM SW 5";2023-12-16 20:00:00;80,93;10,09;
"K-B3 ACOEM SW 5";2023-12-16 19:00:00;82,79;9,68;
"K-B3 ACOEM SW 5";2023-12-16 18:00:00;84,97;9,37;
"K-B3 ACOEM SW 5";2023-12-16 17:00:00;89,07;8,66;
"K-B3 ACOEM SW 5";2023-12-16 16:00:00;89,54;8,72;
"K-B3 ACOEM SW 5";2023-12-16 15:00:00;89,64;8,74;
"K-B3 ACOEM SW 5";2023-12-16 14:00:00;91,74;8,12;
"K-B3 ACOEM SW 5";2023-12-16 13:00:00;92,71;7,92;
"K-B3 ACOEM SW 5";2023-12-16 12:00:00;93,48;7,50;
"K-B3 ACOEM SW 5";2023-12-16 11:00:00;94,22;7,22;
"K-B3 ACOEM SW 5";2023-12-16 10:00:00;95,26;7,18;
"K-B3 ACOEM SW 5";2023-12-16 09:00:00;94,83;7,12;
"K-B3 ACOEM SW 5";2023-12-16 08:00:00;95,24;6,97;
"K-B3 ACOEM SW 5";2023-12-16 07:00:00;94,25;6,76;
"K-B3 ACOEM SW 5";2023-12-16 06:00:00;94,48;6,71;
"K-B3 ACOEM SW 5";2023-12-16 05:00:00;95,01;6,54;
"K-B3 ACOEM SW 5";2023-12-16 04:00:00;95,16;6,60;
"K-B3 ACOEM SW 5";2023-12-16 03:00:00;95,50;6,11;
"K-B3 ACOEM SW 5";2023-12-16 02:00:00;95,28;5,52;
"K-B3 ACOEM SW 5";2023-12-16 01:00:00;93,69;5,27;
"K-B3 ACOEM SW 5";2023-12-16 00:00:00;91,86;5,42;
"K-B3 ACOEM SW 5";2023-12-15 23:00:00;88,96;5,67;
"K-B3 ACOEM SW 5";2023-12-15 22:00:00;89,48;5,33;
"K-B3 ACOEM SW 5";2023-12-15 21:00:00;89,56;5,39;
"K-B3 ACOEM SW 5";2023-12-15 20:00:00;87,89;5,57;
"K-B3 ACOEM SW 5";2023-12-15 19:00:00;87,49;5,59;
"K-B3 ACOEM SW 5";2023-12-15 18:00:00;89,33;5,34;
"K-B3 ACOEM SW 5";2023-12-15 17:00:00;90,31;5,14;
"K-B3 ACOEM SW 5";2023-12-15 16:00:00;90,93;5,13;
"K-B3 ACOEM SW 5";2023-12-15 15:00:00;90,19;5,48;
"K-B3 ACOEM SW 5";2023-12-15 14:00:00;91,35;5,02;
"K-B3 ACOEM SW 5";2023-12-15 13:00:00;90,19;4,95;
"K-B3 ACOEM SW 5";2023-12-15 12:00:00;91,29;4,37;
"K-B3 ACOEM SW 5";2023-12-15 11:00:00;92,72;3,85;
"K-B3 ACOEM SW 5";2023-12-15 10:00:00;92,06;3,63;
"K-B3 ACOEM SW 5";2023-12-15 09:00:00;92,03;2,98;
"K-B3 ACOEM SW 5";2023-12-15 08:00:00;95,03;1,56;
"K-B3 ACOEM SW 5";2023-12-15 07:00:00;96,22;0,76;
"K-B3 ACOEM SW 5";2023-12-15 06:00:00;96,14;0,09;
"K-B3 ACOEM SW 5";2023-12-15 05:00:00;92,07;-0,75;
"K-B3 ACOEM SW 5";2023-12-15 04:00:00;93,03;0,06;
"K-B3 ACOEM SW 5";2023-12-15 03:00:00;93,65;0,04;
"K-B3 ACOEM SW 5";2023-12-15 02:00:00;93,55;-0,27;
"K-B3 ACOEM SW 5";2023-12-15 01:00:00;92,73;-0,47;
"K-B3 ACOEM SW 5";2023-12-15 00:00:00;91,99;-0,63;
"K-B3 ACOEM SW 5";2023-12-14 23:00:00;91,99;-0,91;
"K-B3 ACOEM SW 5";2023-12-14 22:00:00;90,57;-1,22;
"K-B3 ACOEM SW 5";2023-12-14 21:00:00;89,66;-1,56;
"K-B3 ACOEM SW 5";2023-12-14 20:00:00;89,71;-1,69;
"K-B3 ACOEM SW 5";2023-12-14 19:00:00;89,41;-1,85;
"K-B3 ACOEM SW 5";2023-12-14 18:00:00;88,52;-1,99;
"K-B3 ACOEM SW 5";2023-12-14 17:00:00;87,40;-2,12;
"K-B3 ACOEM SW 5";2023-12-14 16:00:00;85,91;-2,06;
"K-B3 ACOEM SW 5";2023-12-14 15:00:00;83,14;-1,59;
"K-B3 ACOEM SW 5";2023-12-14 14:00:00;82,85;-1,81;
"K-B3 ACOEM SW 5";2023-12-14 13:00:00;84,07;-2,08;
"K-B3 ACOEM SW 5";2023-12-14 12:00:00;83,95;-2,07;
"K-B3 ACOEM SW 5";2023-12-14 11:00:00;84,87;-2,30;
"K-B3 ACOEM SW 5";2023-12-14 10:00:00;84,31;-2,82;
"K-B3 ACOEM SW 5";2023-12-14 09:00:00;84,49;-3,24;
"K-B3 ACOEM SW 5";2023-12-14 08:00:00;84,18;-3,41;
"K-B3 ACOEM SW 5";2023-12-14 07:00:00;83,10;-3,60;
"K-B3 ACOEM SW 5";2023-12-14 06:00:00;81,20;-3,86;
"K-B3 ACOEM SW 5";2023-12-14 05:00:00;81,49;-3,82;
"K-B3 ACOEM SW 5";2023-12-14 04:00:00;81,59;-3,89;
"K-B3 ACOEM SW 5";2023-12-14 03:00:00;81,26;-3,91;
"K-B3 ACOEM SW 5";2023-12-14 02:00:00;80,73;-3,78;
"K-B3 ACOEM SW 5";2023-12-14 01:00:00;80,57;-3,73;
"K-B3 ACOEM SW 5";2023-12-14 00:00:00;80,81;-3,60;
"K-B3 ACOEM SW 5";2023-12-13 23:00:00;81,38;-3,50;
"K-B3 ACOEM SW 5";2023-12-13 22:00:00;81,31;-3,37;
"K-B3 ACOEM SW 5";2023-12-13 21:00:00;80,94;-3,39;
"K-B3 ACOEM SW 5";2023-12-13 20:00:00;80,81;-3,26;
"K-B3 ACOEM SW 5";2023-12-13 19:00:00;81,04;-3,23;
"K-B3 ACOEM SW 5";2023-12-13 18:00:00;81,42;-3,20;
"K-B3 ACOEM SW 5";2023-12-13 17:00:00;81,11;-3,13;
"K-B3 ACOEM SW 5";2023-12-13 16:00:00;81,45;-3,10;
"K-B3 ACOEM SW 5";2023-12-13 15:00:00;81,26;-3,04;
"K-B3 ACOEM SW 5";2023-12-13 14:00:00;80,89;-2,98;
"K-B3 ACOEM SW 5";2023-12-13 13:00:00;80,45;-2,94;
"K-B3 ACOEM SW 5";2023-12-13 12:00:00;79,67;-2,91;
"K-B3 ACOEM SW 5";2023-12-13 11:00:00;79,91;-3,02;
"K-B3 ACOEM SW 5";2023-12-13 10:00:00;79,75;-2,97;
"K-B3 ACOEM SW 5";2023-12-13 09:00:00;79,14;-2,94;
"K-B3 ACOEM SW 5";2023-12-13 08:00:00;79,19;-3,01;
"K-B3 ACOEM SW 5";2023-12-13 07:00:00;78,81;-2,97;
"K-B3 ACOEM SW 5";2023-12-13 06:00:00;79,05;-2,88;
"K-B3 ACOEM SW 5";2023-12-13 05:00:00;80,42;-2,65;
"K-B3 ACOEM SW 5";2023-12-13 04:00:00;80,16;-2,40;
"K-B3 ACOEM SW 5";2023-12-13 03:00:00;82,04;-2,24;
"K-B3 ACOEM SW 5";2023-12-13 02:00:00;83,94;-2,11;
"K-B3 ACOEM SW 5";2023-12-13 01:00:00;85,15;-1,94;
"K-B3 ACOEM SW 5";2023-12-13 00:00:00;85,69;-1,75;
"K-B3 ACOEM SW 5";2023-12-12 23:00:00;86,16;-1,59;
"K-B3 ACOEM SW 5";2023-12-12 22:00:00;86,05;-1,51;
"K-B3 ACOEM SW 5";2023-12-12 21:00:00;85,90;-1,32;
"K-B3 ACOEM SW 5";2023-12-12 20:00:00;87,08;-1,10;
"K-B3 ACOEM SW 5";2023-12-12 19:00:00;88,44;-0,94;
"K-B3 ACOEM SW 5";2023-12-12 18:00:00;88,11;-0,84;
"K-B3 ACOEM SW 5";2023-12-12 17:00:00;88,32;-0,45;
"K-B3 ACOEM SW 5";2023-12-12 16:00:00;89,01;-0,31;
"K-B3 ACOEM SW 5";2023-12-12 15:00:00;88,53;-0,04;
"K-B3 ACOEM SW 5";2023-12-12 14:00:00;88,46;0,12;
"K-B3 ACOEM SW 5";2023-12-12 13:00:00;88,75;0,10;
"K-B3 ACOEM SW 5";2023-12-12 12:00:00;90,01;0,03;
"K-B3 ACOEM SW 5";2023-12-12 11:00:00;90,84;-0,07;
"K-B3 ACOEM SW 5";2023-12-12 10:00:00;90,38;-0,04;
"K-B3 ACOEM SW 5";2023-12-12 09:00:00;91,48;-0,12;
"K-B3 ACOEM SW 5";2023-12-12 08:00:00;91,99;-0,14;
"K-B3 ACOEM SW 5";2023-12-12 07:00:00;90,89;-0,05;
"K-B3 ACOEM SW 5";2023-12-12 06:00:00;89,87;0,03;
"K-B3 ACOEM SW 5";2023-12-12 05:00:00;89,85;0,08;
"K-B3 ACOEM SW 5";2023-12-12 04:00:00;89,23;0,07;
"K-B3 ACOEM SW 5";2023-12-12 03:00:00;89,12;0,18;
"K-B3 ACOEM SW 5";2023-12-12 02:00:00;89,36;0,19;
"K-B3 ACOEM SW 5";2023-12-12 01:00:00;89,08;0,31;
"K-B3 ACOEM SW 5";2023-12-12 00:00:00;88,79;0,39;
"K-B3 ACOEM SW 5";2023-12-11 23:00:00;88,94;0,39;
"K-B3 ACOEM SW 5";2023-12-11 22:00:00;89,07;0,39;
"K-B3 ACOEM SW 5";2023-12-11 21:00:00;88,98;0,38;
"K-B3 ACOEM SW 5";2023-12-11 20:00:00;89,24;0,36;
"K-B3 ACOEM SW 5";2023-12-11 19:00:00;89,25;0,34;
"K-B3 ACOEM SW 5";2023-12-11 18:00:00;89,50;0,32;
"K-B3 ACOEM SW 5";2023-12-11 17:00:00;89,97;0,31;
"K-B3 ACOEM SW 5";2023-12-11 16:00:00;89,91;0,35;
"K-B3 ACOEM SW 5";2023-12-11 15:00:00;90,16;0,35;
"K-B3 ACOEM SW 5";2023-12-11 14:00:00;90,55;0,33;
"K-B3 ACOEM SW 5";2023-12-11 13:00:00;90,82;0,29;
"K-B3 ACOEM SW 5";2023-12-11 12:00:00;91,67;0,20;
"K-B3 ACOEM SW 5";2023-12-11 11:00:00;93,17;0,02;
"K-B3 ACOEM SW 5";2023-12-11 10:00:00;94,03;-0,05;
"K-B3 ACOEM SW 5";2023-12-11 09:00:00;94,80;-0,04;
"K-B3 ACOEM SW 5";2023-12-11 08:00:00;95,77;-0,04;
"K-B3 ACOEM SW 5";2023-12-11 07:00:00;96,24;0,02;
"K-B3 ACOEM SW 5";2023-12-11 06:00:00;96,26;0,08;
"K-B3 ACOEM SW 5";2023-12-11 05:00:00;96,85;0,09;
"K-B3 ACOEM SW 5";2023-12-11 04:00:00;96,62;0,18;
"K-B3 ACOEM SW 5";2023-12-11 03:00:00;96,47;0,30;
"K-B3 ACOEM SW 5";2023-12-11 02:00:00;96,59;0,36;
"K-B3 ACOEM SW 5";2023-12-11 01:00:00;96,40;0,57;
"K-B3 ACOEM SW 5";2023-12-11 00:00:00;95,33;1,31;
"K-B3 ACOEM SW 5";2023-12-10 23:00:00;95,03;1,82;
"K-B3 ACOEM SW 5";2023-12-10 22:00:00;94,49;2,13;
"K-B3 ACOEM SW 5";2023-12-10 21:00:00;95,18;2,14;
"K-B3 ACOEM SW 5";2023-12-10 20:00:00;95,24;2,08;
"K-B3 ACOEM SW 5";2023-12-10 19:00:00;96,04;1,69;
"K-B3 ACOEM SW 5";2023-12-10 18:00:00;96,51;0,88;
"K-B3 ACOEM SW 5";2023-12-10 17:00:00;96,46;0,81;
"K-B3 ACOEM SW 5";2023-12-10 16:00:00;95,92;1,08;
"K-B3 ACOEM SW 5";2023-12-10 15:00:00;95,26;1,38;
"K-B3 ACOEM SW 5";2023-12-10 14:00:00;94,11;2,19;
"K-B3 ACOEM SW 5";2023-12-10 13:00:00;94,15;2,45;
"K-B3 ACOEM SW 5";2023-12-10 12:00:00;94,44;2,51;
"K-B3 ACOEM SW 5";2023-12-10 11:00:00;96,45;1,85;
"K-B3 ACOEM SW 5";2023-12-10 10:00:00;95,76;1,35;
"K-B3 ACOEM SW 5";2023-12-10 09:00:00;96,67;1,37;
"K-B3 ACOEM SW 5";2023-12-10 08:00:00;96,11;1,09;
"K-B3 ACOEM SW 5";2023-12-10 07:00:00;94,82;1,89;
"K-B3 ACOEM SW 5";2023-12-10 06:00:00;94,62;2,75;
"K-B3 ACOEM SW 5";2023-12-10 05:00:00;93,95;3,17;
"K-B3 ACOEM SW 5";2023-12-10 04:00:00;94,08;3,41;
"K-B3 ACOEM SW 5";2023-12-10 03:00:00;94,75;3,61;
"K-B3 ACOEM SW 5";2023-12-10 02:00:00;95,23;3,73;
"K-B3 ACOEM SW 5";2023-12-10 01:00:00;94,99;4,17;
"K-B3 ACOEM SW 5";2023-12-10 00:00:00;96,03;4,35;
"K-B3 ACOEM SW 5";2023-12-09 23:00:00;96,67;4,44;
"K-B3 ACOEM SW 5";2023-12-09 22:00:00;97,28;4,35;
"K-B3 ACOEM SW 5";2023-12-09 21:00:00;96,92;3,50;
"K-B3 ACOEM SW 5";2023-12-09 20:00:00;95,33;3,44;
"K-B3 ACOEM SW 5";2023-12-09 19:00:00;95,07;3,30;
"K-B3 ACOEM SW 5";2023-12-09 18:00:00;94,43;3,11;
"K-B3 ACOEM SW 5";2023-12-09 17:00:00;93,99;3,10;
"K-B3 ACOEM SW 5";2023-12-09 16:00:00;93,34;3,09;
"K-B3 ACOEM SW 5";2023-12-09 15:00:00;91,91;3,39;
"K-B3 ACOEM SW 5";2023-12-09 14:00:00;92,22;3,44;
"K-B3 ACOEM SW 5";2023-12-09 13:00:00;91,51;3,42;
"K-B3 ACOEM SW 5";2023-12-09 12:00:00;90,67;3,46;
"K-B3 ACOEM SW 5";2023-12-09 11:00:00;89,95;3,29;
"K-B3 ACOEM SW 5";2023-12-09 10:00:00;88,13;3,28;
"K-B3 ACOEM SW 5";2023-12-09 09:00:00;88,29;3,20;
"K-B3 ACOEM SW 5";2023-12-09 08:00:00;87,80;3,28;
"K-B3 ACOEM SW 5";2023-12-09 07:00:00;92,80;2,93;
"K-B3 ACOEM SW 5";2023-12-09 06:00:00;91,83;2,77;
"K-B3 ACOEM SW 5";2023-12-09 05:00:00;92,84;2,57;
"K-B3 ACOEM SW 5";2023-12-09 04:00:00;90,35;2,84;
"K-B3 ACOEM SW 5";2023-12-09 03:00:00;92,10;2,46;
"K-B3 ACOEM SW 5";2023-12-09 02:00:00;93,45;2,68;
"K-B3 ACOEM SW 5";2023-12-09 01:00:00;94,50;1,75;
"K-B3 ACOEM SW 5";2023-12-09 00:00:00;95,36;-0,20;
"K-B3 ACOEM SW 5";2023-12-08 23:00:00;95,21;-1,30;
"K-B3 ACOEM SW 5";2023-12-08 22:00:00;94,86;-1,53;
"K-B3 ACOEM SW 5";2023-12-08 21:00:00;94,83;-1,85;
"K-B3 ACOEM SW 5";2023-12-08 20:00:00;93,76;-2,23;
"K-B3 ACOEM SW 5";2023-12-08 19:00:00;93,64;-2,31;
"K-B3 ACOEM SW 5";2023-12-08 18:00:00;93,25;-2,35;
"K-B3 ACOEM SW 5";2023-12-08 17:00:00;92,89;-2,23;
"K-B3 ACOEM SW 5";2023-12-08 16:00:00;92,24;-2,19;
"K-B3 ACOEM SW 5";2023-12-08 15:00:00;90,06;-1,89;
"K-B3 ACOEM SW 5";2023-12-08 14:00:00;88,24;-1,55;
"K-B3 ACOEM SW 5";2023-12-08 13:00:00;88,21;-1,52;
"K-B3 ACOEM SW 5";2023-12-08 12:00:00;89,24;-1,79;
"K-B3 ACOEM SW 5";2023-12-08 11:00:00;88,54;-1,98;
"K-B3 ACOEM SW 5";2023-12-08 10:00:00;87,46;-2,23;
"K-B3 ACOEM SW 5";2023-12-08 09:00:00;88,48;-2,56;
"K-B3 ACOEM SW 5";2023-12-08 08:00:00;89,17;-2,76;
"K-B3 ACOEM SW 5";2023-12-08 07:00:00;85,82;-2,57;
"K-B3 ACOEM SW 5";2023-12-08 06:00:00;85,26;-2,61;
"K-B3 ACOEM SW 5";2023-12-08 05:00:00;84,58;-2,60;
"K-B3 ACOEM SW 5";2023-12-08 04:00:00;83,36;-2,46;
"K-B3 ACOEM SW 5";2023-12-08 03:00:00;84,75;-2,32;
"K-B3 ACOEM SW 5";2023-12-08 02:00:00;86,25;-2,14;
"K-B3 ACOEM SW 5";2023-12-08 01:00:00;85,95;-1,98;
"K-B3 ACOEM SW 5";2023-12-08 00:00:00;86,61;-1,93;
"K-B3 ACOEM SW 5";2023-12-07 23:00:00;87,10;-1,94;
"K-B3 ACOEM SW 5";2023-12-07 22:00:00;86,34;-1,89;
"K-B3 ACOEM SW 5";2023-12-07 21:00:00;85,48;-1,95;
"K-B3 ACOEM SW 5";2023-12-07 20:00:00;84,97;-1,83;
"K-B3 ACOEM SW 5";2023-12-07 19:00:00;84,60;-1,79;
"K-B3 ACOEM SW 5";2023-12-07 18:00:00;84,06;-1,79;
"K-B3 ACOEM SW 5";2023-12-07 17:00:00;84,51;-1,78;
"K-B3 ACOEM SW 5";2023-12-07 16:00:00;84,88;-1,72;
"K-B3 ACOEM SW 5";2023-12-07 15:00:00;84,77;-1,72;
"K-B3 ACOEM SW 5";2023-12-07 14:00:00;84,62;-1,76;
"K-B3 ACOEM SW 5";2023-12-07 13:00:00;84,02;-1,81;
"K-B3 ACOEM SW 5";2023-12-07 12:00:00;85,42;-2,20;
"K-B3 ACOEM SW 5";2023-12-07 11:00:00;87,30;-2,64;
"K-B3 ACOEM SW 5";2023-12-07 10:00:00;87,33;-2,87;
"K-B3 ACOEM SW 5";2023-12-07 09:00:00;88,25;-3,03;
"K-B3 ACOEM SW 5";2023-12-07 08:00:00;88,09;-2,76;
"K-B3 ACOEM SW 5";2023-12-07 07:00:00;86,78;-2,21;
"K-B3 ACOEM SW 5";2023-12-07 06:00:00;87,58;-2,26;
"K-B3 ACOEM SW 5";2023-12-07 05:00:00;88,33;-2,54;
"K-B3 ACOEM SW 5";2023-12-07 04:00:00;88,71;-2,36;
"K-B3 ACOEM SW 5";2023-12-07 03:00:00;89,65;-2,19;
"K-B3 ACOEM SW 5";2023-12-07 02:00:00;91,40;-2,04;
"K-B3 ACOEM SW 5";2023-12-07 01:00:00;90,27;-1,91;
"K-B3 ACOEM SW 5";2023-12-07 00:00:00;89,93;-1,81;
"K-B3 ACOEM SW 5";2023-12-06 23:00:00;90,46;-1,82;
"K-B3 ACOEM SW 5";2023-12-06 22:00:00;91,61;-1,91;
"K-B3 ACOEM SW 5";2023-12-06 21:00:00;91,56;-1,89;
"K-B3 ACOEM SW 5";2023-12-06 20:00:00;91,64;-1,84;
"K-B3 ACOEM SW 5";2023-12-06 19:00:00;92,03;-1,71;
"K-B3 ACOEM SW 5";2023-12-06 18:00:00;91,18;-1,54;
"K-B3 ACOEM SW 5";2023-12-06 17:00:00;92,13;-1,61;
"K-B3 ACOEM SW 5";2023-12-06 16:00:00;90,62;-1,52;
"K-B3 ACOEM SW 5";2023-12-06 15:00:00;89,97;-1,50;
"K-B3 ACOEM SW 5";2023-12-06 14:00:00;89,78;-1,59;
"K-B3 ACOEM SW 5";2023-12-06 13:00:00;89,92;-1,73;
"K-B3 ACOEM SW 5";2023-12-06 12:00:00;89,68;-1,85;
"K-B3 ACOEM SW 5";2023-12-06 11:00:00;89,49;-2,11;
"K-B3 ACOEM SW 5";2023-12-06 10:00:00;90,16;-2,42;
"K-B3 ACOEM SW 5";2023-12-06 09:00:00;89,29;-2,50;
"K-B3 ACOEM SW 5";2023-12-06 08:00:00;88,18;-2,54;
"K-B3 ACOEM SW 5";2023-12-06 07:00:00;88,47;-2,63;
"K-B3 ACOEM SW 5";2023-12-06 06:00:00;88,09;-2,72;
"K-B3 ACOEM SW 5";2023-12-06 05:00:00;88,91;-2,76;
"K-B3 ACOEM SW 5";2023-12-06 04:00:00;89,70;-2,86;
"K-B3 ACOEM SW 5";2023-12-06 03:00:00;89,42;-2,96;
"K-B3 ACOEM SW 5";2023-12-06 02:00:00;88,83;-3,09;
"K-B3 ACOEM SW 5";2023-12-06 01:00:00;87,80;-3,17;
"K-B3 ACOEM SW 5";2023-12-06 00:00:00;83,81;-2,99;
"K-B3 ACOEM SW 5";2023-12-05 23:00:00;81,69;-2,79;
"K-B3 ACOEM SW 5";2023-12-05 22:00:00;81,41;-2,82;
"K-B3 ACOEM SW 5";2023-12-05 21:00:00;80,76;-2,80;
"K-B3 ACOEM SW 5";2023-12-05 20:00:00;80,42;-2,65;
"K-B3 ACOEM SW 5";2023-12-05 19:00:00;80,58;-2,48;
"K-B3 ACOEM SW 5";2023-12-05 18:00:00;80,54;-2,37;
"K-B3 ACOEM SW 5";2023-12-05 17:00:00;80,85;-2,35;
"K-B3 ACOEM SW 5";2023-12-05 16:00:00;80,62;-2,57;
"K-B3 ACOEM SW 5";2023-12-05 15:00:00;79,85;-2,71;
"K-B3 ACOEM SW 5";2023-12-05 14:00:00;79,90;-2,49;
"K-B3 ACOEM SW 5";2023-12-05 13:00:00;80,43;-2,17;
"K-B3 ACOEM SW 5";2023-12-05 12:00:00;81,85;-2,01;
"K-B3 ACOEM SW 5";2023-12-05 11:00:00;84,59;-2,09;
"K-B3 ACOEM SW 5";2023-12-05 10:00:00;85,56;-2,04;
"K-B3 ACOEM SW 5";2023-12-05 09:00:00;86,21;-2,23;
"K-B3 ACOEM SW 5";2023-12-05 08:00:00;86,12;-2,56;
"K-B3 ACOEM SW 5";2023-12-05 07:00:00;85,52;-2,46;
"K-B3 ACOEM SW 5";2023-12-05 06:00:00;85,73;-2,55;
"K-B3 ACOEM SW 5";2023-12-05 05:00:00;84,95;-2,82;
"K-B3 ACOEM SW 5";2023-12-05 04:00:00;84,59;-3,06;
"K-B3 ACOEM SW 5";2023-12-05 03:00:00;85,32;-3,24;
"K-B3 ACOEM SW 5";2023-12-05 02:00:00;86,41;-3,37;
"K-B3 ACOEM SW 5";2023-12-05 01:00:00;86,72;-3,57;
"K-B3 ACOEM SW 5";2023-12-05 00:00:00;85,96;-3,45;
"K-B3 ACOEM SW 5";2023-12-04 23:00:00;84,66;-3,39;
"K-B3 ACOEM SW 5";2023-12-04 22:00:00;81,14;-3,46;
"K-B3 ACOEM SW 5";2023-12-04 21:00:00;79,23;-3,52;
"K-B3 ACOEM SW 5";2023-12-04 20:00:00;79,23;-3,60;
"K-B3 ACOEM SW 5";2023-12-04 19:00:00;80,48;-3,72;
"K-B3 ACOEM SW 5";2023-12-04 18:00:00;82,30;-3,84;
"K-B3 ACOEM SW 5";2023-12-04 17:00:00;84,13;-3,90;
"K-B3 ACOEM SW 5";2023-12-04 16:00:00;83,67;-3,90;
"K-B3 ACOEM SW 5";2023-12-04 15:00:00;81,45;-3,77;
"K-B3 ACOEM SW 5";2023-12-04 14:00:00;81,47;-3,89;
"K-B3 ACOEM SW 5";2023-12-04 13:00:00;81,31;-3,75;
"K-B3 ACOEM SW 5";2023-12-04 12:00:00;83,92;-3,92;
"K-B3 ACOEM SW 5";2023-12-04 11:00:00;84,31;-3,85;
"K-B3 ACOEM SW 5";2023-12-04 10:00:00;85,89;-3,69;
"K-B3 ACOEM SW 5";2023-12-04 09:00:00;86,82;-3,41;
"K-B3 ACOEM SW 5";2023-12-04 08:00:00;86,68;-2,96;
"K-B3 ACOEM SW 5";2023-12-04 07:00:00;85,82;-2,64;
"K-B3 ACOEM SW 5";2023-12-04 06:00:00;84,68;-2,55;
"K-B3 ACOEM SW 5";2023-12-04 05:00:00;84,31;-2,41;
"K-B3 ACOEM SW 5";2023-12-04 04:00:00;84,13;-2,44;
"K-B3 ACOEM SW 5";2023-12-04 03:00:00;83,99;-2,70;
"K-B3 ACOEM SW 5";2023-12-04 02:00:00;84,05;-2,86;
"K-B3 ACOEM SW 5";2023-12-04 01:00:00;84,52;-2,95;
"K-B3 ACOEM SW 5";2023-12-04 00:00:00;84,72;-3,06;
"K-B3 ACOEM SW 5";2023-12-03 23:00:00;84,48;-3,21;
"K-B3 ACOEM SW 5";2023-12-03 22:00:00;84,06;-3,41;
"K-B3 ACOEM SW 5";2023-12-03 21:00:00;83,61;-3,74;
"K-B3 ACOEM SW 5";2023-12-03 20:00:00;83,91;-4,12;
"K-B3 ACOEM SW 5";2023-12-03 19:00:00;82,13;-4,45;
"K-B3 ACOEM SW 5";2023-12-03 18:00:00;80,03;-4,31;
"K-B3 ACOEM SW 5";2023-12-03 17:00:00;78,71;-4,32;
"K-B3 ACOEM SW 5";2023-12-03 16:00:00;81,41;-4,54;
"K-B3 ACOEM SW 5";2023-12-03 15:00:00;82,55;-4,64;
"K-B3 ACOEM SW 5";2023-12-03 14:00:00;82,68;-4,79;
"K-B3 ACOEM SW 5";2023-12-03 13:00:00;81,20;-4,83;
"K-B3 ACOEM SW 5";2023-12-03 12:00:00;80,57;-4,88;
"K-B3 ACOEM SW 5";2023-12-03 11:00:00;82,17;-5,06;
"K-B3 ACOEM SW 5";2023-12-03 10:00:00;83,79;-5,37;
"K-B3 ACOEM SW 5";2023-12-03 09:00:00;83,11;-5,35;
"K-B3 ACOEM SW 5";2023-12-03 08:00:00;82,99;-5,31;
"K-B3 ACOEM SW 5";2023-12-03 07:00:00;82,74;-5,30;
"K-B3 ACOEM SW 5";2023-12-03 06:00:00;80,99;-5,26;
"K-B3 ACOEM SW 5";2023-12-03 05:00:00;81,37;-5,39;
"K-B3 ACOEM SW 5";2023-12-03 04:00:00;80,03;-5,39;
"K-B3 ACOEM SW 5";2023-12-03 03:00:00;80,21;-5,30;
"K-B3 ACOEM SW 5";2023-12-03 02:00:00;80,29;-5,23;
"K-B3 ACOEM SW 5";2023-12-03 01:00:00;80,66;-5,05;
"K-B3 ACOEM SW 5";2023-12-03 00:00:00;81,23;-4,99;
"K-B3 ACOEM SW 5";2023-12-02 23:00:00;81,35;-4,99;
"K-B3 ACOEM SW 5";2023-12-02 22:00:00;81,03;-4,99;
"K-B3 ACOEM SW 5";2023-12-02 21:00:00;80,52;-5,07;
"K-B3 ACOEM SW 5";2023-12-02 20:00:00;78,85;-5,08;
"K-B3 ACOEM SW 5";2023-12-02 19:00:00;79,79;-5,05;
"K-B3 ACOEM SW 5";2023-12-02 18:00:00;82,25;-5,01;
"K-B3 ACOEM SW 5";2023-12-02 17:00:00;82,03;-5,03;
"K-B3 ACOEM SW 5";2023-12-02 16:00:00;81,23;-4,73;
"K-B3 ACOEM SW 5";2023-12-02 15:00:00;79,51;-4,45;
"K-B3 ACOEM SW 5";2023-12-02 14:00:00;77,19;-4,18;
"K-B3 ACOEM SW 5";2023-12-02 13:00:00;74,99;-4,17;
"K-B3 ACOEM SW 5";2023-12-02 12:00:00;76,33;-4,83;
"K-B3 ACOEM SW 5";2023-12-02 11:00:00;78,96;-5,95;
"K-B3 ACOEM SW 5";2023-12-02 10:00:00;77,94;-6,64;
"K-B3 ACOEM SW 5";2023-12-02 09:00:00;79,35;-6,71;
"K-B3 ACOEM SW 5";2023-12-02 08:00:00;80,69;-6,95;
"K-B3 ACOEM SW 5";2023-12-02 07:00:00;81,28;-7,25;
"K-B3 ACOEM SW 5";2023-12-02 06:00:00;82,84;-7,63;
"K-B3 ACOEM SW 5";2023-12-02 05:00:00;84,37;-7,90;
"K-B3 ACOEM SW 5";2023-12-02 04:00:00;82,48;-8,06;
"K-B3 ACOEM SW 5";2023-12-02 03:00:00;81,44;-8,11;
"K-B3 ACOEM SW 5";2023-12-02 02:00:00;85,48;-8,25;
"K-B3 ACOEM SW 5";2023-12-02 01:00:00;85,17;-8,25;
"K-B3 ACOEM SW 5";2023-12-02 00:00:00;85,86;-8,11;
"K-B3 ACOEM SW 5";2023-12-01 23:00:00;86,27;-7,80;
"K-B3 ACOEM SW 5";2023-12-01 22:00:00;86,50;-7,60;
"K-B3 ACOEM SW 5";2023-12-01 21:00:00;84,67;-7,35;
"K-B3 ACOEM SW 5";2023-12-01 20:00:00;86,38;-6,69;
"K-B3 ACOEM SW 5";2023-12-01 19:00:00;83,96;-5,84;
"K-B3 ACOEM SW 5";2023-12-01 18:00:00;80,34;-4,98;
"K-B3 ACOEM SW 5";2023-12-01 17:00:00;70,14;-3,98;
"K-B3 ACOEM SW 5";2023-12-01 16:00:00;63,07;-2,39;
"K-B3 ACOEM SW 5";2023-12-01 15:00:00;60,43;-1,70;
"K-B3 ACOEM SW 5";2023-12-01 14:00:00;58,61;-1,26;
"K-B3 ACOEM SW 5";2023-12-01 13:00:00;59,93;-1,40;
"K-B3 ACOEM SW 5";2023-12-01 12:00:00;64,03;-2,02;
"K-B3 ACOEM SW 5";2023-12-01 11:00:00;70,89;-3,31;
"K-B3 ACOEM SW 5";2023-12-01 10:00:00;76,01;-4,59;
"K-B3 ACOEM SW 5";2023-12-01 09:00:00;77,47;-4,83;
"K-B3 ACOEM SW 5";2023-12-01 08:00:00;77,58;-4,56;
"K-B3 ACOEM SW 5";2023-12-01 07:00:00;75,87;-3,95;
"K-B3 ACOEM SW 5";2023-12-01 06:00:00;76,01;-3,63;
"K-B3 ACOEM SW 5";2023-12-01 05:00:00;76,97;-3,44;
"K-B3 ACOEM SW 5";2023-12-01 04:00:00;77,58;-3,19;
"K-B3 ACOEM SW 5";2023-12-01 03:00:00;79,20;-3,32;
"K-B3 ACOEM SW 5";2023-12-01 02:00:00;79,77;-3,19;
"K-B3 ACOEM SW 5";2023-12-01 01:00:00;79,10;-2,77;
"K-B3 ACOEM SW 5";2023-12-01 00:00:00;77,59;-2,02;
"K-B3 ACOEM SW 5";2023-11-30 23:00:00;76,13;-1,25;
"K-B3 ACOEM SW 5";2023-11-30 22:00:00;77,39;-1,39;
"K-B3 ACOEM SW 5";2023-11-30 21:00:00;78,40;-1,79;
"K-B3 ACOEM SW 5";2023-11-30 20:00:00;78,67;-2,12;
"K-B3 ACOEM SW 5";2023-11-30 19:00:00;77,96;-2,24;
"K-B3 ACOEM SW 5";2023-11-30 18:00:00;77,37;-2,01;
"K-B3 ACOEM SW 5";2023-11-30 17:00:00;76,66;-1,63;
"K-B3 ACOEM SW 5";2023-11-30 16:00:00;74,98;-1,17;
"K-B3 ACOEM SW 5";2023-11-30 15:00:00;73,48;-0,63;
"K-B3 ACOEM SW 5";2023-11-30 14:00:00;73,24;-0,65;
"K-B3 ACOEM SW 5";2023-11-30 13:00:00;73,37;-0,72;
"K-B3 ACOEM SW 5";2023-11-30 12:00:00;75,30;-1,00;
"K-B3 ACOEM SW 5";2023-11-30 11:00:00;78,59;-1,75;
"K-B3 ACOEM SW 5";2023-11-30 10:00:00;79,82;-2,02;
"K-B3 ACOEM SW 5";2023-11-30 09:00:00;79,99;-1,88;
"K-B3 ACOEM SW 5";2023-11-30 08:00:00;79,28;-1,78;
"K-B3 ACOEM SW 5";2023-11-30 07:00:00;81,51;-2,15;
"K-B3 ACOEM SW 5";2023-11-30 06:00:00;82,59;-2,31;
"K-B3 ACOEM SW 5";2023-11-30 05:00:00;83,92;-2,56;
"K-B3 ACOEM SW 5";2023-11-30 04:00:00;87,34;-2,75;
"K-B3 ACOEM SW 5";2023-11-30 03:00:00;88,21;-2,97;
"K-B3 ACOEM SW 5";2023-11-30 02:00:00;89,01;-3,20;
"K-B3 ACOEM SW 5";2023-11-30 01:00:00;88,83;-3,38;
"K-B3 ACOEM SW 5";2023-11-30 00:00:00;89,69;-3,54;
"K-B3 ACOEM SW 5";2023-11-29 23:00:00;90,78;-3,74;
"K-B3 ACOEM SW 5";2023-11-29 22:00:00;86,68;-3,14;
"K-B3 ACOEM SW 5";2023-11-29 21:00:00;77,78;-1,84;
"K-B3 ACOEM SW 5";2023-11-29 20:00:00;80,02;-1,49;
"K-B3 ACOEM SW 5";2023-11-29 19:00:00;87,29;-1,55;
"K-B3 ACOEM SW 5";2023-11-29 18:00:00;75,02;-0,87;
"K-B3 ACOEM SW 5";2023-11-29 17:00:00;74,89;-0,98;
"K-B3 ACOEM SW 5";2023-11-29 16:00:00;73,07;-0,58;
"K-B3 ACOEM SW 5";2023-11-29 15:00:00;73,51;-0,57;
"K-B3 ACOEM SW 5";2023-11-29 14:00:00;72,57;-0,79;
"K-B3 ACOEM SW 5";2023-11-29 13:00:00;70,44;-0,76;
"K-B3 ACOEM SW 5";2023-11-29 12:00:00;70,70;-0,97;
"K-B3 ACOEM SW 5";2023-11-29 11:00:00;75,67;-1,61;
"K-B3 ACOEM SW 5";2023-11-29 10:00:00;74,54;-1,93;
"K-B3 ACOEM SW 5";2023-11-29 09:00:00;74,05;-2,45;
"K-B3 ACOEM SW 5";2023-11-29 08:00:00;76,27;-2,99;
"K-B3 ACOEM SW 5";2023-11-29 07:00:00;77,71;-3,73;
"K-B3 ACOEM SW 5";2023-11-29 06:00:00;78,68;-4,22;
"K-B3 ACOEM SW 5";2023-11-29 05:00:00;78,90;-4,58;
"K-B3 ACOEM SW 5";2023-11-29 04:00:00;76,30;-4,77;
"K-B3 ACOEM SW 5";2023-11-29 03:00:00;76,53;-5,26;
"K-B3 ACOEM SW 5";2023-11-29 02:00:00;78,56;-5,52;
"K-B3 ACOEM SW 5";2023-11-29 01:00:00;80,21;-5,30;
"K-B3 ACOEM SW 5";2023-11-29 00:00:00;80,64;-5,43;
"K-B3 ACOEM SW 5";2023-11-28 23:00:00;77,37;-5,39;
"K-B3 ACOEM SW 5";2023-11-28 22:00:00;65,87;-5,02;
"K-B3 ACOEM SW 5";2023-11-28 21:00:00;63,48;-5,10;
"K-B3 ACOEM SW 5";2023-11-28 20:00:00;62,19;-5,23;
"K-B3 ACOEM SW 5";2023-11-28 19:00:00;58,31;-5,48;
"K-B3 ACOEM SW 5";2023-11-28 18:00:00;57,47;-5,56;
"K-B3 ACOEM SW 5";2023-11-28 17:00:00;56,74;-5,30;
"K-B3 ACOEM SW 5";2023-11-28 16:00:00;54,45;-4,67;
"K-B3 ACOEM SW 5";2023-11-28 15:00:00;52,35;-4,36;
"K-B3 ACOEM SW 5";2023-11-28 14:00:00;52,06;-4,79;
"K-B3 ACOEM SW 5";2023-11-28 13:00:00;51,09;-5,24;
"K-B3 ACOEM SW 5";2023-11-28 12:00:00;53,72;-6,14;
"K-B3 ACOEM SW 5";2023-11-28 11:00:00;60,37;-7,30;
"K-B3 ACOEM SW 5";2023-11-28 10:00:00;67,10;-8,57;
"K-B3 ACOEM SW 5";2023-11-28 09:00:00;71,49;-8,79;
"K-B3 ACOEM SW 5";2023-11-28 08:00:00;73,31;-8,57;
"K-B3 ACOEM SW 5";2023-11-28 07:00:00;73,40;-8,18;
"K-B3 ACOEM SW 5";2023-11-28 06:00:00;71,44;-7,73;
"K-B3 ACOEM SW 5";2023-11-28 05:00:00;71,26;-7,39;
"K-B3 ACOEM SW 5";2023-11-28 04:00:00;72,26;-7,00;
"K-B3 ACOEM SW 5";2023-11-28 03:00:00;70,60;-6,53;
"K-B3 ACOEM SW 5";2023-11-28 02:00:00;69,87;-5,88;
"K-B3 ACOEM SW 5";2023-11-28 01:00:00;73,55;-5,27;
"K-B3 ACOEM SW 5";2023-11-28 00:00:00;75,07;-4,69;
"K-B3 ACOEM SW 5";2023-11-27 23:00:00;77,44;-4,23;
"K-B3 ACOEM SW 5";2023-11-27 22:00:00;76,28;-3,65;
"K-B3 ACOEM SW 5";2023-11-27 21:00:00;75,65;-3,30;
"K-B3 ACOEM SW 5";2023-11-27 20:00:00;73,61;-2,71;
"K-B3 ACOEM SW 5";2023-11-27 19:00:00;76,04;-2,42;
"K-B3 ACOEM SW 5";2023-11-27 18:00:00;77,35;-2,16;
"K-B3 ACOEM SW 5";2023-11-27 17:00:00;80,36;-1,94;
"K-B3 ACOEM SW 5";2023-11-27 16:00:00;76,66;-1,55;
"K-B3 ACOEM SW 5";2023-11-27 15:00:00;72,04;-1,24;
"K-B3 ACOEM SW 5";2023-11-27 14:00:00;71,41;-1,22;
"K-B3 ACOEM SW 5";2023-11-27 13:00:00;71,78;-1,36;
"K-B3 ACOEM SW 5";2023-11-27 12:00:00;74,15;-1,75;
"K-B3 ACOEM SW 5";2023-11-27 11:00:00;77,28;-2,23;
"K-B3 ACOEM SW 5";2023-11-27 10:00:00;78,08;-2,52;
"K-B3 ACOEM SW 5";2023-11-27 09:00:00;77,79;-2,94;
"K-B3 ACOEM SW 5";2023-11-27 08:00:00;75,20;-2,94;
"K-B3 ACOEM SW 5";2023-11-27 07:00:00;73,03;-2,62;
"K-B3 ACOEM SW 5";2023-11-27 06:00:00;72,97;-2,02;
"K-B3 ACOEM SW 5";2023-11-27 05:00:00;74,67;-1,91;
"K-B3 ACOEM SW 5";2023-11-27 04:00:00;76,20;-1,77;
"K-B3 ACOEM SW 5";2023-11-27 03:00:00;75,92;-1,69;
"K-B3 ACOEM SW 5";2023-11-27 02:00:00;76,37;-1,67;
"K-B3 ACOEM SW 5";2023-11-27 01:00:00;76,65;-1,36;
"K-B3 ACOEM SW 5";2023-11-27 00:00:00;76,46;-0,75;
"K-B3 ACOEM SW 5";2023-11-26 23:00:00;78,24;0,61;
"K-B3 ACOEM SW 5";2023-11-26 22:00:00;82,20;1,07;
"K-B3 ACOEM SW 5";2023-11-26 21:00:00;80,83;0,56;
"K-B3 ACOEM SW 5";2023-11-26 20:00:00;75,85;-0,01;
"K-B3 ACOEM SW 5";2023-11-26 19:00:00;70,91;0,29;
"K-B3 ACOEM SW 5";2023-11-26 18:00:00;67,59;0,40;
"K-B3 ACOEM SW 5";2023-11-26 17:00:00;69,42;0,11;
"K-B3 ACOEM SW 5";2023-11-26 16:00:00;66,80;0,51;
"K-B3 ACOEM SW 5";2023-11-26 15:00:00;64,50;1,11;
"K-B3 ACOEM SW 5";2023-11-26 14:00:00;66,48;1,45;
"K-B3 ACOEM SW 5";2023-11-26 13:00:00;69,94;1,09;
"K-B3 ACOEM SW 5";2023-11-26 12:00:00;73,25;0,47;
"K-B3 ACOEM SW 5";2023-11-26 11:00:00;73,40;-0,13;
"K-B3 ACOEM SW 5";2023-11-26 10:00:00;74,89;-0,73;
"K-B3 ACOEM SW 5";2023-11-26 09:00:00;75,88;-0,85;
"K-B3 ACOEM SW 5";2023-11-26 08:00:00;74,84;-1,00;
"K-B3 ACOEM SW 5";2023-11-26 07:00:00;76,31;-1,22;
"K-B3 ACOEM SW 5";2023-11-26 06:00:00;72,64;-1,15;
"K-B3 ACOEM SW 5";2023-11-26 05:00:00;73,17;-1,58;
"K-B3 ACOEM SW 5";2023-11-26 04:00:00;75,95;-1,98;
"K-B3 ACOEM SW 5";2023-11-26 03:00:00;79,02;-2,18;
"K-B3 ACOEM SW 5";2023-11-26 02:00:00;80,41;-2,06;
"K-B3 ACOEM SW 5";2023-11-26 01:00:00;80,92;-2,09;
"K-B3 ACOEM SW 5";2023-11-26 00:00:00;81,63;-2,06;
"K-B3 ACOEM SW 5";2023-11-25 23:00:00;80,37;-1,74;
"K-B3 ACOEM SW 5";2023-11-25 22:00:00;81,45;-1,56;
"K-B3 ACOEM SW 5";2023-11-25 21:00:00;80,28;-1,21;
"K-B3 ACOEM SW 5";2023-11-25 20:00:00;76,60;-0,52;
"K-B3 ACOEM SW 5";2023-11-25 19:00:00;70,25;0,56;
"K-B3 ACOEM SW 5";2023-11-25 18:00:00;62,30;1,76;
"K-B3 ACOEM SW 5";2023-11-25 17:00:00;56,82;2,93;
"K-B3 ACOEM SW 5";2023-11-25 16:00:00;50,89;4,58;
"K-B3 ACOEM SW 5";2023-11-25 15:00:00;45,59;5,75;
"K-B3 ACOEM SW 5";2023-11-25 14:00:00;45,10;5,93;
"K-B3 ACOEM SW 5";2023-11-25 13:00:00;47,86;5,39;
"K-B3 ACOEM SW 5";2023-11-25 12:00:00;50,58;4,74;
"K-B3 ACOEM SW 5";2023-11-25 11:00:00;54,39;3,52;
"K-B3 ACOEM SW 5";2023-11-25 10:00:00;58,39;2,50;
"K-B3 ACOEM SW 5";2023-11-25 09:00:00;57,12;2,36;
"K-B3 ACOEM SW 5";2023-11-25 08:00:00;58,90;2,23;
"K-B3 ACOEM SW 5";2023-11-25 07:00:00;57,72;2,72;
"K-B3 ACOEM SW 5";2023-11-25 06:00:00;57,12;2,99;
"K-B3 ACOEM SW 5";2023-11-25 05:00:00;57,09;3,02;
"K-B3 ACOEM SW 5";2023-11-25 04:00:00;58,38;2,82;
"K-B3 ACOEM SW 5";2023-11-25 03:00:00;62,49;2,05;
"K-B3 ACOEM SW 5";2023-11-25 02:00:00;60,06;1,66;
"K-B3 ACOEM SW 5";2023-11-25 01:00:00;56,22;2,44;
"K-B3 ACOEM SW 5";2023-11-25 00:00:00;52,93;2,73;
"K-B3 ACOEM SW 5";2023-11-24 23:00:00;48,18;3,25;
"K-B3 ACOEM SW 5";2023-11-24 22:00:00;43,97;3,20;
"K-B3 ACOEM SW 5";2023-11-24 21:00:00;42,94;3,17;
"K-B3 ACOEM SW 5";2023-11-24 20:00:00;42,68;2,91;
"K-B3 ACOEM SW 5";2023-11-24 19:00:00;42,27;3,02;
"K-B3 ACOEM SW 5";2023-11-24 18:00:00;44,63;2,85;
"K-B3 ACOEM SW 5";2023-11-24 17:00:00;43,17;3,40;
"K-B3 ACOEM SW 5";2023-11-24 16:00:00;42,56;4,13;
"K-B3 ACOEM SW 5";2023-11-24 15:00:00;42,87;4,73;
"K-B3 ACOEM SW 5";2023-11-24 14:00:00;45,73;5,06;
"K-B3 ACOEM SW 5";2023-11-24 13:00:00;50,55;4,48;
"K-B3 ACOEM SW 5";2023-11-24 12:00:00;54,42;3,85;
"K-B3 ACOEM SW 5";2023-11-24 11:00:00;58,41;3,29;
"K-B3 ACOEM SW 5";2023-11-24 10:00:00;59,43;2,91;
"K-B3 ACOEM SW 5";2023-11-24 09:00:00;62,38;2,38;
"K-B3 ACOEM SW 5";2023-11-24 08:00:00;59,99;2,51;
"K-B3 ACOEM SW 5";2023-11-24 07:00:00;61,52;2,22;
"K-B3 ACOEM SW 5";2023-11-24 06:00:00;70,60;1,65;
"K-B3 ACOEM SW 5";2023-11-24 05:00:00;67,39;1,86;
"K-B3 ACOEM SW 5";2023-11-24 04:00:00;59,90;2,81;
"K-B3 ACOEM SW 5";2023-11-24 03:00:00;57,56;2,87;
"K-B3 ACOEM SW 5";2023-11-24 02:00:00;54,38;2,78;
"K-B3 ACOEM SW 5";2023-11-24 01:00:00;52,50;2,71;
"K-B3 ACOEM SW 5";2023-11-24 00:00:00;51,54;3,03;
"K-B3 ACOEM SW 5";2023-11-23 23:00:00;58,41;2,97;
"K-B3 ACOEM SW 5";2023-11-23 22:00:00;60,81;3,43;
"K-B3 ACOEM SW 5";2023-11-23 21:00:00;61,66;3,85;
"K-B3 ACOEM SW 5";2023-11-23 20:00:00;60,67;4,33;
"K-B3 ACOEM SW 5";2023-11-23 19:00:00;68,46;3,99;
"K-B3 ACOEM SW 5";2023-11-23 18:00:00;79,21;3,47;
"K-B3 ACOEM SW 5";2023-11-23 17:00:00;82,53;3,41;
"K-B3 ACOEM SW 5";2023-11-23 16:00:00;81,34;4,18;
"K-B3 ACOEM SW 5";2023-11-23 15:00:00;76,25;5,48;
"K-B3 ACOEM SW 5";2023-11-23 14:00:00;72,81;6,76;
"K-B3 ACOEM SW 5";2023-11-23 13:00:00;72,70;6,97;
"K-B3 ACOEM SW 5";2023-11-23 12:00:00;70,53;7,29;
"K-B3 ACOEM SW 5";2023-11-23 11:00:00;76,05;7,46;
"K-B3 ACOEM SW 5";2023-11-23 10:00:00;77,52;7,06;
"K-B3 ACOEM SW 5";2023-11-23 09:00:00;80,15;6,68;
"K-B3 ACOEM SW 5";2023-11-23 08:00:00;82,25;7,06;
"K-B3 ACOEM SW 5";2023-11-23 07:00:00;76,03;7,47;
"K-B3 ACOEM SW 5";2023-11-23 06:00:00;75,97;7,98;
"K-B3 ACOEM SW 5";2023-11-23 05:00:00;76,09;8,28;
"K-B3 ACOEM SW 5";2023-11-23 04:00:00;81,17;8,17;
"K-B3 ACOEM SW 5";2023-11-23 03:00:00;80,18;8,28;
"K-B3 ACOEM SW 5";2023-11-23 02:00:00;83,26;7,49;
"K-B3 ACOEM SW 5";2023-11-23 01:00:00;86,63;6,29;
"K-B3 ACOEM SW 5";2023-11-23 00:00:00;83,41;6,84;
"K-B3 ACOEM SW 5";2023-11-22 23:00:00;83,16;7,01;
"K-B3 ACOEM SW 5";2023-11-22 22:00:00;82,69;7,18;
"K-B3 ACOEM SW 5";2023-11-22 21:00:00;83,58;7,11;
"K-B3 ACOEM SW 5";2023-11-22 20:00:00;87,45;7,38;
"K-B3 ACOEM SW 5";2023-11-22 19:00:00;92,16;7,56;
"K-B3 ACOEM SW 5";2023-11-22 18:00:00;96,26;7,86;
"K-B3 ACOEM SW 5";2023-11-22 17:00:00;97,33;7,60;
"K-B3 ACOEM SW 5";2023-11-22 16:00:00;97,46;7,06;
"K-B3 ACOEM SW 5";2023-11-22 15:00:00;97,16;6,71;
"K-B3 ACOEM SW 5";2023-11-22 14:00:00;95,82;6,37;
"K-B3 ACOEM SW 5";2023-11-22 13:00:00;93,04;6,04;
"K-B3 ACOEM SW 5";2023-11-22 12:00:00;94,05;5,25;
"K-B3 ACOEM SW 5";2023-11-22 11:00:00;90,86;4,53;
"K-B3 ACOEM SW 5";2023-11-22 10:00:00;94,45;3,67;
"K-B3 ACOEM SW 5";2023-11-22 09:00:00;95,17;2,29;
"K-B3 ACOEM SW 5";2023-11-22 08:00:00;95,44;2,16;
"K-B3 ACOEM SW 5";2023-11-22 07:00:00;94,26;0,91;
"K-B3 ACOEM SW 5";2023-11-22 06:00:00;93,11;0,48;
"K-B3 ACOEM SW 5";2023-11-22 05:00:00;92,86;-0,01;
"K-B3 ACOEM SW 5";2023-11-22 04:00:00;91,94;-0,53;
"K-B3 ACOEM SW 5";2023-11-22 03:00:00;92,30;-1,10;
"K-B3 ACOEM SW 5";2023-11-22 02:00:00;92,67;-1,61;
"K-B3 ACOEM SW 5";2023-11-22 01:00:00;93,58;-1,96;
"K-B3 ACOEM SW 5";2023-11-22 00:00:00;94,43;-2,41;
"K-B3 ACOEM SW 5";2023-11-21 23:00:00;94,92;-2,29;
"K-B3 ACOEM SW 5";2023-11-21 22:00:00;94,27;-1,99;
"K-B3 ACOEM SW 5";2023-11-21 21:00:00;93,12;-1,65;
"K-B3 ACOEM SW 5";2023-11-21 20:00:00;92,23;-1,38;
"K-B3 ACOEM SW 5";2023-11-21 19:00:00;90,97;-1,08;
"K-B3 ACOEM SW 5";2023-11-21 18:00:00;90,03;-0,80;
"K-B3 ACOEM SW 5";2023-11-21 17:00:00;88,46;-0,23;
"K-B3 ACOEM SW 5";2023-11-21 16:00:00;86,31;0,76;
"K-B3 ACOEM SW 5";2023-11-21 15:00:00;83,82;1,84;
"K-B3 ACOEM SW 5";2023-11-21 14:00:00;81,52;2,74;
"K-B3 ACOEM SW 5";2023-11-21 13:00:00;81,30;2,92;
"K-B3 ACOEM SW 5";2023-11-21 12:00:00;84,07;2,24;
"K-B3 ACOEM SW 5";2023-11-21 11:00:00;85,66;1,48;
"K-B3 ACOEM SW 5";2023-11-21 10:00:00;86,00;1,13;
"K-B3 ACOEM SW 5";2023-11-21 09:00:00;86,89;0,54;
"K-B3 ACOEM SW 5";2023-11-21 08:00:00;86,64;0,43;
"K-B3 ACOEM SW 5";2023-11-21 07:00:00;85,83;0,75;
"K-B3 ACOEM SW 5";2023-11-21 06:00:00;85,05;1,03;
"K-B3 ACOEM SW 5";2023-11-21 05:00:00;84,72;1,17;
"K-B3 ACOEM SW 5";2023-11-21 04:00:00;85,32;1,01;
"K-B3 ACOEM SW 5";2023-11-21 03:00:00;85,58;1,01;
"K-B3 ACOEM SW 5";2023-11-21 02:00:00;86,16;0,97;
"K-B3 ACOEM SW 5";2023-11-21 01:00:00;86,84;0,83;
"K-B3 ACOEM SW 5";2023-11-21 00:00:00;87,56;0,91;
"K-B3 ACOEM SW 5";2023-11-20 23:00:00;88,54;0,93;
"K-B3 ACOEM SW 5";2023-11-20 22:00:00;89,14;1,05;
"K-B3 ACOEM SW 5";2023-11-20 21:00:00;89,06;1,01;
"K-B3 ACOEM SW 5";2023-11-20 20:00:00;89,14;0,96;
"K-B3 ACOEM SW 5";2023-11-20 19:00:00;89,47;0,84;
"K-B3 ACOEM SW 5";2023-11-20 18:00:00;89,83;0,83;
"K-B3 ACOEM SW 5";2023-11-20 17:00:00;90,58;0,75;
"K-B3 ACOEM SW 5";2023-11-20 16:00:00;90,55;0,79;
"K-B3 ACOEM SW 5";2023-11-20 15:00:00;90,44;0,88;
"K-B3 ACOEM SW 5";2023-11-20 14:00:00;90,89;0,90;
"K-B3 ACOEM SW 5";2023-11-20 13:00:00;91,20;0,91;
"K-B3 ACOEM SW 5";2023-11-20 12:00:00;91,54;0,70;
"K-B3 ACOEM SW 5";2023-11-20 11:00:00;92,43;0,48;
"K-B3 ACOEM SW 5";2023-11-20 10:00:00;92,77;0,36;
"K-B3 ACOEM SW 5";2023-11-20 09:00:00;93,26;0,19;
"K-B3 ACOEM SW 5";2023-11-20 08:00:00;92,84;0,11;
"K-B3 ACOEM SW 5";2023-11-20 07:00:00;93,21;0,00;
"K-B3 ACOEM SW 5";2023-11-20 06:00:00;93,04;-0,10;
"K-B3 ACOEM SW 5";2023-11-20 05:00:00;93,21;-0,23;
"K-B3 ACOEM SW 5";2023-11-20 04:00:00;93,59;-0,30;
"K-B3 ACOEM SW 5";2023-11-20 03:00:00;92,58;-0,30;
"K-B3 ACOEM SW 5";2023-11-20 02:00:00;93,67;-0,55;
"K-B3 ACOEM SW 5";2023-11-20 01:00:00;93,74;-0,64;
"K-B3 ACOEM SW 5";2023-11-20 00:00:00;94,28;-0,68;
"K-B3 ACOEM SW 5";2023-11-19 23:00:00;93,69;-0,64;
"K-B3 ACOEM SW 5";2023-11-19 22:00:00;94,03;-0,70;
"K-B3 ACOEM SW 5";2023-11-19 21:00:00;94,03;-0,72;
"K-B3 ACOEM SW 5";2023-11-19 20:00:00;94,01;-0,77;
"K-B3 ACOEM SW 5";2023-11-19 19:00:00;94,31;-0,78;
"K-B3 ACOEM SW 5";2023-11-19 18:00:00;94,31;-0,83;
"K-B3 ACOEM SW 5";2023-11-19 17:00:00;94,06;-0,83;
"K-B3 ACOEM SW 5";2023-11-19 16:00:00;94,14;-0,77;
"K-B3 ACOEM SW 5";2023-11-19 15:00:00;93,51;-0,62;
"K-B3 ACOEM SW 5";2023-11-19 14:00:00;93,36;-0,61;
"K-B3 ACOEM SW 5";2023-11-19 13:00:00;93,24;-0,47;
"K-B3 ACOEM SW 5";2023-11-19 12:00:00;93,73;-0,35;
"K-B3 ACOEM SW 5";2023-11-19 11:00:00;94,46;-0,22;
"K-B3 ACOEM SW 5";2023-11-19 10:00:00;94,75;0,01;
"K-B3 ACOEM SW 5";2023-11-19 09:00:00;95,23;0,05;
"K-B3 ACOEM SW 5";2023-11-19 08:00:00;95,30;0,03;
"K-B3 ACOEM SW 5";2023-11-19 07:00:00;95,36;0,43;
"K-B3 ACOEM SW 5";2023-11-19 06:00:00;93,89;0,90;
"K-B3 ACOEM SW 5";2023-11-19 05:00:00;89,59;3,33;
"K-B3 ACOEM SW 5";2023-11-19 04:00:00;92,97;1,27;
"K-B3 ACOEM SW 5";2023-11-19 03:00:00;92,15;0,26;
"K-B3 ACOEM SW 5";2023-11-19 02:00:00;92,04;-0,80;
"K-B3 ACOEM SW 5";2023-11-19 01:00:00;91,39;-1,03;
"K-B3 ACOEM SW 5";2023-11-19 00:00:00;91,85;-0,89;
"K-B3 ACOEM SW 5";2023-11-18 23:00:00;91,44;-0,99;
"K-B3 ACOEM SW 5";2023-11-18 22:00:00;93,06;-0,87;
"K-B3 ACOEM SW 5";2023-11-18 21:00:00;94,00;-0,83;
"K-B3 ACOEM SW 5";2023-11-18 20:00:00;92,26;-0,85;
"K-B3 ACOEM SW 5";2023-11-18 19:00:00;93,10;-0,71;
"K-B3 ACOEM SW 5";2023-11-18 18:00:00;93,03;-0,84;
"K-B3 ACOEM SW 5";2023-11-18 17:00:00;92,88;-1,01;
"K-B3 ACOEM SW 5";2023-11-18 16:00:00;91,35;-1,25;
"K-B3 ACOEM SW 5";2023-11-18 15:00:00;88,86;-1,39;
"K-B3 ACOEM SW 5";2023-11-18 14:00:00;78,01;-1,21;
"K-B3 ACOEM SW 5";2023-11-18 13:00:00;73,42;-1,22;
"K-B3 ACOEM SW 5";2023-11-18 12:00:00;74,86;-1,60;
"K-B3 ACOEM SW 5";2023-11-18 11:00:00;77,19;-1,93;
"K-B3 ACOEM SW 5";2023-11-18 10:00:00;78,62;-2,47;
"K-B3 ACOEM SW 5";2023-11-18 09:00:00;79,90;-2,95;
"K-B3 ACOEM SW 5";2023-11-18 08:00:00;79,91;-2,91;
"K-B3 ACOEM SW 5";2023-11-18 07:00:00;82,36;-3,08;
"K-B3 ACOEM SW 5";2023-11-18 06:00:00;86,15;-3,72;
"K-B3 ACOEM SW 5";2023-11-18 05:00:00;85,82;-3,89;
"K-B3 ACOEM SW 5";2023-11-18 04:00:00;83,59;-3,09;
"K-B3 ACOEM SW 5";2023-11-18 03:00:00;82,02;-2,34;
"K-B3 ACOEM SW 5";2023-11-18 02:00:00;82,90;-2,53;
"K-B3 ACOEM SW 5";2023-11-18 01:00:00;83,84;-2,97;
"K-B3 ACOEM SW 5";2023-11-18 00:00:00;84,30;-3,42;
"K-B3 ACOEM SW 5";2023-11-17 23:00:00;84,16;-3,64;
"K-B3 ACOEM SW 5";2023-11-17 22:00:00;84,01;-3,51;
"K-B3 ACOEM SW 5";2023-11-17 21:00:00;82,85;-3,14;
"K-B3 ACOEM SW 5";2023-11-17 20:00:00;82,13;-2,90;
"K-B3 ACOEM SW 5";2023-11-17 19:00:00;80,36;-2,43;
"K-B3 ACOEM SW 5";2023-11-17 18:00:00;78,09;-1,78;
"K-B3 ACOEM SW 5";2023-11-17 17:00:00;76,08;-1,43;
"K-B3 ACOEM SW 5";2023-11-17 16:00:00;74,88;-1,07;
"K-B3 ACOEM SW 5";2023-11-17 15:00:00;74,10;-0,94;
"K-B3 ACOEM SW 5";2023-11-17 14:00:00;75,03;-0,01;
"K-B3 ACOEM SW 5";2023-11-17 13:00:00;72,73;-0,04;
"K-B3 ACOEM SW 5";2023-11-17 12:00:00;71,41;-0,25;
"K-B3 ACOEM SW 5";2023-11-17 11:00:00;73,33;-0,62;
"K-B3 ACOEM SW 5";2023-11-17 10:00:00;76,58;-1,50;
"K-B3 ACOEM SW 5";2023-11-17 09:00:00;77,40;-1,62;
"K-B3 ACOEM SW 5";2023-11-17 08:00:00;77,04;-1,59;
"K-B3 ACOEM SW 5";2023-11-17 07:00:00;76,92;-1,63;
"K-B3 ACOEM SW 5";2023-11-17 06:00:00;77,11;-1,61;
"K-B3 ACOEM SW 5";2023-11-17 05:00:00;77,25;-1,44;
"K-B3 ACOEM SW 5";2023-11-17 04:00:00;77,45;-1,25;
"K-B3 ACOEM SW 5";2023-11-17 03:00:00;78,09;-1,19;
"K-B3 ACOEM SW 5";2023-11-17 02:00:00;77,52;-1,07;
"K-B3 ACOEM SW 5";2023-11-17 01:00:00;77,25;-0,98;
"K-B3 ACOEM SW 5";2023-11-17 00:00:00;77,86;-0,92;
"K-B3 ACOEM SW 5";2023-11-16 23:00:00;78,35;-0,82;
"K-B3 ACOEM SW 5";2023-11-16 22:00:00;78,57;-0,71;
"K-B3 ACOEM SW 5";2023-11-16 21:00:00;78,37;-0,61;
"K-B3 ACOEM SW 5";2023-11-16 20:00:00;78,08;-0,57;
"K-B3 ACOEM SW 5";2023-11-16 19:00:00;78,63;-0,47;
"K-B3 ACOEM SW 5";2023-11-16 18:00:00;78,95;-0,36;
"K-B3 ACOEM SW 5";2023-11-16 17:00:00;77,26;-0,08;
"K-B3 ACOEM SW 5";2023-11-16 16:00:00;75,74;0,18;
"K-B3 ACOEM SW 5";2023-11-16 15:00:00;74,61;0,40;
"K-B3 ACOEM SW 5";2023-11-16 14:00:00;74,91;0,49;
"K-B3 ACOEM SW 5";2023-11-16 13:00:00;75,66;0,56;
"K-B3 ACOEM SW 5";2023-11-16 12:00:00;73,66;0,60;
"K-B3 ACOEM SW 5";2023-11-16 11:00:00;77,11;-0,39;
"K-B3 ACOEM SW 5";2023-11-16 10:00:00;80,42;-1,53;
"K-B3 ACOEM SW 5";2023-11-16 09:00:00;79,51;-1,68;
"K-B3 ACOEM SW 5";2023-11-16 08:00:00;78,73;-1,61;
"K-B3 ACOEM SW 5";2023-11-16 07:00:00;79,00;-1,85;
"K-B3 ACOEM SW 5";2023-11-16 06:00:00;78,23;-1,69;
"K-B3 ACOEM SW 5";2023-11-16 05:00:00;78,28;-1,45;
"K-B3 ACOEM SW 5";2023-11-16 04:00:00;77,00;-0,95;
"K-B3 ACOEM SW 5";2023-11-16 03:00:00;76,55;-0,07;
"K-B3 ACOEM SW 5";2023-11-16 02:00:00;79,34;-0,09;
"K-B3 ACOEM SW 5";2023-11-16 01:00:00;80,32;-0,36;
"K-B3 ACOEM SW 5";2023-11-16 00:00:00;81,55;-0,25;
"K-B3 ACOEM SW 5";2023-11-15 23:00:00;80,98;-0,05;
"K-B3 ACOEM SW 5";2023-11-15 22:00:00;82,16;-0,40;
"K-B3 ACOEM SW 5";2023-11-15 21:00:00;81,62;-0,57;
"K-B3 ACOEM SW 5";2023-11-15 20:00:00;81,17;-0,80;
"K-B3 ACOEM SW 5";2023-11-15 19:00:00;80,77;-0,47;
"K-B3 ACOEM SW 5";2023-11-15 18:00:00;77,60;-0,09;
"K-B3 ACOEM SW 5";2023-11-15 17:00:00;75,78;0,35;
"K-B3 ACOEM SW 5";2023-11-15 16:00:00;73,81;1,17;
"K-B3 ACOEM SW 5";2023-11-15 15:00:00;71,76;1,87;
"K-B3 ACOEM SW 5";2023-11-15 14:00:00;70,53;2,22;
"K-B3 ACOEM SW 5";2023-11-15 13:00:00;69,16;2,26;
"K-B3 ACOEM SW 5";2023-11-15 12:00:00;66,90;2,13;
"K-B3 ACOEM SW 5";2023-11-15 11:00:00;66,47;1,52;
"K-B3 ACOEM SW 5";2023-11-15 10:00:00;68,01;0,54;
"K-B3 ACOEM SW 5";2023-11-15 09:00:00;70,25;0,24;
"K-B3 ACOEM SW 5";2023-11-15 08:00:00;70,53;0,43;
"K-B3 ACOEM SW 5";2023-11-15 07:00:00;70,89;0,47;
"K-B3 ACOEM SW 5";2023-11-15 06:00:00;72,03;0,71;
"K-B3 ACOEM SW 5";2023-11-15 05:00:00;73,30;1,14;
"K-B3 ACOEM SW 5";2023-11-15 04:00:00;73,21;1,20;
"K-B3 ACOEM SW 5";2023-11-15 03:00:00;74,79;1,23;
"K-B3 ACOEM SW 5";2023-11-15 02:00:00;75,57;1,26;
"K-B3 ACOEM SW 5";2023-11-15 01:00:00;76,08;1,28;
"K-B3 ACOEM SW 5";2023-11-15 00:00:00;77,87;1,29;
"K-B3 ACOEM SW 5";2023-11-14 23:00:00;78,31;1,31;
"K-B3 ACOEM SW 5";2023-11-14 22:00:00;79,00;1,31;
"K-B3 ACOEM SW 5";2023-11-14 21:00:00;79,27;1,33;
"K-B3 ACOEM SW 5";2023-11-14 20:00:00;78,94;1,36;
"K-B3 ACOEM SW 5";2023-11-14 19:00:00;78,64;1,43;
"K-B3 ACOEM SW 5";2023-11-14 18:00:00;79,27;1,39;
"K-B3 ACOEM SW 5";2023-11-14 17:00:00;78,58;1,51;
"K-B3 ACOEM SW 5";2023-11-14 16:00:00;78,47;1,60;
"K-B3 ACOEM SW 5";2023-11-14 15:00:00;80,12;1,55;
"K-B3 ACOEM SW 5";2023-11-14 14:00:00;80,51;1,49;
"K-B3 ACOEM SW 5";2023-11-14 13:00:00;81,24;1,35;
"K-B3 ACOEM SW 5";2023-11-14 12:00:00;80,39;1,39;
"K-B3 ACOEM SW 5";2023-11-14 11:00:00;81,12;1,20;
"K-B3 ACOEM SW 5";2023-11-14 10:00:00;82,37;0,87;
"K-B3 ACOEM SW 5";2023-11-14 09:00:00;82,72;0,70;
"K-B3 ACOEM SW 5";2023-11-14 08:00:00;82,29;0,62;
"K-B3 ACOEM SW 5";2023-11-14 07:00:00;82,48;0,39;
"K-B3 ACOEM SW 5";2023-11-14 06:00:00;82,86;0,12;
"K-B3 ACOEM SW 5";2023-11-14 05:00:00;83,90;-0,01;
"K-B3 ACOEM SW 5";2023-11-14 04:00:00;83,89;-0,03;
"K-B3 ACOEM SW 5";2023-11-14 03:00:00;84,95;0,00;
"K-B3 ACOEM SW 5";2023-11-14 02:00:00;89,15;-0,28;
"K-B3 ACOEM SW 5";2023-11-14 01:00:00;90,14;-0,17;
"K-B3 ACOEM SW 5";2023-11-14 00:00:00;90,12;0,36;
"K-B3 ACOEM SW 5";2023-11-13 23:00:00;88,38;1,01;
"K-B3 ACOEM SW 5";2023-11-13 22:00:00;87,70;1,06;
"K-B3 ACOEM SW 5";2023-11-13 21:00:00;87,34;1,32;
"K-B3 ACOEM SW 5";2023-11-13 20:00:00;87,76;2,14;
"K-B3 ACOEM SW 5";2023-11-13 19:00:00;87,80;2,59;
"K-B3 ACOEM SW 5";2023-11-13 18:00:00;87,69;3,27;
"K-B3 ACOEM SW 5";2023-11-13 17:00:00;93,22;2,79;
"K-B3 ACOEM SW 5";2023-11-13 16:00:00;96,84;2,12;
"K-B3 ACOEM SW 5";2023-11-13 15:00:00;95,30;1,20;
"K-B3 ACOEM SW 5";2023-11-13 14:00:00;92,53;1,17;
"K-B3 ACOEM SW 5";2023-11-13 13:00:00;87,85;1,63;
"K-B3 ACOEM SW 5";2023-11-13 12:00:00;85,82;1,95;
"K-B3 ACOEM SW 5";2023-11-13 11:00:00;84,68;2,06;
"K-B3 ACOEM SW 5";2023-11-13 10:00:00;84,54;2,15;
"K-B3 ACOEM SW 5";2023-11-13 09:00:00;84,61;2,18;
"K-B3 ACOEM SW 5";2023-11-13 08:00:00;85,16;2,16;
"K-B3 ACOEM SW 5";2023-11-13 07:00:00;85,36;2,11;
"K-B3 ACOEM SW 5";2023-11-13 06:00:00;85,73;2,06;
"K-B3 ACOEM SW 5";2023-11-13 05:00:00;85,26;2,13;
"K-B3 ACOEM SW 5";2023-11-13 04:00:00;85,92;2,12;
"K-B3 ACOEM SW 5";2023-11-13 03:00:00;87,28;2,15;
"K-B3 ACOEM SW 5";2023-11-13 02:00:00;89,25;2,18;
"K-B3 ACOEM SW 5";2023-11-13 01:00:00;89,86;2,13;
"K-B3 ACOEM SW 5";2023-11-13 00:00:00;90,18;2,09;
"K-B3 ACOEM SW 5";2023-11-12 23:00:00;91,03;2,18;
"K-B3 ACOEM SW 5";2023-11-12 22:00:00;92,19;2,12;
"K-B3 ACOEM SW 5";2023-11-12 21:00:00;93,82;2,05;
"K-B3 ACOEM SW 5";2023-11-12 20:00:00;93,99;2,09;
"K-B3 ACOEM SW 5";2023-11-12 19:00:00;94,11;2,15;
"K-B3 ACOEM SW 5";2023-11-12 18:00:00;94,69;2,15;
"K-B3 ACOEM SW 5";2023-11-12 17:00:00;95,37;2,21;
"K-B3 ACOEM SW 5";2023-11-12 16:00:00;95,56;2,10;
"K-B3 ACOEM SW 5";2023-11-12 15:00:00;94,71;1,98;
"K-B3 ACOEM SW 5";2023-11-12 14:00:00;94,94;1,82;
"K-B3 ACOEM SW 5";2023-11-12 13:00:00;95,09;1,47;
"K-B3 ACOEM SW 5";2023-11-12 12:00:00;95,24;1,17;
"K-B3 ACOEM SW 5";2023-11-12 11:00:00;94,80;1,01;
"K-B3 ACOEM SW 5";2023-11-12 10:00:00;93,35;1,50;
"K-B3 ACOEM SW 5";2023-11-12 09:00:00;92,36;2,02;
"K-B3 ACOEM SW 5";2023-11-12 08:00:00;91,64;2,17;
"K-B3 ACOEM SW 5";2023-11-12 07:00:00;90,44;2,50;
"K-B3 ACOEM SW 5";2023-11-12 06:00:00;88,47;2,82;
"K-B3 ACOEM SW 5";2023-11-12 05:00:00;86,25;3,09;
"K-B3 ACOEM SW 5";2023-11-12 04:00:00;84,65;3,21;
"K-B3 ACOEM SW 5";2023-11-12 03:00:00;84,20;3,23;
"K-B3 ACOEM SW 5";2023-11-12 02:00:00;84,64;3,21;
"K-B3 ACOEM SW 5";2023-11-12 01:00:00;86,00;3,20;
"K-B3 ACOEM SW 5";2023-11-12 00:00:00;86,39;3,24;
"K-B3 ACOEM SW 5";2023-11-11 23:00:00;84,60;3,45;
"K-B3 ACOEM SW 5";2023-11-11 22:00:00;82,60;3,61;
"K-B3 ACOEM SW 5";2023-11-11 21:00:00;81,05;3,74;
"K-B3 ACOEM SW 5";2023-11-11 20:00:00;79,92;3,92;
"K-B3 ACOEM SW 5";2023-11-11 19:00:00;79,31;3,98;
"K-B3 ACOEM SW 5";2023-11-11 18:00:00;79,27;3,96;
"K-B3 ACOEM SW 5";2023-11-11 17:00:00;78,72;4,02;
"K-B3 ACOEM SW 5";2023-11-11 16:00:00;77,68;4,37;
"K-B3 ACOEM SW 5";2023-11-11 15:00:00;75,57;4,66;
"K-B3 ACOEM SW 5";2023-11-11 14:00:00;75,10;4,84;
"K-B3 ACOEM SW 5";2023-11-11 13:00:00;76,29;4,53;
"K-B3 ACOEM SW 5";2023-11-11 12:00:00;79,86;3,33;
"K-B3 ACOEM SW 5";2023-11-11 11:00:00;81,61;2,87;
"K-B3 ACOEM SW 5";2023-11-11 10:00:00;82,80;2,59;
"K-B3 ACOEM SW 5";2023-11-11 09:00:00;83,99;2,37;
"K-B3 ACOEM SW 5";2023-11-11 08:00:00;83,81;2,66;
"K-B3 ACOEM SW 5";2023-11-11 07:00:00;84,05;2,80;
"K-B3 ACOEM SW 5";2023-11-11 06:00:00;84,22;2,79;
"K-B3 ACOEM SW 5";2023-11-11 05:00:00;84,23;2,79;
"K-B3 ACOEM SW 5";2023-11-11 04:00:00;83,47;3,08;
"K-B3 ACOEM SW 5";2023-11-11 03:00:00;82,67;3,35;
"K-B3 ACOEM SW 5";2023-11-11 02:00:00;83,99;3,22;
"K-B3 ACOEM SW 5";2023-11-11 01:00:00;85,14;3,04;
"K-B3 ACOEM SW 5";2023-11-11 00:00:00;85,08;3,13;
"K-B3 ACOEM SW 5";2023-11-10 23:00:00;84,31;3,58;
"K-B3 ACOEM SW 5";2023-11-10 22:00:00;86,46;3,23;
"K-B3 ACOEM SW 5";2023-11-10 21:00:00;88,09;3,04;
"K-B3 ACOEM SW 5";2023-11-10 20:00:00;86,87;3,62;
"K-B3 ACOEM SW 5";2023-11-10 19:00:00;85,57;4,31;
"K-B3 ACOEM SW 5";2023-11-10 18:00:00;86,46;4,49;
"K-B3 ACOEM SW 5";2023-11-10 17:00:00;87,59;4,63;
"K-B3 ACOEM SW 5";2023-11-10 16:00:00;89,96;4,65;
"K-B3 ACOEM SW 5";2023-11-10 15:00:00;92,59;4,68;
"K-B3 ACOEM SW 5";2023-11-10 14:00:00;92,80;4,69;
"K-B3 ACOEM SW 5";2023-11-10 13:00:00;91,96;4,81;
"K-B3 ACOEM SW 5";2023-11-10 12:00:00;90,65;5,04;
"K-B3 ACOEM SW 5";2023-11-10 11:00:00;90,62;4,58;
"K-B3 ACOEM SW 5";2023-11-10 10:00:00;90,56;3,85;
"K-B3 ACOEM SW 5";2023-11-10 09:00:00;89,65;3,36;
"K-B3 ACOEM SW 5";2023-11-10 08:00:00;90,45;2,98;
"K-B3 ACOEM SW 5";2023-11-10 07:00:00;89,23;2,81;
"K-B3 ACOEM SW 5";2023-11-10 06:00:00;87,64;2,82;
"K-B3 ACOEM SW 5";2023-11-10 05:00:00;86,76;2,88;
"K-B3 ACOEM SW 5";2023-11-10 04:00:00;86,20;2,91;
"K-B3 ACOEM SW 5";2023-11-10 03:00:00;85,29;3,01;
"K-B3 ACOEM SW 5";2023-11-10 02:00:00;85,63;2,96;
"K-B3 ACOEM SW 5";2023-11-10 01:00:00;86,49;2,74;
"K-B3 ACOEM SW 5";2023-11-10 00:00:00;85,72;2,66;
"K-B3 ACOEM SW 5";2023-11-09 23:00:00;83,79;3,25;
"K-B3 ACOEM SW 5";2023-11-09 22:00:00;82,28;3,72;
"K-B3 ACOEM SW 5";2023-11-09 21:00:00;82,65;3,86;
"K-B3 ACOEM SW 5";2023-11-09 20:00:00;86,72;3,53;
"K-B3 ACOEM SW 5";2023-11-09 19:00:00;85,85;3,61;
"K-B3 ACOEM SW 5";2023-11-09 18:00:00;85,95;3,77;
"K-B3 ACOEM SW 5";2023-11-09 17:00:00;85,33;4,36;
"K-B3 ACOEM SW 5";2023-11-09 16:00:00;83,37;4,92;
"K-B3 ACOEM SW 5";2023-11-09 15:00:00;82,21;5,33;
"K-B3 ACOEM SW 5";2023-11-09 14:00:00;83,04;5,46;
"K-B3 ACOEM SW 5";2023-11-09 13:00:00;83,77;5,00;
"K-B3 ACOEM SW 5";2023-11-09 12:00:00;87,29;4,57;
"K-B3 ACOEM SW 5";2023-11-09 11:00:00;89,79;3,72;
"K-B3 ACOEM SW 5";2023-11-09 10:00:00;92,98;2,78;
"K-B3 ACOEM SW 5";2023-11-09 09:00:00;93,17;2,49;
"K-B3 ACOEM SW 5";2023-11-09 08:00:00;92,21;2,87;
"K-B3 ACOEM SW 5";2023-11-09 07:00:00;91,73;3,31;
"K-B3 ACOEM SW 5";2023-11-09 06:00:00;92,15;3,43;
"K-B3 ACOEM SW 5";2023-11-09 05:00:00;92,96;4,18;
"K-B3 ACOEM SW 5";2023-11-09 04:00:00;93,19;5,03;
"K-B3 ACOEM SW 5";2023-11-09 03:00:00;95,03;6,37;
"K-B3 ACOEM SW 5";2023-11-09 02:00:00;97,74;6,16;
"K-B3 ACOEM SW 5";2023-11-09 01:00:00;97,15;5,58;
"K-B3 ACOEM SW 5";2023-11-09 00:00:00;96,37;4,88;
"K-B3 ACOEM SW 5";2023-11-08 23:00:00;95,67;3,64;
"K-B3 ACOEM SW 5";2023-11-08 22:00:00;93,87;3,13;
"K-B3 ACOEM SW 5";2023-11-08 21:00:00;91,55;2,97;
"K-B3 ACOEM SW 5";2023-11-08 20:00:00;91,65;3,03;
"K-B3 ACOEM SW 5";2023-11-08 19:00:00;91,08;3,19;
"K-B3 ACOEM SW 5";2023-11-08 18:00:00;90,47;3,30;
"K-B3 ACOEM SW 5";2023-11-08 17:00:00;88,89;3,64;
"K-B3 ACOEM SW 5";2023-11-08 16:00:00;86,99;4,17;
"K-B3 ACOEM SW 5";2023-11-08 15:00:00;85,97;4,49;
"K-B3 ACOEM SW 5";2023-11-08 14:00:00;84,58;4,57;
"K-B3 ACOEM SW 5";2023-11-08 13:00:00;84,35;4,28;
"K-B3 ACOEM SW 5";2023-11-08 12:00:00;84,07;4,12;
"K-B3 ACOEM SW 5";2023-11-08 11:00:00;80,77;4,48;
"K-B3 ACOEM SW 5";2023-11-08 10:00:00;85,76;2,86;
"K-B3 ACOEM SW 5";2023-11-08 09:00:00;89,63;1,49;
"K-B3 ACOEM SW 5";2023-11-08 08:00:00;90,85;1,54;
"K-B3 ACOEM SW 5";2023-11-08 07:00:00;90,69;1,87;
"K-B3 ACOEM SW 5";2023-11-08 06:00:00;90,01;2,35;
"K-B3 ACOEM SW 5";2023-11-08 05:00:00;89,80;2,99;
"K-B3 ACOEM SW 5";2023-11-08 04:00:00;90,32;3,24;
"K-B3 ACOEM SW 5";2023-11-08 03:00:00;90,41;2,95;
"K-B3 ACOEM SW 5";2023-11-08 02:00:00;90,43;2,68;
"K-B3 ACOEM SW 5";2023-11-08 01:00:00;91,39;2,20;
"K-B3 ACOEM SW 5";2023-11-08 00:00:00;92,34;1,93;
"K-B3 ACOEM SW 5";2023-11-07 23:00:00;92,55;2,07;
"K-B3 ACOEM SW 5";2023-11-07 22:00:00;93,35;2,39;
"K-B3 ACOEM SW 5";2023-11-07 21:00:00;94,01;2,69;
"K-B3 ACOEM SW 5";2023-11-07 20:00:00;94,15;3,04;
"K-B3 ACOEM SW 5";2023-11-07 19:00:00;92,71;3,63;
"K-B3 ACOEM SW 5";2023-11-07 18:00:00;89,12;4,52;
"K-B3 ACOEM SW 5";2023-11-07 17:00:00;83,92;5,71;
"K-B3 ACOEM SW 5";2023-11-07 16:00:00;77,86;7,62;
"K-B3 ACOEM SW 5";2023-11-07 15:00:00;77,18;8,09;
"K-B3 ACOEM SW 5";2023-11-07 14:00:00;79,49;7,54;
"K-B3 ACOEM SW 5";2023-11-07 13:00:00;77,57;7,88;
"K-B3 ACOEM SW 5";2023-11-07 12:00:00;83,66;6,46;
"K-B3 ACOEM SW 5";2023-11-07 11:00:00;88,24;4,67;
"K-B3 ACOEM SW 5";2023-11-07 10:00:00;91,67;3,85;
"K-B3 ACOEM SW 5";2023-11-07 09:00:00;93,89;2,84;
"K-B3 ACOEM SW 5";2023-11-07 08:00:00;93,82;2,70;
"K-B3 ACOEM SW 5";2023-11-07 07:00:00;94,60;2,65;
"K-B3 ACOEM SW 5";2023-11-07 06:00:00;94,90;2,53;
"K-B3 ACOEM SW 5";2023-11-07 05:00:00;95,24;2,71;
"K-B3 ACOEM SW 5";2023-11-07 04:00:00;95,62;2,75;
"K-B3 ACOEM SW 5";2023-11-07 03:00:00;95,30;2,82;
"K-B3 ACOEM SW 5";2023-11-07 02:00:00;94,83;3,19;
"K-B3 ACOEM SW 5";2023-11-07 01:00:00;94,68;3,50;
"K-B3 ACOEM SW 5";2023-11-07 00:00:00;95,19;3,50;
"K-B3 ACOEM SW 5";2023-11-06 23:00:00;94,86;3,37;
"K-B3 ACOEM SW 5";2023-11-06 22:00:00;94,21;3,92;
"K-B3 ACOEM SW 5";2023-11-06 21:00:00;92,08;4,55;
"K-B3 ACOEM SW 5";2023-11-06 20:00:00;90,31;5,28;
"K-B3 ACOEM SW 5";2023-11-06 19:00:00;89,23;5,76;
"K-B3 ACOEM SW 5";2023-11-06 18:00:00;89,00;5,72;
"K-B3 ACOEM SW 5";2023-11-06 17:00:00;86,91;6,21;
"K-B3 ACOEM SW 5";2023-11-06 16:00:00;87,08;6,36;
"K-B3 ACOEM SW 5";2023-11-06 15:00:00;87,87;6,29;
"K-B3 ACOEM SW 5";2023-11-06 14:00:00;89,86;6,39;
"K-B3 ACOEM SW 5";2023-11-06 13:00:00;91,59;5,97;
"K-B3 ACOEM SW 5";2023-11-06 12:00:00;91,62;5,68;
"K-B3 ACOEM SW 5";2023-11-06 11:00:00;92,15;5,37;
"K-B3 ACOEM SW 5";2023-11-06 10:00:00;92,83;5,10;
"K-B3 ACOEM SW 5";2023-11-06 09:00:00;92,60;5,08;
"K-B3 ACOEM SW 5";2023-11-06 08:00:00;92,49;5,41;
"K-B3 ACOEM SW 5";2023-11-06 07:00:00;93,85;5,62;
"K-B3 ACOEM SW 5";2023-11-06 06:00:00;94,45;5,73;
"K-B3 ACOEM SW 5";2023-11-06 05:00:00;94,80;5,72;
"K-B3 ACOEM SW 5";2023-11-06 04:00:00;94,58;5,78;
"K-B3 ACOEM SW 5";2023-11-06 03:00:00;94,43;5,83;
"K-B3 ACOEM SW 5";2023-11-06 02:00:00;94,25;5,92;
"K-B3 ACOEM SW 5";2023-11-06 01:00:00;94,54;6,00;
"K-B3 ACOEM SW 5";2023-11-06 00:00:00;94,41;6,15;
"K-B3 ACOEM SW 5";2023-11-05 23:00:00;94,31;6,39;
"K-B3 ACOEM SW 5";2023-11-05 22:00:00;94,58;6,53;
"K-B3 ACOEM SW 5";2023-11-05 21:00:00;94,85;6,56;
"K-B3 ACOEM SW 5";2023-11-05 20:00:00;95,23;6,58;
"K-B3 ACOEM SW 5";2023-11-05 19:00:00;95,23;6,65;
"K-B3 ACOEM SW 5";2023-11-05 18:00:00;95,05;6,83;
"K-B3 ACOEM SW 5";2023-11-05 17:00:00;95,02;6,99;
"K-B3 ACOEM SW 5";2023-11-05 16:00:00;94,61;7,55;
"K-B3 ACOEM SW 5";2023-11-05 15:00:00;95,43;8,08;
"K-B3 ACOEM SW 5";2023-11-05 14:00:00;93,52;8,07;
"K-B3 ACOEM SW 5";2023-11-05 13:00:00;91,77;8,27;
"K-B3 ACOEM SW 5";2023-11-05 12:00:00;91,47;8,34;
"K-B3 ACOEM SW 5";2023-11-05 11:00:00;92,63;8,14;
"K-B3 ACOEM SW 5";2023-11-05 10:00:00;91,20;8,15;
"K-B3 ACOEM SW 5";2023-11-05 09:00:00;87,76;8,55;
"K-B3 ACOEM SW 5";2023-11-05 08:00:00;87,33;8,77;
"K-B3 ACOEM SW 5";2023-11-05 07:00:00;87,32;8,84;
"K-B3 ACOEM SW 5";2023-11-05 06:00:00;90,25;8,84;
"K-B3 ACOEM SW 5";2023-11-05 05:00:00;88,70;8,64;
"K-B3 ACOEM SW 5";2023-11-05 04:00:00;91,51;9,04;
"K-B3 ACOEM SW 5";2023-11-05 03:00:00;90,28;8,79;
"K-B3 ACOEM SW 5";2023-11-05 02:00:00;91,44;8,98;
"K-B3 ACOEM SW 5";2023-11-05 01:00:00;90,76;8,88;
"K-B3 ACOEM SW 5";2023-11-05 00:00:00;90,86;8,94;
"K-B3 ACOEM SW 5";2023-11-04 23:00:00;91,75;8,87;
"K-B3 ACOEM SW 5";2023-11-04 22:00:00;93,18;8,72;
"K-B3 ACOEM SW 5";2023-11-04 21:00:00;94,99;8,72;
"K-B3 ACOEM SW 5";2023-11-04 20:00:00;95,34;8,75;
"K-B3 ACOEM SW 5";2023-11-04 19:00:00;94,32;9,09;
"K-B3 ACOEM SW 5";2023-11-04 18:00:00;91,85;9,57;
"K-B3 ACOEM SW 5";2023-11-04 17:00:00;91,24;9,61;
"K-B3 ACOEM SW 5";2023-11-04 16:00:00;90,36;9,59;
"K-B3 ACOEM SW 5";2023-11-04 15:00:00;92,96;9,73;
"K-B3 ACOEM SW 5";2023-11-04 14:00:00;92,26;10,25;
"K-B3 ACOEM SW 5";2023-11-04 13:00:00;89,52;10,87;
"K-B3 ACOEM SW 5";2023-11-04 12:00:00;89,20;11,17;
"K-B3 ACOEM SW 5";2023-11-04 11:00:00;89,27;11,36;
"K-B3 ACOEM SW 5";2023-11-04 10:00:00;93,95;10,44;
"K-B3 ACOEM SW 5";2023-11-04 09:00:00;95,31;10,03;
"K-B3 ACOEM SW 5";2023-11-04 08:00:00;95,10;10,03;
"K-B3 ACOEM SW 5";2023-11-04 07:00:00;95,16;9,96;
"K-B3 ACOEM SW 5";2023-11-04 06:00:00;94,95;9,92;
"K-B3 ACOEM SW 5";2023-11-04 05:00:00;95,96;9,70;
"K-B3 ACOEM SW 5";2023-11-04 04:00:00;96,62;9,54;
"K-B3 ACOEM SW 5";2023-11-04 03:00:00;94,79;9,65;
"K-B3 ACOEM SW 5";2023-11-04 02:00:00;93,16;9,81;
"K-B3 ACOEM SW 5";2023-11-04 01:00:00;93,38;9,87;
"K-B3 ACOEM SW 5";2023-11-04 00:00:00;93,68;9,82;
"K-B3 ACOEM SW 5";2023-11-03 23:00:00;94,38;9,65;
"K-B3 ACOEM SW 5";2023-11-03 22:00:00;95,66;9,40;
"K-B3 ACOEM SW 5";2023-11-03 21:00:00;92,91;9,56;
"K-B3 ACOEM SW 5";2023-11-03 20:00:00;94,89;9,21;
"K-B3 ACOEM SW 5";2023-11-03 19:00:00;93,12;9,40;
"K-B3 ACOEM SW 5";2023-11-03 18:00:00;92,69;9,73;
"K-B3 ACOEM SW 5";2023-11-03 17:00:00;92,20;9,92;
"K-B3 ACOEM SW 5";2023-11-03 16:00:00;91,80;9,95;
"K-B3 ACOEM SW 5";2023-11-03 15:00:00;91,12;10,10;
"K-B3 ACOEM SW 5";2023-11-03 14:00:00;91,51;10,20;
"K-B3 ACOEM SW 5";2023-11-03 13:00:00;93,29;10,06;
"K-B3 ACOEM SW 5";2023-11-03 12:00:00;97,06;8,83;
"K-B3 ACOEM SW 5";2023-11-03 11:00:00;93,09;6,73;
"K-B3 ACOEM SW 5";2023-11-03 10:00:00;92,70;7,38;
"K-B3 ACOEM SW 5";2023-11-03 09:00:00;94,39;8,56;
"K-B3 ACOEM SW 5";2023-11-03 08:00:00;93,31;9,21;
"K-B3 ACOEM SW 5";2023-11-03 07:00:00;96,53;9,17;
"K-B3 ACOEM SW 5";2023-11-03 06:00:00;96,56;9,56;
"K-B3 ACOEM SW 5";2023-11-03 05:00:00;93,40;10,15;
"K-B3 ACOEM SW 5";2023-11-03 04:00:00;92,29;10,31;
"K-B3 ACOEM SW 5";2023-11-03 03:00:00;92,13;10,29;
"K-B3 ACOEM SW 5";2023-11-03 02:00:00;91,81;10,27;
"K-B3 ACOEM SW 5";2023-11-03 01:00:00;91,77;10,19;
"K-B3 ACOEM SW 5";2023-11-03 00:00:00;91,62;10,21;
"K-B3 ACOEM SW 5";2023-11-02 23:00:00;92,21;10,07;
"K-B3 ACOEM SW 5";2023-11-02 22:00:00;96,35;9,35;
"K-B3 ACOEM SW 5";2023-11-02 21:00:00;97,69;6,12;
"K-B3 ACOEM SW 5";2023-11-02 20:00:00;96,43;4,73;
"K-B3 ACOEM SW 5";2023-11-02 19:00:00;96,17;3,99;
"K-B3 ACOEM SW 5";2023-11-02 18:00:00;96,13;3,13;
"K-B3 ACOEM SW 5";2023-11-02 17:00:00;95,93;2,65;
"K-B3 ACOEM SW 5";2023-11-02 16:00:00;95,42;2,41;
"K-B3 ACOEM SW 5";2023-11-02 15:00:00;94,99;2,24;
"K-B3 ACOEM SW 5";2023-11-02 14:00:00;94,74;2,10;
"K-B3 ACOEM SW 5";2023-11-02 13:00:00;94,83;1,86;
"K-B3 ACOEM SW 5";2023-11-02 12:00:00;94,43;1,68;
"K-B3 ACOEM SW 5";2023-11-02 11:00:00;94,55;1,55;
"K-B3 ACOEM SW 5";2023-11-02 10:00:00;93,80;1,48;
"K-B3 ACOEM SW 5";2023-11-02 09:00:00;93,80;1,31;
"K-B3 ACOEM SW 5";2023-11-02 08:00:00;93,86;1,13;
"K-B3 ACOEM SW 5";2023-11-02 07:00:00;93,66;1,11;
"K-B3 ACOEM SW 5";2023-11-02 06:00:00;93,43;1,17;
"K-B3 ACOEM SW 5";2023-11-02 05:00:00;93,84;1,24;
"K-B3 ACOEM SW 5";2023-11-02 04:00:00;94,82;1,22;
"K-B3 ACOEM SW 5";2023-11-02 03:00:00;94,87;0,97;
"K-B3 ACOEM SW 5";2023-11-02 02:00:00;94,67;0,75;
"K-B3 ACOEM SW 5";2023-11-02 01:00:00;93,55;1,61;
"K-B3 ACOEM SW 5";2023-11-02 00:00:00;94,58;2,75;
"K-B3 ACOEM SW 5";2023-11-01 23:00:00;93,67;2,43;
"K-B3 ACOEM SW 5";2023-11-01 22:00:00;93,79;2,37;
"K-B3 ACOEM SW 5";2023-11-01 21:00:00;93,13;2,39;
"K-B3 ACOEM SW 5";2023-11-01 20:00:00;92,11;2,17;
"K-B3 ACOEM SW 5";2023-11-01 19:00:00;89,92;2,39;
"K-B3 ACOEM SW 5";2023-11-01 18:00:00;89,28;2,95;
"K-B3 ACOEM SW 5";2023-11-01 17:00:00;88,47;3,29;
"K-B3 ACOEM SW 5";2023-11-01 16:00:00;92,98;1,56;
"K-B3 ACOEM SW 5";2023-11-01 15:00:00;91,62;0,82;
"K-B3 ACOEM SW 5";2023-11-01 14:00:00;88,11;0,68;
"K-B3 ACOEM SW 5";2023-11-01 13:00:00;85,75;0,75;
"K-B3 ACOEM SW 5";2023-11-01 12:00:00;78,67;1,08;
"K-B3 ACOEM SW 5";2023-11-01 11:00:00;76,14;0,99;
"K-B3 ACOEM SW 5";2023-11-01 10:00:00;76,60;0,81;
"K-B3 ACOEM SW 5";2023-11-01 09:00:00;77,19;0,63;
"K-B3 ACOEM SW 5";2023-11-01 08:00:00;77,35;0,52;
"K-B3 ACOEM SW 5";2023-11-01 07:00:00;77,65;0,42;
"K-B3 ACOEM SW 5";2023-11-01 06:00:00;77,43;0,17;
"K-B3 ACOEM SW 5";2023-11-01 05:00:00;81,44;-0,33;
"K-B3 ACOEM SW 5";2023-11-01 04:00:00;81,72;-0,14;
"K-B3 ACOEM SW 5";2023-11-01 03:00:00;77,77;0,81;
"K-B3 ACOEM SW 5";2023-11-01 02:00:00;74,23;1,52;
"K-B3 ACOEM SW 5";2023-11-01 01:00:00;73,58;1,60;
"K-B3 ACOEM SW 5";2023-11-01 00:00:00;73,82;1,69;
"K-B3 ACOEM SW 5";2023-10-31 23:00:00;75,08;1,78;
"K-B3 ACOEM SW 5";2023-10-31 22:00:00;74,76;1,83;
"K-B3 ACOEM SW 5";2023-10-31 21:00:00;74,86;1,95;
"K-B3 ACOEM SW 5";2023-10-31 20:00:00;73,18;2,00;
"K-B3 ACOEM SW 5";2023-10-31 19:00:00;73,12;1,96;
"K-B3 ACOEM SW 5";2023-10-31 18:00:00;73,73;2,11;
"K-B3 ACOEM SW 5";2023-10-31 17:00:00;73,82;2,24;
"K-B3 ACOEM SW 5";2023-10-31 16:00:00;72,27;2,80;
"K-B3 ACOEM SW 5";2023-10-31 15:00:00;71,81;3,11;
"K-B3 ACOEM SW 5";2023-10-31 14:00:00;69,62;3,52;
"K-B3 ACOEM SW 5";2023-10-31 13:00:00;70,98;3,38;
"K-B3 ACOEM SW 5";2023-10-31 12:00:00;73,17;2,96;
"K-B3 ACOEM SW 5";2023-10-31 11:00:00;74,86;2,39;
"K-B3 ACOEM SW 5";2023-10-31 10:00:00;77,20;1,75;
"K-B3 ACOEM SW 5";2023-10-31 09:00:00;77,81;1,47;
"K-B3 ACOEM SW 5";2023-10-31 08:00:00;77,69;1,39;
"K-B3 ACOEM SW 5";2023-10-31 07:00:00;78,51;1,33;
"K-B3 ACOEM SW 5";2023-10-31 06:00:00;78,46;1,37;
"K-B3 ACOEM SW 5";2023-10-31 05:00:00;79,11;1,32;
"K-B3 ACOEM SW 5";2023-10-31 04:00:00;78,32;1,43;
"K-B3 ACOEM SW 5";2023-10-31 03:00:00;77,78;1,50;
"K-B3 ACOEM SW 5";2023-10-31 02:00:00;77,71;1,45;
"K-B3 ACOEM SW 5";2023-10-31 01:00:00;77,93;1,22;
"K-B3 ACOEM SW 5";2023-10-31 00:00:00;77,90;1,02;
"K-B3 ACOEM SW 5";2023-10-30 23:00:00;77,02;1,32;
"K-B3 ACOEM SW 5";2023-10-30 22:00:00;77,40;1,34;
"K-B3 ACOEM SW 5";2023-10-30 21:00:00;78,22;1,18;
"K-B3 ACOEM SW 5";2023-10-30 20:00:00;80,41;0,78;
"K-B3 ACOEM SW 5";2023-10-30 19:00:00;81,73;0,71;
"K-B3 ACOEM SW 5";2023-10-30 18:00:00;83,53;0,94;
"K-B3 ACOEM SW 5";2023-10-30 17:00:00;85,63;1,08;
"K-B3 ACOEM SW 5";2023-10-30 16:00:00;86,96;1,21;
"K-B3 ACOEM SW 5";2023-10-30 15:00:00;88,07;1,15;
"K-B3 ACOEM SW 5";2023-10-30 14:00:00;89,21;1,07;
"K-B3 ACOEM SW 5";2023-10-30 13:00:00;89,96;1,05;
"K-B3 ACOEM SW 5";2023-10-30 12:00:00;90,69;0,86;
"K-B3 ACOEM SW 5";2023-10-30 11:00:00;91,34;0,73;
"K-B3 ACOEM SW 5";2023-10-30 10:00:00;92,52;0,47;
"K-B3 ACOEM SW 5";2023-10-30 09:00:00;92,12;0,43;
"K-B3 ACOEM SW 5";2023-10-30 08:00:00;93,02;0,42;
"K-B3 ACOEM SW 5";2023-10-30 07:00:00;92,55;0,54;
"K-B3 ACOEM SW 5";2023-10-30 06:00:00;92,77;0,58;
"K-B3 ACOEM SW 5";2023-10-30 05:00:00;92,87;0,59;
"K-B3 ACOEM SW 5";2023-10-30 04:00:00;93,51;0,60;
"K-B3 ACOEM SW 5";2023-10-30 03:00:00;93,84;0,60;
"K-B3 ACOEM SW 5";2023-10-30 02:00:00;93,44;0,73;
"K-B3 ACOEM SW 5";2023-10-30 01:00:00;94,09;0,76;
"K-B3 ACOEM SW 5";2023-10-30 00:00:00;94,90;0,65;
"K-B3 ACOEM SW 5";2023-10-29 23:00:00;94,64;0,71;
"K-B3 ACOEM SW 5";2023-10-29 22:00:00;93,53;0,96;
"K-B3 ACOEM SW 5";2023-10-29 21:00:00;94,06;0,94;
"K-B3 ACOEM SW 5";2023-10-29 20:00:00;93,57;1,08;
"K-B3 ACOEM SW 5";2023-10-29 19:00:00;93,42;1,24;
"K-B3 ACOEM SW 5";2023-10-29 18:00:00;93,54;1,21;
"K-B3 ACOEM SW 5";2023-10-29 17:00:00;93,00;1,38;
"K-B3 ACOEM SW 5";2023-10-29 16:00:00;93,26;1,31;
"K-B3 ACOEM SW 5";2023-10-29 15:00:00;93,57;1,35;
"K-B3 ACOEM SW 5";2023-10-29 14:00:00;93,70;1,19;
"K-B3 ACOEM SW 5";2023-10-29 13:00:00;93,25;1,00;
"K-B3 ACOEM SW 5";2023-10-29 12:00:00;92,51;0,89;
"K-B3 ACOEM SW 5";2023-10-29 11:00:00;90,99;0,82;
"K-B3 ACOEM SW 5";2023-10-29 10:00:00;87,26;0,93;
"K-B3 ACOEM SW 5";2023-10-29 09:00:00;88,05;0,55;
"K-B3 ACOEM SW 5";2023-10-29 08:00:00;88,04;0,36;
"K-B3 ACOEM SW 5";2023-10-29 07:00:00;86,27;0,44;
"K-B3 ACOEM SW 5";2023-10-29 06:00:00;87,29;0,30;
"K-B3 ACOEM SW 5";2023-10-29 05:00:00;84,16;0,56;
"K-B3 ACOEM SW 5";2023-10-29 04:00:00;87,11;0,56;
"K-B3 ACOEM SW 5";2023-10-29 03:00:00;90,08;0,48;
"K-B3 ACOEM SW 5";2023-10-29 02:00:00;86,89;0,80;
"K-B3 ACOEM SW 5";2023-10-29 01:00:00;89,15;0,66;
"K-B3 ACOEM SW 5";2023-10-29 00:00:00;92,13;0,61;
"K-B3 ACOEM SW 5";2023-10-28 23:00:00;90,13;1,10;
"K-B3 ACOEM SW 5";2023-10-28 22:00:00;88,43;1,34;
"K-B3 ACOEM SW 5";2023-10-28 21:00:00;90,19;1,17;
"K-B3 ACOEM SW 5";2023-10-28 20:00:00;87,82;1,36;
"K-B3 ACOEM SW 5";2023-10-28 19:00:00;86,83;1,49;
"K-B3 ACOEM SW 5";2023-10-28 18:00:00;89,42;1,31;
"K-B3 ACOEM SW 5";2023-10-28 17:00:00;90,40;1,23;
"K-B3 ACOEM SW 5";2023-10-28 16:00:00;91,17;1,23;
"K-B3 ACOEM SW 5";2023-10-28 15:00:00;92,18;1,08;
"K-B3 ACOEM SW 5";2023-10-28 14:00:00;92,24;0,94;
"K-B3 ACOEM SW 5";2023-10-28 13:00:00;91,49;0,84;
"K-B3 ACOEM SW 5";2023-10-28 12:00:00;90,93;0,77;
"K-B3 ACOEM SW 5";2023-10-28 11:00:00;89,71;0,58;
"K-B3 ACOEM SW 5";2023-10-28 10:00:00;86,92;0,63;
"K-B3 ACOEM SW 5";2023-10-28 09:00:00;78,92;1,19;
"K-B3 ACOEM SW 5";2023-10-28 08:00:00;72,18;1,60;
"K-B3 ACOEM SW 5";2023-10-28 07:00:00;66,78;1,90;
"K-B3 ACOEM SW 5";2023-10-28 06:00:00;65,87;1,88;
"K-B3 ACOEM SW 5";2023-10-28 05:00:00;65,32;1,92;
"K-B3 ACOEM SW 5";2023-10-28 04:00:00;65,29;1,99;
"K-B3 ACOEM SW 5";2023-10-28 03:00:00;65,67;2,07;
"K-B3 ACOEM SW 5";2023-10-28 02:00:00;66,52;2,15;
"K-B3 ACOEM SW 5";2023-10-28 01:00:00;67,20;2,18;
"K-B3 ACOEM SW 5";2023-10-28 00:00:00;67,96;2,14;
"K-B3 ACOEM SW 5";2023-10-27 23:00:00;68,46;2,20;
"K-B3 ACOEM SW 5";2023-10-27 22:00:00;68,62;2,40;
"K-B3 ACOEM SW 5";2023-10-27 21:00:00;69,57;2,56;
"K-B3 ACOEM SW 5";2023-10-27 20:00:00;69,83;2,70;
"K-B3 ACOEM SW 5";2023-10-27 19:00:00;70,51;2,91;
"K-B3 ACOEM SW 5";2023-10-27 18:00:00;70,55;3,16;
"K-B3 ACOEM SW 5";2023-10-27 17:00:00;70,63;3,40;
"K-B3 ACOEM SW 5";2023-10-27 16:00:00;70,20;3,55;
"K-B3 ACOEM SW 5";2023-10-27 15:00:00;70,23;3,55;
"K-B3 ACOEM SW 5";2023-10-27 14:00:00;69,96;3,48;
"K-B3 ACOEM SW 5";2023-10-27 13:00:00;70,45;3,25;
"K-B3 ACOEM SW 5";2023-10-27 12:00:00;71,39;2,85;
"K-B3 ACOEM SW 5";2023-10-27 11:00:00;72,37;2,51;
"K-B3 ACOEM SW 5";2023-10-27 10:00:00;73,57;2,27;
"K-B3 ACOEM SW 5";2023-10-27 09:00:00;73,59;2,25;
"K-B3 ACOEM SW 5";2023-10-27 08:00:00;73,42;2,31;
"K-B3 ACOEM SW 5";2023-10-27 07:00:00;73,37;2,40;
"K-B3 ACOEM SW 5";2023-10-27 06:00:00;73,66;2,46;
"K-B3 ACOEM SW 5";2023-10-27 05:00:00;74,04;2,48;
"K-B3 ACOEM SW 5";2023-10-27 04:00:00;76,30;2,44;
"K-B3 ACOEM SW 5";2023-10-27 03:00:00;74,97;2,68;
"K-B3 ACOEM SW 5";2023-10-27 02:00:00;74,52;2,83;
"K-B3 ACOEM SW 5";2023-10-27 01:00:00;74,16;3,02;
"K-B3 ACOEM SW 5";2023-10-27 00:00:00;72,47;3,17;
"K-B3 ACOEM SW 5";2023-10-26 23:00:00;73,13;3,23;
"K-B3 ACOEM SW 5";2023-10-26 22:00:00;75,05;3,22;
"K-B3 ACOEM SW 5";2023-10-26 21:00:00;76,59;3,22;
"K-B3 ACOEM SW 5";2023-10-26 20:00:00;75,52;3,52;
"K-B3 ACOEM SW 5";2023-10-26 19:00:00;78,11;3,45;
"K-B3 ACOEM SW 5";2023-10-26 18:00:00;77,59;3,74;
"K-B3 ACOEM SW 5";2023-10-26 17:00:00;75,50;4,02;
"K-B3 ACOEM SW 5";2023-10-26 16:00:00;75,28;4,17;
"K-B3 ACOEM SW 5";2023-10-26 15:00:00;74,39;4,43;
"K-B3 ACOEM SW 5";2023-10-26 14:00:00;76,89;4,31;
"K-B3 ACOEM SW 5";2023-10-26 13:00:00;80,91;3,81;
"K-B3 ACOEM SW 5";2023-10-26 12:00:00;83,23;3,27;
"K-B3 ACOEM SW 5";2023-10-26 11:00:00;85,01;2,78;
"K-B3 ACOEM SW 5";2023-10-26 10:00:00;87,38;2,28;
"K-B3 ACOEM SW 5";2023-10-26 09:00:00;87,04;2,17;
"K-B3 ACOEM SW 5";2023-10-26 08:00:00;86,94;2,11;
"K-B3 ACOEM SW 5";2023-10-26 07:00:00;87,58;2,17;
"K-B3 ACOEM SW 5";2023-10-26 06:00:00;88,99;2,17;
"K-B3 ACOEM SW 5";2023-10-26 05:00:00;91,22;2,07;
"K-B3 ACOEM SW 5";2023-10-26 04:00:00;92,47;1,98;
"K-B3 ACOEM SW 5";2023-10-26 03:00:00;93,64;1,93;
"K-B3 ACOEM SW 5";2023-10-26 02:00:00;94,44;1,89;
"K-B3 ACOEM SW 5";2023-10-26 01:00:00;95,01;1,84;
"K-B3 ACOEM SW 5";2023-10-26 00:00:00;95,28;1,98;
"K-B3 ACOEM SW 5";2023-10-25 23:00:00;95,34;2,13;
"K-B3 ACOEM SW 5";2023-10-25 22:00:00;95,40;2,32;
"K-B3 ACOEM SW 5";2023-10-25 21:00:00;95,73;2,47;
"K-B3 ACOEM SW 5";2023-10-25 20:00:00;95,18;2,44;
"K-B3 ACOEM SW 5";2023-10-25 19:00:00;94,55;2,64;
"K-B3 ACOEM SW 5";2023-10-25 18:00:00;94,95;3,24;
"K-B3 ACOEM SW 5";2023-10-25 17:00:00;94,65;3,39;
"K-B3 ACOEM SW 5";2023-10-25 16:00:00;94,74;3,39;
"K-B3 ACOEM SW 5";2023-10-25 15:00:00;92,70;3,67;
"K-B3 ACOEM SW 5";2023-10-25 14:00:00;91,15;4,55;
"K-B3 ACOEM SW 5";2023-10-25 13:00:00;92,22;4,51;
"K-B3 ACOEM SW 5";2023-10-25 12:00:00;92,65;4,49;
"K-B3 ACOEM SW 5";2023-10-25 11:00:00;95,99;3,57;
"K-B3 ACOEM SW 5";2023-10-25 10:00:00;96,07;3,05;
"K-B3 ACOEM SW 5";2023-10-25 09:00:00;95,58;3,01;
"K-B3 ACOEM SW 5";2023-10-25 08:00:00;95,17;3,29;
"K-B3 ACOEM SW 5";2023-10-25 07:00:00;95,45;3,68;
"K-B3 ACOEM SW 5";2023-10-25 06:00:00;94,71;3,73;
"K-B3 ACOEM SW 5";2023-10-25 05:00:00;94,30;4,03;
"K-B3 ACOEM SW 5";2023-10-25 04:00:00;94,25;4,20;
"K-B3 ACOEM SW 5";2023-10-25 03:00:00;93,32;4,72;
"K-B3 ACOEM SW 5";2023-10-25 02:00:00;92,97;4,93;
"K-B3 ACOEM SW 5";2023-10-25 01:00:00;88,02;6,28;
"K-B3 ACOEM SW 5";2023-10-25 00:00:00;86,42;6,73;
"K-B3 ACOEM SW 5";2023-10-24 23:00:00;88,94;6,60;
"K-B3 ACOEM SW 5";2023-10-24 22:00:00;91,47;6,59;
"K-B3 ACOEM SW 5";2023-10-24 21:00:00;91,86;6,92;
"K-B3 ACOEM SW 5";2023-10-24 20:00:00;92,78;7,18;
"K-B3 ACOEM SW 5";2023-10-24 19:00:00;92,34;7,36;
"K-B3 ACOEM SW 5";2023-10-24 18:00:00;91,02;7,78;
"K-B3 ACOEM SW 5";2023-10-24 17:00:00;92,46;8,25;
"K-B3 ACOEM SW 5";2023-10-24 16:00:00;94,17;8,31;
"K-B3 ACOEM SW 5";2023-10-24 15:00:00;96,36;8,42;
"K-B3 ACOEM SW 5";2023-10-24 14:00:00;96,59;7,55;
"K-B3 ACOEM SW 5";2023-10-24 13:00:00;95,57;7,03;
"K-B3 ACOEM SW 5";2023-10-24 12:00:00;94,91;6,58;
"K-B3 ACOEM SW 5";2023-10-24 11:00:00;93,99;6,14;
"K-B3 ACOEM SW 5";2023-10-24 10:00:00;93,01;5,95;
"K-B3 ACOEM SW 5";2023-10-24 09:00:00;94,04;5,73;
"K-B3 ACOEM SW 5";2023-10-24 08:00:00;94,60;5,65;
"K-B3 ACOEM SW 5";2023-10-24 07:00:00;92,80;5,85;
"K-B3 ACOEM SW 5";2023-10-24 06:00:00;91,35;6,05;
"K-B3 ACOEM SW 5";2023-10-24 05:00:00;90,90;6,26;
"K-B3 ACOEM SW 5";2023-10-24 04:00:00;90,56;6,62;
"K-B3 ACOEM SW 5";2023-10-24 03:00:00;91,32;6,71;
"K-B3 ACOEM SW 5";2023-10-24 02:00:00;91,72;7,03;
"K-B3 ACOEM SW 5";2023-10-24 01:00:00;90,08;7,78;
"K-B3 ACOEM SW 5";2023-10-24 00:00:00;88,74;7,99;
"K-B3 ACOEM SW 5";2023-10-23 23:00:00;88,47;7,99;
"K-B3 ACOEM SW 5";2023-10-23 22:00:00;87,92;8,11;
"K-B3 ACOEM SW 5";2023-10-23 21:00:00;86,79;8,18;
"K-B3 ACOEM SW 5";2023-10-23 20:00:00;84,79;8,43;
"K-B3 ACOEM SW 5";2023-10-23 19:00:00;82,31;9,06;
"K-B3 ACOEM SW 5";2023-10-23 18:00:00;78,75;9,67;
"K-B3 ACOEM SW 5";2023-10-23 17:00:00;76,17;9,98;
"K-B3 ACOEM SW 5";2023-10-23 16:00:00;75,35;10,09;
"K-B3 ACOEM SW 5";2023-10-23 15:00:00;75,87;9,85;
"K-B3 ACOEM SW 5";2023-10-23 14:00:00;77,38;9,23;
"K-B3 ACOEM SW 5";2023-10-23 13:00:00;78,19;8,94;
"K-B3 ACOEM SW 5";2023-10-23 12:00:00;80,57;8,09;
"K-B3 ACOEM SW 5";2023-10-23 11:00:00;82,11;7,47;
"K-B3 ACOEM SW 5";2023-10-23 10:00:00;83,08;7,05;
"K-B3 ACOEM SW 5";2023-10-23 09:00:00;84,63;6,66;
"K-B3 ACOEM SW 5";2023-10-23 08:00:00;86,39;6,37;
"K-B3 ACOEM SW 5";2023-10-23 07:00:00;87,59;6,17;
"K-B3 ACOEM SW 5";2023-10-23 06:00:00;88,58;6,00;
"K-B3 ACOEM SW 5";2023-10-23 05:00:00;89,54;5,82;
"K-B3 ACOEM SW 5";2023-10-23 04:00:00;90,20;5,68;
"K-B3 ACOEM SW 5";2023-10-23 03:00:00;90,82;5,55;
"K-B3 ACOEM SW 5";2023-10-23 02:00:00;92,23;5,32;
"K-B3 ACOEM SW 5";2023-10-23 01:00:00;93,18;5,09;
"K-B3 ACOEM SW 5";2023-10-23 00:00:00;93,26;4,97;
"K-B3 ACOEM SW 5";2023-10-22 23:00:00;92,18;4,96;
"K-B3 ACOEM SW 5";2023-10-22 22:00:00;92,58;4,86;
"K-B3 ACOEM SW 5";2023-10-22 21:00:00;92,50;4,89;
"K-B3 ACOEM SW 5";2023-10-22 20:00:00;92,70;4,94;
"K-B3 ACOEM SW 5";2023-10-22 19:00:00;92,96;4,97;
"K-B3 ACOEM SW 5";2023-10-22 18:00:00;93,28;5,04;
"K-B3 ACOEM SW 5";2023-10-22 17:00:00;93,80;4,98;
"K-B3 ACOEM SW 5";2023-10-22 16:00:00;93,82;4,96;
"K-B3 ACOEM SW 5";2023-10-22 15:00:00;94,10;4,76;
"K-B3 ACOEM SW 5";2023-10-22 14:00:00;93,94;4,63;
"K-B3 ACOEM SW 5";2023-10-22 13:00:00;94,60;4,42;
"K-B3 ACOEM SW 5";2023-10-22 12:00:00;94,81;4,16;
"K-B3 ACOEM SW 5";2023-10-22 11:00:00;94,96;3,92;
"K-B3 ACOEM SW 5";2023-10-22 10:00:00;95,09;3,69;
"K-B3 ACOEM SW 5";2023-10-22 09:00:00;94,61;3,51;
"K-B3 ACOEM SW 5";2023-10-22 08:00:00;94,41;3,67;
"K-B3 ACOEM SW 5";2023-10-22 07:00:00;94,75;4,04;
"K-B3 ACOEM SW 5";2023-10-22 06:00:00;94,40;4,40;
"K-B3 ACOEM SW 5";2023-10-22 05:00:00;94,86;4,30;
"K-B3 ACOEM SW 5";2023-10-22 04:00:00;95,57;4,13;
"K-B3 ACOEM SW 5";2023-10-22 03:00:00;95,47;4,13;
"K-B3 ACOEM SW 5";2023-10-22 02:00:00;95,43;4,18;
"K-B3 ACOEM SW 5";2023-10-22 01:00:00;95,73;4,21;
"K-B3 ACOEM SW 5";2023-10-22 00:00:00;95,53;4,07;
"K-B3 ACOEM SW 5";2023-10-21 23:00:00;95,32;4,02;
"K-B3 ACOEM SW 5";2023-10-21 22:00:00;95,28;3,86;
"K-B3 ACOEM SW 5";2023-10-21 21:00:00;94,94;3,75;
"K-B3 ACOEM SW 5";2023-10-21 20:00:00;94,37;3,72;
"K-B3 ACOEM SW 5";2023-10-21 19:00:00;93,94;3,54;
"K-B3 ACOEM SW 5";2023-10-21 18:00:00;93,54;3,11;
"K-B3 ACOEM SW 5";2023-10-21 17:00:00;92,59;2,86;
"K-B3 ACOEM SW 5";2023-10-21 16:00:00;89,40;4,43;
"K-B3 ACOEM SW 5";2023-10-21 15:00:00;88,33;5,48;
"K-B3 ACOEM SW 5";2023-10-21 14:00:00;87,88;5,36;
"K-B3 ACOEM SW 5";2023-10-21 13:00:00;89,55;5,05;
"K-B3 ACOEM SW 5";2023-10-21 12:00:00;89,04;4,70;
"K-B3 ACOEM SW 5";2023-10-21 11:00:00;88,73;4,44;
"K-B3 ACOEM SW 5";2023-10-21 10:00:00;88,35;4,19;
"K-B3 ACOEM SW 5";2023-10-21 09:00:00;86,71;4,16;
"K-B3 ACOEM SW 5";2023-10-21 08:00:00;84,65;4,20;
"K-B3 ACOEM SW 5";2023-10-21 07:00:00;81,73;4,45;
"K-B3 ACOEM SW 5";2023-10-21 06:00:00;74,83;5,10;
"K-B3 ACOEM SW 5";2023-10-21 05:00:00;73,82;5,30;
"K-B3 ACOEM SW 5";2023-10-21 04:00:00;77,81;4,73;
"K-B3 ACOEM SW 5";2023-10-21 03:00:00;75,96;4,56;
"K-B3 ACOEM SW 5";2023-10-21 02:00:00;72,95;4,73;
"K-B3 ACOEM SW 5";2023-10-21 01:00:00;70,30;4,83;
"K-B3 ACOEM SW 5";2023-10-21 00:00:00;69,46;5,20;
"K-B3 ACOEM SW 5";2023-10-20 23:00:00;69,75;5,78;
"K-B3 ACOEM SW 5";2023-10-20 22:00:00;70,40;5,78;
"K-B3 ACOEM SW 5";2023-10-20 21:00:00;72,43;5,80;
"K-B3 ACOEM SW 5";2023-10-20 20:00:00;73,82;5,78;
"K-B3 ACOEM SW 5";2023-10-20 19:00:00;72,51;5,82;
"K-B3 ACOEM SW 5";2023-10-20 18:00:00;70,09;5,93;
"K-B3 ACOEM SW 5";2023-10-20 17:00:00;74,14;5,60;
"K-B3 ACOEM SW 5";2023-10-20 16:00:00;71,43;5,66;
"K-B3 ACOEM SW 5";2023-10-20 15:00:00;75,03;5,39;
"K-B3 ACOEM SW 5";2023-10-20 14:00:00;80,16;4,92;
"K-B3 ACOEM SW 5";2023-10-20 13:00:00;79,56;4,90;
"K-B3 ACOEM SW 5";2023-10-20 12:00:00;78,72;4,70;
"K-B3 ACOEM SW 5";2023-10-20 11:00:00;81,68;4,24;
"K-B3 ACOEM SW 5";2023-10-20 10:00:00;78,75;4,33;
"K-B3 ACOEM SW 5";2023-10-20 09:00:00;79,45;4,20;
"K-B3 ACOEM SW 5";2023-10-20 08:00:00;79,80;3,96;
"K-B3 ACOEM SW 5";2023-10-20 07:00:00;73,56;3,53;
"K-B3 ACOEM SW 5";2023-10-20 06:00:00;82,82;2,67;
"K-B3 ACOEM SW 5";2023-10-20 05:00:00;85,13;2,26;
"K-B3 ACOEM SW 5";2023-10-20 04:00:00;79,98;2,42;
"K-B3 ACOEM SW 5";2023-10-20 03:00:00;73,92;3,27;
"K-B3 ACOEM SW 5";2023-10-20 02:00:00;79,57;2,24;
"K-B3 ACOEM SW 5";2023-10-20 01:00:00;73,27;3,11;
"K-B3 ACOEM SW 5";2023-10-20 00:00:00;67,20;4,19;
"K-B3 ACOEM SW 5";2023-10-19 23:00:00;67,43;4,52;
"K-B3 ACOEM SW 5";2023-10-19 22:00:00;63,37;4,92;
"K-B3 ACOEM SW 5";2023-10-19 21:00:00;68,24;4,79;
"K-B3 ACOEM SW 5";2023-10-19 20:00:00;63,75;5,03;
"K-B3 ACOEM SW 5";2023-10-19 19:00:00;63,94;5,43;
"K-B3 ACOEM SW 5";2023-10-19 18:00:00;64,83;5,36;
"K-B3 ACOEM SW 5";2023-10-19 17:00:00;67,17;5,26;
"K-B3 ACOEM SW 5";2023-10-19 16:00:00;79,73;3,44;
"K-B3 ACOEM SW 5";2023-10-19 15:00:00;88,39;2,13;
"K-B3 ACOEM SW 5";2023-10-19 14:00:00;86,97;2,45;
"K-B3 ACOEM SW 5";2023-10-19 13:00:00;86,93;2,72;
"K-B3 ACOEM SW 5";2023-10-19 12:00:00;85,28;2,71;
"K-B3 ACOEM SW 5";2023-10-19 11:00:00;78,50;4,41;
"K-B3 ACOEM SW 5";2023-10-19 10:00:00;67,41;6,84;
"K-B3 ACOEM SW 5";2023-10-19 09:00:00;62,70;7,04;
"K-B3 ACOEM SW 5";2023-10-19 08:00:00;60,96;7,34;
"K-B3 ACOEM SW 5";2023-10-19 07:00:00;63,41;7,49;
"K-B3 ACOEM SW 5";2023-10-19 06:00:00;67,22;7,48;
"K-B3 ACOEM SW 5";2023-10-19 05:00:00;68,72;7,77;
"K-B3 ACOEM SW 5";2023-10-19 04:00:00;65,52;8,08;
"K-B3 ACOEM SW 5";2023-10-19 03:00:00;66,20;8,04;
"K-B3 ACOEM SW 5";2023-10-19 02:00:00;65,91;8,00;
"K-B3 ACOEM SW 5";2023-10-19 01:00:00;63,45;8,20;
"K-B3 ACOEM SW 5";2023-10-19 00:00:00;63,30;8,53;
"K-B3 ACOEM SW 5";2023-10-18 23:00:00;63,09;8,85;
"K-B3 ACOEM SW 5";2023-10-18 22:00:00;61,84;8,95;
"K-B3 ACOEM SW 5";2023-10-18 21:00:00;63,47;8,88;
"K-B3 ACOEM SW 5";2023-10-18 20:00:00;63,19;8,38;
"K-B3 ACOEM SW 5";2023-10-18 19:00:00;61,85;8,22;
"K-B3 ACOEM SW 5";2023-10-18 18:00:00;60,20;8,80;
"K-B3 ACOEM SW 5";2023-10-18 17:00:00;58,22;9,66;
"K-B3 ACOEM SW 5";2023-10-18 16:00:00;58,03;10,06;
"K-B3 ACOEM SW 5";2023-10-18 15:00:00;57,52;10,24;
"K-B3 ACOEM SW 5";2023-10-18 14:00:00;54,65;10,89;
"K-B3 ACOEM SW 5";2023-10-18 13:00:00;53,68;10,20;
"K-B3 ACOEM SW 5";2023-10-18 12:00:00;55,26;9,76;
"K-B3 ACOEM SW 5";2023-10-18 11:00:00;56,34;8,83;
"K-B3 ACOEM SW 5";2023-10-18 10:00:00;63,23;6,76;
"K-B3 ACOEM SW 5";2023-10-18 09:00:00;74,78;4,89;
"K-B3 ACOEM SW 5";2023-10-18 08:00:00;77,81;4,67;
"K-B3 ACOEM SW 5";2023-10-18 07:00:00;80,05;4,66;
"K-B3 ACOEM SW 5";2023-10-18 06:00:00;76,37;5,03;
"K-B3 ACOEM SW 5";2023-10-18 05:00:00;71,70;5,82;
"K-B3 ACOEM SW 5";2023-10-18 04:00:00;72,42;6,16;
"K-B3 ACOEM SW 5";2023-10-18 03:00:00;72,04;6,79;
"K-B3 ACOEM SW 5";2023-10-18 02:00:00;65,69;7,57;
"K-B3 ACOEM SW 5";2023-10-18 01:00:00;61,05;8,81;
"K-B3 ACOEM SW 5";2023-10-18 00:00:00;58,06;9,75;
"K-B3 ACOEM SW 5";2023-10-17 23:00:00;57,65;10,22;
"K-B3 ACOEM SW 5";2023-10-17 22:00:00;59,64;11,07;
"K-B3 ACOEM SW 5";2023-10-17 21:00:00;62,04;11,70;
"K-B3 ACOEM SW 5";2023-10-17 20:00:00;63,05;12,15;
"K-B3 ACOEM SW 5";2023-10-17 19:00:00;66,22;12,39;
"K-B3 ACOEM SW 5";2023-10-17 18:00:00;62,20;13,37;
"K-B3 ACOEM SW 5";2023-10-17 17:00:00;57,98;14,22;
"K-B3 ACOEM SW 5";2023-10-17 16:00:00;58,52;14,05;
"K-B3 ACOEM SW 5";2023-10-17 15:00:00;55,94;14,45;
"K-B3 ACOEM SW 5";2023-10-17 14:00:00;55,72;14,48;
"K-B3 ACOEM SW 5";2023-10-17 13:00:00;57,76;14,11;
"K-B3 ACOEM SW 5";2023-10-17 12:00:00;66,88;12,01;
"K-B3 ACOEM SW 5";2023-10-17 11:00:00;72,63;10,25;
"K-B3 ACOEM SW 5";2023-10-17 10:00:00;75,69;9,00;
"K-B3 ACOEM SW 5";2023-10-17 09:00:00;76,30;8,56;
"K-B3 ACOEM SW 5";2023-10-17 08:00:00;77,17;8,37;
"K-B3 ACOEM SW 5";2023-10-17 07:00:00;77,98;7,96;
"K-B3 ACOEM SW 5";2023-10-17 06:00:00;77,96;7,81;
"K-B3 ACOEM SW 5";2023-10-17 05:00:00;77,29;7,79;
"K-B3 ACOEM SW 5";2023-10-17 04:00:00;75,59;8,32;
"K-B3 ACOEM SW 5";2023-10-17 03:00:00;76,22;8,49;
"K-B3 ACOEM SW 5";2023-10-17 02:00:00;78,98;7,73;
"K-B3 ACOEM SW 5";2023-10-17 01:00:00;76,57;7,97;
"K-B3 ACOEM SW 5";2023-10-17 00:00:00;73,58;8,38;
"K-B3 ACOEM SW 5";2023-10-16 23:00:00;70,65;8,60;
"K-B3 ACOEM SW 5";2023-10-16 22:00:00;65,95;8,91;
"K-B3 ACOEM SW 5";2023-10-16 21:00:00;60,08;9,28;
"K-B3 ACOEM SW 5";2023-10-16 20:00:00;53,47;9,79;
"K-B3 ACOEM SW 5";2023-10-16 19:00:00;49,42;10,29;
"K-B3 ACOEM SW 5";2023-10-16 18:00:00;44,23;11,63;
"K-B3 ACOEM SW 5";2023-10-16 17:00:00;41,86;12,98;
"K-B3 ACOEM SW 5";2023-10-16 16:00:00;41,72;13,02;
"K-B3 ACOEM SW 5";2023-10-16 15:00:00;33,78;13,92;
"K-B3 ACOEM SW 5";2023-10-16 14:00:00;34,75;12,60;
"K-B3 ACOEM SW 5";2023-10-16 13:00:00;37,37;11,27;
"K-B3 ACOEM SW 5";2023-10-16 12:00:00;41,05;9,73;
"K-B3 ACOEM SW 5";2023-10-16 11:00:00;44,66;8,34;
"K-B3 ACOEM SW 5";2023-10-16 10:00:00;48,74;6,77;
"K-B3 ACOEM SW 5";2023-10-16 09:00:00;51,94;5,39;
"K-B3 ACOEM SW 5";2023-10-16 08:00:00;52,66;4,98;
"K-B3 ACOEM SW 5";2023-10-16 07:00:00;52,42;5,01;
"K-B3 ACOEM SW 5";2023-10-16 06:00:00;52,70;5,23;
"K-B3 ACOEM SW 5";2023-10-16 05:00:00;56,39;5,00;
"K-B3 ACOEM SW 5";2023-10-16 04:00:00;57,05;5,42;
"K-B3 ACOEM SW 5";2023-10-16 03:00:00;57,22;5,70;
"K-B3 ACOEM SW 5";2023-10-16 02:00:00;56,18;5,92;
"K-B3 ACOEM SW 5";2023-10-16 01:00:00;54,66;6,31;
"K-B3 ACOEM SW 5";2023-10-16 00:00:00;55,56;6,89;
"K-B3 ACOEM SW 5";2023-10-15 23:00:00;54,24;7,16;
"K-B3 ACOEM SW 5";2023-10-15 22:00:00;52,50;7,51;
"K-B3 ACOEM SW 5";2023-10-15 21:00:00;53,70;7,82;
"K-B3 ACOEM SW 5";2023-10-15 20:00:00;52,95;8,23;
"K-B3 ACOEM SW 5";2023-10-15 19:00:00;49,87;9,07;
"K-B3 ACOEM SW 5";2023-10-15 18:00:00;47,55;10,23;
"K-B3 ACOEM SW 5";2023-10-15 17:00:00;45,70;10,75;
"K-B3 ACOEM SW 5";2023-10-15 16:00:00;46,68;10,76;
"K-B3 ACOEM SW 5";2023-10-15 15:00:00;45,03;11,09;
"K-B3 ACOEM SW 5";2023-10-15 14:00:00;41,44;11,96;
"K-B3 ACOEM SW 5";2023-10-15 13:00:00;41,25;12,56;
"K-B3 ACOEM SW 5";2023-10-15 12:00:00;43,72;11,65;
"K-B3 ACOEM SW 5";2023-10-15 11:00:00;47,00;10,80;
"K-B3 ACOEM SW 5";2023-10-15 10:00:00;53,58;9,47;
"K-B3 ACOEM SW 5";2023-10-15 09:00:00;55,72;8,81;
"K-B3 ACOEM SW 5";2023-10-15 08:00:00;57,11;8,81;
"K-B3 ACOEM SW 5";2023-10-15 07:00:00;57,63;8,88;
"K-B3 ACOEM SW 5";2023-10-15 06:00:00;58,12;8,87;
"K-B3 ACOEM SW 5";2023-10-15 05:00:00;58,34;8,86;
"K-B3 ACOEM SW 5";2023-10-15 04:00:00;57,43;9,01;
"K-B3 ACOEM SW 5";2023-10-15 03:00:00;57,91;9,07;
"K-B3 ACOEM SW 5";2023-10-15 02:00:00;58,01;9,17;
"K-B3 ACOEM SW 5";2023-10-15 01:00:00;60,24;8,97;
"K-B3 ACOEM SW 5";2023-10-15 00:00:00;62,85;8,94;
"K-B3 ACOEM SW 5";2023-10-14 23:00:00;62,33;9,30;
"K-B3 ACOEM SW 5";2023-10-14 22:00:00;61,86;9,67;
"K-B3 ACOEM SW 5";2023-10-14 21:00:00;66,54;9,50;
"K-B3 ACOEM SW 5";2023-10-14 20:00:00;70,37;8,98;
"K-B3 ACOEM SW 5";2023-10-14 19:00:00;66,52;9,42;
"K-B3 ACOEM SW 5";2023-10-14 18:00:00;61,94;10,51;
"K-B3 ACOEM SW 5";2023-10-14 17:00:00;60,08;11,39;
"K-B3 ACOEM SW 5";2023-10-14 16:00:00;59,04;11,99;
"K-B3 ACOEM SW 5";2023-10-14 15:00:00;59,71;11,87;
"K-B3 ACOEM SW 5";2023-10-14 14:00:00;67,53;11,05;
"K-B3 ACOEM SW 5";2023-10-14 13:00:00;74,82;9,62;
"K-B3 ACOEM SW 5";2023-10-14 12:00:00;77,23;9,11;
"K-B3 ACOEM SW 5";2023-10-14 11:00:00;74,84;9,33;
"K-B3 ACOEM SW 5";2023-10-14 10:00:00;77,86;8,48;
"K-B3 ACOEM SW 5";2023-10-14 09:00:00;80,74;7,51;
"K-B3 ACOEM SW 5";2023-10-14 08:00:00;80,06;7,35;
"K-B3 ACOEM SW 5";2023-10-14 07:00:00;79,48;7,33;
"K-B3 ACOEM SW 5";2023-10-14 06:00:00;83,26;7,60;
"K-B3 ACOEM SW 5";2023-10-14 05:00:00;82,58;7,82;
"K-B3 ACOEM SW 5";2023-10-14 04:00:00;82,95;8,15;
"K-B3 ACOEM SW 5";2023-10-14 03:00:00;83,10;8,36;
"K-B3 ACOEM SW 5";2023-10-14 02:00:00;84,02;8,33;
"K-B3 ACOEM SW 5";2023-10-14 01:00:00;83,44;8,66;
"K-B3 ACOEM SW 5";2023-10-14 00:00:00;85,08;9,00;
"K-B3 ACOEM SW 5";2023-10-13 23:00:00;86,51;9,63;
"K-B3 ACOEM SW 5";2023-10-13 22:00:00;88,41;10,01;
"K-B3 ACOEM SW 5";2023-10-13 21:00:00;90,44;10,09;
"K-B3 ACOEM SW 5";2023-10-13 20:00:00;87,98;10,50;
"K-B3 ACOEM SW 5";2023-10-13 19:00:00;88,23;11,91;
"K-B3 ACOEM SW 5";2023-10-13 18:00:00;90,85;13,12;
"K-B3 ACOEM SW 5";2023-10-13 17:00:00;94,94;13,09;
"K-B3 ACOEM SW 5";2023-10-13 16:00:00;95,14;12,64;
"K-B3 ACOEM SW 5";2023-10-13 15:00:00;94,11;12,30;
"K-B3 ACOEM SW 5";2023-10-13 14:00:00;92,95;12,03;
"K-B3 ACOEM SW 5";2023-10-13 13:00:00;91,61;12,02;
"K-B3 ACOEM SW 5";2023-10-13 12:00:00;85,23;12,38;
"K-B3 ACOEM SW 5";2023-10-13 11:00:00;81,21;12,35;
"K-B3 ACOEM SW 5";2023-10-13 10:00:00;78,96;12,33;
"K-B3 ACOEM SW 5";2023-10-13 09:00:00;70,71;12,56;
"K-B3 ACOEM SW 5";2023-10-13 08:00:00;67,03;11,78;
"K-B3 ACOEM SW 5";2023-10-13 07:00:00;75,53;9,51;
"K-B3 ACOEM SW 5";2023-10-13 06:00:00;76,00;8,79;
"K-B3 ACOEM SW 5";2023-10-13 05:00:00;74,28;8,46;
"K-B3 ACOEM SW 5";2023-10-13 04:00:00;72,21;8,23;
"K-B3 ACOEM SW 5";2023-10-13 03:00:00;71,18;7,39;
"K-B3 ACOEM SW 5";2023-10-13 02:00:00;70,87;7,01;
"K-B3 ACOEM SW 5";2023-10-13 01:00:00;70,24;7,05;
"K-B3 ACOEM SW 5";2023-10-13 00:00:00;68,92;6,90;
"K-B3 ACOEM SW 5";2023-10-12 23:00:00;66,92;7,29;
"K-B3 ACOEM SW 5";2023-10-12 22:00:00;64,69;7,76;
"K-B3 ACOEM SW 5";2023-10-12 21:00:00;63,81;8,33;
"K-B3 ACOEM SW 5";2023-10-12 20:00:00;59,74;9,25;
"K-B3 ACOEM SW 5";2023-10-12 19:00:00;54,11;10,45;
"K-B3 ACOEM SW 5";2023-10-12 18:00:00;49,10;11,79;
"K-B3 ACOEM SW 5";2023-10-12 17:00:00;44,34;13,28;
"K-B3 ACOEM SW 5";2023-10-12 16:00:00;43,98;13,95;
"K-B3 ACOEM SW 5";2023-10-12 15:00:00;46,24;13,61;
"K-B3 ACOEM SW 5";2023-10-12 14:00:00;46,45;13,29;
"K-B3 ACOEM SW 5";2023-10-12 13:00:00;47,71;12,87;
"K-B3 ACOEM SW 5";2023-10-12 12:00:00;50,55;12,04;
"K-B3 ACOEM SW 5";2023-10-12 11:00:00;52,63;11,95;
"K-B3 ACOEM SW 5";2023-10-12 10:00:00;60,22;10,24;
"K-B3 ACOEM SW 5";2023-10-12 09:00:00;66,12;8,93;
"K-B3 ACOEM SW 5";2023-10-12 08:00:00;66,42;8,84;
"K-B3 ACOEM SW 5";2023-10-12 07:00:00;65,77;9,12;
"K-B3 ACOEM SW 5";2023-10-12 06:00:00;65,57;9,30;
"K-B3 ACOEM SW 5";2023-10-12 05:00:00;65,40;9,41;
"K-B3 ACOEM SW 5";2023-10-12 04:00:00;65,07;9,63;
"K-B3 ACOEM SW 5";2023-10-12 03:00:00;66,08;9,98;
"K-B3 ACOEM SW 5";2023-10-12 02:00:00;67,56;10,09;
"K-B3 ACOEM SW 5";2023-10-12 01:00:00;68,67;10,11;
"K-B3 ACOEM SW 5";2023-10-12 00:00:00;70,04;10,01;
"K-B3 ACOEM SW 5";2023-10-11 23:00:00;73,98;9,86;
"K-B3 ACOEM SW 5";2023-10-11 22:00:00;76,81;9,73;
"K-B3 ACOEM SW 5";2023-10-11 21:00:00;75,69;9,67;
"K-B3 ACOEM SW 5";2023-10-11 20:00:00;72,85;9,46;
"K-B3 ACOEM SW 5";2023-10-11 19:00:00;72,45;9,35;
"K-B3 ACOEM SW 5";2023-10-11 18:00:00;65,54;10,84;
"K-B3 ACOEM SW 5";2023-10-11 17:00:00;62,90;12,11;
"K-B3 ACOEM SW 5";2023-10-11 16:00:00;66,60;11,96;
"K-B3 ACOEM SW 5";2023-10-11 15:00:00;62,87;12,75;
"K-B3 ACOEM SW 5";2023-10-11 14:00:00;55,25;13,46;
"K-B3 ACOEM SW 5";2023-10-11 13:00:00;58,34;13,09;
"K-B3 ACOEM SW 5";2023-10-11 12:00:00;70,03;11,90;
"K-B3 ACOEM SW 5";2023-10-11 11:00:00;73,12;12,66;
"K-B3 ACOEM SW 5";2023-10-11 10:00:00;75,92;12,26;
"K-B3 ACOEM SW 5";2023-10-11 09:00:00;79,65;12,77;
"K-B3 ACOEM SW 5";2023-10-11 08:00:00;77,96;14,10;
"K-B3 ACOEM SW 5";2023-10-11 07:00:00;82,00;14,88;
"K-B3 ACOEM SW 5";2023-10-11 06:00:00;84,27;15,38;
"K-B3 ACOEM SW 5";2023-10-11 05:00:00;86,20;15,48;
"K-B3 ACOEM SW 5";2023-10-11 04:00:00;87,20;15,41;
"K-B3 ACOEM SW 5";2023-10-11 03:00:00;88,04;15,19;
"K-B3 ACOEM SW 5";2023-10-11 02:00:00;88,75;14,99;
"K-B3 ACOEM SW 5";2023-10-11 01:00:00;87,81;15,01;
"K-B3 ACOEM SW 5";2023-10-11 00:00:00;88,04;14,83;
"K-B3 ACOEM SW 5";2023-10-10 23:00:00;89,63;14,63;
"K-B3 ACOEM SW 5";2023-10-10 22:00:00;91,79;14,44;
"K-B3 ACOEM SW 5";2023-10-10 21:00:00;93,46;14,27;
"K-B3 ACOEM SW 5";2023-10-10 20:00:00;94,58;14,01;
"K-B3 ACOEM SW 5";2023-10-10 19:00:00;95,17;13,39;
"K-B3 ACOEM SW 5";2023-10-10 18:00:00;94,83;12,32;
"K-B3 ACOEM SW 5";2023-10-10 17:00:00;93,10;10,92;
"K-B3 ACOEM SW 5";2023-10-10 16:00:00;90,79;10,15;
"K-B3 ACOEM SW 5";2023-10-10 15:00:00;88,36;9,88;
"K-B3 ACOEM SW 5";2023-10-10 14:00:00;82,11;10,07;
"K-B3 ACOEM SW 5";2023-10-10 13:00:00;73,97;10,47;
"K-B3 ACOEM SW 5";2023-10-10 12:00:00;73,31;9,32;
"K-B3 ACOEM SW 5";2023-10-10 11:00:00;79,28;7,35;
"K-B3 ACOEM SW 5";2023-10-10 10:00:00;83,32;4,54;
"K-B3 ACOEM SW 5";2023-10-10 09:00:00;86,76;3,24;
"K-B3 ACOEM SW 5";2023-10-10 08:00:00;86,45;3,07;
"K-B3 ACOEM SW 5";2023-10-10 07:00:00;87,28;3,29;
"K-B3 ACOEM SW 5";2023-10-10 06:00:00;88,21;3,64;
"K-B3 ACOEM SW 5";2023-10-10 05:00:00;89,54;4,01;
"K-B3 ACOEM SW 5";2023-10-10 04:00:00;87,79;4,48;
"K-B3 ACOEM SW 5";2023-10-10 03:00:00;90,15;4,79;
"K-B3 ACOEM SW 5";2023-10-10 02:00:00;91,17;5,12;
"K-B3 ACOEM SW 5";2023-10-10 01:00:00;90,45;5,47;
"K-B3 ACOEM SW 5";2023-10-10 00:00:00;89,72;5,82;
"K-B3 ACOEM SW 5";2023-10-09 23:00:00;87,17;6,22;
"K-B3 ACOEM SW 5";2023-10-09 22:00:00;86,49;6,82;
"K-B3 ACOEM SW 5";2023-10-09 21:00:00;80,44;7,68;
"K-B3 ACOEM SW 5";2023-10-09 20:00:00;69,97;9,07;
"K-B3 ACOEM SW 5";2023-10-09 19:00:00;62,74;10,68;
"K-B3 ACOEM SW 5";2023-10-09 18:00:00;61,34;11,52;
"K-B3 ACOEM SW 5";2023-10-09 17:00:00;62,11;11,47;
"K-B3 ACOEM SW 5";2023-10-09 16:00:00;58,38;11,71;
"K-B3 ACOEM SW 5";2023-10-09 15:00:00;52,42;12,43;
"K-B3 ACOEM SW 5";2023-10-09 14:00:00;48,18;12,53;
"K-B3 ACOEM SW 5";2023-10-09 13:00:00;42,65;12,68;
"K-B3 ACOEM SW 5";2023-10-09 12:00:00;44,02;11,20;
"K-B3 ACOEM SW 5";2023-10-09 11:00:00;59,89;8,52;
"K-B3 ACOEM SW 5";2023-10-09 10:00:00;79,56;5,19;
"K-B3 ACOEM SW 5";2023-10-09 09:00:00;85,69;3,99;
"K-B3 ACOEM SW 5";2023-10-09 08:00:00;81,52;3,83;
"K-B3 ACOEM SW 5";2023-10-09 07:00:00;82,94;3,73;
"K-B3 ACOEM SW 5";2023-10-09 06:00:00;83,87;3,96;
"K-B3 ACOEM SW 5";2023-10-09 05:00:00;77,25;4,69;
"K-B3 ACOEM SW 5";2023-10-09 04:00:00;70,91;5,36;
"K-B3 ACOEM SW 5";2023-10-09 03:00:00;67,73;6,14;
"K-B3 ACOEM SW 5";2023-10-09 02:00:00;64,80;7,10;
"K-B3 ACOEM SW 5";2023-10-09 01:00:00;64,67;7,15;
"K-B3 ACOEM SW 5";2023-10-09 00:00:00;62,82;7,52;
"K-B3 ACOEM SW 5";2023-10-08 23:00:00;62,18;7,63;
"K-B3 ACOEM SW 5";2023-10-08 22:00:00;60,62;7,92;
"K-B3 ACOEM SW 5";2023-10-08 21:00:00;59,23;8,17;
"K-B3 ACOEM SW 5";2023-10-08 20:00:00;58,50;8,41;
"K-B3 ACOEM SW 5";2023-10-08 19:00:00;56,29;8,72;
"K-B3 ACOEM SW 5";2023-10-08 18:00:00;51,99;9,79;
"K-B3 ACOEM SW 5";2023-10-08 17:00:00;45,63;10,89;
"K-B3 ACOEM SW 5";2023-10-08 16:00:00;43,71;11,54;
"K-B3 ACOEM SW 5";2023-10-08 15:00:00;42,38;11,96;
"K-B3 ACOEM SW 5";2023-10-08 14:00:00;38,76;12,63;
"K-B3 ACOEM SW 5";2023-10-08 13:00:00;32,82;13,61;
"K-B3 ACOEM SW 5";2023-10-08 12:00:00;36,57;12,36;
"K-B3 ACOEM SW 5";2023-10-08 11:00:00;46,98;9,73;
"K-B3 ACOEM SW 5";2023-10-08 10:00:00;58,65;6,76;
"K-B3 ACOEM SW 5";2023-10-08 09:00:00;69,88;4,21;
"K-B3 ACOEM SW 5";2023-10-08 08:00:00;68,88;3,87;
"K-B3 ACOEM SW 5";2023-10-08 07:00:00;62,34;4,03;
"K-B3 ACOEM SW 5";2023-10-08 06:00:00;59,96;4,59;
"K-B3 ACOEM SW 5";2023-10-08 05:00:00;59,26;4,78;
"K-B3 ACOEM SW 5";2023-10-08 04:00:00;58,71;5,05;
"K-B3 ACOEM SW 5";2023-10-08 03:00:00;60,20;5,29;
"K-B3 ACOEM SW 5";2023-10-08 02:00:00;57,17;6,05;
"K-B3 ACOEM SW 5";2023-10-08 01:00:00;53,43;6,78;
"K-B3 ACOEM SW 5";2023-10-08 00:00:00;51,25;7,49;
"K-B3 ACOEM SW 5";2023-10-07 23:00:00;52,40;7,78;
"K-B3 ACOEM SW 5";2023-10-07 22:00:00;52,24;7,98;
"K-B3 ACOEM SW 5";2023-10-07 21:00:00;57,64;8,22;
"K-B3 ACOEM SW 5";2023-10-07 20:00:00;62,67;9,03;
"K-B3 ACOEM SW 5";2023-10-07 19:00:00;57,76;10,34;
"K-B3 ACOEM SW 5";2023-10-07 18:00:00;50,68;11,97;
"K-B3 ACOEM SW 5";2023-10-07 17:00:00;44,18;13,09;
"K-B3 ACOEM SW 5";2023-10-07 16:00:00;40,52;13,40;
"K-B3 ACOEM SW 5";2023-10-07 15:00:00;34,20;15,00;
"K-B3 ACOEM SW 5";2023-10-07 14:00:00;34,32;14,56;
"K-B3 ACOEM SW 5";2023-10-07 13:00:00;41,60;12,53;
"K-B3 ACOEM SW 5";2023-10-07 12:00:00;44,06;12,05;
"K-B3 ACOEM SW 5";2023-10-07 11:00:00;46,95;11,43;
"K-B3 ACOEM SW 5";2023-10-07 10:00:00;48,34;10,65;
"K-B3 ACOEM SW 5";2023-10-07 09:00:00;53,28;10,53;
"K-B3 ACOEM SW 5";2023-10-07 08:00:00;54,93;10,77;
"K-B3 ACOEM SW 5";2023-10-07 07:00:00;54,68;10,79;
"K-B3 ACOEM SW 5";2023-10-07 06:00:00;55,07;10,97;
"K-B3 ACOEM SW 5";2023-10-07 05:00:00;56,02;11,40;
"K-B3 ACOEM SW 5";2023-10-07 04:00:00;56,16;11,74;
"K-B3 ACOEM SW 5";2023-10-07 03:00:00;58,25;12,38;
"K-B3 ACOEM SW 5";2023-10-07 02:00:00;58,14;13,02;
"K-B3 ACOEM SW 5";2023-10-07 01:00:00;57,92;13,48;
"K-B3 ACOEM SW 5";2023-10-07 00:00:00;57,17;14,09;
"K-B3 ACOEM SW 5";2023-10-06 23:00:00;66,59;14,36;
"K-B3 ACOEM SW 5";2023-10-06 22:00:00;73,29;14,23;
"K-B3 ACOEM SW 5";2023-10-06 21:00:00;72,08;14,72;
"K-B3 ACOEM SW 5";2023-10-06 20:00:00;70,93;14,97;
"K-B3 ACOEM SW 5";2023-10-06 19:00:00;68,11;15,35;
"K-B3 ACOEM SW 5";2023-10-06 18:00:00;68,52;16,20;
"K-B3 ACOEM SW 5";2023-10-06 17:00:00;68,78;17,11;
"K-B3 ACOEM SW 5";2023-10-06 16:00:00;74,01;16,87;
"K-B3 ACOEM SW 5";2023-10-06 15:00:00;78,30;16,46;
"K-B3 ACOEM SW 5";2023-10-06 14:00:00;79,82;16,72;
"K-B3 ACOEM SW 5";2023-10-06 13:00:00;84,78;16,25;
"K-B3 ACOEM SW 5";2023-10-06 12:00:00;88,09;15,79;
"K-B3 ACOEM SW 5";2023-10-06 11:00:00;92,22;15,24;
"K-B3 ACOEM SW 5";2023-10-06 10:00:00;95,61;14,07;
"K-B3 ACOEM SW 5";2023-10-06 09:00:00;94,13;12,82;
"K-B3 ACOEM SW 5";2023-10-06 08:00:00;92,99;12,56;
"K-B3 ACOEM SW 5";2023-10-06 07:00:00;96,91;12,02;
"K-B3 ACOEM SW 5";2023-10-06 06:00:00;95,15;10,55;
"K-B3 ACOEM SW 5";2023-10-06 05:00:00;91,13;10,43;
"K-B3 ACOEM SW 5";2023-10-06 04:00:00;88,93;10,99;
"K-B3 ACOEM SW 5";2023-10-06 03:00:00;86,61;11,03;
"K-B3 ACOEM SW 5";2023-10-06 02:00:00;81,08;11,21;
"K-B3 ACOEM SW 5";2023-10-06 01:00:00;77,52;11,30;
"K-B3 ACOEM SW 5";2023-10-06 00:00:00;76,05;11,25;
"K-B3 ACOEM SW 5";2023-10-05 23:00:00;74,41;11,38;
"K-B3 ACOEM SW 5";2023-10-05 22:00:00;72,18;11,56;
"K-B3 ACOEM SW 5";2023-10-05 21:00:00;67,68;12,08;
"K-B3 ACOEM SW 5";2023-10-05 20:00:00;63,88;12,75;
"K-B3 ACOEM SW 5";2023-10-05 19:00:00;60,36;13,97;
"K-B3 ACOEM SW 5";2023-10-05 18:00:00;59,89;15,42;
"K-B3 ACOEM SW 5";2023-10-05 17:00:00;58,08;16,05;
"K-B3 ACOEM SW 5";2023-10-05 16:00:00;55,94;16,21;
"K-B3 ACOEM SW 5";2023-10-05 15:00:00;51,01;17,04;
"K-B3 ACOEM SW 5";2023-10-05 14:00:00;44,78;18,22;
"K-B3 ACOEM SW 5";2023-10-05 13:00:00;47,92;16,62;
"K-B3 ACOEM SW 5";2023-10-05 12:00:00;57,19;14,14;
"K-B3 ACOEM SW 5";2023-10-05 11:00:00;67,80;12,14;
"K-B3 ACOEM SW 5";2023-10-05 10:00:00;75,94;10,15;
"K-B3 ACOEM SW 5";2023-10-05 09:00:00;83,81;8,39;
"K-B3 ACOEM SW 5";2023-10-05 08:00:00;88,11;8,18;
"K-B3 ACOEM SW 5";2023-10-05 07:00:00;91,35;8,41;
"K-B3 ACOEM SW 5";2023-10-05 06:00:00;91,16;8,58;
"K-B3 ACOEM SW 5";2023-10-05 05:00:00;88,76;8,89;
"K-B3 ACOEM SW 5";2023-10-05 04:00:00;85,73;9,89;
"K-B3 ACOEM SW 5";2023-10-05 03:00:00;86,36;10,18;
"K-B3 ACOEM SW 5";2023-10-05 02:00:00;87,05;10,58;
"K-B3 ACOEM SW 5";2023-10-05 01:00:00;88,95;10,91;
"K-B3 ACOEM SW 5";2023-10-05 00:00:00;90,68;11,31;
"K-B3 ACOEM SW 5";2023-10-04 23:00:00;89,88;11,68;
"K-B3 ACOEM SW 5";2023-10-04 22:00:00;88,40;12,01;
"K-B3 ACOEM SW 5";2023-10-04 21:00:00;87,90;11,98;
"K-B3 ACOEM SW 5";2023-10-04 20:00:00;82,89;12,49;
"K-B3 ACOEM SW 5";2023-10-04 19:00:00;71,37;13,59;
"K-B3 ACOEM SW 5";2023-10-04 18:00:00;63,83;14,64;
"K-B3 ACOEM SW 5";2023-10-04 17:00:00;56,37;15,72;
"K-B3 ACOEM SW 5";2023-10-04 16:00:00;51,38;15,86;
"K-B3 ACOEM SW 5";2023-10-04 15:00:00;47,96;16,52;
"K-B3 ACOEM SW 5";2023-10-04 14:00:00;50,41;15,80;
"K-B3 ACOEM SW 5";2023-10-04 13:00:00;54,04;14,92;
"K-B3 ACOEM SW 5";2023-10-04 12:00:00;63,38;13,11;
"K-B3 ACOEM SW 5";2023-10-04 11:00:00;66,63;12,33;
"K-B3 ACOEM SW 5";2023-10-04 10:00:00;69,82;11,56;
"K-B3 ACOEM SW 5";2023-10-04 09:00:00;75,08;10,72;
"K-B3 ACOEM SW 5";2023-10-04 08:00:00;74,83;10,62;
"K-B3 ACOEM SW 5";2023-10-04 07:00:00;74,17;10,86;
"K-B3 ACOEM SW 5";2023-10-04 06:00:00;75,18;10,99;
"K-B3 ACOEM SW 5";2023-10-04 05:00:00;78,56;10,85;
"K-B3 ACOEM SW 5";2023-10-04 04:00:00;81,49;10,69;
"K-B3 ACOEM SW 5";2023-10-04 03:00:00;83,36;10,77;
"K-B3 ACOEM SW 5";2023-10-04 02:00:00;82,64;10,95;
"K-B3 ACOEM SW 5";2023-10-04 01:00:00;81,95;11,21;
"K-B3 ACOEM SW 5";2023-10-04 00:00:00;82,85;11,11;
"K-B3 ACOEM SW 5";2023-10-03 23:00:00;82,06;11,11;
"K-B3 ACOEM SW 5";2023-10-03 22:00:00;77,99;11,66;
"K-B3 ACOEM SW 5";2023-10-03 21:00:00;73,81;12,28;
"K-B3 ACOEM SW 5";2023-10-03 20:00:00;71,20;13,04;
"K-B3 ACOEM SW 5";2023-10-03 19:00:00;67,43;14,11;
"K-B3 ACOEM SW 5";2023-10-03 18:00:00;65,95;15,18;
"K-B3 ACOEM SW 5";2023-10-03 17:00:00;64,19;15,58;
"K-B3 ACOEM SW 5";2023-10-03 16:00:00;65,94;15,86;
"K-B3 ACOEM SW 5";2023-10-03 15:00:00;64,10;16,08;
"K-B3 ACOEM SW 5";2023-10-03 14:00:00;60,25;17,07;
"K-B3 ACOEM SW 5";2023-10-03 13:00:00;70,47;15,61;
"K-B3 ACOEM SW 5";2023-10-03 12:00:00;79,08;14,04;
"K-B3 ACOEM SW 5";2023-10-03 11:00:00;86,08;12,75;
"K-B3 ACOEM SW 5";2023-10-03 10:00:00;88,32;11,88;
"K-B3 ACOEM SW 5";2023-10-03 09:00:00;88,31;11,70;
"K-B3 ACOEM SW 5";2023-10-03 08:00:00;90,97;11,77;
"K-B3 ACOEM SW 5";2023-10-03 07:00:00;91,46;11,73;
"K-B3 ACOEM SW 5";2023-10-03 06:00:00;89,88;11,81;
"K-B3 ACOEM SW 5";2023-10-03 05:00:00;89,12;11,87;
"K-B3 ACOEM SW 5";2023-10-03 04:00:00;88,60;11,90;
"K-B3 ACOEM SW 5";2023-10-03 03:00:00;87,37;12,16;
"K-B3 ACOEM SW 5";2023-10-03 02:00:00;87,31;12,16;
"K-B3 ACOEM SW 5";2023-10-03 01:00:00;87,14;12,00;
"K-B3 ACOEM SW 5";2023-10-03 00:00:00;85,47;11,95;
"K-B3 ACOEM SW 5";2023-10-02 23:00:00;82,40;12,35;
"K-B3 ACOEM SW 5";2023-10-02 22:00:00;77,77;12,96;
"K-B3 ACOEM SW 5";2023-10-02 21:00:00;72,27;13,60;
"K-B3 ACOEM SW 5";2023-10-02 20:00:00;66,95;14,46;
"K-B3 ACOEM SW 5";2023-10-02 19:00:00;59,49;15,80;
"K-B3 ACOEM SW 5";2023-10-02 18:00:00;52,07;17,07;
"K-B3 ACOEM SW 5";2023-10-02 17:00:00;47,81;18,35;
"K-B3 ACOEM SW 5";2023-10-02 16:00:00;54,61;19,29;
"K-B3 ACOEM SW 5";2023-10-02 15:00:00;62,78;19,69;
"K-B3 ACOEM SW 5";2023-10-02 14:00:00;66,25;18,43;
"K-B3 ACOEM SW 5";2023-10-02 13:00:00;69,19;17,80;
"K-B3 ACOEM SW 5";2023-10-02 12:00:00;77,08;16,67;
"K-B3 ACOEM SW 5";2023-10-02 11:00:00;85,54;15,10;
"K-B3 ACOEM SW 5";2023-10-02 10:00:00;89,78;13,91;
"K-B3 ACOEM SW 5";2023-10-02 09:00:00;91,98;13,18;
"K-B3 ACOEM SW 5";2023-10-02 08:00:00;92,44;13,13;
"K-B3 ACOEM SW 5";2023-10-02 07:00:00;92,80;13,41;
"K-B3 ACOEM SW 5";2023-10-02 06:00:00;93,09;13,75;
"K-B3 ACOEM SW 5";2023-10-02 05:00:00;93,50;14,06;
"K-B3 ACOEM SW 5";2023-10-02 04:00:00;93,64;14,50;
"K-B3 ACOEM SW 5";2023-10-02 03:00:00;93,64;14,97;
"K-B3 ACOEM SW 5";2023-10-02 02:00:00;93,86;15,09;
"K-B3 ACOEM SW 5";2023-10-02 01:00:00;94,49;14,73;
"K-B3 ACOEM SW 5";2023-10-02 00:00:00;93,73;14,33;
"K-B3 ACOEM SW 5";2023-10-01 23:00:00;92,42;14,10;
"K-B3 ACOEM SW 5";2023-10-01 22:00:00;90,69;14,07;
"K-B3 ACOEM SW 5";2023-10-01 21:00:00;88,41;14,01;
"K-B3 ACOEM SW 5";2023-10-01 20:00:00;83,52;14,62;
"K-B3 ACOEM SW 5";2023-10-01 19:00:00;78,92;14,84;
"K-B3 ACOEM SW 5";2023-10-01 18:00:00;75,09;15,33;
"K-B3 ACOEM SW 5";2023-10-01 17:00:00;69,93;16,25;
"K-B3 ACOEM SW 5";2023-10-01 16:00:00;62,88;17,50;
"K-B3 ACOEM SW 5";2023-10-01 15:00:00;57,49;17,90;
"K-B3 ACOEM SW 5";2023-10-01 14:00:00;53,17;17,69;
"K-B3 ACOEM SW 5";2023-10-01 13:00:00;57,27;16,79;
"K-B3 ACOEM SW 5";2023-10-01 12:00:00;62,62;15,25;
"K-B3 ACOEM SW 5";2023-10-01 11:00:00;71,65;12,55;
"K-B3 ACOEM SW 5";2023-10-01 10:00:00;75,47;11,38;
"K-B3 ACOEM SW 5";2023-10-01 09:00:00;79,06;10,05;
"K-B3 ACOEM SW 5";2023-10-01 08:00:00;79,47;10,14;
"K-B3 ACOEM SW 5";2023-10-01 07:00:00;77,75;10,61;
"K-B3 ACOEM SW 5";2023-10-01 06:00:00;79,70;10,41;
"K-B3 ACOEM SW 5";2023-10-01 05:00:00;78,29;10,78;
"K-B3 ACOEM SW 5";2023-10-01 04:00:00;76,22;11,36;
"K-B3 ACOEM SW 5";2023-10-01 03:00:00;76,53;11,53;
"K-B3 ACOEM SW 5";2023-10-01 02:00:00;75,96;11,76;
"K-B3 ACOEM SW 5";2023-10-01 01:00:00;77,08;11,71;
"K-B3 ACOEM SW 5";2023-10-01 00:00:00;75,95;12,03;
"K-B3 ACOEM SW 5";2023-09-30 23:00:00;75,94;12,15;
"K-B3 ACOEM SW 5";2023-09-30 22:00:00;74,61;12,55;
"K-B3 ACOEM SW 5";2023-09-30 21:00:00;72,82;13,11;
"K-B3 ACOEM SW 5";2023-09-30 20:00:00;72,02;13,72;
"K-B3 ACOEM SW 5";2023-09-30 19:00:00;67,68;14,68;
"K-B3 ACOEM SW 5";2023-09-30 18:00:00;63,29;15,67;
"K-B3 ACOEM SW 5";2023-09-30 17:00:00;57,42;16,60;
"K-B3 ACOEM SW 5";2023-09-30 16:00:00;55,52;17,16;
"K-B3 ACOEM SW 5";2023-09-30 15:00:00;56,57;17,56;
"K-B3 ACOEM SW 5";2023-09-30 14:00:00;56,86;17,46;
"K-B3 ACOEM SW 5";2023-09-30 13:00:00;60,04;16,90;
"K-B3 ACOEM SW 5";2023-09-30 12:00:00;63,08;16,52;
"K-B3 ACOEM SW 5";2023-09-30 11:00:00;67,89;15,55;
"K-B3 ACOEM SW 5";2023-09-30 10:00:00;76,47;13,64;
"K-B3 ACOEM SW 5";2023-09-30 09:00:00;80,75;12,00;
"K-B3 ACOEM SW 5";2023-09-30 08:00:00;81,12;11,55;
"K-B3 ACOEM SW 5";2023-09-30 07:00:00;80,46;11,89;
"K-B3 ACOEM SW 5";2023-09-30 06:00:00;79,56;12,61;
"K-B3 ACOEM SW 5";2023-09-30 05:00:00;83,00;12,76;
"K-B3 ACOEM SW 5";2023-09-30 04:00:00;87,82;12,24;
"K-B3 ACOEM SW 5";2023-09-30 03:00:00;88,93;12,09;
"K-B3 ACOEM SW 5";2023-09-30 02:00:00;90,52;11,95;
"K-B3 ACOEM SW 5";2023-09-30 01:00:00;89,25;12,16;
"K-B3 ACOEM SW 5";2023-09-30 00:00:00;88,18;12,26;
"K-B3 ACOEM SW 5";2023-09-29 23:00:00;87,66;12,20;
"K-B3 ACOEM SW 5";2023-09-29 22:00:00;86,66;12,41;
"K-B3 ACOEM SW 5";2023-09-29 21:00:00;84,15;13,11;
"K-B3 ACOEM SW 5";2023-09-29 20:00:00;81,85;14,26;
"K-B3 ACOEM SW 5";2023-09-29 19:00:00;81,43;15,65;
"K-B3 ACOEM SW 5";2023-09-29 18:00:00;81,63;16,30;
"K-B3 ACOEM SW 5";2023-09-29 17:00:00;79,69;16,50;
"K-B3 ACOEM SW 5";2023-09-29 16:00:00;78,16;17,16;
"K-B3 ACOEM SW 5";2023-09-29 15:00:00;78,23;16,81;
"K-B3 ACOEM SW 5";2023-09-29 14:00:00;83,49;15,91;
"K-B3 ACOEM SW 5";2023-09-29 13:00:00;82,29;15,51;
"K-B3 ACOEM SW 5";2023-09-29 12:00:00;83,37;15,48;
"K-B3 ACOEM SW 5";2023-09-29 11:00:00;84,66;15,00;
"K-B3 ACOEM SW 5";2023-09-29 10:00:00;84,27;14,52;
"K-B3 ACOEM SW 5";2023-09-29 09:00:00;87,23;14,09;
"K-B3 ACOEM SW 5";2023-09-29 08:00:00;91,06;14,51;
"K-B3 ACOEM SW 5";2023-09-29 07:00:00;90,43;14,58;
"K-B3 ACOEM SW 5";2023-09-29 06:00:00;89,22;14,70;
"K-B3 ACOEM SW 5";2023-09-29 05:00:00;87,95;14,82;
"K-B3 ACOEM SW 5";2023-09-29 04:00:00;88,07;14,75;
"K-B3 ACOEM SW 5";2023-09-29 03:00:00;89,50;14,44;
"K-B3 ACOEM SW 5";2023-09-29 02:00:00;86,18;14,50;
"K-B3 ACOEM SW 5";2023-09-29 01:00:00;85,49;14,62;
"K-B3 ACOEM SW 5";2023-09-29 00:00:00;85,48;15,19;
"K-B3 ACOEM SW 5";2023-09-28 23:00:00;85,39;15,81;
"K-B3 ACOEM SW 5";2023-09-28 22:00:00;85,19;15,90;
"K-B3 ACOEM SW 5";2023-09-28 21:00:00;86,24;15,71;
"K-B3 ACOEM SW 5";2023-09-28 20:00:00;85,06;16,18;
"K-B3 ACOEM SW 5";2023-09-28 19:00:00;84,42;16,72;
"K-B3 ACOEM SW 5";2023-09-28 18:00:00;82,14;17,02;
"K-B3 ACOEM SW 5";2023-09-28 17:00:00;81,62;17,61;
"K-B3 ACOEM SW 5";2023-09-28 16:00:00;79,53;18,08;
"K-B3 ACOEM SW 5";2023-09-28 15:00:00;75,23;18,58;
"K-B3 ACOEM SW 5";2023-09-28 14:00:00;71,25;20,02;
"K-B3 ACOEM SW 5";2023-09-28 13:00:00;86,36;18,24;
"K-B3 ACOEM SW 5";2023-09-28 12:00:00;89,86;17,27;
"K-B3 ACOEM SW 5";2023-09-28 11:00:00;89,62;17,53;
"K-B3 ACOEM SW 5";2023-09-28 10:00:00;92,14;16,92;
"K-B3 ACOEM SW 5";2023-09-28 09:00:00;92,38;16,70;
"K-B3 ACOEM SW 5";2023-09-28 08:00:00;92,32;16,55;
"K-B3 ACOEM SW 5";2023-09-28 07:00:00;93,34;16,28;
"K-B3 ACOEM SW 5";2023-09-28 06:00:00;94,07;16,21;
"K-B3 ACOEM SW 5";2023-09-28 05:00:00;93,93;15,70;
"K-B3 ACOEM SW 5";2023-09-28 04:00:00;90,44;14,97;
"K-B3 ACOEM SW 5";2023-09-28 03:00:00;89,72;14,81;
"K-B3 ACOEM SW 5";2023-09-28 02:00:00;92,02;14,12;
"K-B3 ACOEM SW 5";2023-09-28 01:00:00;91,56;13,81;
"K-B3 ACOEM SW 5";2023-09-28 00:00:00;91,19;13,59;
"K-B3 ACOEM SW 5";2023-09-27 23:00:00;88,32;14,23;
"K-B3 ACOEM SW 5";2023-09-27 22:00:00;86,79;14,69;
"K-B3 ACOEM SW 5";2023-09-27 21:00:00;84,59;15,12;
"K-B3 ACOEM SW 5";2023-09-27 20:00:00;82,10;15,61;
"K-B3 ACOEM SW 5";2023-09-27 19:00:00;78,08;17,09;
"K-B3 ACOEM SW 5";2023-09-27 18:00:00;71,14;18,34;
"K-B3 ACOEM SW 5";2023-09-27 17:00:00;65,61;19,83;
"K-B3 ACOEM SW 5";2023-09-27 16:00:00;56,24;21,27;
"K-B3 ACOEM SW 5";2023-09-27 15:00:00;56,86;20,83;
"K-B3 ACOEM SW 5";2023-09-27 14:00:00;63,01;19,38;
"K-B3 ACOEM SW 5";2023-09-27 13:00:00;65,93;18,76;
"K-B3 ACOEM SW 5";2023-09-27 12:00:00;77,30;18,72;
"K-B3 ACOEM SW 5";2023-09-27 11:00:00;85,54;17,91;
"K-B3 ACOEM SW 5";2023-09-27 10:00:00;89,18;16,92;
"K-B3 ACOEM SW 5";2023-09-27 09:00:00;94,02;16,11;
"K-B3 ACOEM SW 5";2023-09-27 08:00:00;94,71;16,09;
"K-B3 ACOEM SW 5";2023-09-27 07:00:00;93,52;15,95;
"K-B3 ACOEM SW 5";2023-09-27 06:00:00;92,85;15,77;
"K-B3 ACOEM SW 5";2023-09-27 05:00:00;90,81;16,00;
"K-B3 ACOEM SW 5";2023-09-27 04:00:00;90,72;16,12;
"K-B3 ACOEM SW 5";2023-09-27 03:00:00;89,40;16,16;
"K-B3 ACOEM SW 5";2023-09-27 02:00:00;89,50;16,18;
"K-B3 ACOEM SW 5";2023-09-27 01:00:00;90,39;16,34;
"K-B3 ACOEM SW 5";2023-09-27 00:00:00;90,82;16,33;
"K-B3 ACOEM SW 5";2023-09-26 23:00:00;90,37;16,53;
"K-B3 ACOEM SW 5";2023-09-26 22:00:00;91,62;16,49;
"K-B3 ACOEM SW 5";2023-09-26 21:00:00;92,98;15,97;
"K-B3 ACOEM SW 5";2023-09-26 20:00:00;92,98;15,90;
"K-B3 ACOEM SW 5";2023-09-26 19:00:00;92,18;16,00;
"K-B3 ACOEM SW 5";2023-09-26 18:00:00;89,62;15,88;
"K-B3 ACOEM SW 5";2023-09-26 17:00:00;84,32;16,31;
"K-B3 ACOEM SW 5";2023-09-26 16:00:00;82,35;16,86;
"K-B3 ACOEM SW 5";2023-09-26 15:00:00;82,47;17,45;
"K-B3 ACOEM SW 5";2023-09-26 14:00:00;84,94;17,32;
"K-B3 ACOEM SW 5";2023-09-26 13:00:00;82,18;17,85;
"K-B3 ACOEM SW 5";2023-09-26 12:00:00;88,04;16,61;
"K-B3 ACOEM SW 5";2023-09-26 11:00:00;92,51;15,29;
"K-B3 ACOEM SW 5";2023-09-26 10:00:00;94,89;13,77;
"K-B3 ACOEM SW 5";2023-09-26 09:00:00;95,68;12,60;
"K-B3 ACOEM SW 5";2023-09-26 08:00:00;95,57;12,11;
"K-B3 ACOEM SW 5";2023-09-26 07:00:00;95,32;12,22;
"K-B3 ACOEM SW 5";2023-09-26 06:00:00;95,16;12,31;
"K-B3 ACOEM SW 5";2023-09-26 05:00:00;94,96;12,74;
"K-B3 ACOEM SW 5";2023-09-26 04:00:00;95,46;12,96;
"K-B3 ACOEM SW 5";2023-09-26 03:00:00;95,24;13,18;
"K-B3 ACOEM SW 5";2023-09-26 02:00:00;93,68;13,58;
"K-B3 ACOEM SW 5";2023-09-26 01:00:00;94,66;13,95;
"K-B3 ACOEM SW 5";2023-09-26 00:00:00;93,91;14,20;
"K-B3 ACOEM SW 5";2023-09-25 23:00:00;93,12;14,46;
"K-B3 ACOEM SW 5";2023-09-25 22:00:00;92,72;14,83;
"K-B3 ACOEM SW 5";2023-09-25 21:00:00;91,95;15,27;
"K-B3 ACOEM SW 5";2023-09-25 20:00:00;90,93;16,00;
"K-B3 ACOEM SW 5";2023-09-25 19:00:00;91,98;16,49;
"K-B3 ACOEM SW 5";2023-09-25 18:00:00;90,44;16,83;
"K-B3 ACOEM SW 5";2023-09-25 17:00:00;92,75;16,59;
"K-B3 ACOEM SW 5";2023-09-25 16:00:00;95,10;16,03;
"K-B3 ACOEM SW 5";2023-09-25 15:00:00;94,67;15,77;
"K-B3 ACOEM SW 5";2023-09-25 14:00:00;90,70;16,10;
"K-B3 ACOEM SW 5";2023-09-25 13:00:00;88,37;16,18;
"K-B3 ACOEM SW 5";2023-09-25 12:00:00;87,20;16,06;
"K-B3 ACOEM SW 5";2023-09-25 11:00:00;86,71;16,01;
"K-B3 ACOEM SW 5";2023-09-25 10:00:00;86,48;15,70;
"K-B3 ACOEM SW 5";2023-09-25 09:00:00;86,96;15,36;
"K-B3 ACOEM SW 5";2023-09-25 08:00:00;88,61;15,05;
"K-B3 ACOEM SW 5";2023-09-25 07:00:00;89,51;15,04;
"K-B3 ACOEM SW 5";2023-09-25 06:00:00;91,14;14,91;
"K-B3 ACOEM SW 5";2023-09-25 05:00:00;92,19;14,77;
"K-B3 ACOEM SW 5";2023-09-25 04:00:00;92,50;14,79;
"K-B3 ACOEM SW 5";2023-09-25 03:00:00;92,20;15,04;
"K-B3 ACOEM SW 5";2023-09-25 02:00:00;91,64;15,27;
"K-B3 ACOEM SW 5";2023-09-25 01:00:00;91,14;15,36;
"K-B3 ACOEM SW 5";2023-09-25 00:00:00;92,12;15,24;
"K-B3 ACOEM SW 5";2023-09-24 23:00:00;93,00;15,18;
"K-B3 ACOEM SW 5";2023-09-24 22:00:00;93,77;14,59;
"K-B3 ACOEM SW 5";2023-09-24 21:00:00;92,50;14,52;
"K-B3 ACOEM SW 5";2023-09-24 20:00:00;86,12;15,10;
"K-B3 ACOEM SW 5";2023-09-24 19:00:00;79,00;15,87;
"K-B3 ACOEM SW 5";2023-09-24 18:00:00;77,81;16,42;
"K-B3 ACOEM SW 5";2023-09-24 17:00:00;74,50;16,83;
"K-B3 ACOEM SW 5";2023-09-24 16:00:00;77,25;16,35;
"K-B3 ACOEM SW 5";2023-09-24 15:00:00;76,39;15,59;
"K-B3 ACOEM SW 5";2023-09-24 14:00:00;66,35;15,98;
"K-B3 ACOEM SW 5";2023-09-24 13:00:00;57,78;16,67;
"K-B3 ACOEM SW 5";2023-09-24 12:00:00;53,40;16,38;
"K-B3 ACOEM SW 5";2023-09-24 11:00:00;59,91;14,81;
"K-B3 ACOEM SW 5";2023-09-24 10:00:00;70,02;12,29;
"K-B3 ACOEM SW 5";2023-09-24 09:00:00;80,12;9,92;
"K-B3 ACOEM SW 5";2023-09-24 08:00:00;83,20;8,81;
"K-B3 ACOEM SW 5";2023-09-24 07:00:00;82,03;8,92;
"K-B3 ACOEM SW 5";2023-09-24 06:00:00;79,36;9,29;
"K-B3 ACOEM SW 5";2023-09-24 05:00:00;77,70;9,51;
"K-B3 ACOEM SW 5";2023-09-24 04:00:00;78,54;9,41;
"K-B3 ACOEM SW 5";2023-09-24 03:00:00;81,08;9,03;
"K-B3 ACOEM SW 5";2023-09-24 02:00:00;79,84;9,36;
"K-B3 ACOEM SW 5";2023-09-24 01:00:00;76,12;10,24;
"K-B3 ACOEM SW 5";2023-09-24 00:00:00;74,52;10,73;
"K-B3 ACOEM SW 5";2023-09-23 23:00:00;72,28;11,34;
"K-B3 ACOEM SW 5";2023-09-23 22:00:00;71,43;11,94;
"K-B3 ACOEM SW 5";2023-09-23 21:00:00;70,57;12,84;
"K-B3 ACOEM SW 5";2023-09-23 20:00:00;66,03;14,11;
"K-B3 ACOEM SW 5";2023-09-23 19:00:00;61,72;15,76;
"K-B3 ACOEM SW 5";2023-09-23 18:00:00;57,16;16,65;
"K-B3 ACOEM SW 5";2023-09-23 17:00:00;54,56;17,95;
"K-B3 ACOEM SW 5";2023-09-23 16:00:00;53,84;18,18;
"K-B3 ACOEM SW 5";2023-09-23 15:00:00;56,63;17,56;
"K-B3 ACOEM SW 5";2023-09-23 14:00:00;55,67;19,08;
"K-B3 ACOEM SW 5";2023-09-23 13:00:00;62,28;17,81;
"K-B3 ACOEM SW 5";2023-09-23 12:00:00;68,49;17,10;
"K-B3 ACOEM SW 5";2023-09-23 11:00:00;78,81;14,69;
"K-B3 ACOEM SW 5";2023-09-23 10:00:00;90,70;11,09;
"K-B3 ACOEM SW 5";2023-09-23 09:00:00;93,31;9,79;
"K-B3 ACOEM SW 5";2023-09-23 08:00:00;91,01;10,04;
"K-B3 ACOEM SW 5";2023-09-23 07:00:00;89,47;10,72;
"K-B3 ACOEM SW 5";2023-09-23 06:00:00;87,29;11,08;
"K-B3 ACOEM SW 5";2023-09-23 05:00:00;88,11;11,23;
"K-B3 ACOEM SW 5";2023-09-23 04:00:00;87,89;11,43;
"K-B3 ACOEM SW 5";2023-09-23 03:00:00;89,04;11,76;
"K-B3 ACOEM SW 5";2023-09-23 02:00:00;88,54;12,11;
"K-B3 ACOEM SW 5";2023-09-23 01:00:00;88,19;12,30;
"K-B3 ACOEM SW 5";2023-09-23 00:00:00;88,30;12,55;
"K-B3 ACOEM SW 5";2023-09-22 23:00:00;85,57;13,32;
"K-B3 ACOEM SW 5";2023-09-22 22:00:00;83,80;14,01;
"K-B3 ACOEM SW 5";2023-09-22 21:00:00;81,29;14,55;
"K-B3 ACOEM SW 5";2023-09-22 20:00:00;79,65;14,86;
"K-B3 ACOEM SW 5";2023-09-22 19:00:00;77,95;15,37;
"K-B3 ACOEM SW 5";2023-09-22 18:00:00;73,32;16,36;
"K-B3 ACOEM SW 5";2023-09-22 17:00:00;66,28;18,07;
"K-B3 ACOEM SW 5";2023-09-22 16:00:00;64,85;18,30;
"K-B3 ACOEM SW 5";2023-09-22 15:00:00;59,02;19,51;
"K-B3 ACOEM SW 5";2023-09-22 14:00:00;60,75;18,95;
"K-B3 ACOEM SW 5";2023-09-22 13:00:00;64,30;18,66;
"K-B3 ACOEM SW 5";2023-09-22 12:00:00;70,47;16,81;
"K-B3 ACOEM SW 5";2023-09-22 11:00:00;84,39;13,56;
"K-B3 ACOEM SW 5";2023-09-22 10:00:00;89,55;12,57;
"K-B3 ACOEM SW 5";2023-09-22 09:00:00;89,50;12,00;
"K-B3 ACOEM SW 5";2023-09-22 08:00:00;89,80;11,92;
"K-B3 ACOEM SW 5";2023-09-22 07:00:00;92,53;12,03;
"K-B3 ACOEM SW 5";2023-09-22 06:00:00;91,92;12,22;
"K-B3 ACOEM SW 5";2023-09-22 05:00:00;91,49;12,57;
"K-B3 ACOEM SW 5";2023-09-22 04:00:00;91,59;13,27;
"K-B3 ACOEM SW 5";2023-09-22 03:00:00;93,02;14,17;
"K-B3 ACOEM SW 5";2023-09-22 02:00:00;94,01;14,28;
"K-B3 ACOEM SW 5";2023-09-22 01:00:00;92,99;14,46;
"K-B3 ACOEM SW 5";2023-09-22 00:00:00;91,19;14,88;
"K-B3 ACOEM SW 5";2023-09-21 23:00:00;90,40;14,97;
"K-B3 ACOEM SW 5";2023-09-21 22:00:00;92,08;15,27;
"K-B3 ACOEM SW 5";2023-09-21 21:00:00;92,71;15,36;
"K-B3 ACOEM SW 5";2023-09-21 20:00:00;92,35;15,50;
"K-B3 ACOEM SW 5";2023-09-21 19:00:00;91,53;15,67;
"K-B3 ACOEM SW 5";2023-09-21 18:00:00;90,67;15,77;
"K-B3 ACOEM SW 5";2023-09-21 17:00:00;92,63;15,63;
"K-B3 ACOEM SW 5";2023-09-21 16:00:00;93,18;15,21;
"K-B3 ACOEM SW 5";2023-09-21 15:00:00;91,67;16,49;
"K-B3 ACOEM SW 5";2023-09-21 14:00:00;94,20;16,76;
"K-B3 ACOEM SW 5";2023-09-21 13:00:00;93,36;16,66;
"K-B3 ACOEM SW 5";2023-09-21 12:00:00;94,71;16,51;
"K-B3 ACOEM SW 5";2023-09-21 11:00:00;91,14;16,86;
"K-B3 ACOEM SW 5";2023-09-21 10:00:00;89,97;16,92;
"K-B3 ACOEM SW 5";2023-09-21 09:00:00;89,06;16,92;
"K-B3 ACOEM SW 5";2023-09-21 08:00:00;89,17;16,91;
"K-B3 ACOEM SW 5";2023-09-21 07:00:00;91,24;16,89;
"K-B3 ACOEM SW 5";2023-09-21 06:00:00;92,81;16,86;
"K-B3 ACOEM SW 5";2023-09-21 05:00:00;93,23;16,99;
"K-B3 ACOEM SW 5";2023-09-21 04:00:00;94,83;16,81;
"K-B3 ACOEM SW 5";2023-09-21 03:00:00;95,64;16,70;
"K-B3 ACOEM SW 5";2023-09-21 02:00:00;95,07;16,68;
"K-B3 ACOEM SW 5";2023-09-21 01:00:00;92,50;17,02;
"K-B3 ACOEM SW 5";2023-09-21 00:00:00;92,49;17,02;
"K-B3 ACOEM SW 5";2023-09-20 23:00:00;94,61;16,87;
"K-B3 ACOEM SW 5";2023-09-20 22:00:00;94,79;16,69;
"K-B3 ACOEM SW 5";2023-09-20 21:00:00;93,46;16,87;
"K-B3 ACOEM SW 5";2023-09-20 20:00:00;92,51;16,83;
"K-B3 ACOEM SW 5";2023-09-20 19:00:00;89,09;17,02;
"K-B3 ACOEM SW 5";2023-09-20 18:00:00;87,97;17,24;
"K-B3 ACOEM SW 5";2023-09-20 17:00:00;88,10;17,58;
"K-B3 ACOEM SW 5";2023-09-20 16:00:00;88,79;17,54;
"K-B3 ACOEM SW 5";2023-09-20 15:00:00;88,51;17,78;
"K-B3 ACOEM SW 5";2023-09-20 14:00:00;90,27;17,44;
"K-B3 ACOEM SW 5";2023-09-20 13:00:00;90,57;17,19;
"K-B3 ACOEM SW 5";2023-09-20 12:00:00;96,53;15,61;
"K-B3 ACOEM SW 5";2023-09-20 11:00:00;93,59;12,98;
"K-B3 ACOEM SW 5";2023-09-20 10:00:00;94,34;12,26;
"K-B3 ACOEM SW 5";2023-09-20 09:00:00;95,16;11,72;
"K-B3 ACOEM SW 5";2023-09-20 08:00:00;94,66;11,71;
"K-B3 ACOEM SW 5";2023-09-20 07:00:00;92,30;12,07;
"K-B3 ACOEM SW 5";2023-09-20 06:00:00;91,31;12,03;
"K-B3 ACOEM SW 5";2023-09-20 05:00:00;90,62;11,89;
"K-B3 ACOEM SW 5";2023-09-20 04:00:00;91,31;11,65;
"K-B3 ACOEM SW 5";2023-09-20 03:00:00;91,32;11,54;
"K-B3 ACOEM SW 5";2023-09-20 02:00:00;91,48;11,36;
"K-B3 ACOEM SW 5";2023-09-20 01:00:00;92,19;11,10;
"K-B3 ACOEM SW 5";2023-09-20 00:00:00;92,12;11,11;
"K-B3 ACOEM SW 5";2023-09-19 23:00:00;91,80;11,32;
"K-B3 ACOEM SW 5";2023-09-19 22:00:00;90,83;11,47;
"K-B3 ACOEM SW 5";2023-09-19 21:00:00;89,41;11,69;
"K-B3 ACOEM SW 5";2023-09-19 20:00:00;87,49;11,83;
"K-B3 ACOEM SW 5";2023-09-19 19:00:00;85,75;11,85;
"K-B3 ACOEM SW 5";2023-09-19 18:00:00;84,84;12,00;
"K-B3 ACOEM SW 5";2023-09-19 17:00:00;75,55;13,58;
"K-B3 ACOEM SW 5";2023-09-19 16:00:00;61,27;15,74;
"K-B3 ACOEM SW 5";2023-09-19 15:00:00;57,82;16,74;
"K-B3 ACOEM SW 5";2023-09-19 14:00:00;61,38;16,42;
"K-B3 ACOEM SW 5";2023-09-19 13:00:00;66,14;15,46;
"K-B3 ACOEM SW 5";2023-09-19 12:00:00;72,85;14,06;
"K-B3 ACOEM SW 5";2023-09-19 11:00:00;77,85;14,36;
"K-B3 ACOEM SW 5";2023-09-19 10:00:00;87,71;12,97;
"K-B3 ACOEM SW 5";2023-09-19 09:00:00;90,07;12,76;
"K-B3 ACOEM SW 5";2023-09-19 08:00:00;91,53;13,21;
"K-B3 ACOEM SW 5";2023-09-19 07:00:00;93,89;13,64;
"K-B3 ACOEM SW 5";2023-09-19 06:00:00;93,29;14,10;
"K-B3 ACOEM SW 5";2023-09-19 05:00:00;94,10;14,58;
"K-B3 ACOEM SW 5";2023-09-19 04:00:00;94,26;16,06;
"K-B3 ACOEM SW 5";2023-09-19 03:00:00;96,14;16,37;
"K-B3 ACOEM SW 5";2023-09-19 02:00:00;94,88;16,53;
"K-B3 ACOEM SW 5";2023-09-19 01:00:00;94,27;16,58;
"K-B3 ACOEM SW 5";2023-09-19 00:00:00;92,98;16,65;
"K-B3 ACOEM SW 5";2023-09-18 23:00:00;92,81;16,74;
"K-B3 ACOEM SW 5";2023-09-18 22:00:00;94,37;17,10;
"K-B3 ACOEM SW 5";2023-09-18 21:00:00;94,96;17,21;
"K-B3 ACOEM SW 5";2023-09-18 20:00:00;95,13;17,32;
"K-B3 ACOEM SW 5";2023-09-18 19:00:00;95,79;17,25;
"K-B3 ACOEM SW 5";2023-09-18 18:00:00;96,30;17,04;
"K-B3 ACOEM SW 5";2023-09-18 17:00:00;95,94;16,56;
"K-B3 ACOEM SW 5";2023-09-18 16:00:00;93,67;16,37;
"K-B3 ACOEM SW 5";2023-09-18 15:00:00;91,15;16,58;
"K-B3 ACOEM SW 5";2023-09-18 14:00:00;91,03;16,57;
"K-B3 ACOEM SW 5";2023-09-18 13:00:00;90,86;16,65;
"K-B3 ACOEM SW 5";2023-09-18 12:00:00;91,48;16,52;
"K-B3 ACOEM SW 5";2023-09-18 11:00:00;92,39;16,31;
"K-B3 ACOEM SW 5";2023-09-18 10:00:00;92,54;16,13;
"K-B3 ACOEM SW 5";2023-09-18 09:00:00;92,33;15,75;
"K-B3 ACOEM SW 5";2023-09-18 08:00:00;92,52;15,27;
"K-B3 ACOEM SW 5";2023-09-18 07:00:00;92,85;14,99;
"K-B3 ACOEM SW 5";2023-09-18 06:00:00;92,58;15,36;
"K-B3 ACOEM SW 5";2023-09-18 05:00:00;91,85;15,69;
"K-B3 ACOEM SW 5";2023-09-18 04:00:00;93,33;14,57;
"K-B3 ACOEM SW 5";2023-09-18 03:00:00;91,84;14,25;
"K-B3 ACOEM SW 5";2023-09-18 02:00:00;90,24;14,14;
"K-B3 ACOEM SW 5";2023-09-18 01:00:00;83,61;14,45;
"K-B3 ACOEM SW 5";2023-09-18 00:00:00;80,38;14,62;
"K-B3 ACOEM SW 5";2023-09-17 23:00:00;75,88;15,28;
"K-B3 ACOEM SW 5";2023-09-17 22:00:00;73,61;15,41;
"K-B3 ACOEM SW 5";2023-09-17 21:00:00;71,33;15,36;
"K-B3 ACOEM SW 5";2023-09-17 20:00:00;70,05;15,04;
"K-B3 ACOEM SW 5";2023-09-17 19:00:00;69,79;14,84;
"K-B3 ACOEM SW 5";2023-09-17 18:00:00;69,11;14,87;
"K-B3 ACOEM SW 5";2023-09-17 17:00:00;69,29;14,66;
"K-B3 ACOEM SW 5";2023-09-17 16:00:00;68,07;14,81;
"K-B3 ACOEM SW 5";2023-09-17 15:00:00;66,23;15,14;
"K-B3 ACOEM SW 5";2023-09-17 14:00:00;62,19;15,39;
"K-B3 ACOEM SW 5";2023-09-17 13:00:00;61,14;15,25;
"K-B3 ACOEM SW 5";2023-09-17 12:00:00;64,31;14,49;
"K-B3 ACOEM SW 5";2023-09-17 11:00:00;68,50;13,41;
"K-B3 ACOEM SW 5";2023-09-17 10:00:00;70,36;12,30;
"K-B3 ACOEM SW 5";2023-09-17 09:00:00;72,96;11,05;
"K-B3 ACOEM SW 5";2023-09-17 08:00:00;75,89;10,06;
"K-B3 ACOEM SW 5";2023-09-17 07:00:00;75,18;10,46;
"K-B3 ACOEM SW 5";2023-09-17 06:00:00;73,93;11,12;
"K-B3 ACOEM SW 5";2023-09-17 05:00:00;73,96;11,69;
"K-B3 ACOEM SW 5";2023-09-17 04:00:00;75,45;11,96;
"K-B3 ACOEM SW 5";2023-09-17 03:00:00;77,22;12,03;
"K-B3 ACOEM SW 5";2023-09-17 02:00:00;78,94;11,88;
"K-B3 ACOEM SW 5";2023-09-17 01:00:00;80,04;11,83;
"K-B3 ACOEM SW 5";2023-09-17 00:00:00;81,07;12,18;
"K-B3 ACOEM SW 5";2023-09-16 23:00:00;83,00;12,69;
"K-B3 ACOEM SW 5";2023-09-16 22:00:00;86,33;14,78;
"K-B3 ACOEM SW 5";2023-09-16 21:00:00;88,14;16,15;
"K-B3 ACOEM SW 5";2023-09-16 20:00:00;84,05;17,28;
"K-B3 ACOEM SW 5";2023-09-16 19:00:00;81,38;17,87;
"K-B3 ACOEM SW 5";2023-09-16 18:00:00;77,54;18,64;
"K-B3 ACOEM SW 5";2023-09-16 17:00:00;75,32;19,08;
"K-B3 ACOEM SW 5";2023-09-16 16:00:00;70,80;20,02;
"K-B3 ACOEM SW 5";2023-09-16 15:00:00;69,34;20,59;
"K-B3 ACOEM SW 5";2023-09-16 14:00:00;72,81;19,54;
"K-B3 ACOEM SW 5";2023-09-16 13:00:00;73,41;19,46;
"K-B3 ACOEM SW 5";2023-09-16 12:00:00;79,06;18,33;
"K-B3 ACOEM SW 5";2023-09-16 11:00:00;84,08;17,23;
"K-B3 ACOEM SW 5";2023-09-16 10:00:00;89,67;15,19;
"K-B3 ACOEM SW 5";2023-09-16 09:00:00;93,80;13,14;
"K-B3 ACOEM SW 5";2023-09-16 08:00:00;94,96;12,31;
"K-B3 ACOEM SW 5";2023-09-16 07:00:00;95,07;12,24;
"K-B3 ACOEM SW 5";2023-09-16 06:00:00;94,81;12,43;
"K-B3 ACOEM SW 5";2023-09-16 05:00:00;95,34;12,27;
"K-B3 ACOEM SW 5";2023-09-16 04:00:00;94,93;12,24;
"K-B3 ACOEM SW 5";2023-09-16 03:00:00;93,86;12,43;
"K-B3 ACOEM SW 5";2023-09-16 02:00:00;94,65;12,39;
"K-B3 ACOEM SW 5";2023-09-16 01:00:00;93,26;12,78;
"K-B3 ACOEM SW 5";2023-09-16 00:00:00;94,17;13,01;
"K-B3 ACOEM SW 5";2023-09-15 23:00:00;92,11;13,22;
"K-B3 ACOEM SW 5";2023-09-15 22:00:00;91,58;13,61;
"K-B3 ACOEM SW 5";2023-09-15 21:00:00;89,82;14,23;
"K-B3 ACOEM SW 5";2023-09-15 20:00:00;88,92;14,50;
"K-B3 ACOEM SW 5";2023-09-15 19:00:00;87,78;14,73;
"K-B3 ACOEM SW 5";2023-09-15 18:00:00;87,77;14,91;
"K-B3 ACOEM SW 5";2023-09-15 17:00:00;84,18;16,21;
"K-B3 ACOEM SW 5";2023-09-15 16:00:00;84,25;16,60;
"K-B3 ACOEM SW 5";2023-09-15 15:00:00;82,33;16,89;
"K-B3 ACOEM SW 5";2023-09-15 14:00:00;83,57;16,60;
"K-B3 ACOEM SW 5";2023-09-15 13:00:00;85,01;16,38;
"K-B3 ACOEM SW 5";2023-09-15 12:00:00;85,17;16,19;
"K-B3 ACOEM SW 5";2023-09-15 11:00:00;88,79;15,27;
"K-B3 ACOEM SW 5";2023-09-15 10:00:00;92,38;13,93;
"K-B3 ACOEM SW 5";2023-09-15 09:00:00;93,28;12,81;
"K-B3 ACOEM SW 5";2023-09-15 08:00:00;93,70;12,27;
"K-B3 ACOEM SW 5";2023-09-15 07:00:00;93,66;12,08;
"K-B3 ACOEM SW 5";2023-09-15 06:00:00;93,24;12,12;
"K-B3 ACOEM SW 5";2023-09-15 05:00:00;93,06;12,23;
"K-B3 ACOEM SW 5";2023-09-15 04:00:00;92,91;12,47;
"K-B3 ACOEM SW 5";2023-09-15 03:00:00;91,99;12,43;
"K-B3 ACOEM SW 5";2023-09-15 02:00:00;91,78;12,58;
"K-B3 ACOEM SW 5";2023-09-15 01:00:00;91,08;12,87;
"K-B3 ACOEM SW 5";2023-09-15 00:00:00;90,34;13,39;
"K-B3 ACOEM SW 5";2023-09-14 23:00:00;90,64;13,40;
"K-B3 ACOEM SW 5";2023-09-14 22:00:00;89,95;13,66;
"K-B3 ACOEM SW 5";2023-09-14 21:00:00;89,24;13,75;
"K-B3 ACOEM SW 5";2023-09-14 20:00:00;84,47;13,93;
"K-B3 ACOEM SW 5";2023-09-14 19:00:00;74,33;15,02;
"K-B3 ACOEM SW 5";2023-09-14 18:00:00;65,04;15,65;
"K-B3 ACOEM SW 5";2023-09-14 17:00:00;65,51;15,92;
"K-B3 ACOEM SW 5";2023-09-14 16:00:00;69,11;15,99;
"K-B3 ACOEM SW 5";2023-09-14 15:00:00;68,19;16,22;
"K-B3 ACOEM SW 5";2023-09-14 14:00:00;67,88;16,00;
"K-B3 ACOEM SW 5";2023-09-14 13:00:00;67,74;15,49;
"K-B3 ACOEM SW 5";2023-09-14 12:00:00;67,20;13,85;
"K-B3 ACOEM SW 5";2023-09-14 11:00:00;67,52;12,58;
"K-B3 ACOEM SW 5";2023-09-14 10:00:00;67,48;11,78;
"K-B3 ACOEM SW 5";2023-09-14 09:00:00;68,62;10,99;
"K-B3 ACOEM SW 5";2023-09-14 08:00:00;68,63;10,67;
"K-B3 ACOEM SW 5";2023-09-14 07:00:00;68,69;10,57;
"K-B3 ACOEM SW 5";2023-09-14 06:00:00;67,45;10,69;
"K-B3 ACOEM SW 5";2023-09-14 05:00:00;67,63;10,91;
"K-B3 ACOEM SW 5";2023-09-14 04:00:00;73,78;10,88;
"K-B3 ACOEM SW 5";2023-09-14 03:00:00;80,33;10,66;
"K-B3 ACOEM SW 5";2023-09-14 02:00:00;82,85;10,54;
"K-B3 ACOEM SW 5";2023-09-14 01:00:00;82,86;10,59;
"K-B3 ACOEM SW 5";2023-09-14 00:00:00;80,81;10,84;
"K-B3 ACOEM SW 5";2023-09-13 23:00:00;75,06;11,20;
"K-B3 ACOEM SW 5";2023-09-13 22:00:00;69,41;11,94;
"K-B3 ACOEM SW 5";2023-09-13 21:00:00;60,14;13,24;
"K-B3 ACOEM SW 5";2023-09-13 20:00:00;53,30;15,42;
"K-B3 ACOEM SW 5";2023-09-13 19:00:00;48,98;16,81;
"K-B3 ACOEM SW 5";2023-09-13 18:00:00;46,81;17,30;
"K-B3 ACOEM SW 5";2023-09-13 17:00:00;42,25;18,69;
"K-B3 ACOEM SW 5";2023-09-13 16:00:00;38,46;19,69;
"K-B3 ACOEM SW 5";2023-09-13 15:00:00;38,04;19,64;
"K-B3 ACOEM SW 5";2023-09-13 14:00:00;37,32;19,63;
"K-B3 ACOEM SW 5";2023-09-13 13:00:00;35,76;18,86;
"K-B3 ACOEM SW 5";2023-09-13 12:00:00;38,12;17,76;
"K-B3 ACOEM SW 5";2023-09-13 11:00:00;48,82;14,07;
"K-B3 ACOEM SW 5";2023-09-13 10:00:00;53,98;12,31;
"K-B3 ACOEM SW 5";2023-09-13 09:00:00;55,81;12,01;
"K-B3 ACOEM SW 5";2023-09-13 08:00:00;61,26;11,07;
"K-B3 ACOEM SW 5";2023-09-13 07:00:00;61,52;11,19;
"K-B3 ACOEM SW 5";2023-09-13 06:00:00;63,04;11,24;
"K-B3 ACOEM SW 5";2023-09-13 05:00:00;62,31;11,95;
"K-B3 ACOEM SW 5";2023-09-13 04:00:00;57,70;12,78;
"K-B3 ACOEM SW 5";2023-09-13 03:00:00;54,83;13,48;
"K-B3 ACOEM SW 5";2023-09-13 02:00:00;52,35;13,97;
"K-B3 ACOEM SW 5";2023-09-13 01:00:00;52,14;13,93;
"K-B3 ACOEM SW 5";2023-09-13 00:00:00;53,18;13,93;
"K-B3 ACOEM SW 5";2023-09-12 23:00:00;55,26;13,99;
"K-B3 ACOEM SW 5";2023-09-12 22:00:00;53,62;14,70;
"K-B3 ACOEM SW 5";2023-09-12 21:00:00;48,56;16,05;
"K-B3 ACOEM SW 5";2023-09-12 20:00:00;43,63;17,84;
"K-B3 ACOEM SW 5";2023-09-12 19:00:00;42,68;18,63;
"K-B3 ACOEM SW 5";2023-09-12 18:00:00;38,71;19,57;
"K-B3 ACOEM SW 5";2023-09-12 17:00:00;36,08;21,22;
"K-B3 ACOEM SW 5";2023-09-12 16:00:00;39,21;21,91;
"K-B3 ACOEM SW 5";2023-09-12 15:00:00;45,76;21,46;
"K-B3 ACOEM SW 5";2023-09-12 14:00:00;49,45;20,75;
"K-B3 ACOEM SW 5";2023-09-12 13:00:00;52,70;20,08;
"K-B3 ACOEM SW 5";2023-09-12 12:00:00;56,48;18,39;
"K-B3 ACOEM SW 5";2023-09-12 11:00:00;57,93;17,92;
"K-B3 ACOEM SW 5";2023-09-12 10:00:00;61,03;17,43;
"K-B3 ACOEM SW 5";2023-09-12 09:00:00;74,49;16,60;
"K-B3 ACOEM SW 5";2023-09-12 08:00:00;88,49;15,95;
"K-B3 ACOEM SW 5";2023-09-12 07:00:00;93,39;15,73;
"K-B3 ACOEM SW 5";2023-09-12 06:00:00;94,27;15,86;
"K-B3 ACOEM SW 5";2023-09-12 05:00:00;94,12;16,17;
"K-B3 ACOEM SW 5";2023-09-12 04:00:00;93,58;16,76;
"K-B3 ACOEM SW 5";2023-09-12 03:00:00;94,25;17,14;
"K-B3 ACOEM SW 5";2023-09-12 02:00:00;93,74;17,64;
"K-B3 ACOEM SW 5";2023-09-12 01:00:00;94,34;17,78;
"K-B3 ACOEM SW 5";2023-09-12 00:00:00;95,42;17,66;
"K-B3 ACOEM SW 5";2023-09-11 23:00:00;95,55;17,87;
"K-B3 ACOEM SW 5";2023-09-11 22:00:00;93,74;18,28;
"K-B3 ACOEM SW 5";2023-09-11 21:00:00;92,41;18,92;
"K-B3 ACOEM SW 5";2023-09-11 20:00:00;92,31;19,14;
"K-B3 ACOEM SW 5";2023-09-11 19:00:00;92,78;19,07;
"K-B3 ACOEM SW 5";2023-09-11 18:00:00;93,34;18,64;
"K-B3 ACOEM SW 5";2023-09-11 17:00:00;93,15;18,53;
"K-B3 ACOEM SW 5";2023-09-11 16:00:00;92,10;18,76;
"K-B3 ACOEM SW 5";2023-09-11 15:00:00;93,80;18,41;
"K-B3 ACOEM SW 5";2023-09-11 14:00:00;93,50;18,22;
"K-B3 ACOEM SW 5";2023-09-11 13:00:00;93,47;18,32;
"K-B3 ACOEM SW 5";2023-09-11 12:00:00;92,52;18,58;
"K-B3 ACOEM SW 5";2023-09-11 11:00:00;95,28;17,82;
"K-B3 ACOEM SW 5";2023-09-11 10:00:00;95,50;17,29;
"K-B3 ACOEM SW 5";2023-09-11 09:00:00;96,10;17,15;
"K-B3 ACOEM SW 5";2023-09-11 08:00:00;95,40;17,02;
"K-B3 ACOEM SW 5";2023-09-11 07:00:00;95,19;16,58;
"K-B3 ACOEM SW 5";2023-09-11 06:00:00;93,76;16,75;
"K-B3 ACOEM SW 5";2023-09-11 05:00:00;92,35;17,15;
"K-B3 ACOEM SW 5";2023-09-11 04:00:00;91,33;17,13;
"K-B3 ACOEM SW 5";2023-09-11 03:00:00;91,56;17,18;
"K-B3 ACOEM SW 5";2023-09-11 02:00:00;90,39;17,27;
"K-B3 ACOEM SW 5";2023-09-11 01:00:00;88,52;18,15;
"K-B3 ACOEM SW 5";2023-09-11 00:00:00;87,14;18,68;
"K-B3 ACOEM SW 5";2023-09-10 23:00:00;86,19;19,11;
"K-B3 ACOEM SW 5";2023-09-10 22:00:00;84,01;19,61;
"K-B3 ACOEM SW 5";2023-09-10 21:00:00;79,87;20,66;
"K-B3 ACOEM SW 5";2023-09-10 20:00:00;71,41;23,43;
"K-B3 ACOEM SW 5";2023-09-10 19:00:00;65,59;25,27;
"K-B3 ACOEM SW 5";2023-09-10 18:00:00;63,26;25,89;
"K-B3 ACOEM SW 5";2023-09-10 17:00:00;56,40;28,17;
"K-B3 ACOEM SW 5";2023-09-10 16:00:00;51,06;29,36;
"K-B3 ACOEM SW 5";2023-09-10 15:00:00;52,12;28,83;
"K-B3 ACOEM SW 5";2023-09-10 14:00:00;52,18;28,84;
"K-B3 ACOEM SW 5";2023-09-10 13:00:00;52,87;27,98;
"K-B3 ACOEM SW 5";2023-09-10 12:00:00;54,88;27,42;
"K-B3 ACOEM SW 5";2023-09-10 11:00:00;64,76;24,31;
"K-B3 ACOEM SW 5";2023-09-10 10:00:00;76,48;20,51;
"K-B3 ACOEM SW 5";2023-09-10 09:00:00;87,79;17,38;
"K-B3 ACOEM SW 5";2023-09-10 08:00:00;92,81;15,83;
"K-B3 ACOEM SW 5";2023-09-10 07:00:00;91,84;16,23;
"K-B3 ACOEM SW 5";2023-09-10 06:00:00;91,61;16,54;
"K-B3 ACOEM SW 5";2023-09-10 05:00:00;92,41;16,52;
"K-B3 ACOEM SW 5";2023-09-10 04:00:00;91,63;16,70;
"K-B3 ACOEM SW 5";2023-09-10 03:00:00;91,33;16,81;
"K-B3 ACOEM SW 5";2023-09-10 02:00:00;91,99;16,89;
"K-B3 ACOEM SW 5";2023-09-10 01:00:00;92,17;17,04;
"K-B3 ACOEM SW 5";2023-09-10 00:00:00;91,20;17,35;
"K-B3 ACOEM SW 5";2023-09-09 23:00:00;89,73;17,83;
"K-B3 ACOEM SW 5";2023-09-09 22:00:00;87,97;18,15;
"K-B3 ACOEM SW 5";2023-09-09 21:00:00;87,74;18,20;
"K-B3 ACOEM SW 5";2023-09-09 20:00:00;87,69;18,32;
"K-B3 ACOEM SW 5";2023-09-09 19:00:00;85,92;18,88;
"K-B3 ACOEM SW 5";2023-09-09 18:00:00;84,21;19,19;
"K-B3 ACOEM SW 5";2023-09-09 17:00:00;86,86;18,61;
"K-B3 ACOEM SW 5";2023-09-09 16:00:00;87,60;18,35;
"K-B3 ACOEM SW 5";2023-09-09 15:00:00;90,11;17,60;
"K-B3 ACOEM SW 5";2023-09-09 14:00:00;91,96;17,02;
"K-B3 ACOEM SW 5";2023-09-09 13:00:00;93,29;16,73;
"K-B3 ACOEM SW 5";2023-09-09 12:00:00;94,81;16,45;
"K-B3 ACOEM SW 5";2023-09-09 11:00:00;96,42;16,08;
"K-B3 ACOEM SW 5";2023-09-09 10:00:00;96,45;15,84;
"K-B3 ACOEM SW 5";2023-09-09 09:00:00;96,15;15,69;
"K-B3 ACOEM SW 5";2023-09-09 08:00:00;96,55;15,49;
"K-B3 ACOEM SW 5";2023-09-09 07:00:00;95,81;15,56;
"K-B3 ACOEM SW 5";2023-09-09 06:00:00;95,76;15,51;
"K-B3 ACOEM SW 5";2023-09-09 05:00:00;96,00;15,51;
"K-B3 ACOEM SW 5";2023-09-09 04:00:00;95,56;15,58;
"K-B3 ACOEM SW 5";2023-09-09 03:00:00;95,15;15,66;
"K-B3 ACOEM SW 5";2023-09-09 02:00:00;94,78;15,68;
"K-B3 ACOEM SW 5";2023-09-09 01:00:00;94,53;15,74;
"K-B3 ACOEM SW 5";2023-09-09 00:00:00;94,42;15,80;
"K-B3 ACOEM SW 5";2023-09-08 23:00:00;92,93;16,36;
"K-B3 ACOEM SW 5";2023-09-08 22:00:00;93,09;16,39;
"K-B3 ACOEM SW 5";2023-09-08 21:00:00;91,78;16,74;
"K-B3 ACOEM SW 5";2023-09-08 20:00:00;88,86;17,39;
"K-B3 ACOEM SW 5";2023-09-08 19:00:00;85,99;18,12;
"K-B3 ACOEM SW 5";2023-09-08 18:00:00;84,94;18,48;
"K-B3 ACOEM SW 5";2023-09-08 17:00:00;84,38;18,77;
"K-B3 ACOEM SW 5";2023-09-08 16:00:00;85,84;18,41;
"K-B3 ACOEM SW 5";2023-09-08 15:00:00;85,96;18,42;
"K-B3 ACOEM SW 5";2023-09-08 14:00:00;85,03;18,73;
"K-B3 ACOEM SW 5";2023-09-08 13:00:00;84,87;18,74;
"K-B3 ACOEM SW 5";2023-09-08 12:00:00;87,52;18,00;
"K-B3 ACOEM SW 5";2023-09-08 11:00:00;91,21;16,69;
"K-B3 ACOEM SW 5";2023-09-08 10:00:00;91,24;16,02;
"K-B3 ACOEM SW 5";2023-09-08 09:00:00;92,60;15,09;
"K-B3 ACOEM SW 5";2023-09-08 08:00:00;92,06;14,58;
"K-B3 ACOEM SW 5";2023-09-08 07:00:00;93,37;14,23;
"K-B3 ACOEM SW 5";2023-09-08 06:00:00;93,24;14,34;
"K-B3 ACOEM SW 5";2023-09-08 05:00:00;92,58;14,67;
"K-B3 ACOEM SW 5";2023-09-08 04:00:00;92,60;14,93;
"K-B3 ACOEM SW 5";2023-09-08 03:00:00;92,56;15,15;
"K-B3 ACOEM SW 5";2023-09-08 02:00:00;92,03;15,55;
"K-B3 ACOEM SW 5";2023-09-08 01:00:00;91,58;15,72;
"K-B3 ACOEM SW 5";2023-09-08 00:00:00;88,32;16,06;
"K-B3 ACOEM SW 5";2023-09-07 23:00:00;85,26;16,89;
"K-B3 ACOEM SW 5";2023-09-07 22:00:00;84,15;17,13;
"K-B3 ACOEM SW 5";2023-09-07 21:00:00;83,28;17,28;
"K-B3 ACOEM SW 5";2023-09-07 20:00:00;81,12;17,78;
"K-B3 ACOEM SW 5";2023-09-07 19:00:00;79,18;18,25;
"K-B3 ACOEM SW 5";2023-09-07 18:00:00;79,07;18,51;
"K-B3 ACOEM SW 5";2023-09-07 17:00:00;77,30;18,98;
"K-B3 ACOEM SW 5";2023-09-07 16:00:00;78,47;18,68;
"K-B3 ACOEM SW 5";2023-09-07 15:00:00;76,45;19,40;
"K-B3 ACOEM SW 5";2023-09-07 14:00:00;76,45;19,46;
"K-B3 ACOEM SW 5";2023-09-07 13:00:00;80,22;18,60;
"K-B3 ACOEM SW 5";2023-09-07 12:00:00;84,11;17,62;
"K-B3 ACOEM SW 5";2023-09-07 11:00:00;83,26;17,25;
"K-B3 ACOEM SW 5";2023-09-07 10:00:00;83,95;16,62;
"K-B3 ACOEM SW 5";2023-09-07 09:00:00;86,85;16,04;
"K-B3 ACOEM SW 5";2023-09-07 08:00:00;87,07;15,26;
"K-B3 ACOEM SW 5";2023-09-07 07:00:00;85,76;14,68;
"K-B3 ACOEM SW 5";2023-09-07 06:00:00;84,79;14,93;
"K-B3 ACOEM SW 5";2023-09-07 05:00:00;82,19;15,75;
"K-B3 ACOEM SW 5";2023-09-07 04:00:00;81,34;16,08;
"K-B3 ACOEM SW 5";2023-09-07 03:00:00;80,92;16,35;
"K-B3 ACOEM SW 5";2023-09-07 02:00:00;79,35;16,83;
"K-B3 ACOEM SW 5";2023-09-07 01:00:00;78,64;17,00;
"K-B3 ACOEM SW 5";2023-09-07 00:00:00;79,07;17,00;
"K-B3 ACOEM SW 5";2023-09-06 23:00:00;78,72;17,04;
"K-B3 ACOEM SW 5";2023-09-06 22:00:00;78,85;16,97;
"K-B3 ACOEM SW 5";2023-09-06 21:00:00;78,50;16,98;
"K-B3 ACOEM SW 5";2023-09-06 20:00:00;77,68;17,17;
"K-B3 ACOEM SW 5";2023-09-06 19:00:00;76,52;17,22;
"K-B3 ACOEM SW 5";2023-09-06 18:00:00;74,37;17,41;
"K-B3 ACOEM SW 5";2023-09-06 17:00:00;71,93;17,62;
"K-B3 ACOEM SW 5";2023-09-06 16:00:00;69,70;17,63;
"K-B3 ACOEM SW 5";2023-09-06 15:00:00;65,40;18,29;
"K-B3 ACOEM SW 5";2023-09-06 14:00:00;64,19;18,59;
"K-B3 ACOEM SW 5";2023-09-06 13:00:00;65,68;18,15;
"K-B3 ACOEM SW 5";2023-09-06 12:00:00;67,06;17,93;
"K-B3 ACOEM SW 5";2023-09-06 11:00:00;67,71;17,09;
"K-B3 ACOEM SW 5";2023-09-06 10:00:00;62,76;16,91;
"K-B3 ACOEM SW 5";2023-09-06 09:00:00;60,39;16,13;
"K-B3 ACOEM SW 5";2023-09-06 08:00:00;60,65;14,96;
"K-B3 ACOEM SW 5";2023-09-06 07:00:00;58,87;14,48;
"K-B3 ACOEM SW 5";2023-09-06 06:00:00;65,02;13,80;
"K-B3 ACOEM SW 5";2023-09-06 05:00:00;67,32;14,04;
"K-B3 ACOEM SW 5";2023-09-06 04:00:00;65,75;14,47;
"K-B3 ACOEM SW 5";2023-09-06 03:00:00;63,46;15,25;
"K-B3 ACOEM SW 5";2023-09-06 02:00:00;67,14;15,67;
"K-B3 ACOEM SW 5";2023-09-06 01:00:00;64,71;16,43;
"K-B3 ACOEM SW 5";2023-09-06 00:00:00;63,03;17,45;
"K-B3 ACOEM SW 5";2023-09-05 23:00:00;62,18;18,65;
"K-B3 ACOEM SW 5";2023-09-05 22:00:00;62,29;19,89;
"K-B3 ACOEM SW 5";2023-09-05 21:00:00;57,44;21,76;
"K-B3 ACOEM SW 5";2023-09-05 20:00:00;51,66;23,89;
"K-B3 ACOEM SW 5";2023-09-05 19:00:00;48,18;25,43;
"K-B3 ACOEM SW 5";2023-09-05 18:00:00;46,12;26,45;
"K-B3 ACOEM SW 5";2023-09-05 17:00:00;43,95;27,60;
"K-B3 ACOEM SW 5";2023-09-05 16:00:00;45,25;27,42;
"K-B3 ACOEM SW 5";2023-09-05 15:00:00;45,84;27,02;
"K-B3 ACOEM SW 5";2023-09-05 14:00:00;49,21;26,41;
"K-B3 ACOEM SW 5";2023-09-05 13:00:00;49,00;25,12;
"K-B3 ACOEM SW 5";2023-09-05 12:00:00;55,70;23,00;
"K-B3 ACOEM SW 5";2023-09-05 11:00:00;64,11;20,30;
"K-B3 ACOEM SW 5";2023-09-05 10:00:00;72,65;17,94;
"K-B3 ACOEM SW 5";2023-09-05 09:00:00;82,78;15,39;
"K-B3 ACOEM SW 5";2023-09-05 08:00:00;88,32;13,71;
"K-B3 ACOEM SW 5";2023-09-05 07:00:00;89,85;13,23;
"K-B3 ACOEM SW 5";2023-09-05 06:00:00;86,57;13,83;
"K-B3 ACOEM SW 5";2023-09-05 05:00:00;84,95;14,30;
"K-B3 ACOEM SW 5";2023-09-05 04:00:00;85,13;14,41;
"K-B3 ACOEM SW 5";2023-09-05 03:00:00;84,68;14,72;
"K-B3 ACOEM SW 5";2023-09-05 02:00:00;85,31;14,81;
"K-B3 ACOEM SW 5";2023-09-05 01:00:00;84,77;15,13;
"K-B3 ACOEM SW 5";2023-09-05 00:00:00;83,49;15,77;
"K-B3 ACOEM SW 5";2023-09-04 23:00:00;84,45;16,19;
"K-B3 ACOEM SW 5";2023-09-04 22:00:00;81,03;17,24;
"K-B3 ACOEM SW 5";2023-09-04 21:00:00;73,00;19,56;
"K-B3 ACOEM SW 5";2023-09-04 20:00:00;65,76;21,81;
"K-B3 ACOEM SW 5";2023-09-04 19:00:00;69,20;21,56;
"K-B3 ACOEM SW 5";2023-09-04 18:00:00;68,26;21,94;
"K-B3 ACOEM SW 5";2023-09-04 17:00:00;63,83;23,12;
"K-B3 ACOEM SW 5";2023-09-04 16:00:00;62,56;23,39;
"K-B3 ACOEM SW 5";2023-09-04 15:00:00;61,63;23,83;
"K-B3 ACOEM SW 5";2023-09-04 14:00:00;60,74;24,38;
"K-B3 ACOEM SW 5";2023-09-04 13:00:00;58,52;24,91;
"K-B3 ACOEM SW 5";2023-09-04 12:00:00;59,43;23,71;
"K-B3 ACOEM SW 5";2023-09-04 11:00:00;66,52;21,51;
"K-B3 ACOEM SW 5";2023-09-04 10:00:00;73,46;19,44;
"K-B3 ACOEM SW 5";2023-09-04 09:00:00;80,40;17,57;
"K-B3 ACOEM SW 5";2023-09-04 08:00:00;89,05;15,03;
"K-B3 ACOEM SW 5";2023-09-04 07:00:00;88,06;14,78;
"K-B3 ACOEM SW 5";2023-09-04 06:00:00;84,67;15,62;
"K-B3 ACOEM SW 5";2023-09-04 05:00:00;83,46;16,05;
"K-B3 ACOEM SW 5";2023-09-04 04:00:00;82,98;16,23;
"K-B3 ACOEM SW 5";2023-09-04 03:00:00;83,44;16,23;
"K-B3 ACOEM SW 5";2023-09-04 02:00:00;82,81;16,41;
"K-B3 ACOEM SW 5";2023-09-04 01:00:00;80,54;16,73;
"K-B3 ACOEM SW 5";2023-09-04 00:00:00;78,44;17,10;
"K-B3 ACOEM SW 5";2023-09-03 23:00:00;76,35;17,58;
"K-B3 ACOEM SW 5";2023-09-03 22:00:00;78,67;17,21;
"K-B3 ACOEM SW 5";2023-09-03 21:00:00;80,25;17,19;
"K-B3 ACOEM SW 5";2023-09-03 20:00:00;78,24;17,42;
"K-B3 ACOEM SW 5";2023-09-03 19:00:00;78,60;17,51;
"K-B3 ACOEM SW 5";2023-09-03 18:00:00;78,98;17,87;
"K-B3 ACOEM SW 5";2023-09-03 17:00:00;80,36;17,85;
"K-B3 ACOEM SW 5";2023-09-03 16:00:00;81,84;16,91;
"K-B3 ACOEM SW 5";2023-09-03 15:00:00;80,47;16,00;
"K-B3 ACOEM SW 5";2023-09-03 14:00:00;79,53;15,80;
"K-B3 ACOEM SW 5";2023-09-03 13:00:00;78,07;15,04;
"K-B3 ACOEM SW 5";2023-09-03 12:00:00;78,26;14,53;
"K-B3 ACOEM SW 5";2023-09-03 11:00:00;79,72;13,37;
"K-B3 ACOEM SW 5";2023-09-03 10:00:00;80,92;13,11;
"K-B3 ACOEM SW 5";2023-09-03 09:00:00;78,54;13,20;
"K-B3 ACOEM SW 5";2023-09-03 08:00:00;64,71;14,11;
"K-B3 ACOEM SW 5";2023-09-03 07:00:00;54,32;15,18;
"K-B3 ACOEM SW 5";2023-09-03 06:00:00;51,67;15,42;
"K-B3 ACOEM SW 5";2023-09-03 05:00:00;51,67;15,51;
"K-B3 ACOEM SW 5";2023-09-03 04:00:00;52,77;15,44;
"K-B3 ACOEM SW 5";2023-09-03 03:00:00;51,35;16,02;
"K-B3 ACOEM SW 5";2023-09-03 02:00:00;49,93;16,52;
"K-B3 ACOEM SW 5";2023-09-03 01:00:00;49,43;16,81;
"K-B3 ACOEM SW 5";2023-09-03 00:00:00;49,84;17,01;
"K-B3 ACOEM SW 5";2023-09-02 23:00:00;50,11;17,19;
"K-B3 ACOEM SW 5";2023-09-02 22:00:00;49,80;17,59;
"K-B3 ACOEM SW 5";2023-09-02 21:00:00;50,36;18,22;
"K-B3 ACOEM SW 5";2023-09-02 20:00:00;60,81;18,64;
"K-B3 ACOEM SW 5";2023-09-02 19:00:00;62,75;19,56;
"K-B3 ACOEM SW 5";2023-09-02 18:00:00;55,65;19,91;
"K-B3 ACOEM SW 5";2023-09-02 17:00:00;54,94;20,84;
"K-B3 ACOEM SW 5";2023-09-02 16:00:00;54,97;21,48;
"K-B3 ACOEM SW 5";2023-09-02 15:00:00;52,71;21,35;
"K-B3 ACOEM SW 5";2023-09-02 14:00:00;49,64;21,62;
"K-B3 ACOEM SW 5";2023-09-02 13:00:00;50,58;20,98;
"K-B3 ACOEM SW 5";2023-09-02 12:00:00;49,18;20,70;
"K-B3 ACOEM SW 5";2023-09-02 11:00:00;50,76;19,68;
"K-B3 ACOEM SW 5";2023-09-02 10:00:00;56,80;18,29;
"K-B3 ACOEM SW 5";2023-09-02 09:00:00;68,76;15,28;
"K-B3 ACOEM SW 5";2023-09-02 08:00:00;77,57;12,98;
"K-B3 ACOEM SW 5";2023-09-02 07:00:00;81,47;12,23;
"K-B3 ACOEM SW 5";2023-09-02 06:00:00;78,78;12,59;
"K-B3 ACOEM SW 5";2023-09-02 05:00:00;78,17;13,12;
"K-B3 ACOEM SW 5";2023-09-02 04:00:00;76,37;13,84;
"K-B3 ACOEM SW 5";2023-09-02 03:00:00;72,21;14,77;
"K-B3 ACOEM SW 5";2023-09-02 02:00:00;66,34;15,83;
"K-B3 ACOEM SW 5";2023-09-02 01:00:00;62,81;16,82;
"K-B3 ACOEM SW 5";2023-09-02 00:00:00;64,81;16,87;
"K-B3 ACOEM SW 5";2023-09-01 23:00:00;66,27;17,00;
"K-B3 ACOEM SW 5";2023-09-01 22:00:00;62,14;17,92;
"K-B3 ACOEM SW 5";2023-09-01 21:00:00;56,30;19,06;
"K-B3 ACOEM SW 5";2023-09-01 20:00:00;51,38;21,04;
"K-B3 ACOEM SW 5";2023-09-01 19:00:00;54,70;21,92;
"K-B3 ACOEM SW 5";2023-09-01 18:00:00;55,16;21,54;
"K-B3 ACOEM SW 5";2023-09-01 17:00:00;49,35;21,91;
"K-B3 ACOEM SW 5";2023-09-01 16:00:00;46,56;22,75;
"K-B3 ACOEM SW 5";2023-09-01 15:00:00;44,82;22,50;
"K-B3 ACOEM SW 5";2023-09-01 14:00:00;42,97;23,02;
"K-B3 ACOEM SW 5";2023-09-01 13:00:00;46,35;23,09;
"K-B3 ACOEM SW 5";2023-09-01 12:00:00;47,62;22,39;
"K-B3 ACOEM SW 5";2023-09-01 11:00:00;48,80;20,87;
"K-B3 ACOEM SW 5";2023-09-01 10:00:00;59,95;18,01;
"K-B3 ACOEM SW 5";2023-09-01 09:00:00;72,73;14,97;
"K-B3 ACOEM SW 5";2023-09-01 08:00:00;78,72;13,26;
"K-B3 ACOEM SW 5";2023-09-01 07:00:00;81,62;12,89;
"K-B3 ACOEM SW 5";2023-09-01 06:00:00;82,75;13,08;
"K-B3 ACOEM SW 5";2023-09-01 05:00:00;83,34;13,34;
"K-B3 ACOEM SW 5";2023-09-01 04:00:00;84,93;13,49;
"K-B3 ACOEM SW 5";2023-09-01 03:00:00;85,71;13,54;
"K-B3 ACOEM SW 5";2023-09-01 02:00:00;86,62;13,90;
"K-B3 ACOEM SW 5";2023-09-01 01:00:00;84,84;13,97;
"K-B3 ACOEM SW 5";2023-09-01 00:00:00;81,97;14,23;
"K-B3 ACOEM SW 5";2023-08-31 23:00:00;79,69;14,64;
"K-B3 ACOEM SW 5";2023-08-31 22:00:00;78,23;15,37;
"K-B3 ACOEM SW 5";2023-08-31 21:00:00;71,06;17,05;
"K-B3 ACOEM SW 5";2023-08-31 20:00:00;66,01;18,37;
"K-B3 ACOEM SW 5";2023-08-31 19:00:00;63,98;19,12;
"K-B3 ACOEM SW 5";2023-08-31 18:00:00;59,15;20,80;
"K-B3 ACOEM SW 5";2023-08-31 17:00:00;58,90;20,44;
"K-B3 ACOEM SW 5";2023-08-31 16:00:00;63,94;19,52;
"K-B3 ACOEM SW 5";2023-08-31 15:00:00;64,05;19,51;
"K-B3 ACOEM SW 5";2023-08-31 14:00:00;61,80;19,76;
"K-B3 ACOEM SW 5";2023-08-31 13:00:00;68,93;18,47;
"K-B3 ACOEM SW 5";2023-08-31 12:00:00;73,26;17,59;
"K-B3 ACOEM SW 5";2023-08-31 11:00:00;77,13;16,38;
"K-B3 ACOEM SW 5";2023-08-31 10:00:00;84,15;14,27;
"K-B3 ACOEM SW 5";2023-08-31 09:00:00;87,88;13,08;
"K-B3 ACOEM SW 5";2023-08-31 08:00:00;90,44;12,62;
"K-B3 ACOEM SW 5";2023-08-31 07:00:00;91,47;12,41;
"K-B3 ACOEM SW 5";2023-08-31 06:00:00;92,43;12,46;
"K-B3 ACOEM SW 5";2023-08-31 05:00:00;91,99;12,65;
"K-B3 ACOEM SW 5";2023-08-31 04:00:00;90,49;13,20;
"K-B3 ACOEM SW 5";2023-08-31 03:00:00;90,48;13,51;
"K-B3 ACOEM SW 5";2023-08-31 02:00:00;89,00;13,44;
"K-B3 ACOEM SW 5";2023-08-31 01:00:00;89,03;13,64;
"K-B3 ACOEM SW 5";2023-08-31 00:00:00;89,44;13,88;
"K-B3 ACOEM SW 5";2023-08-30 23:00:00;86,61;14,49;
"K-B3 ACOEM SW 5";2023-08-30 22:00:00;82,57;15,64;
"K-B3 ACOEM SW 5";2023-08-30 21:00:00;79,46;16,27;
"K-B3 ACOEM SW 5";2023-08-30 20:00:00;77,20;16,61;
"K-B3 ACOEM SW 5";2023-08-30 19:00:00;73,91;17,01;
"K-B3 ACOEM SW 5";2023-08-30 18:00:00;72,67;17,31;
"K-B3 ACOEM SW 5";2023-08-30 17:00:00;73,16;16,70;
"K-B3 ACOEM SW 5";2023-08-18 10:00:00;63,85;22,51;
