Navn;Stasjon;Tid(norsk normaltid);Middeltemperatur (1 t);Midlere relativ luftfuktighet (1 t)
Landvik;SN38140;01.07.2023 01:00;13;83
Landvik;SN38140;01.07.2023 02:00;12,7;87
Landvik;SN38140;01.07.2023 03:00;12,4;90
Landvik;SN38140;01.07.2023 04:00;12,5;91
Landvik;SN38140;01.07.2023 05:00;12,5;91
Landvik;SN38140;01.07.2023 06:00;13,1;90
Landvik;SN38140;01.07.2023 07:00;15,7;80
Landvik;SN38140;01.07.2023 08:00;15,5;81
Landvik;SN38140;01.07.2023 09:00;16,2;77
Landvik;SN38140;01.07.2023 10:00;17,1;71
Landvik;SN38140;01.07.2023 11:00;17,3;69
Landvik;SN38140;01.07.2023 12:00;16,9;73
Landvik;SN38140;01.07.2023 13:00;16,7;72
Landvik;SN38140;01.07.2023 14:00;16,1;74
Landvik;SN38140;01.07.2023 15:00;15,6;82
Landvik;SN38140;01.07.2023 16:00;15,3;88
Landvik;SN38140;01.07.2023 17:00;14,6;89
Landvik;SN38140;01.07.2023 18:00;14,4;91
Landvik;SN38140;01.07.2023 19:00;14,3;91
Landvik;SN38140;01.07.2023 20:00;14,2;93
Landvik;SN38140;01.07.2023 21:00;14,2;94
Landvik;SN38140;01.07.2023 22:00;14,3;94
Landvik;SN38140;01.07.2023 23:00;14,6;94
Landvik;SN38140;02.07.2023 00:00;14,7;94
Landvik;SN38140;02.07.2023 01:00;14,8;94
Landvik;SN38140;02.07.2023 02:00;14,6;93
Landvik;SN38140;02.07.2023 03:00;14,1;91
Landvik;SN38140;02.07.2023 04:00;13,5;84
Landvik;SN38140;02.07.2023 05:00;12,5;82
Landvik;SN38140;02.07.2023 06:00;12,3;83
Landvik;SN38140;02.07.2023 07:00;13,5;79
Landvik;SN38140;02.07.2023 08:00;14,7;74
Landvik;SN38140;02.07.2023 09:00;16;67
Landvik;SN38140;02.07.2023 10:00;15,9;67
Landvik;SN38140;02.07.2023 11:00;16,1;67
Landvik;SN38140;02.07.2023 12:00;17,2;64
Landvik;SN38140;02.07.2023 13:00;17,2;63
Landvik;SN38140;02.07.2023 14:00;16,8;63
Landvik;SN38140;02.07.2023 15:00;16,6;66
Landvik;SN38140;02.07.2023 16:00;15,6;74
Landvik;SN38140;02.07.2023 17:00;15,8;74
Landvik;SN38140;02.07.2023 18:00;16,3;70
Landvik;SN38140;02.07.2023 19:00;17,3;65
Landvik;SN38140;02.07.2023 20:00;17,7;59
Landvik;SN38140;02.07.2023 21:00;16,3;63
Landvik;SN38140;02.07.2023 22:00;14,7;68
Landvik;SN38140;02.07.2023 23:00;14;73
Landvik;SN38140;03.07.2023 00:00;13,9;78
Landvik;SN38140;03.07.2023 01:00;13,7;75
Landvik;SN38140;03.07.2023 02:00;13;75
Landvik;SN38140;03.07.2023 03:00;12,4;77
Landvik;SN38140;03.07.2023 04:00;12;81
Landvik;SN38140;03.07.2023 05:00;12,1;79
Landvik;SN38140;03.07.2023 06:00;12,1;78
Landvik;SN38140;03.07.2023 07:00;12,5;75
Landvik;SN38140;03.07.2023 08:00;13,8;72
Landvik;SN38140;03.07.2023 09:00;15;67
Landvik;SN38140;03.07.2023 10:00;15,5;65
Landvik;SN38140;03.07.2023 11:00;16,9;59
Landvik;SN38140;03.07.2023 12:00;16,3;62
Landvik;SN38140;03.07.2023 13:00;15,2;67
Landvik;SN38140;03.07.2023 14:00;14,4;70
Landvik;SN38140;03.07.2023 15:00;14,7;67
Landvik;SN38140;03.07.2023 16:00;14,8;68
Landvik;SN38140;03.07.2023 17:00;15;67
Landvik;SN38140;03.07.2023 18:00;14,6;67
Landvik;SN38140;03.07.2023 19:00;14;70
Landvik;SN38140;03.07.2023 20:00;13,3;75
Landvik;SN38140;03.07.2023 21:00;13;76
Landvik;SN38140;03.07.2023 22:00;13;76
Landvik;SN38140;03.07.2023 23:00;12,6;78
Landvik;SN38140;04.07.2023 00:00;12,5;79
Landvik;SN38140;04.07.2023 01:00;12,2;82
Landvik;SN38140;04.07.2023 02:00;12,1;84
Landvik;SN38140;04.07.2023 03:00;12;85
Landvik;SN38140;04.07.2023 04:00;11,6;90
Landvik;SN38140;04.07.2023 05:00;11,4;92
Landvik;SN38140;04.07.2023 06:00;11,5;93
Landvik;SN38140;04.07.2023 07:00;11,7;93
Landvik;SN38140;04.07.2023 08:00;11,9;93
Landvik;SN38140;04.07.2023 09:00;12,4;92
Landvik;SN38140;04.07.2023 10:00;13;92
Landvik;SN38140;04.07.2023 11:00;13,9;90
Landvik;SN38140;04.07.2023 12:00;15,5;86
Landvik;SN38140;04.07.2023 13:00;17,2;81
Landvik;SN38140;04.07.2023 14:00;19,2;69
Landvik;SN38140;04.07.2023 15:00;19,8;57
Landvik;SN38140;04.07.2023 16:00;20,7;50
Landvik;SN38140;04.07.2023 17:00;20,4;44
Landvik;SN38140;04.07.2023 18:00;20,2;43
Landvik;SN38140;04.07.2023 19:00;18,8;44
Landvik;SN38140;04.07.2023 20:00;16,8;47
Landvik;SN38140;04.07.2023 21:00;15,3;51
Landvik;SN38140;04.07.2023 22:00;14,3;57
Landvik;SN38140;04.07.2023 23:00;13,4;62
Landvik;SN38140;05.07.2023 00:00;12,4;67
Landvik;SN38140;05.07.2023 01:00;11,8;70
Landvik;SN38140;05.07.2023 02:00;11,1;73
Landvik;SN38140;05.07.2023 03:00;10,3;76
Landvik;SN38140;05.07.2023 04:00;9,9;79
Landvik;SN38140;05.07.2023 05:00;10,2;76
Landvik;SN38140;05.07.2023 06:00;11,8;70
Landvik;SN38140;05.07.2023 07:00;13,5;62
Landvik;SN38140;05.07.2023 08:00;15;54
Landvik;SN38140;05.07.2023 09:00;16,2;53
Landvik;SN38140;05.07.2023 10:00;16,9;53
Landvik;SN38140;05.07.2023 11:00;16,9;52
Landvik;SN38140;05.07.2023 12:00;16,1;55
Landvik;SN38140;05.07.2023 13:00;15,7;56
Landvik;SN38140;05.07.2023 14:00;16,1;54
Landvik;SN38140;05.07.2023 15:00;15,3;55
Landvik;SN38140;05.07.2023 16:00;14,5;66
Landvik;SN38140;05.07.2023 17:00;13,5;85
Landvik;SN38140;05.07.2023 18:00;12,6;89
Landvik;SN38140;05.07.2023 19:00;11,9;90
Landvik;SN38140;05.07.2023 20:00;11,5;90
Landvik;SN38140;05.07.2023 21:00;12;93
Landvik;SN38140;05.07.2023 22:00;12,3;92
Landvik;SN38140;05.07.2023 23:00;12,5;92
Landvik;SN38140;06.07.2023 00:00;12,8;93
Landvik;SN38140;06.07.2023 01:00;13,4;94
Landvik;SN38140;06.07.2023 02:00;13,7;93
Landvik;SN38140;06.07.2023 03:00;13,5;94
Landvik;SN38140;06.07.2023 04:00;13,3;93
Landvik;SN38140;06.07.2023 05:00;13,2;92
Landvik;SN38140;06.07.2023 06:00;13;92
Landvik;SN38140;06.07.2023 07:00;13,2;92
Landvik;SN38140;06.07.2023 08:00;13,5;92
Landvik;SN38140;06.07.2023 09:00;14,3;91
Landvik;SN38140;06.07.2023 10:00;15,7;85
Landvik;SN38140;06.07.2023 11:00;16,6;78
Landvik;SN38140;06.07.2023 12:00;17,6;76
Landvik;SN38140;06.07.2023 13:00;19,1;68
Landvik;SN38140;06.07.2023 14:00;17,9;78
Landvik;SN38140;06.07.2023 15:00;18,1;80
Landvik;SN38140;06.07.2023 16:00;19,3;73
Landvik;SN38140;06.07.2023 17:00;20,7;56
Landvik;SN38140;06.07.2023 18:00;19,8;56
Landvik;SN38140;06.07.2023 19:00;19,1;54
Landvik;SN38140;06.07.2023 20:00;18,4;55
Landvik;SN38140;06.07.2023 21:00;16,8;57
Landvik;SN38140;06.07.2023 22:00;15,4;60
Landvik;SN38140;06.07.2023 23:00;14;71
Landvik;SN38140;07.07.2023 00:00;13,4;76
Landvik;SN38140;07.07.2023 01:00;12,4;78
Landvik;SN38140;07.07.2023 02:00;11,7;79
Landvik;SN38140;07.07.2023 03:00;12;77
Landvik;SN38140;07.07.2023 04:00;11,5;77
Landvik;SN38140;07.07.2023 05:00;11,6;77
Landvik;SN38140;07.07.2023 06:00;13,2;70
Landvik;SN38140;07.07.2023 07:00;14,7;63
Landvik;SN38140;07.07.2023 08:00;15,8;59
Landvik;SN38140;07.07.2023 09:00;17,9;54
Landvik;SN38140;07.07.2023 10:00;18,8;53
Landvik;SN38140;07.07.2023 11:00;19,9;47
Landvik;SN38140;07.07.2023 12:00;21,5;45
Landvik;SN38140;07.07.2023 13:00;22,1;43
Landvik;SN38140;07.07.2023 14:00;22,7;43
Landvik;SN38140;07.07.2023 15:00;21,2;57
Landvik;SN38140;07.07.2023 16:00;22,3;51
Landvik;SN38140;07.07.2023 17:00;21,9;56
Landvik;SN38140;07.07.2023 18:00;22,3;52
Landvik;SN38140;07.07.2023 19:00;21,6;53
Landvik;SN38140;07.07.2023 20:00;21,2;53
Landvik;SN38140;07.07.2023 21:00;19,4;66
Landvik;SN38140;07.07.2023 22:00;17,9;74
Landvik;SN38140;07.07.2023 23:00;17,2;75
Landvik;SN38140;08.07.2023 00:00;16;77
Landvik;SN38140;08.07.2023 01:00;14,5;82
Landvik;SN38140;08.07.2023 02:00;13,9;84
Landvik;SN38140;08.07.2023 03:00;12,9;88
Landvik;SN38140;08.07.2023 04:00;12,2;91
Landvik;SN38140;08.07.2023 05:00;12,3;91
Landvik;SN38140;08.07.2023 06:00;14,5;86
Landvik;SN38140;08.07.2023 07:00;17;74
Landvik;SN38140;08.07.2023 08:00;19,2;64
Landvik;SN38140;08.07.2023 09:00;21,7;53
Landvik;SN38140;08.07.2023 10:00;22,4;49
Landvik;SN38140;08.07.2023 11:00;22;54
Landvik;SN38140;08.07.2023 12:00;21,9;57
Landvik;SN38140;08.07.2023 13:00;21,9;58
Landvik;SN38140;08.07.2023 14:00;22,1;57
Landvik;SN38140;08.07.2023 15:00;22,8;51
Landvik;SN38140;08.07.2023 16:00;23,3;49
Landvik;SN38140;08.07.2023 17:00;23,9;47
Landvik;SN38140;08.07.2023 18:00;23,8;47
Landvik;SN38140;08.07.2023 19:00;23,3;48
Landvik;SN38140;08.07.2023 20:00;22,5;55
Landvik;SN38140;08.07.2023 21:00;18,7;72
Landvik;SN38140;08.07.2023 22:00;16,9;83
Landvik;SN38140;08.07.2023 23:00;15,5;89
Landvik;SN38140;09.07.2023 00:00;14,8;91
Landvik;SN38140;09.07.2023 01:00;14,4;91
Landvik;SN38140;09.07.2023 02:00;13,7;92
Landvik;SN38140;09.07.2023 03:00;13,3;94
Landvik;SN38140;09.07.2023 04:00;12,8;95
Landvik;SN38140;09.07.2023 05:00;12,7;95
Landvik;SN38140;09.07.2023 06:00;14,3;96
Landvik;SN38140;09.07.2023 07:00;17,4;85
Landvik;SN38140;09.07.2023 08:00;19,4;78
Landvik;SN38140;09.07.2023 09:00;20,5;71
Landvik;SN38140;09.07.2023 10:00;22,4;61
Landvik;SN38140;09.07.2023 11:00;23,8;53
Landvik;SN38140;09.07.2023 12:00;24,3;50
Landvik;SN38140;09.07.2023 13:00;23,8;55
Landvik;SN38140;09.07.2023 14:00;23,4;54
Landvik;SN38140;09.07.2023 15:00;23,3;54
Landvik;SN38140;09.07.2023 16:00;23;53
Landvik;SN38140;09.07.2023 17:00;22,6;52
Landvik;SN38140;09.07.2023 18:00;22,9;52
Landvik;SN38140;09.07.2023 19:00;22,2;53
Landvik;SN38140;09.07.2023 20:00;20,3;63
Landvik;SN38140;09.07.2023 21:00;18,3;68
Landvik;SN38140;09.07.2023 22:00;16,2;78
Landvik;SN38140;09.07.2023 23:00;15;83
Landvik;SN38140;10.07.2023 00:00;14,5;86
Landvik;SN38140;10.07.2023 01:00;15;85
Landvik;SN38140;10.07.2023 02:00;15,9;83
Landvik;SN38140;10.07.2023 03:00;16,4;81
Landvik;SN38140;10.07.2023 04:00;16,6;79
Landvik;SN38140;10.07.2023 05:00;16,4;82
Landvik;SN38140;10.07.2023 06:00;16,1;86
Landvik;SN38140;10.07.2023 07:00;15,8;86
Landvik;SN38140;10.07.2023 08:00;15,5;87
Landvik;SN38140;10.07.2023 09:00;15,5;91
Landvik;SN38140;10.07.2023 10:00;15,8;93
Landvik;SN38140;10.07.2023 11:00;15,9;93
Landvik;SN38140;10.07.2023 12:00;15,6;93
Landvik;SN38140;10.07.2023 13:00;15,5;93
Landvik;SN38140;10.07.2023 14:00;15,6;93
Landvik;SN38140;10.07.2023 15:00;15,9;92
Landvik;SN38140;10.07.2023 16:00;15,9;89
Landvik;SN38140;10.07.2023 17:00;16,1;89
Landvik;SN38140;10.07.2023 18:00;16,1;90
Landvik;SN38140;10.07.2023 19:00;16,2;89
Landvik;SN38140;10.07.2023 20:00;16,5;88
Landvik;SN38140;10.07.2023 21:00;16,3;90
Landvik;SN38140;10.07.2023 22:00;16;92
Landvik;SN38140;10.07.2023 23:00;15,9;93
Landvik;SN38140;11.07.2023 00:00;15,7;94
Landvik;SN38140;11.07.2023 01:00;15,2;94
Landvik;SN38140;11.07.2023 02:00;14,1;95
Landvik;SN38140;11.07.2023 03:00;14,4;96
Landvik;SN38140;11.07.2023 04:00;14,5;95
Landvik;SN38140;11.07.2023 05:00;14,4;94
Landvik;SN38140;11.07.2023 06:00;14,3;93
Landvik;SN38140;11.07.2023 07:00;14,5;90
Landvik;SN38140;11.07.2023 08:00;15,4;83
Landvik;SN38140;11.07.2023 09:00;16,5;79
Landvik;SN38140;11.07.2023 10:00;16,5;82
Landvik;SN38140;11.07.2023 11:00;16,6;85
Landvik;SN38140;11.07.2023 12:00;16,6;88
Landvik;SN38140;11.07.2023 13:00;16,4;89
Landvik;SN38140;11.07.2023 14:00;16,1;88
Landvik;SN38140;11.07.2023 15:00;15,4;91
Landvik;SN38140;11.07.2023 16:00;15,5;93
Landvik;SN38140;11.07.2023 17:00;15,8;93
Landvik;SN38140;11.07.2023 18:00;16,1;93
Landvik;SN38140;11.07.2023 19:00;16,4;92
Landvik;SN38140;11.07.2023 20:00;16,8;91
Landvik;SN38140;11.07.2023 21:00;16,9;92
Landvik;SN38140;11.07.2023 22:00;16,6;92
Landvik;SN38140;11.07.2023 23:00;16,5;92
Landvik;SN38140;12.07.2023 00:00;16,5;90
Landvik;SN38140;12.07.2023 01:00;15,9;90
Landvik;SN38140;12.07.2023 02:00;15,5;92
Landvik;SN38140;12.07.2023 03:00;15,8;93
Landvik;SN38140;12.07.2023 04:00;15,4;92
Landvik;SN38140;12.07.2023 05:00;15;94
Landvik;SN38140;12.07.2023 06:00;15,4;95
Landvik;SN38140;12.07.2023 07:00;15,7;94
Landvik;SN38140;12.07.2023 08:00;16,3;90
Landvik;SN38140;12.07.2023 09:00;17,1;84
Landvik;SN38140;12.07.2023 10:00;18,2;80
Landvik;SN38140;12.07.2023 11:00;18,3;80
Landvik;SN38140;12.07.2023 12:00;18,6;79
Landvik;SN38140;12.07.2023 13:00;19,3;77
Landvik;SN38140;12.07.2023 14:00;19,2;77
Landvik;SN38140;12.07.2023 15:00;20;72
Landvik;SN38140;12.07.2023 16:00;20,6;71
Landvik;SN38140;12.07.2023 17:00;20,3;66
Landvik;SN38140;12.07.2023 18:00;20,7;54
Landvik;SN38140;12.07.2023 19:00;19,7;55
Landvik;SN38140;12.07.2023 20:00;18,2;62
Landvik;SN38140;12.07.2023 21:00;16,6;74
Landvik;SN38140;12.07.2023 22:00;15,3;80
Landvik;SN38140;12.07.2023 23:00;14,4;83
Landvik;SN38140;13.07.2023 00:00;13,7;88
Landvik;SN38140;13.07.2023 01:00;13,1;90
Landvik;SN38140;13.07.2023 02:00;12,9;91
Landvik;SN38140;13.07.2023 03:00;12,1;93
Landvik;SN38140;13.07.2023 04:00;11,3;95
Landvik;SN38140;13.07.2023 05:00;11,2;96
Landvik;SN38140;13.07.2023 06:00;12,6;95
Landvik;SN38140;13.07.2023 07:00;14,6;85
Landvik;SN38140;13.07.2023 08:00;15,9;77
Landvik;SN38140;13.07.2023 09:00;16,7;75
Landvik;SN38140;13.07.2023 10:00;17,7;69
Landvik;SN38140;13.07.2023 11:00;18,2;63
Landvik;SN38140;13.07.2023 12:00;18,8;66
Landvik;SN38140;13.07.2023 13:00;19,7;62
Landvik;SN38140;13.07.2023 14:00;20,4;59
Landvik;SN38140;13.07.2023 15:00;20,9;54
Landvik;SN38140;13.07.2023 16:00;21;52
Landvik;SN38140;13.07.2023 17:00;20,9;53
Landvik;SN38140;13.07.2023 18:00;20,7;52
Landvik;SN38140;13.07.2023 19:00;19,8;52
Landvik;SN38140;13.07.2023 20:00;18,2;57
Landvik;SN38140;13.07.2023 21:00;16,9;61
Landvik;SN38140;13.07.2023 22:00;15,7;57
Landvik;SN38140;13.07.2023 23:00;14,4;64
Landvik;SN38140;14.07.2023 00:00;13,5;69
Landvik;SN38140;14.07.2023 01:00;12,5;72
Landvik;SN38140;14.07.2023 02:00;12;73
Landvik;SN38140;14.07.2023 03:00;12;75
Landvik;SN38140;14.07.2023 04:00;11,5;78
Landvik;SN38140;14.07.2023 05:00;10,8;81
Landvik;SN38140;14.07.2023 06:00;12,4;76
Landvik;SN38140;14.07.2023 07:00;14,4;70
Landvik;SN38140;14.07.2023 08:00;15,9;64
Landvik;SN38140;14.07.2023 09:00;17,4;59
Landvik;SN38140;14.07.2023 10:00;18,8;53
Landvik;SN38140;14.07.2023 11:00;19,9;50
Landvik;SN38140;14.07.2023 12:00;20,5;50
Landvik;SN38140;14.07.2023 13:00;18,8;62
Landvik;SN38140;14.07.2023 14:00;19,4;63
Landvik;SN38140;14.07.2023 15:00;19,4;60
Landvik;SN38140;14.07.2023 16:00;19,5;62
Landvik;SN38140;14.07.2023 17:00;19,3;64
Landvik;SN38140;14.07.2023 18:00;18,7;62
Landvik;SN38140;14.07.2023 19:00;18,5;61
Landvik;SN38140;14.07.2023 20:00;17,6;66
Landvik;SN38140;14.07.2023 21:00;15,9;77
Landvik;SN38140;14.07.2023 22:00;14;84
Landvik;SN38140;14.07.2023 23:00;12,9;91
Landvik;SN38140;15.07.2023 00:00;12,3;93
Landvik;SN38140;15.07.2023 01:00;12,8;95
Landvik;SN38140;15.07.2023 02:00;13,8;95
Landvik;SN38140;15.07.2023 03:00;14,2;94
Landvik;SN38140;15.07.2023 04:00;14;93
Landvik;SN38140;15.07.2023 05:00;14,6;93
Landvik;SN38140;15.07.2023 06:00;15,4;94
Landvik;SN38140;15.07.2023 07:00;15,5;93
Landvik;SN38140;15.07.2023 08:00;15,7;92
Landvik;SN38140;15.07.2023 09:00;15,3;93
Landvik;SN38140;15.07.2023 10:00;15,5;94
Landvik;SN38140;15.07.2023 11:00;15,6;92
Landvik;SN38140;15.07.2023 12:00;15,4;92
Landvik;SN38140;15.07.2023 13:00;15,3;92
Landvik;SN38140;15.07.2023 14:00;16,2;89
Landvik;SN38140;15.07.2023 15:00;16,7;87
Landvik;SN38140;15.07.2023 16:00;16,7;91
Landvik;SN38140;15.07.2023 17:00;17,7;92
Landvik;SN38140;15.07.2023 18:00;18,2;88
Landvik;SN38140;15.07.2023 19:00;17,7;87
Landvik;SN38140;15.07.2023 20:00;17,2;89
Landvik;SN38140;15.07.2023 21:00;16,7;90
Landvik;SN38140;15.07.2023 22:00;15,9;92
Landvik;SN38140;15.07.2023 23:00;15,5;94
Landvik;SN38140;16.07.2023 00:00;15,4;95
Landvik;SN38140;16.07.2023 01:00;15,5;95
Landvik;SN38140;16.07.2023 02:00;15,8;93
Landvik;SN38140;16.07.2023 03:00;16,3;89
Landvik;SN38140;16.07.2023 04:00;16,3;90
Landvik;SN38140;16.07.2023 05:00;16,5;90
Landvik;SN38140;16.07.2023 06:00;16,7;89
Landvik;SN38140;16.07.2023 07:00;17;86
Landvik;SN38140;16.07.2023 08:00;16,9;86
Landvik;SN38140;16.07.2023 09:00;17,5;82
Landvik;SN38140;16.07.2023 10:00;16,7;85
Landvik;SN38140;16.07.2023 11:00;16,3;89
Landvik;SN38140;16.07.2023 12:00;16,5;88
Landvik;SN38140;16.07.2023 13:00;17,1;86
Landvik;SN38140;16.07.2023 14:00;17,2;86
Landvik;SN38140;16.07.2023 15:00;16,3;88
Landvik;SN38140;16.07.2023 16:00;16,8;86
Landvik;SN38140;16.07.2023 17:00;16,7;87
Landvik;SN38140;16.07.2023 18:00;16,3;88
Landvik;SN38140;16.07.2023 19:00;15,8;88
Landvik;SN38140;16.07.2023 20:00;15,9;87
Landvik;SN38140;16.07.2023 21:00;15,7;87
Landvik;SN38140;16.07.2023 22:00;15,5;88
Landvik;SN38140;16.07.2023 23:00;15,8;86
Landvik;SN38140;17.07.2023 00:00;15,8;86
Landvik;SN38140;17.07.2023 01:00;15,8;84
Landvik;SN38140;17.07.2023 02:00;15,7;83
Landvik;SN38140;17.07.2023 03:00;15,5;84
Landvik;SN38140;17.07.2023 04:00;15,6;84
Landvik;SN38140;17.07.2023 05:00;15,6;83
Landvik;SN38140;17.07.2023 06:00;15,3;81
Landvik;SN38140;17.07.2023 07:00;15,3;81
Landvik;SN38140;17.07.2023 08:00;15,8;81
Landvik;SN38140;17.07.2023 09:00;16,8;76
Landvik;SN38140;17.07.2023 10:00;17,6;71
Landvik;SN38140;17.07.2023 11:00;17,7;68
Landvik;SN38140;17.07.2023 12:00;17,7;68
Landvik;SN38140;17.07.2023 13:00;18,8;63
Landvik;SN38140;17.07.2023 14:00;18,1;64
Landvik;SN38140;17.07.2023 15:00;18,9;58
Landvik;SN38140;17.07.2023 16:00;18;63
Landvik;SN38140;17.07.2023 17:00;17,4;65
Landvik;SN38140;17.07.2023 18:00;16,5;71
Landvik;SN38140;17.07.2023 19:00;17,3;70
Landvik;SN38140;17.07.2023 20:00;16,5;67
Landvik;SN38140;17.07.2023 21:00;15;71
Landvik;SN38140;17.07.2023 22:00;14,1;73
Landvik;SN38140;17.07.2023 23:00;13,3;74
Landvik;SN38140;18.07.2023 00:00;12,6;77
Landvik;SN38140;18.07.2023 01:00;12;80
Landvik;SN38140;18.07.2023 02:00;11,8;82
Landvik;SN38140;18.07.2023 03:00;11,8;82
Landvik;SN38140;18.07.2023 04:00;11,6;81
Landvik;SN38140;18.07.2023 05:00;11,4;81
Landvik;SN38140;18.07.2023 06:00;12,7;77
Landvik;SN38140;18.07.2023 07:00;13,5;73
Landvik;SN38140;18.07.2023 08:00;15,1;65
Landvik;SN38140;18.07.2023 09:00;16,1;60
Landvik;SN38140;18.07.2023 10:00;16,9;55
Landvik;SN38140;18.07.2023 11:00;17,5;54
Landvik;SN38140;18.07.2023 12:00;17,8;53
Landvik;SN38140;18.07.2023 13:00;18,3;51
Landvik;SN38140;18.07.2023 14:00;18,4;51
Landvik;SN38140;18.07.2023 15:00;18,9;50
Landvik;SN38140;18.07.2023 16:00;18,4;53
Landvik;SN38140;18.07.2023 17:00;18,4;53
Landvik;SN38140;18.07.2023 18:00;18,4;49
Landvik;SN38140;18.07.2023 19:00;17,8;49
Landvik;SN38140;18.07.2023 20:00;16,2;53
Landvik;SN38140;18.07.2023 21:00;14,8;59
Landvik;SN38140;18.07.2023 22:00;13,7;65
Landvik;SN38140;18.07.2023 23:00;12,6;70
Landvik;SN38140;19.07.2023 00:00;11,9;75
Landvik;SN38140;19.07.2023 01:00;11,3;78
Landvik;SN38140;19.07.2023 02:00;10,9;79
Landvik;SN38140;19.07.2023 03:00;10,7;79
Landvik;SN38140;19.07.2023 04:00;11;73
Landvik;SN38140;19.07.2023 05:00;11,6;68
Landvik;SN38140;19.07.2023 06:00;11,7;69
Landvik;SN38140;19.07.2023 07:00;12,1;71
Landvik;SN38140;19.07.2023 08:00;13,1;69
Landvik;SN38140;19.07.2023 09:00;15,1;60
Landvik;SN38140;19.07.2023 10:00;16,4;54
Landvik;SN38140;19.07.2023 11:00;17,2;51
Landvik;SN38140;19.07.2023 12:00;17,8;48
Landvik;SN38140;19.07.2023 13:00;18,2;47
Landvik;SN38140;19.07.2023 14:00;18,2;49
Landvik;SN38140;19.07.2023 15:00;18,1;51
Landvik;SN38140;19.07.2023 16:00;18,6;47
Landvik;SN38140;19.07.2023 17:00;17,4;51
Landvik;SN38140;19.07.2023 18:00;17,1;53
Landvik;SN38140;19.07.2023 19:00;15,7;59
Landvik;SN38140;19.07.2023 20:00;15;64
Landvik;SN38140;19.07.2023 21:00;14,4;68
Landvik;SN38140;19.07.2023 22:00;13,8;70
Landvik;SN38140;19.07.2023 23:00;12,8;75
Landvik;SN38140;20.07.2023 00:00;11,9;79
Landvik;SN38140;20.07.2023 01:00;11,4;79
Landvik;SN38140;20.07.2023 02:00;11,2;77
Landvik;SN38140;20.07.2023 03:00;11,2;77
Landvik;SN38140;20.07.2023 04:00;10,7;80
Landvik;SN38140;20.07.2023 05:00;11,2;80
Landvik;SN38140;20.07.2023 06:00;11,8;79
Landvik;SN38140;20.07.2023 07:00;12,3;78
Landvik;SN38140;20.07.2023 08:00;13,1;78
Landvik;SN38140;20.07.2023 09:00;14,9;72
Landvik;SN38140;20.07.2023 10:00;16,1;66
Landvik;SN38140;20.07.2023 11:00;17,9;59
Landvik;SN38140;20.07.2023 12:00;19,3;51
Landvik;SN38140;20.07.2023 13:00;20;49
Landvik;SN38140;20.07.2023 14:00;20,3;49
Landvik;SN38140;20.07.2023 15:00;20;53
Landvik;SN38140;20.07.2023 16:00;20,9;48
Landvik;SN38140;20.07.2023 17:00;20,3;46
Landvik;SN38140;20.07.2023 18:00;19,5;46
Landvik;SN38140;20.07.2023 19:00;19,5;45
Landvik;SN38140;20.07.2023 20:00;17,8;52
Landvik;SN38140;20.07.2023 21:00;16,3;57
Landvik;SN38140;20.07.2023 22:00;15,1;63
Landvik;SN38140;20.07.2023 23:00;14,2;67
Landvik;SN38140;21.07.2023 00:00;13,7;69
Landvik;SN38140;21.07.2023 01:00;13;73
Landvik;SN38140;21.07.2023 02:00;12,8;74
Landvik;SN38140;21.07.2023 03:00;12,4;73
Landvik;SN38140;21.07.2023 04:00;11,7;75
Landvik;SN38140;21.07.2023 05:00;11,9;73
Landvik;SN38140;21.07.2023 06:00;12,5;70
Landvik;SN38140;21.07.2023 07:00;13,7;66
Landvik;SN38140;21.07.2023 08:00;15,6;60
Landvik;SN38140;21.07.2023 09:00;17;54
Landvik;SN38140;21.07.2023 10:00;17,8;51
Landvik;SN38140;21.07.2023 11:00;18,7;47
Landvik;SN38140;21.07.2023 12:00;19,2;46
Landvik;SN38140;21.07.2023 13:00;19,6;43
Landvik;SN38140;21.07.2023 14:00;20;41
Landvik;SN38140;21.07.2023 15:00;19,8;46
Landvik;SN38140;21.07.2023 16:00;19;51
Landvik;SN38140;21.07.2023 17:00;17,9;57
Landvik;SN38140;21.07.2023 18:00;17,9;56
Landvik;SN38140;21.07.2023 19:00;17,6;51
Landvik;SN38140;21.07.2023 20:00;16,4;56
Landvik;SN38140;21.07.2023 21:00;15;59
Landvik;SN38140;21.07.2023 22:00;13,5;68
Landvik;SN38140;21.07.2023 23:00;13,1;71
Landvik;SN38140;22.07.2023 00:00;12,5;74
Landvik;SN38140;22.07.2023 01:00;12,1;76
Landvik;SN38140;22.07.2023 02:00;12;77
Landvik;SN38140;22.07.2023 03:00;11,7;78
Landvik;SN38140;22.07.2023 04:00;11,3;79
Landvik;SN38140;22.07.2023 05:00;10,7;80
Landvik;SN38140;22.07.2023 06:00;10,1;86
Landvik;SN38140;22.07.2023 07:00;12,1;78
Landvik;SN38140;22.07.2023 08:00;14;70
Landvik;SN38140;22.07.2023 09:00;16,7;60
Landvik;SN38140;22.07.2023 10:00;18;54
Landvik;SN38140;22.07.2023 11:00;18,2;55
Landvik;SN38140;22.07.2023 12:00;15,1;76
Landvik;SN38140;22.07.2023 13:00;14,1;80
Landvik;SN38140;22.07.2023 14:00;13,6;87
Landvik;SN38140;22.07.2023 15:00;15;82
Landvik;SN38140;22.07.2023 16:00;14,3;82
Landvik;SN38140;22.07.2023 17:00;13,8;86
Landvik;SN38140;22.07.2023 18:00;14,2;87
Landvik;SN38140;22.07.2023 19:00;14,2;88
Landvik;SN38140;22.07.2023 20:00;14;88
Landvik;SN38140;22.07.2023 21:00;13,4;91
Landvik;SN38140;22.07.2023 22:00;13;89
Landvik;SN38140;22.07.2023 23:00;12,8;83
Landvik;SN38140;23.07.2023 00:00;12;84
Landvik;SN38140;23.07.2023 01:00;11,3;85
Landvik;SN38140;23.07.2023 02:00;10,6;87
Landvik;SN38140;23.07.2023 03:00;9,6;91
Landvik;SN38140;23.07.2023 04:00;8,4;93
Landvik;SN38140;23.07.2023 05:00;7,7;95
Landvik;SN38140;23.07.2023 06:00;9,1;96
Landvik;SN38140;23.07.2023 07:00;12;88
Landvik;SN38140;23.07.2023 08:00;14,7;74
Landvik;SN38140;23.07.2023 09:00;16,7;67
Landvik;SN38140;23.07.2023 10:00;17,7;66
Landvik;SN38140;23.07.2023 11:00;17,5;64
Landvik;SN38140;23.07.2023 12:00;17,7;62
Landvik;SN38140;23.07.2023 13:00;18,2;59
Landvik;SN38140;23.07.2023 14:00;18,6;57
Landvik;SN38140;23.07.2023 15:00;18,6;57
Landvik;SN38140;23.07.2023 16:00;18,5;51
Landvik;SN38140;23.07.2023 17:00;18,3;51
Landvik;SN38140;23.07.2023 18:00;17,6;61
Landvik;SN38140;23.07.2023 19:00;17;67
Landvik;SN38140;23.07.2023 20:00;16,2;68
Landvik;SN38140;23.07.2023 21:00;15,1;70
Landvik;SN38140;23.07.2023 22:00;14,3;77
Landvik;SN38140;23.07.2023 23:00;14,5;77
Landvik;SN38140;24.07.2023 00:00;14;79
Landvik;SN38140;24.07.2023 01:00;14,2;73
Landvik;SN38140;24.07.2023 02:00;13,5;72
Landvik;SN38140;24.07.2023 03:00;13,5;64
Landvik;SN38140;24.07.2023 04:00;14,2;60
Landvik;SN38140;24.07.2023 05:00;14,9;61
Landvik;SN38140;24.07.2023 06:00;15,1;61
Landvik;SN38140;24.07.2023 07:00;15,2;65
Landvik;SN38140;24.07.2023 08:00;15,2;69
Landvik;SN38140;24.07.2023 09:00;16,5;66
Landvik;SN38140;24.07.2023 10:00;17;65
Landvik;SN38140;24.07.2023 11:00;17,6;64
Landvik;SN38140;24.07.2023 12:00;17,9;61
Landvik;SN38140;24.07.2023 13:00;18;58
Landvik;SN38140;24.07.2023 14:00;18;56
Landvik;SN38140;24.07.2023 15:00;18,1;58
Landvik;SN38140;24.07.2023 16:00;18;56
Landvik;SN38140;24.07.2023 17:00;18,9;56
Landvik;SN38140;24.07.2023 18:00;18,8;55
Landvik;SN38140;24.07.2023 19:00;17,9;63
Landvik;SN38140;24.07.2023 20:00;17;68
Landvik;SN38140;24.07.2023 21:00;16,1;73
Landvik;SN38140;24.07.2023 22:00;14,9;80
Landvik;SN38140;24.07.2023 23:00;13,9;81
Landvik;SN38140;25.07.2023 00:00;15,4;71
Landvik;SN38140;25.07.2023 01:00;15,2;70
Landvik;SN38140;25.07.2023 02:00;14,6;71
Landvik;SN38140;25.07.2023 03:00;13,5;75
Landvik;SN38140;25.07.2023 04:00;13,2;77
Landvik;SN38140;25.07.2023 05:00;12,5;80
Landvik;SN38140;25.07.2023 06:00;13,8;74
Landvik;SN38140;25.07.2023 07:00;15,2;68
Landvik;SN38140;25.07.2023 08:00;16,9;62
Landvik;SN38140;25.07.2023 09:00;18,2;55
Landvik;SN38140;25.07.2023 10:00;19,4;53
Landvik;SN38140;25.07.2023 11:00;20,3;49
Landvik;SN38140;25.07.2023 12:00;20,7;49
Landvik;SN38140;25.07.2023 13:00;20,8;46
Landvik;SN38140;25.07.2023 14:00;21,1;46
Landvik;SN38140;25.07.2023 15:00;20,6;48
Landvik;SN38140;25.07.2023 16:00;20,1;49
Landvik;SN38140;25.07.2023 17:00;20,1;48
Landvik;SN38140;25.07.2023 18:00;18,9;52
Landvik;SN38140;25.07.2023 19:00;17,9;55
Landvik;SN38140;25.07.2023 20:00;16,3;60
Landvik;SN38140;25.07.2023 21:00;14,7;66
Landvik;SN38140;25.07.2023 22:00;13,4;70
Landvik;SN38140;25.07.2023 23:00;12,6;70
Landvik;SN38140;26.07.2023 00:00;11,8;75
Landvik;SN38140;26.07.2023 01:00;11,6;78
Landvik;SN38140;26.07.2023 02:00;11,8;80
Landvik;SN38140;26.07.2023 03:00;12,1;81
Landvik;SN38140;26.07.2023 04:00;12;83
Landvik;SN38140;26.07.2023 05:00;11,7;89
Landvik;SN38140;26.07.2023 06:00;11,7;91
Landvik;SN38140;26.07.2023 07:00;11,4;90
Landvik;SN38140;26.07.2023 08:00;11,9;90
Landvik;SN38140;26.07.2023 09:00;12,2;93
Landvik;SN38140;26.07.2023 10:00;13,1;92
Landvik;SN38140;26.07.2023 11:00;14,6;82
Landvik;SN38140;26.07.2023 12:00;15;75
Landvik;SN38140;26.07.2023 13:00;15,8;73
Landvik;SN38140;26.07.2023 14:00;16,8;70
Landvik;SN38140;26.07.2023 15:00;16,2;71
Landvik;SN38140;26.07.2023 16:00;15,9;75
Landvik;SN38140;26.07.2023 17:00;15,3;80
Landvik;SN38140;26.07.2023 18:00;15,5;77
Landvik;SN38140;26.07.2023 19:00;15,2;76
Landvik;SN38140;26.07.2023 20:00;15,3;74
Landvik;SN38140;26.07.2023 21:00;14,5;77
Landvik;SN38140;26.07.2023 22:00;13,5;83
Landvik;SN38140;26.07.2023 23:00;12;88
Landvik;SN38140;27.07.2023 00:00;10,9;92
Landvik;SN38140;27.07.2023 01:00;11;94
Landvik;SN38140;27.07.2023 02:00;10,9;94
Landvik;SN38140;27.07.2023 03:00;11,2;95
Landvik;SN38140;27.07.2023 04:00;11,3;95
Landvik;SN38140;27.07.2023 05:00;11,3;95
Landvik;SN38140;27.07.2023 06:00;12,2;94
Landvik;SN38140;27.07.2023 07:00;14,3;83
Landvik;SN38140;27.07.2023 08:00;16,1;73
Landvik;SN38140;27.07.2023 09:00;17,6;61
Landvik;SN38140;27.07.2023 10:00;18,5;59
Landvik;SN38140;27.07.2023 11:00;18,2;61
Landvik;SN38140;27.07.2023 12:00;18,7;61
Landvik;SN38140;27.07.2023 13:00;18,6;62
Landvik;SN38140;27.07.2023 14:00;18,4;65
Landvik;SN38140;27.07.2023 15:00;18,7;63
Landvik;SN38140;27.07.2023 16:00;18,9;62
Landvik;SN38140;27.07.2023 17:00;19,6;58
Landvik;SN38140;27.07.2023 18:00;19,9;54
Landvik;SN38140;27.07.2023 19:00;19,1;56
Landvik;SN38140;27.07.2023 20:00;17,4;74
Landvik;SN38140;27.07.2023 21:00;15,5;86
Landvik;SN38140;27.07.2023 22:00;13,8;91
Landvik;SN38140;27.07.2023 23:00;12,8;94
Landvik;SN38140;28.07.2023 00:00;11,9;94
Landvik;SN38140;28.07.2023 01:00;11,2;95
Landvik;SN38140;28.07.2023 02:00;10,6;95
Landvik;SN38140;28.07.2023 03:00;10;96
Landvik;SN38140;28.07.2023 04:00;9,6;96
Landvik;SN38140;28.07.2023 05:00;9,3;96
Landvik;SN38140;28.07.2023 06:00;11,4;97
Landvik;SN38140;28.07.2023 07:00;13,5;91
Landvik;SN38140;28.07.2023 08:00;16,7;76
Landvik;SN38140;28.07.2023 09:00;18,5;70
Landvik;SN38140;28.07.2023 10:00;18,9;72
Landvik;SN38140;28.07.2023 11:00;19,3;71
Landvik;SN38140;28.07.2023 12:00;19,7;68
Landvik;SN38140;28.07.2023 13:00;19,7;69
Landvik;SN38140;28.07.2023 14:00;20,2;65
Landvik;SN38140;28.07.2023 15:00;20,8;54
Landvik;SN38140;28.07.2023 16:00;21,8;46
Landvik;SN38140;28.07.2023 17:00;22;50
Landvik;SN38140;28.07.2023 18:00;22,2;53
Landvik;SN38140;28.07.2023 19:00;21,6;56
Landvik;SN38140;28.07.2023 20:00;19,8;59
Landvik;SN38140;28.07.2023 21:00;17,6;66
Landvik;SN38140;28.07.2023 22:00;16;69
Landvik;SN38140;28.07.2023 23:00;15,3;68
Landvik;SN38140;29.07.2023 00:00;15;66
Landvik;SN38140;29.07.2023 01:00;14,2;70
Landvik;SN38140;29.07.2023 02:00;13,7;73
Landvik;SN38140;29.07.2023 03:00;11,6;84
Landvik;SN38140;29.07.2023 04:00;12,1;82
Landvik;SN38140;29.07.2023 05:00;11,2;86
Landvik;SN38140;29.07.2023 06:00;11,4;89
Landvik;SN38140;29.07.2023 07:00;13,7;82
Landvik;SN38140;29.07.2023 08:00;16,4;68
Landvik;SN38140;29.07.2023 09:00;18,4;64
Landvik;SN38140;29.07.2023 10:00;19,6;60
Landvik;SN38140;29.07.2023 11:00;19,3;62
Landvik;SN38140;29.07.2023 12:00;19,7;65
Landvik;SN38140;29.07.2023 13:00;19,6;64
Landvik;SN38140;29.07.2023 14:00;19,7;60
Landvik;SN38140;29.07.2023 15:00;20;64
Landvik;SN38140;29.07.2023 16:00;19,3;68
Landvik;SN38140;29.07.2023 17:00;18,5;74
Landvik;SN38140;29.07.2023 18:00;18,2;79
Landvik;SN38140;29.07.2023 19:00;17,9;83
Landvik;SN38140;29.07.2023 20:00;17,4;84
Landvik;SN38140;29.07.2023 21:00;16,9;89
Landvik;SN38140;29.07.2023 22:00;16,7;91
Landvik;SN38140;29.07.2023 23:00;16,9;91
Landvik;SN38140;30.07.2023 00:00;16,5;90
Landvik;SN38140;30.07.2023 01:00;16,2;89
Landvik;SN38140;30.07.2023 02:00;15,9;88
Landvik;SN38140;30.07.2023 03:00;15,4;87
Landvik;SN38140;30.07.2023 04:00;14,5;89
Landvik;SN38140;30.07.2023 05:00;13,6;92
Landvik;SN38140;30.07.2023 06:00;13,9;91
Landvik;SN38140;30.07.2023 07:00;14,8;86
Landvik;SN38140;30.07.2023 08:00;16,5;75
Landvik;SN38140;30.07.2023 09:00;17,7;70
Landvik;SN38140;30.07.2023 10:00;18,5;64
Landvik;SN38140;30.07.2023 11:00;17,1;76
Landvik;SN38140;30.07.2023 12:00;16,4;80
Landvik;SN38140;30.07.2023 13:00;15,4;86
Landvik;SN38140;30.07.2023 14:00;15,9;85
Landvik;SN38140;30.07.2023 15:00;18,3;77
Landvik;SN38140;30.07.2023 16:00;18,2;77
Landvik;SN38140;30.07.2023 17:00;17,9;78
Landvik;SN38140;30.07.2023 18:00;17,7;78
Landvik;SN38140;30.07.2023 19:00;17,6;76
Landvik;SN38140;30.07.2023 20:00;16,6;79
Landvik;SN38140;30.07.2023 21:00;15,3;83
Landvik;SN38140;30.07.2023 22:00;14;87
Landvik;SN38140;30.07.2023 23:00;13,2;90
Landvik;SN38140;31.07.2023 00:00;12,3;92
Landvik;SN38140;31.07.2023 01:00;11,1;93
Landvik;SN38140;31.07.2023 02:00;10,1;95
Landvik;SN38140;31.07.2023 03:00;9,3;95
Landvik;SN38140;31.07.2023 04:00;9,3;96
Landvik;SN38140;31.07.2023 05:00;9,4;96
Landvik;SN38140;31.07.2023 06:00;10,5;97
Landvik;SN38140;31.07.2023 07:00;12;96
Landvik;SN38140;31.07.2023 08:00;12,6;95
Landvik;SN38140;31.07.2023 09:00;14,8;87
Landvik;SN38140;31.07.2023 10:00;16,7;71
Landvik;SN38140;31.07.2023 11:00;17,8;65
Landvik;SN38140;31.07.2023 12:00;18,5;64
Landvik;SN38140;31.07.2023 13:00;18,3;65
Landvik;SN38140;31.07.2023 14:00;18,4;65
Landvik;SN38140;31.07.2023 15:00;19;64
Landvik;SN38140;31.07.2023 16:00;18,4;68
Landvik;SN38140;31.07.2023 17:00;17;73
Landvik;SN38140;31.07.2023 18:00;17,2;73
Landvik;SN38140;31.07.2023 19:00;16,9;73
Landvik;SN38140;31.07.2023 20:00;15,8;79
Landvik;SN38140;31.07.2023 21:00;13,8;88
Landvik;SN38140;31.07.2023 22:00;12,2;92
Landvik;SN38140;31.07.2023 23:00;11,3;94
Landvik;SN38140;01.08.2023 00:00;10,6;95
Landvik;SN38140;01.08.2023 01:00;10,1;95
Landvik;SN38140;01.08.2023 02:00;10,5;96
Landvik;SN38140;01.08.2023 03:00;10,4;96
Landvik;SN38140;01.08.2023 04:00;10,2;96
Landvik;SN38140;01.08.2023 05:00;9,8;96
Landvik;SN38140;01.08.2023 06:00;11;97
Landvik;SN38140;01.08.2023 07:00;13,6;87
Landvik;SN38140;01.08.2023 08:00;15,8;75
Landvik;SN38140;01.08.2023 09:00;16,7;72
Landvik;SN38140;01.08.2023 10:00;17,7;70
Landvik;SN38140;01.08.2023 11:00;19,3;68
Landvik;SN38140;01.08.2023 12:00;19,3;67
Landvik;SN38140;01.08.2023 13:00;19,6;66
Landvik;SN38140;01.08.2023 14:00;19,8;64
Landvik;SN38140;01.08.2023 15:00;19,9;64
Landvik;SN38140;01.08.2023 16:00;18,5;70
Landvik;SN38140;01.08.2023 17:00;17,5;73
Landvik;SN38140;01.08.2023 18:00;18,8;67
Landvik;SN38140;01.08.2023 19:00;18,3;68
Landvik;SN38140;01.08.2023 20:00;17;77
Landvik;SN38140;01.08.2023 21:00;15;85
Landvik;SN38140;01.08.2023 22:00;13,5;91
Landvik;SN38140;01.08.2023 23:00;12,9;93
Landvik;SN38140;02.08.2023 00:00;12,3;94
Landvik;SN38140;02.08.2023 01:00;11,7;95
Landvik;SN38140;02.08.2023 02:00;11,4;95
Landvik;SN38140;02.08.2023 03:00;10,8;96
Landvik;SN38140;02.08.2023 04:00;10,4;96
Landvik;SN38140;02.08.2023 05:00;10,2;96
Landvik;SN38140;02.08.2023 06:00;11,5;97
Landvik;SN38140;02.08.2023 07:00;14,2;95
Landvik;SN38140;02.08.2023 08:00;16,9;80
Landvik;SN38140;02.08.2023 09:00;19,3;66
Landvik;SN38140;02.08.2023 10:00;19,9;59
Landvik;SN38140;02.08.2023 11:00;20,3;61
Landvik;SN38140;02.08.2023 12:00;20,5;67
Landvik;SN38140;02.08.2023 13:00;20,5;62
Landvik;SN38140;02.08.2023 14:00;20,4;62
Landvik;SN38140;02.08.2023 15:00;20,6;62
Landvik;SN38140;02.08.2023 16:00;20,9;56
Landvik;SN38140;02.08.2023 17:00;20,1;62
Landvik;SN38140;02.08.2023 18:00;19,7;70
Landvik;SN38140;02.08.2023 19:00;18,5;77
Landvik;SN38140;02.08.2023 20:00;17,3;80
Landvik;SN38140;02.08.2023 21:00;15,3;88
Landvik;SN38140;02.08.2023 22:00;13,9;92
Landvik;SN38140;02.08.2023 23:00;13,4;94
Landvik;SN38140;03.08.2023 00:00;14;95
Landvik;SN38140;03.08.2023 01:00;14,3;93
Landvik;SN38140;03.08.2023 02:00;14,2;94
Landvik;SN38140;03.08.2023 03:00;14,4;93
Landvik;SN38140;03.08.2023 04:00;14,6;92
Landvik;SN38140;03.08.2023 05:00;14,5;91
Landvik;SN38140;03.08.2023 06:00;14,6;90
Landvik;SN38140;03.08.2023 07:00;15;88
Landvik;SN38140;03.08.2023 08:00;16,3;84
Landvik;SN38140;03.08.2023 09:00;18,1;76
Landvik;SN38140;03.08.2023 10:00;19,1;72
Landvik;SN38140;03.08.2023 11:00;20,9;62
Landvik;SN38140;03.08.2023 12:00;21,8;59
Landvik;SN38140;03.08.2023 13:00;21,5;62
Landvik;SN38140;03.08.2023 14:00;22,3;60
Landvik;SN38140;03.08.2023 15:00;22,4;59
Landvik;SN38140;03.08.2023 16:00;21;61
Landvik;SN38140;03.08.2023 17:00;19,9;68
Landvik;SN38140;03.08.2023 18:00;19,6;72
Landvik;SN38140;03.08.2023 19:00;19,8;67
Landvik;SN38140;03.08.2023 20:00;18;69
Landvik;SN38140;03.08.2023 21:00;16,1;79
Landvik;SN38140;03.08.2023 22:00;14,6;86
Landvik;SN38140;03.08.2023 23:00;13,6;90
Landvik;SN38140;04.08.2023 00:00;12,8;93
Landvik;SN38140;04.08.2023 01:00;12;94
Landvik;SN38140;04.08.2023 02:00;11,6;95
Landvik;SN38140;04.08.2023 03:00;11,8;95
Landvik;SN38140;04.08.2023 04:00;11,8;94
Landvik;SN38140;04.08.2023 05:00;11,5;95
Landvik;SN38140;04.08.2023 06:00;12,2;95
Landvik;SN38140;04.08.2023 07:00;15,9;83
Landvik;SN38140;04.08.2023 08:00;19,6;63
Landvik;SN38140;04.08.2023 09:00;21,6;54
Landvik;SN38140;04.08.2023 10:00;22,4;51
Landvik;SN38140;04.08.2023 11:00;22,8;55
Landvik;SN38140;04.08.2023 12:00;22,4;55
Landvik;SN38140;04.08.2023 13:00;21,6;56
Landvik;SN38140;04.08.2023 14:00;20;67
Landvik;SN38140;04.08.2023 15:00;20,3;65
Landvik;SN38140;04.08.2023 16:00;20,1;68
Landvik;SN38140;04.08.2023 17:00;19,7;70
Landvik;SN38140;04.08.2023 18:00;20,5;71
Landvik;SN38140;04.08.2023 19:00;19,9;69
Landvik;SN38140;04.08.2023 20:00;17,7;73
Landvik;SN38140;04.08.2023 21:00;15,5;87
Landvik;SN38140;04.08.2023 22:00;14,4;92
Landvik;SN38140;04.08.2023 23:00;13,6;94
Landvik;SN38140;05.08.2023 00:00;13,4;95
Landvik;SN38140;05.08.2023 01:00;12,7;95
Landvik;SN38140;05.08.2023 02:00;12,3;96
Landvik;SN38140;05.08.2023 03:00;12,8;96
Landvik;SN38140;05.08.2023 04:00;13;96
Landvik;SN38140;05.08.2023 05:00;13,8;96
Landvik;SN38140;05.08.2023 06:00;14;96
Landvik;SN38140;05.08.2023 07:00;14;96
Landvik;SN38140;05.08.2023 08:00;15,6;94
Landvik;SN38140;05.08.2023 09:00;17,4;82
Landvik;SN38140;05.08.2023 10:00;19,2;75
Landvik;SN38140;05.08.2023 11:00;20,4;66
Landvik;SN38140;05.08.2023 12:00;20,6;60
Landvik;SN38140;05.08.2023 13:00;20,8;58
Landvik;SN38140;05.08.2023 14:00;21,2;55
Landvik;SN38140;05.08.2023 15:00;20,6;57
Landvik;SN38140;05.08.2023 16:00;20;57
Landvik;SN38140;05.08.2023 17:00;19,3;57
Landvik;SN38140;05.08.2023 18:00;18,8;59
Landvik;SN38140;05.08.2023 19:00;17,8;60
Landvik;SN38140;05.08.2023 20:00;15,9;65
Landvik;SN38140;05.08.2023 21:00;14,7;69
Landvik;SN38140;05.08.2023 22:00;13,5;71
Landvik;SN38140;05.08.2023 23:00;12,3;78
Landvik;SN38140;06.08.2023 00:00;11,1;84
Landvik;SN38140;06.08.2023 01:00;9,8;88
Landvik;SN38140;06.08.2023 02:00;8,6;92
Landvik;SN38140;06.08.2023 03:00;8,2;94
Landvik;SN38140;06.08.2023 04:00;7,9;95
Landvik;SN38140;06.08.2023 05:00;8,2;95
Landvik;SN38140;06.08.2023 06:00;9,3;96
Landvik;SN38140;06.08.2023 07:00;10,9;95
Landvik;SN38140;06.08.2023 08:00;12,3;92
Landvik;SN38140;06.08.2023 09:00;13,6;83
Landvik;SN38140;06.08.2023 10:00;15,3;74
Landvik;SN38140;06.08.2023 11:00;16,2;74
Landvik;SN38140;06.08.2023 12:00;17,3;67
Landvik;SN38140;06.08.2023 13:00;18,1;63
Landvik;SN38140;06.08.2023 14:00;18,1;63
Landvik;SN38140;06.08.2023 15:00;18,5;62
Landvik;SN38140;06.08.2023 16:00;18,4;62
Landvik;SN38140;06.08.2023 17:00;18,1;64
Landvik;SN38140;06.08.2023 18:00;17,5;66
Landvik;SN38140;06.08.2023 19:00;17;69
Landvik;SN38140;06.08.2023 20:00;15,9;78
Landvik;SN38140;06.08.2023 21:00;14,6;85
Landvik;SN38140;06.08.2023 22:00;13,9;88
Landvik;SN38140;06.08.2023 23:00;13,5;89
Landvik;SN38140;07.08.2023 00:00;13,1;86
Landvik;SN38140;07.08.2023 01:00;14,4;76
Landvik;SN38140;07.08.2023 02:00;15,6;66
Landvik;SN38140;07.08.2023 03:00;15,5;66
Landvik;SN38140;07.08.2023 04:00;15,4;67
Landvik;SN38140;07.08.2023 05:00;14,5;76
Landvik;SN38140;07.08.2023 06:00;13,8;82
Landvik;SN38140;07.08.2023 07:00;13,9;83
Landvik;SN38140;07.08.2023 08:00;14;84
Landvik;SN38140;07.08.2023 09:00;14,4;83
Landvik;SN38140;07.08.2023 10:00;14,9;81
Landvik;SN38140;07.08.2023 11:00;15,2;79
Landvik;SN38140;07.08.2023 12:00;15,7;75
Landvik;SN38140;07.08.2023 13:00;15,8;74
Landvik;SN38140;07.08.2023 14:00;15,6;75
Landvik;SN38140;07.08.2023 15:00;15,1;80
Landvik;SN38140;07.08.2023 16:00;14,6;86
Landvik;SN38140;07.08.2023 17:00;14,9;85
Landvik;SN38140;07.08.2023 18:00;15,2;83
Landvik;SN38140;07.08.2023 19:00;15,6;78
Landvik;SN38140;07.08.2023 20:00;15,6;74
Landvik;SN38140;07.08.2023 21:00;14,7;81
Landvik;SN38140;07.08.2023 22:00;14,2;83
Landvik;SN38140;07.08.2023 23:00;13,6;86
Landvik;SN38140;08.08.2023 00:00;13,3;85
Landvik;SN38140;08.08.2023 01:00;12,9;84
Landvik;SN38140;08.08.2023 02:00;12,5;84
Landvik;SN38140;08.08.2023 03:00;12,2;85
Landvik;SN38140;08.08.2023 04:00;11,8;86
Landvik;SN38140;08.08.2023 05:00;11,7;84
Landvik;SN38140;08.08.2023 06:00;11,9;81
Landvik;SN38140;08.08.2023 07:00;12,3;78
Landvik;SN38140;08.08.2023 08:00;13,4;72
Landvik;SN38140;08.08.2023 09:00;14,4;67
Landvik;SN38140;08.08.2023 10:00;15,4;63
Landvik;SN38140;08.08.2023 11:00;16,1;59
Landvik;SN38140;08.08.2023 12:00;16,1;58
Landvik;SN38140;08.08.2023 13:00;16,5;57
Landvik;SN38140;08.08.2023 14:00;16,7;54
Landvik;SN38140;08.08.2023 15:00;16,5;53
Landvik;SN38140;08.08.2023 16:00;15,7;54
Landvik;SN38140;08.08.2023 17:00;14,6;60
Landvik;SN38140;08.08.2023 18:00;14;62
Landvik;SN38140;08.08.2023 19:00;12,9;68
Landvik;SN38140;08.08.2023 20:00;12,3;67
Landvik;SN38140;08.08.2023 21:00;12,5;64
Landvik;SN38140;08.08.2023 22:00;12,2;67
Landvik;SN38140;08.08.2023 23:00;12,1;70
Landvik;SN38140;09.08.2023 00:00;12,4;67
Landvik;SN38140;09.08.2023 01:00;12,8;64
Landvik;SN38140;09.08.2023 02:00;13,3;61
Landvik;SN38140;09.08.2023 03:00;13,7;59
Landvik;SN38140;09.08.2023 04:00;13,9;56
Landvik;SN38140;09.08.2023 05:00;13,7;57
Landvik;SN38140;09.08.2023 06:00;13,6;59
Landvik;SN38140;09.08.2023 07:00;13,4;62
Landvik;SN38140;09.08.2023 08:00;13,1;68
Landvik;SN38140;09.08.2023 09:00;14,5;61
Landvik;SN38140;09.08.2023 10:00;14;67
Landvik;SN38140;09.08.2023 11:00;15,2;61
Landvik;SN38140;09.08.2023 12:00;16,3;54
Landvik;SN38140;09.08.2023 13:00;15,6;56
Landvik;SN38140;09.08.2023 14:00;16,9;53
Landvik;SN38140;09.08.2023 15:00;17,4;50
Landvik;SN38140;09.08.2023 16:00;17,8;48
Landvik;SN38140;09.08.2023 17:00;17,9;50
Landvik;SN38140;09.08.2023 18:00;16,6;54
Landvik;SN38140;09.08.2023 19:00;16,1;54
Landvik;SN38140;09.08.2023 20:00;14,9;60
Landvik;SN38140;09.08.2023 21:00;14,2;59
Landvik;SN38140;09.08.2023 22:00;13,8;59
Landvik;SN38140;09.08.2023 23:00;12,9;65
Landvik;SN38140;10.08.2023 00:00;12,7;68
Landvik;SN38140;10.08.2023 01:00;12,6;68
Landvik;SN38140;10.08.2023 02:00;12,8;66
Landvik;SN38140;10.08.2023 03:00;12,7;66
Landvik;SN38140;10.08.2023 04:00;12,3;70
Landvik;SN38140;10.08.2023 05:00;12,2;70
Landvik;SN38140;10.08.2023 06:00;12,3;69
Landvik;SN38140;10.08.2023 07:00;12,6;69
Landvik;SN38140;10.08.2023 08:00;13,8;65
Landvik;SN38140;10.08.2023 09:00;15;60
Landvik;SN38140;10.08.2023 10:00;16,8;55
Landvik;SN38140;10.08.2023 11:00;17,7;49
Landvik;SN38140;10.08.2023 12:00;18,8;45
Landvik;SN38140;10.08.2023 13:00;19,8;43
Landvik;SN38140;10.08.2023 14:00;19,4;44
Landvik;SN38140;10.08.2023 15:00;19,3;45
Landvik;SN38140;10.08.2023 16:00;20,4;44
Landvik;SN38140;10.08.2023 17:00;20,2;44
Landvik;SN38140;10.08.2023 18:00;20,1;45
Landvik;SN38140;10.08.2023 19:00;19,2;47
Landvik;SN38140;10.08.2023 20:00;17,2;52
Landvik;SN38140;10.08.2023 21:00;15,2;58
Landvik;SN38140;10.08.2023 22:00;14,3;61
Landvik;SN38140;10.08.2023 23:00;13,8;63
Landvik;SN38140;11.08.2023 00:00;12,7;68
Landvik;SN38140;11.08.2023 01:00;11,4;74
Landvik;SN38140;11.08.2023 02:00;9,7;83
Landvik;SN38140;11.08.2023 03:00;8,7;88
Landvik;SN38140;11.08.2023 04:00;8,4;90
Landvik;SN38140;11.08.2023 05:00;8;91
Landvik;SN38140;11.08.2023 06:00;8,4;91
Landvik;SN38140;11.08.2023 07:00;11,9;78
Landvik;SN38140;11.08.2023 08:00;15,5;63
Landvik;SN38140;11.08.2023 09:00;17,1;58
Landvik;SN38140;11.08.2023 10:00;17,8;54
Landvik;SN38140;11.08.2023 11:00;18,4;53
Landvik;SN38140;11.08.2023 12:00;18,6;52
Landvik;SN38140;11.08.2023 13:00;18,8;54
Landvik;SN38140;11.08.2023 14:00;19,3;54
Landvik;SN38140;11.08.2023 15:00;19,6;51
Landvik;SN38140;11.08.2023 16:00;20;52
Landvik;SN38140;11.08.2023 17:00;20,3;61
Landvik;SN38140;11.08.2023 18:00;18,5;73
Landvik;SN38140;11.08.2023 19:00;17,9;75
Landvik;SN38140;11.08.2023 20:00;16,9;84
Landvik;SN38140;11.08.2023 21:00;16,5;89
Landvik;SN38140;11.08.2023 22:00;16,3;91
Landvik;SN38140;11.08.2023 23:00;16,3;90
Landvik;SN38140;12.08.2023 00:00;16,6;92
Landvik;SN38140;12.08.2023 01:00;16,6;94
Landvik;SN38140;12.08.2023 02:00;16,4;95
Landvik;SN38140;12.08.2023 03:00;16,3;94
Landvik;SN38140;12.08.2023 04:00;16,2;94
Landvik;SN38140;12.08.2023 05:00;15,6;94
Landvik;SN38140;12.08.2023 06:00;15,1;95
Landvik;SN38140;12.08.2023 07:00;15,2;94
Landvik;SN38140;12.08.2023 08:00;17;85
Landvik;SN38140;12.08.2023 09:00;18,9;72
Landvik;SN38140;12.08.2023 10:00;20,5;65
Landvik;SN38140;12.08.2023 11:00;21;66
Landvik;SN38140;12.08.2023 12:00;20;69
Landvik;SN38140;12.08.2023 13:00;20,3;62
Landvik;SN38140;12.08.2023 14:00;19,9;64
Landvik;SN38140;12.08.2023 15:00;19,1;68
Landvik;SN38140;12.08.2023 16:00;20,1;60
Landvik;SN38140;12.08.2023 17:00;20,2;59
Landvik;SN38140;12.08.2023 18:00;18,6;66
Landvik;SN38140;12.08.2023 19:00;17,1;80
Landvik;SN38140;12.08.2023 20:00;16,1;90
Landvik;SN38140;12.08.2023 21:00;14,4;91
Landvik;SN38140;12.08.2023 22:00;14;91
Landvik;SN38140;12.08.2023 23:00;13,8;92
Landvik;SN38140;13.08.2023 00:00;13,9;90
Landvik;SN38140;13.08.2023 01:00;14;89
Landvik;SN38140;13.08.2023 02:00;14,1;88
Landvik;SN38140;13.08.2023 03:00;14,1;91
Landvik;SN38140;13.08.2023 04:00;14;93
Landvik;SN38140;13.08.2023 05:00;14;94
Landvik;SN38140;13.08.2023 06:00;13,6;94
Landvik;SN38140;13.08.2023 07:00;14,6;93
Landvik;SN38140;13.08.2023 08:00;15,7;85
Landvik;SN38140;13.08.2023 09:00;16,3;83
Landvik;SN38140;13.08.2023 10:00;16,9;84
Landvik;SN38140;13.08.2023 11:00;17;82
Landvik;SN38140;13.08.2023 12:00;16,4;89
Landvik;SN38140;13.08.2023 13:00;17,9;89
Landvik;SN38140;13.08.2023 14:00;19,3;78
Landvik;SN38140;13.08.2023 15:00;19,5;76
Landvik;SN38140;13.08.2023 16:00;19,7;75
Landvik;SN38140;13.08.2023 17:00;18,9;79
Landvik;SN38140;13.08.2023 18:00;18,2;81
Landvik;SN38140;13.08.2023 19:00;17,6;82
Landvik;SN38140;13.08.2023 20:00;17,1;83
Landvik;SN38140;13.08.2023 21:00;16,6;87
Landvik;SN38140;13.08.2023 22:00;16,6;88
Landvik;SN38140;13.08.2023 23:00;16,4;91
Landvik;SN38140;14.08.2023 00:00;16,1;92
Landvik;SN38140;14.08.2023 01:00;16;92
Landvik;SN38140;14.08.2023 02:00;15,3;92
Landvik;SN38140;14.08.2023 03:00;15,1;93
Landvik;SN38140;14.08.2023 04:00;14,5;94
Landvik;SN38140;14.08.2023 05:00;13,8;94
Landvik;SN38140;14.08.2023 06:00;14,1;96
Landvik;SN38140;14.08.2023 07:00;15,4;95
Landvik;SN38140;14.08.2023 08:00;16;90
Landvik;SN38140;14.08.2023 09:00;16,6;89
Landvik;SN38140;14.08.2023 10:00;17,3;88
Landvik;SN38140;14.08.2023 11:00;18;84
Landvik;SN38140;14.08.2023 12:00;18,5;81
Landvik;SN38140;14.08.2023 13:00;18,1;85
Landvik;SN38140;14.08.2023 14:00;17,8;89
Landvik;SN38140;14.08.2023 15:00;18,8;83
Landvik;SN38140;14.08.2023 16:00;18;84
Landvik;SN38140;14.08.2023 17:00;17,5;89
Landvik;SN38140;14.08.2023 18:00;17,3;91
Landvik;SN38140;14.08.2023 19:00;17;92
Landvik;SN38140;14.08.2023 20:00;16,6;94
Landvik;SN38140;14.08.2023 21:00;15,9;93
Landvik;SN38140;14.08.2023 22:00;15,6;93
Landvik;SN38140;14.08.2023 23:00;15,9;93
Landvik;SN38140;15.08.2023 00:00;16,3;93
Landvik;SN38140;15.08.2023 01:00;16;94
Landvik;SN38140;15.08.2023 02:00;15,7;95
Landvik;SN38140;15.08.2023 03:00;15,7;96
Landvik;SN38140;15.08.2023 04:00;16;95
Landvik;SN38140;15.08.2023 05:00;15,8;95
Landvik;SN38140;15.08.2023 06:00;15,6;95
Landvik;SN38140;15.08.2023 07:00;16;95
Landvik;SN38140;15.08.2023 08:00;16,3;94
Landvik;SN38140;15.08.2023 09:00;16,5;94
Landvik;SN38140;15.08.2023 10:00;17,3;92
Landvik;SN38140;15.08.2023 11:00;17,5;89
Landvik;SN38140;15.08.2023 12:00;18;90
Landvik;SN38140;15.08.2023 13:00;18,4;88
Landvik;SN38140;15.08.2023 14:00;18,6;87
Landvik;SN38140;15.08.2023 15:00;18,1;88
Landvik;SN38140;15.08.2023 16:00;17,9;88
Landvik;SN38140;15.08.2023 17:00;17,6;90
Landvik;SN38140;15.08.2023 18:00;17,7;88
Landvik;SN38140;15.08.2023 19:00;17,3;83
Landvik;SN38140;15.08.2023 20:00;16,8;87
Landvik;SN38140;15.08.2023 21:00;16,5;89
Landvik;SN38140;15.08.2023 22:00;16;90
Landvik;SN38140;15.08.2023 23:00;15,6;94
Landvik;SN38140;16.08.2023 00:00;15,8;94
Landvik;SN38140;16.08.2023 01:00;15,5;95
Landvik;SN38140;16.08.2023 02:00;15,5;95
Landvik;SN38140;16.08.2023 03:00;15,6;95
Landvik;SN38140;16.08.2023 04:00;15,5;95
Landvik;SN38140;16.08.2023 05:00;15,2;95
Landvik;SN38140;16.08.2023 06:00;15,2;95
Landvik;SN38140;16.08.2023 07:00;15,4;94
Landvik;SN38140;16.08.2023 08:00;16,4;88
Landvik;SN38140;16.08.2023 09:00;18,3;78
Landvik;SN38140;16.08.2023 10:00;19,5;76
Landvik;SN38140;16.08.2023 11:00;20,5;69
Landvik;SN38140;16.08.2023 12:00;21,8;62
Landvik;SN38140;16.08.2023 13:00;22,3;60
Landvik;SN38140;16.08.2023 14:00;22,7;59
Landvik;SN38140;16.08.2023 15:00;23;61
Landvik;SN38140;16.08.2023 16:00;24,2;55
Landvik;SN38140;16.08.2023 17:00;23,6;59
Landvik;SN38140;16.08.2023 18:00;22,8;64
Landvik;SN38140;16.08.2023 19:00;21,9;66
Landvik;SN38140;16.08.2023 20:00;19,5;73
Landvik;SN38140;16.08.2023 21:00;16,3;87
Landvik;SN38140;16.08.2023 22:00;14,4;90
Landvik;SN38140;16.08.2023 23:00;13,4;91
Landvik;SN38140;17.08.2023 00:00;12,6;93
Landvik;SN38140;17.08.2023 01:00;12,5;94
Landvik;SN38140;17.08.2023 02:00;12,3;94
Landvik;SN38140;17.08.2023 03:00;13,8;96
Landvik;SN38140;17.08.2023 04:00;16;92
Landvik;SN38140;17.08.2023 05:00;16,5;90
Landvik;SN38140;17.08.2023 06:00;16,8;89
Landvik;SN38140;17.08.2023 07:00;17;87
Landvik;SN38140;17.08.2023 08:00;17,3;84
Landvik;SN38140;17.08.2023 09:00;17,4;84
Landvik;SN38140;17.08.2023 10:00;16,9;85
Landvik;SN38140;17.08.2023 11:00;17,2;83
Landvik;SN38140;17.08.2023 12:00;17,5;82
Landvik;SN38140;17.08.2023 13:00;17,1;82
Landvik;SN38140;17.08.2023 14:00;16,6;84
Landvik;SN38140;17.08.2023 15:00;16,7;82
Landvik;SN38140;17.08.2023 16:00;16,6;81
Landvik;SN38140;17.08.2023 17:00;16,7;81
Landvik;SN38140;17.08.2023 18:00;16,5;81
Landvik;SN38140;17.08.2023 19:00;16,5;82
Landvik;SN38140;17.08.2023 20:00;16,1;84
Landvik;SN38140;17.08.2023 21:00;15,8;86
Landvik;SN38140;17.08.2023 22:00;15,8;86
Landvik;SN38140;17.08.2023 23:00;15,4;86
Landvik;SN38140;18.08.2023 00:00;13,7;91
Landvik;SN38140;18.08.2023 01:00;13;95
Landvik;SN38140;18.08.2023 02:00;13;95
Landvik;SN38140;18.08.2023 03:00;12,9;96
Landvik;SN38140;18.08.2023 04:00;13,4;96
Landvik;SN38140;18.08.2023 05:00;14,3;96
Landvik;SN38140;18.08.2023 06:00;15;93
Landvik;SN38140;18.08.2023 07:00;16;90
Landvik;SN38140;18.08.2023 08:00;17,4;84
Landvik;SN38140;18.08.2023 09:00;18,4;78
Landvik;SN38140;18.08.2023 10:00;18,3;78
Landvik;SN38140;18.08.2023 11:00;18,2;81
Landvik;SN38140;18.08.2023 12:00;18,5;80
Landvik;SN38140;18.08.2023 13:00;18,9;78
Landvik;SN38140;18.08.2023 14:00;19,7;75
Landvik;SN38140;18.08.2023 15:00;19,8;71
Landvik;SN38140;18.08.2023 16:00;19,7;71
Landvik;SN38140;18.08.2023 17:00;20;70
Landvik;SN38140;18.08.2023 18:00;20,2;66
Landvik;SN38140;18.08.2023 19:00;19,4;65
Landvik;SN38140;18.08.2023 20:00;18,4;70
Landvik;SN38140;18.08.2023 21:00;17,3;79
Landvik;SN38140;18.08.2023 22:00;17,6;75
Landvik;SN38140;18.08.2023 23:00;17,9;73
Landvik;SN38140;19.08.2023 00:00;18;74
Landvik;SN38140;19.08.2023 01:00;18,1;75
Landvik;SN38140;19.08.2023 02:00;17,8;78
Landvik;SN38140;19.08.2023 03:00;17,9;80
Landvik;SN38140;19.08.2023 04:00;17,8;82
Landvik;SN38140;19.08.2023 05:00;17,6;84
Landvik;SN38140;19.08.2023 06:00;17,4;85
Landvik;SN38140;19.08.2023 07:00;17,3;86
Landvik;SN38140;19.08.2023 08:00;17,3;87
Landvik;SN38140;19.08.2023 09:00;17;90
Landvik;SN38140;19.08.2023 10:00;16,7;92
Landvik;SN38140;19.08.2023 11:00;16,7;92
Landvik;SN38140;19.08.2023 12:00;16,7;92
Landvik;SN38140;19.08.2023 13:00;16,4;93
Landvik;SN38140;19.08.2023 14:00;16,6;93
Landvik;SN38140;19.08.2023 15:00;17;90
Landvik;SN38140;19.08.2023 16:00;17,4;87
Landvik;SN38140;19.08.2023 17:00;17,4;88
Landvik;SN38140;19.08.2023 18:00;17,1;93
Landvik;SN38140;19.08.2023 19:00;17,4;94
Landvik;SN38140;19.08.2023 20:00;17,6;94
Landvik;SN38140;19.08.2023 21:00;17,8;94
Landvik;SN38140;19.08.2023 22:00;17,9;94
Landvik;SN38140;19.08.2023 23:00;18;95
Landvik;SN38140;20.08.2023 00:00;18;95
Landvik;SN38140;20.08.2023 01:00;18;95
Landvik;SN38140;20.08.2023 02:00;18;96
Landvik;SN38140;20.08.2023 03:00;17,9;96
Landvik;SN38140;20.08.2023 04:00;17,9;96
Landvik;SN38140;20.08.2023 05:00;17,8;96
Landvik;SN38140;20.08.2023 06:00;17,8;96
Landvik;SN38140;20.08.2023 07:00;17,9;97
Landvik;SN38140;20.08.2023 08:00;18,3;96
Landvik;SN38140;20.08.2023 09:00;19,3;91
Landvik;SN38140;20.08.2023 10:00;20,9;80
Landvik;SN38140;20.08.2023 11:00;21,9;71
Landvik;SN38140;20.08.2023 12:00;23;62
Landvik;SN38140;20.08.2023 13:00;23,2;62
Landvik;SN38140;20.08.2023 14:00;22,8;66
Landvik;SN38140;20.08.2023 15:00;22,2;69
Landvik;SN38140;20.08.2023 16:00;21,9;68
Landvik;SN38140;20.08.2023 17:00;21,8;67
Landvik;SN38140;20.08.2023 18:00;20,8;74
Landvik;SN38140;20.08.2023 19:00;19,9;77
Landvik;SN38140;20.08.2023 20:00;18,6;77
Landvik;SN38140;20.08.2023 21:00;17,2;75
Landvik;SN38140;20.08.2023 22:00;14,9;85
Landvik;SN38140;20.08.2023 23:00;13,5;93
Landvik;SN38140;21.08.2023 00:00;14,6;91
Landvik;SN38140;21.08.2023 01:00;14,1;91
Landvik;SN38140;21.08.2023 02:00;14;91
Landvik;SN38140;21.08.2023 03:00;13,7;92
Landvik;SN38140;21.08.2023 04:00;14,3;91
Landvik;SN38140;21.08.2023 05:00;14,1;91
Landvik;SN38140;21.08.2023 06:00;13,8;93
Landvik;SN38140;21.08.2023 07:00;14,4;91
Landvik;SN38140;21.08.2023 08:00;15,6;86
Landvik;SN38140;21.08.2023 09:00;17,3;79
Landvik;SN38140;21.08.2023 10:00;18,6;74
Landvik;SN38140;21.08.2023 11:00;20,4;64
Landvik;SN38140;21.08.2023 12:00;21,4;58
Landvik;SN38140;21.08.2023 13:00;22;56
Landvik;SN38140;21.08.2023 14:00;21,6;64
Landvik;SN38140;21.08.2023 15:00;21,6;67
Landvik;SN38140;21.08.2023 16:00;21,8;65
Landvik;SN38140;21.08.2023 17:00;21,3;65
Landvik;SN38140;21.08.2023 18:00;20,5;67
Landvik;SN38140;21.08.2023 19:00;19;70
Landvik;SN38140;21.08.2023 20:00;17,3;76
Landvik;SN38140;21.08.2023 21:00;16,1;80
Landvik;SN38140;21.08.2023 22:00;14,9;85
Landvik;SN38140;21.08.2023 23:00;14,6;83
Landvik;SN38140;22.08.2023 00:00;14,2;84
Landvik;SN38140;22.08.2023 01:00;13,5;87
Landvik;SN38140;22.08.2023 02:00;13;90
Landvik;SN38140;22.08.2023 03:00;13;89
Landvik;SN38140;22.08.2023 04:00;13,2;86
Landvik;SN38140;22.08.2023 05:00;12,1;88
Landvik;SN38140;22.08.2023 06:00;11,1;93
Landvik;SN38140;22.08.2023 07:00;14;85
Landvik;SN38140;22.08.2023 08:00;15,4;80
Landvik;SN38140;22.08.2023 09:00;16,6;76
Landvik;SN38140;22.08.2023 10:00;17,7;73
Landvik;SN38140;22.08.2023 11:00;18,8;70
Landvik;SN38140;22.08.2023 12:00;20,3;65
Landvik;SN38140;22.08.2023 13:00;21,4;61
Landvik;SN38140;22.08.2023 14:00;21,7;62
Landvik;SN38140;22.08.2023 15:00;21,7;67
Landvik;SN38140;22.08.2023 16:00;21,4;68
Landvik;SN38140;22.08.2023 17:00;21,1;67
Landvik;SN38140;22.08.2023 18:00;20,6;70
Landvik;SN38140;22.08.2023 19:00;19,3;75
Landvik;SN38140;22.08.2023 20:00;18,3;79
Landvik;SN38140;22.08.2023 21:00;17,6;81
Landvik;SN38140;22.08.2023 22:00;17,2;82
Landvik;SN38140;22.08.2023 23:00;16,9;83
Landvik;SN38140;23.08.2023 00:00;16,7;84
Landvik;SN38140;23.08.2023 01:00;16,5;86
Landvik;SN38140;23.08.2023 02:00;16,2;87
Landvik;SN38140;23.08.2023 03:00;16;88
Landvik;SN38140;23.08.2023 04:00;15,9;88
Landvik;SN38140;23.08.2023 05:00;15,2;90
Landvik;SN38140;23.08.2023 06:00;15;92
Landvik;SN38140;23.08.2023 07:00;15,7;91
Landvik;SN38140;23.08.2023 08:00;16,4;88
Landvik;SN38140;23.08.2023 09:00;17,8;82
Landvik;SN38140;23.08.2023 10:00;18,2;80
Landvik;SN38140;23.08.2023 11:00;19,5;73
Landvik;SN38140;23.08.2023 12:00;20,1;68
Landvik;SN38140;23.08.2023 13:00;20,2;70
Landvik;SN38140;23.08.2023 14:00;19,7;72
Landvik;SN38140;23.08.2023 15:00;20;73
Landvik;SN38140;23.08.2023 16:00;21,7;53
Landvik;SN38140;23.08.2023 17:00;21,2;53
Landvik;SN38140;23.08.2023 18:00;20,4;59
Landvik;SN38140;23.08.2023 19:00;19,2;62
Landvik;SN38140;23.08.2023 20:00;17,6;67
Landvik;SN38140;23.08.2023 21:00;16;72
Landvik;SN38140;23.08.2023 22:00;15,6;73
Landvik;SN38140;23.08.2023 23:00;13,7;81
Landvik;SN38140;24.08.2023 00:00;14,3;73
Landvik;SN38140;24.08.2023 01:00;13,6;73
Landvik;SN38140;24.08.2023 02:00;11,9;80
Landvik;SN38140;24.08.2023 03:00;10,1;88
Landvik;SN38140;24.08.2023 04:00;10;87
Landvik;SN38140;24.08.2023 05:00;10,6;79
Landvik;SN38140;24.08.2023 06:00;10,7;77
Landvik;SN38140;24.08.2023 07:00;11;81
Landvik;SN38140;24.08.2023 08:00;13,8;70
Landvik;SN38140;24.08.2023 09:00;16,5;60
Landvik;SN38140;24.08.2023 10:00;18;53
Landvik;SN38140;24.08.2023 11:00;18,2;52
Landvik;SN38140;24.08.2023 12:00;18,6;51
Landvik;SN38140;24.08.2023 13:00;18,5;50
Landvik;SN38140;24.08.2023 14:00;18,8;55
Landvik;SN38140;24.08.2023 15:00;18,3;59
Landvik;SN38140;24.08.2023 16:00;18,4;62
Landvik;SN38140;24.08.2023 17:00;18,2;69
Landvik;SN38140;24.08.2023 18:00;17,6;73
Landvik;SN38140;24.08.2023 19:00;16,8;77
Landvik;SN38140;24.08.2023 20:00;15,5;87
Landvik;SN38140;24.08.2023 21:00;14,7;92
Landvik;SN38140;24.08.2023 22:00;14,3;93
Landvik;SN38140;24.08.2023 23:00;13,9;94
Landvik;SN38140;25.08.2023 00:00;13,7;94
Landvik;SN38140;25.08.2023 01:00;13,5;95
Landvik;SN38140;25.08.2023 02:00;13,2;94
Landvik;SN38140;25.08.2023 03:00;12,3;91
Landvik;SN38140;25.08.2023 04:00;12;93
Landvik;SN38140;25.08.2023 05:00;12,1;93
Landvik;SN38140;25.08.2023 06:00;12,2;93
Landvik;SN38140;25.08.2023 07:00;13;95
Landvik;SN38140;25.08.2023 08:00;13,9;94
Landvik;SN38140;25.08.2023 09:00;13,8;94
Landvik;SN38140;25.08.2023 10:00;14;93
Landvik;SN38140;25.08.2023 11:00;14,3;93
Landvik;SN38140;25.08.2023 12:00;14,3;93
Landvik;SN38140;25.08.2023 13:00;14,3;93
Landvik;SN38140;25.08.2023 14:00;14,3;93
Landvik;SN38140;25.08.2023 15:00;14,3;93
Landvik;SN38140;25.08.2023 16:00;14,6;94
Landvik;SN38140;25.08.2023 17:00;14,4;93
Landvik;SN38140;25.08.2023 18:00;14,2;93
Landvik;SN38140;25.08.2023 19:00;14,1;93
Landvik;SN38140;25.08.2023 20:00;14,2;93
Landvik;SN38140;25.08.2023 21:00;14,2;93
Landvik;SN38140;25.08.2023 22:00;14,2;94
Landvik;SN38140;25.08.2023 23:00;14,3;94
Landvik;SN38140;26.08.2023 00:00;14,3;94
Landvik;SN38140;26.08.2023 01:00;14,2;94
Landvik;SN38140;26.08.2023 02:00;14,1;92
Landvik;SN38140;26.08.2023 03:00;14,1;92
Landvik;SN38140;26.08.2023 04:00;14,1;92
Landvik;SN38140;26.08.2023 05:00;14,2;93
Landvik;SN38140;26.08.2023 06:00;14,1;93
Landvik;SN38140;26.08.2023 07:00;14,3;93
Landvik;SN38140;26.08.2023 08:00;15;92
Landvik;SN38140;26.08.2023 09:00;15,9;88
Landvik;SN38140;26.08.2023 10:00;17,3;80
Landvik;SN38140;26.08.2023 11:00;18,1;77
Landvik;SN38140;26.08.2023 12:00;17,9;78
Landvik;SN38140;26.08.2023 13:00;18,3;78
Landvik;SN38140;26.08.2023 14:00;18,2;79
Landvik;SN38140;26.08.2023 15:00;18,5;77
Landvik;SN38140;26.08.2023 16:00;18,3;75
Landvik;SN38140;26.08.2023 17:00;18,7;71
Landvik;SN38140;26.08.2023 18:00;17,2;82
Landvik;SN38140;26.08.2023 19:00;16,3;86
Landvik;SN38140;26.08.2023 20:00;14,9;90
Landvik;SN38140;26.08.2023 21:00;13,3;93
Landvik;SN38140;26.08.2023 22:00;12,4;95
Landvik;SN38140;26.08.2023 23:00;12,1;96
Landvik;SN38140;27.08.2023 00:00;11,5;96
Landvik;SN38140;27.08.2023 01:00;11,6;96
Landvik;SN38140;27.08.2023 02:00;11,3;96
Landvik;SN38140;27.08.2023 03:00;10,9;96
Landvik;SN38140;27.08.2023 04:00;11,7;93
Landvik;SN38140;27.08.2023 05:00;11,9;89
Landvik;SN38140;27.08.2023 06:00;11,9;88
Landvik;SN38140;27.08.2023 07:00;12,3;85
Landvik;SN38140;27.08.2023 08:00;13,7;78
Landvik;SN38140;27.08.2023 09:00;15,4;71
Landvik;SN38140;27.08.2023 10:00;17;63
Landvik;SN38140;27.08.2023 11:00;18,2;57
Landvik;SN38140;27.08.2023 12:00;18,8;55
Landvik;SN38140;27.08.2023 13:00;19,4;55
Landvik;SN38140;27.08.2023 14:00;19,3;63
Landvik;SN38140;27.08.2023 15:00;19,2;65
Landvik;SN38140;27.08.2023 16:00;18,7;68
Landvik;SN38140;27.08.2023 17:00;18,6;65
Landvik;SN38140;27.08.2023 18:00;17,4;69
Landvik;SN38140;27.08.2023 19:00;15,8;75
Landvik;SN38140;27.08.2023 20:00;14,5;81
Landvik;SN38140;27.08.2023 21:00;13,2;88
Landvik;SN38140;27.08.2023 22:00;11,7;92
Landvik;SN38140;27.08.2023 23:00;10,9;94
Landvik;SN38140;28.08.2023 00:00;10,1;95
Landvik;SN38140;28.08.2023 01:00;9,6;96
Landvik;SN38140;28.08.2023 02:00;9,3;96
Landvik;SN38140;28.08.2023 03:00;9,2;96
Landvik;SN38140;28.08.2023 04:00;9,3;96
Landvik;SN38140;28.08.2023 05:00;8,9;96
Landvik;SN38140;28.08.2023 06:00;8,5;96
Landvik;SN38140;28.08.2023 07:00;9,1;97
Landvik;SN38140;28.08.2023 08:00;11,7;95
Landvik;SN38140;28.08.2023 09:00;15,3;71
Landvik;SN38140;28.08.2023 10:00;18,1;59
Landvik;SN38140;28.08.2023 11:00;19;57
Landvik;SN38140;28.08.2023 12:00;19,9;51
Landvik;SN38140;28.08.2023 13:00;20,4;54
Landvik;SN38140;28.08.2023 14:00;21,2;50
Landvik;SN38140;28.08.2023 15:00;21;52
Landvik;SN38140;28.08.2023 16:00;21,7;50
Landvik;SN38140;28.08.2023 17:00;20,2;56
Landvik;SN38140;28.08.2023 18:00;20,3;49
Landvik;SN38140;28.08.2023 19:00;18,5;55
Landvik;SN38140;28.08.2023 20:00;16,7;64
Landvik;SN38140;28.08.2023 21:00;15,3;68
Landvik;SN38140;28.08.2023 22:00;14,1;68
Landvik;SN38140;28.08.2023 23:00;13,3;71
Landvik;SN38140;29.08.2023 00:00;12,6;77
Landvik;SN38140;29.08.2023 01:00;11,8;82
Landvik;SN38140;29.08.2023 02:00;11,2;83
Landvik;SN38140;29.08.2023 03:00;11;83
Landvik;SN38140;29.08.2023 04:00;10,6;83
Landvik;SN38140;29.08.2023 05:00;9,8;85
Landvik;SN38140;29.08.2023 06:00;10,8;84
Landvik;SN38140;29.08.2023 07:00;12,4;78
Landvik;SN38140;29.08.2023 08:00;13,8;74
Landvik;SN38140;29.08.2023 09:00;15,5;65
Landvik;SN38140;29.08.2023 10:00;16,6;61
Landvik;SN38140;29.08.2023 11:00;17,7;57
Landvik;SN38140;29.08.2023 12:00;18,1;59
Landvik;SN38140;29.08.2023 13:00;17,4;66
Landvik;SN38140;29.08.2023 14:00;17,4;65
Landvik;SN38140;29.08.2023 15:00;17,4;64
Landvik;SN38140;29.08.2023 16:00;17;65
Landvik;SN38140;29.08.2023 17:00;16,6;64
Landvik;SN38140;29.08.2023 18:00;16;69
Landvik;SN38140;29.08.2023 19:00;14,8;73
Landvik;SN38140;29.08.2023 20:00;13,9;78
Landvik;SN38140;29.08.2023 21:00;13,3;81
Landvik;SN38140;29.08.2023 22:00;11,8;89
Landvik;SN38140;29.08.2023 23:00;10,6;93
Landvik;SN38140;30.08.2023 00:00;10,9;94
Landvik;SN38140;30.08.2023 01:00;11,7;94
Landvik;SN38140;30.08.2023 02:00;12,2;95
Landvik;SN38140;30.08.2023 03:00;12,2;95
Landvik;SN38140;30.08.2023 04:00;12;95
Landvik;SN38140;30.08.2023 05:00;11,9;95
Landvik;SN38140;30.08.2023 06:00;12,1;94
Landvik;SN38140;30.08.2023 07:00;12,7;93
Landvik;SN38140;30.08.2023 08:00;13,8;89
Landvik;SN38140;30.08.2023 09:00;15,3;82
Landvik;SN38140;30.08.2023 10:00;16,9;77
Landvik;SN38140;30.08.2023 11:00;17;73
Landvik;SN38140;30.08.2023 12:00;17,4;73
Landvik;SN38140;30.08.2023 13:00;17,8;73
Landvik;SN38140;30.08.2023 14:00;17,6;72
Landvik;SN38140;30.08.2023 15:00;16,7;77
Landvik;SN38140;30.08.2023 16:00;16,4;78
Landvik;SN38140;30.08.2023 17:00;16,6;76
Landvik;SN38140;30.08.2023 18:00;16,4;77
Landvik;SN38140;30.08.2023 19:00;16,1;80
Landvik;SN38140;30.08.2023 20:00;15,8;83
Landvik;SN38140;30.08.2023 21:00;15;85
Landvik;SN38140;30.08.2023 22:00;13,8;92
Landvik;SN38140;30.08.2023 23:00;13,5;92
Landvik;SN38140;31.08.2023 00:00;13,2;92
Landvik;SN38140;31.08.2023 01:00;12,8;93
Landvik;SN38140;31.08.2023 02:00;13;94
Landvik;SN38140;31.08.2023 03:00;13;93
Landvik;SN38140;31.08.2023 04:00;12,7;93
Landvik;SN38140;31.08.2023 05:00;12,6;93
Landvik;SN38140;31.08.2023 06:00;12,4;92
Landvik;SN38140;31.08.2023 07:00;12,6;91
Landvik;SN38140;31.08.2023 08:00;13;89
Landvik;SN38140;31.08.2023 09:00;14,2;85
Landvik;SN38140;31.08.2023 10:00;15,9;78
Landvik;SN38140;31.08.2023 11:00;17,1;75
Landvik;SN38140;31.08.2023 12:00;17,8;73
Landvik;SN38140;31.08.2023 13:00;18,9;67
Landvik;SN38140;31.08.2023 14:00;19,4;62
Landvik;SN38140;31.08.2023 15:00;18,9;67
Landvik;SN38140;31.08.2023 16:00;19,6;64
Landvik;SN38140;31.08.2023 17:00;18,6;66
Landvik;SN38140;31.08.2023 18:00;17,3;70
Landvik;SN38140;31.08.2023 19:00;15,7;82
Landvik;SN38140;31.08.2023 20:00;13,7;89
Landvik;SN38140;31.08.2023 21:00;12,1;93
Landvik;SN38140;31.08.2023 22:00;11,4;95
Landvik;SN38140;31.08.2023 23:00;11;95
Landvik;SN38140;01.09.2023 00:00;10,9;96
Landvik;SN38140;01.09.2023 01:00;10,7;96
Landvik;SN38140;01.09.2023 02:00;10,5;96
Landvik;SN38140;01.09.2023 03:00;10,3;96
Landvik;SN38140;01.09.2023 04:00;10,2;96
Landvik;SN38140;01.09.2023 05:00;9,7;96
Landvik;SN38140;01.09.2023 06:00;10;96
Landvik;SN38140;01.09.2023 07:00;10,6;94
Landvik;SN38140;01.09.2023 08:00;13;88
Landvik;SN38140;01.09.2023 09:00;16,7;70
Landvik;SN38140;01.09.2023 10:00;19,2;59
Landvik;SN38140;01.09.2023 11:00;20,5;48
Landvik;SN38140;01.09.2023 12:00;20,7;53
Landvik;SN38140;01.09.2023 13:00;20,8;52
Landvik;SN38140;01.09.2023 14:00;20,8;52
Landvik;SN38140;01.09.2023 15:00;20,5;54
Landvik;SN38140;01.09.2023 16:00;20,2;57
Landvik;SN38140;01.09.2023 17:00;20,4;61
Landvik;SN38140;01.09.2023 18:00;20,2;58
Landvik;SN38140;01.09.2023 19:00;18;62
Landvik;SN38140;01.09.2023 20:00;14,8;77
Landvik;SN38140;01.09.2023 21:00;13;88
Landvik;SN38140;01.09.2023 22:00;12;92
Landvik;SN38140;01.09.2023 23:00;11,5;93
Landvik;SN38140;02.09.2023 00:00;11;94
Landvik;SN38140;02.09.2023 01:00;10,3;94
Landvik;SN38140;02.09.2023 02:00;9,9;95
Landvik;SN38140;02.09.2023 03:00;9,3;95
Landvik;SN38140;02.09.2023 04:00;8,9;96
Landvik;SN38140;02.09.2023 05:00;8,6;96
Landvik;SN38140;02.09.2023 06:00;8,4;96
Landvik;SN38140;02.09.2023 07:00;9,3;97
Landvik;SN38140;02.09.2023 08:00;12,6;93
Landvik;SN38140;02.09.2023 09:00;16,1;71
Landvik;SN38140;02.09.2023 10:00;18,5;56
Landvik;SN38140;02.09.2023 11:00;19,5;54
Landvik;SN38140;02.09.2023 12:00;19,6;57
Landvik;SN38140;02.09.2023 13:00;19,4;58
Landvik;SN38140;02.09.2023 14:00;19,3;61
Landvik;SN38140;02.09.2023 15:00;19,3;64
Landvik;SN38140;02.09.2023 16:00;18,9;62
Landvik;SN38140;02.09.2023 17:00;18,6;63
Landvik;SN38140;02.09.2023 18:00;17,6;73
Landvik;SN38140;02.09.2023 19:00;16,9;73
Landvik;SN38140;02.09.2023 20:00;16,6;60
Landvik;SN38140;02.09.2023 21:00;15,8;59
Landvik;SN38140;02.09.2023 22:00;16,7;51
Landvik;SN38140;02.09.2023 23:00;16,6;51
Landvik;SN38140;03.09.2023 00:00;16,3;51
Landvik;SN38140;03.09.2023 01:00;15,7;52
Landvik;SN38140;03.09.2023 02:00;15,1;55
Landvik;SN38140;03.09.2023 03:00;14,6;56
Landvik;SN38140;03.09.2023 04:00;15,3;52
Landvik;SN38140;03.09.2023 05:00;14,2;61
Landvik;SN38140;03.09.2023 06:00;13,9;63
Landvik;SN38140;03.09.2023 07:00;12,9;78
Landvik;SN38140;03.09.2023 08:00;12,4;87
Landvik;SN38140;03.09.2023 09:00;12,9;84
Landvik;SN38140;03.09.2023 10:00;13,2;87
Landvik;SN38140;03.09.2023 11:00;14;84
Landvik;SN38140;03.09.2023 12:00;14,6;84
Landvik;SN38140;03.09.2023 13:00;15,5;83
Landvik;SN38140;03.09.2023 14:00;15,1;86
Landvik;SN38140;03.09.2023 15:00;16;86
Landvik;SN38140;03.09.2023 16:00;17,1;85
Landvik;SN38140;03.09.2023 17:00;17,4;81
Landvik;SN38140;03.09.2023 18:00;17,1;81
Landvik;SN38140;03.09.2023 19:00;17;81
Landvik;SN38140;03.09.2023 20:00;16,4;86
Landvik;SN38140;03.09.2023 21:00;16,5;85
Landvik;SN38140;03.09.2023 22:00;17,2;79
Landvik;SN38140;03.09.2023 23:00;16,7;81
Landvik;SN38140;04.09.2023 00:00;16,1;83
Landvik;SN38140;04.09.2023 01:00;15,3;88
Landvik;SN38140;04.09.2023 02:00;15,1;89
Landvik;SN38140;04.09.2023 03:00;14,9;90
Landvik;SN38140;04.09.2023 04:00;14,3;91
Landvik;SN38140;04.09.2023 05:00;14,2;91
Landvik;SN38140;04.09.2023 06:00;13;94
Landvik;SN38140;04.09.2023 07:00;13,6;95
Landvik;SN38140;04.09.2023 08:00;16,5;86
Landvik;SN38140;04.09.2023 09:00;17,8;81
Landvik;SN38140;04.09.2023 10:00;19,3;76
Landvik;SN38140;04.09.2023 11:00;21,2;68
Landvik;SN38140;04.09.2023 12:00;22,4;65
Landvik;SN38140;04.09.2023 13:00;22,4;69
Landvik;SN38140;04.09.2023 14:00;22,6;68
Landvik;SN38140;04.09.2023 15:00;23,5;62
Landvik;SN38140;04.09.2023 16:00;22,8;65
Landvik;SN38140;04.09.2023 17:00;21,7;69
Landvik;SN38140;04.09.2023 18:00;21,3;69
Landvik;SN38140;04.09.2023 19:00;20,4;65
Landvik;SN38140;04.09.2023 20:00;18,7;71
Landvik;SN38140;04.09.2023 21:00;16,5;85
Landvik;SN38140;04.09.2023 22:00;15,6;88
Landvik;SN38140;04.09.2023 23:00;15,4;86
Landvik;SN38140;05.09.2023 00:00;14,7;87
Landvik;SN38140;05.09.2023 01:00;14,5;88
Landvik;SN38140;05.09.2023 02:00;14,3;87
Landvik;SN38140;05.09.2023 03:00;14,3;87
Landvik;SN38140;05.09.2023 04:00;13,9;88
Landvik;SN38140;05.09.2023 05:00;13,2;90
Landvik;SN38140;05.09.2023 06:00;13,1;90
Landvik;SN38140;05.09.2023 07:00;13,5;89
Landvik;SN38140;05.09.2023 08:00;15,2;84
Landvik;SN38140;05.09.2023 09:00;17,2;75
Landvik;SN38140;05.09.2023 10:00;19,3;68
Landvik;SN38140;05.09.2023 11:00;21,1;61
Landvik;SN38140;05.09.2023 12:00;22,7;55
Landvik;SN38140;05.09.2023 13:00;24,3;50
Landvik;SN38140;05.09.2023 14:00;25,2;50
Landvik;SN38140;05.09.2023 15:00;26,1;48
Landvik;SN38140;05.09.2023 16:00;26,4;46
Landvik;SN38140;05.09.2023 17:00;25,9;47
Landvik;SN38140;05.09.2023 18:00;24,2;50
Landvik;SN38140;05.09.2023 19:00;21,6;60
Landvik;SN38140;05.09.2023 20:00;19;68
Landvik;SN38140;05.09.2023 21:00;16,6;77
Landvik;SN38140;05.09.2023 22:00;17;68
Landvik;SN38140;05.09.2023 23:00;15;74
Landvik;SN38140;06.09.2023 00:00;13,5;79
Landvik;SN38140;06.09.2023 01:00;13,6;75
Landvik;SN38140;06.09.2023 02:00;11,7;83
Landvik;SN38140;06.09.2023 03:00;10,2;90
Landvik;SN38140;06.09.2023 04:00;9,6;92
Landvik;SN38140;06.09.2023 05:00;10,5;88
Landvik;SN38140;06.09.2023 06:00;12,6;74
Landvik;SN38140;06.09.2023 07:00;13,8;67
Landvik;SN38140;06.09.2023 08:00;15,4;63
Landvik;SN38140;06.09.2023 09:00;16,3;65
Landvik;SN38140;06.09.2023 10:00;16,7;70
Landvik;SN38140;06.09.2023 11:00;17,6;69
Landvik;SN38140;06.09.2023 12:00;18,3;68
Landvik;SN38140;06.09.2023 13:00;18,8;66
Landvik;SN38140;06.09.2023 14:00;18,1;69
Landvik;SN38140;06.09.2023 15:00;17,7;72
Landvik;SN38140;06.09.2023 16:00;17,6;74
Landvik;SN38140;06.09.2023 17:00;17,4;76
Landvik;SN38140;06.09.2023 18:00;17,1;78
Landvik;SN38140;06.09.2023 19:00;16,8;80
Landvik;SN38140;06.09.2023 20:00;16,6;81
Landvik;SN38140;06.09.2023 21:00;16,6;81
Landvik;SN38140;06.09.2023 22:00;16,5;82
Landvik;SN38140;06.09.2023 23:00;16,5;83
Landvik;SN38140;07.09.2023 00:00;16,4;83
Landvik;SN38140;07.09.2023 01:00;15,8;86
Landvik;SN38140;07.09.2023 02:00;14,6;90
Landvik;SN38140;07.09.2023 03:00;14,2;93
Landvik;SN38140;07.09.2023 04:00;14;93
Landvik;SN38140;07.09.2023 05:00;12,8;94
Landvik;SN38140;07.09.2023 06:00;12,6;95
Landvik;SN38140;07.09.2023 07:00;14,5;95
Landvik;SN38140;07.09.2023 08:00;15,6;90
Landvik;SN38140;07.09.2023 09:00;16,4;86
Landvik;SN38140;07.09.2023 10:00;17,1;85
Landvik;SN38140;07.09.2023 11:00;17,4;86
Landvik;SN38140;07.09.2023 12:00;17,7;85
Landvik;SN38140;07.09.2023 13:00;18,2;82
Landvik;SN38140;07.09.2023 14:00;18;84
Landvik;SN38140;07.09.2023 15:00;17,7;85
Landvik;SN38140;07.09.2023 16:00;17,8;84
Landvik;SN38140;07.09.2023 17:00;17,4;85
Landvik;SN38140;07.09.2023 18:00;17,1;86
Landvik;SN38140;07.09.2023 19:00;16,9;86
Landvik;SN38140;07.09.2023 20:00;16,4;88
Landvik;SN38140;07.09.2023 21:00;16,2;89
Landvik;SN38140;07.09.2023 22:00;15,5;91
Landvik;SN38140;07.09.2023 23:00;15,1;94
Landvik;SN38140;08.09.2023 00:00;14,8;95
Landvik;SN38140;08.09.2023 01:00;14,1;95
Landvik;SN38140;08.09.2023 02:00;13,5;96
Landvik;SN38140;08.09.2023 03:00;12,7;96
Landvik;SN38140;08.09.2023 04:00;12,3;96
Landvik;SN38140;08.09.2023 05:00;12,1;97
Landvik;SN38140;08.09.2023 06:00;12,6;97
Landvik;SN38140;08.09.2023 07:00;13;97
Landvik;SN38140;08.09.2023 08:00;14,4;97
Landvik;SN38140;08.09.2023 09:00;15,4;96
Landvik;SN38140;08.09.2023 10:00;16,6;94
Landvik;SN38140;08.09.2023 11:00;17,8;91
Landvik;SN38140;08.09.2023 12:00;18,7;88
Landvik;SN38140;08.09.2023 13:00;19,4;85
Landvik;SN38140;08.09.2023 14:00;19,5;84
Landvik;SN38140;08.09.2023 15:00;18,2;88
Landvik;SN38140;08.09.2023 16:00;18,2;87
Landvik;SN38140;08.09.2023 17:00;18,2;87
Landvik;SN38140;08.09.2023 18:00;17,6;88
Landvik;SN38140;08.09.2023 19:00;16,8;91
Landvik;SN38140;08.09.2023 20:00;16,3;93
Landvik;SN38140;08.09.2023 21:00;16;94
Landvik;SN38140;08.09.2023 22:00;15,8;95
Landvik;SN38140;08.09.2023 23:00;15,6;95
Landvik;SN38140;09.09.2023 00:00;15,5;96
Landvik;SN38140;09.09.2023 01:00;15,4;96
Landvik;SN38140;09.09.2023 02:00;15,3;96
Landvik;SN38140;09.09.2023 03:00;15,2;96
Landvik;SN38140;09.09.2023 04:00;15,1;96
Landvik;SN38140;09.09.2023 05:00;15;96
Landvik;SN38140;09.09.2023 06:00;15,1;97
Landvik;SN38140;09.09.2023 07:00;15,2;97
Landvik;SN38140;09.09.2023 08:00;15,3;97
Landvik;SN38140;09.09.2023 09:00;15,4;96
Landvik;SN38140;09.09.2023 10:00;15,7;96
Landvik;SN38140;09.09.2023 11:00;15,9;96
Landvik;SN38140;09.09.2023 12:00;16,4;94
Landvik;SN38140;09.09.2023 13:00;16,9;91
Landvik;SN38140;09.09.2023 14:00;17,6;88
Landvik;SN38140;09.09.2023 15:00;18,1;87
Landvik;SN38140;09.09.2023 16:00;18,3;86
Landvik;SN38140;09.09.2023 17:00;18,8;85
Landvik;SN38140;09.09.2023 18:00;18,5;86
Landvik;SN38140;09.09.2023 19:00;17,8;89
Landvik;SN38140;09.09.2023 20:00;17,4;91
Landvik;SN38140;09.09.2023 21:00;17,2;92
Landvik;SN38140;09.09.2023 22:00;17;93
Landvik;SN38140;09.09.2023 23:00;16,6;94
Landvik;SN38140;10.09.2023 00:00;16,4;94
Landvik;SN38140;10.09.2023 01:00;16,2;94
Landvik;SN38140;10.09.2023 02:00;15,2;95
Landvik;SN38140;10.09.2023 03:00;15,7;95
Landvik;SN38140;10.09.2023 04:00;16;94
Landvik;SN38140;10.09.2023 05:00;15,9;93
Landvik;SN38140;10.09.2023 06:00;14,9;94
Landvik;SN38140;10.09.2023 07:00;14,5;95
Landvik;SN38140;10.09.2023 08:00;16,3;92
Landvik;SN38140;10.09.2023 09:00;18,9;82
Landvik;SN38140;10.09.2023 10:00;21,2;74
Landvik;SN38140;10.09.2023 11:00;23,3;67
Landvik;SN38140;10.09.2023 12:00;24,7;62
Landvik;SN38140;10.09.2023 13:00;25,7;58
Landvik;SN38140;10.09.2023 14:00;26,2;57
Landvik;SN38140;10.09.2023 15:00;26,6;54
Landvik;SN38140;10.09.2023 16:00;26,3;56
Landvik;SN38140;10.09.2023 17:00;24,6;69
Landvik;SN38140;10.09.2023 18:00;23,5;72
Landvik;SN38140;10.09.2023 19:00;21,3;81
Landvik;SN38140;10.09.2023 20:00;19,6;87
Landvik;SN38140;10.09.2023 21:00;18,5;90
Landvik;SN38140;10.09.2023 22:00;17,7;92
Landvik;SN38140;10.09.2023 23:00;16,5;94
Landvik;SN38140;11.09.2023 00:00;16,2;95
Landvik;SN38140;11.09.2023 01:00;16,3;96
Landvik;SN38140;11.09.2023 02:00;16,4;96
Landvik;SN38140;11.09.2023 03:00;16,2;97
Landvik;SN38140;11.09.2023 04:00;16,3;96
Landvik;SN38140;11.09.2023 05:00;16,3;97
Landvik;SN38140;11.09.2023 06:00;16,4;97
Landvik;SN38140;11.09.2023 07:00;16,7;97
Landvik;SN38140;11.09.2023 08:00;16,9;97
Landvik;SN38140;11.09.2023 09:00;17,1;96
Landvik;SN38140;11.09.2023 10:00;17,5;96
Landvik;SN38140;11.09.2023 11:00;17,9;95
Landvik;SN38140;11.09.2023 12:00;18,1;94
Landvik;SN38140;11.09.2023 13:00;18,2;93
Landvik;SN38140;11.09.2023 14:00;18,2;94
Landvik;SN38140;11.09.2023 15:00;18,4;92
Landvik;SN38140;11.09.2023 16:00;18,2;93
Landvik;SN38140;11.09.2023 17:00;18,3;94
Landvik;SN38140;11.09.2023 18:00;18,6;94
Landvik;SN38140;11.09.2023 19:00;18,7;94
Landvik;SN38140;11.09.2023 20:00;18,5;94
Landvik;SN38140;11.09.2023 21:00;17,9;94
Landvik;SN38140;11.09.2023 22:00;17,9;94
Landvik;SN38140;11.09.2023 23:00;17,8;94
Landvik;SN38140;12.09.2023 00:00;17,8;93
Landvik;SN38140;12.09.2023 01:00;17,5;93
Landvik;SN38140;12.09.2023 02:00;16,6;94
Landvik;SN38140;12.09.2023 03:00;16,1;95
Landvik;SN38140;12.09.2023 04:00;15,7;94
Landvik;SN38140;12.09.2023 05:00;15,4;95
Landvik;SN38140;12.09.2023 06:00;15,2;94
Landvik;SN38140;12.09.2023 07:00;15,3;90
Landvik;SN38140;12.09.2023 08:00;16,4;70
Landvik;SN38140;12.09.2023 09:00;17,5;59
Landvik;SN38140;12.09.2023 10:00;17,3;57
Landvik;SN38140;12.09.2023 11:00;17,9;56
Landvik;SN38140;12.09.2023 12:00;18,6;55
Landvik;SN38140;12.09.2023 13:00;19,3;51
Landvik;SN38140;12.09.2023 14:00;20,3;46
Landvik;SN38140;12.09.2023 15:00;20,8;40
Landvik;SN38140;12.09.2023 16:00;20,4;36
Landvik;SN38140;12.09.2023 17:00;18,6;39
Landvik;SN38140;12.09.2023 18:00;17,7;44
Landvik;SN38140;12.09.2023 19:00;16,6;44
Landvik;SN38140;12.09.2023 20:00;14;56
Landvik;SN38140;12.09.2023 21:00;10,6;75
Landvik;SN38140;12.09.2023 22:00;10,3;78
Landvik;SN38140;12.09.2023 23:00;12,8;59
Landvik;SN38140;13.09.2023 00:00;13,3;54
Landvik;SN38140;13.09.2023 01:00;13,2;54
Landvik;SN38140;13.09.2023 02:00;12,7;56
Landvik;SN38140;13.09.2023 03:00;12;58
Landvik;SN38140;13.09.2023 04:00;11,5;60
Landvik;SN38140;13.09.2023 05:00;10,7;62
Landvik;SN38140;13.09.2023 06:00;9,1;69
Landvik;SN38140;13.09.2023 07:00;9,4;68
Landvik;SN38140;13.09.2023 08:00;11,2;60
Landvik;SN38140;13.09.2023 09:00;11,6;56
Landvik;SN38140;13.09.2023 10:00;13,7;48
Landvik;SN38140;13.09.2023 11:00;16,3;42
Landvik;SN38140;13.09.2023 12:00;17,2;37
Landvik;SN38140;13.09.2023 13:00;17,8;38
Landvik;SN38140;13.09.2023 14:00;17,5;43
Landvik;SN38140;13.09.2023 15:00;17,2;44
Landvik;SN38140;13.09.2023 16:00;16,6;48
Landvik;SN38140;13.09.2023 17:00;16;51
Landvik;SN38140;13.09.2023 18:00;14,9;56
Landvik;SN38140;13.09.2023 19:00;12;70
Landvik;SN38140;13.09.2023 20:00;9,2;85
Landvik;SN38140;13.09.2023 21:00;7,9;89
Landvik;SN38140;13.09.2023 22:00;7,5;91
Landvik;SN38140;13.09.2023 23:00;7,6;92
Landvik;SN38140;14.09.2023 00:00;7,6;93
Landvik;SN38140;14.09.2023 01:00;8,2;90
Landvik;SN38140;14.09.2023 02:00;9,1;84
Landvik;SN38140;14.09.2023 03:00;9,2;83
Landvik;SN38140;14.09.2023 04:00;10;74
Landvik;SN38140;14.09.2023 05:00;10,5;68
Landvik;SN38140;14.09.2023 06:00;10,7;68
Landvik;SN38140;14.09.2023 07:00;10,8;67
Landvik;SN38140;14.09.2023 08:00;10,9;67
Landvik;SN38140;14.09.2023 09:00;11,4;68
Landvik;SN38140;14.09.2023 10:00;12,2;68
Landvik;SN38140;14.09.2023 11:00;13,6;68
Landvik;SN38140;14.09.2023 12:00;15;70
Landvik;SN38140;14.09.2023 13:00;15,4;70
Landvik;SN38140;14.09.2023 14:00;15,2;72
Landvik;SN38140;14.09.2023 15:00;14,9;74
Landvik;SN38140;14.09.2023 16:00;14,5;68
Landvik;SN38140;14.09.2023 17:00;14,4;69
Landvik;SN38140;14.09.2023 18:00;14;78
Landvik;SN38140;14.09.2023 19:00;12,9;89
Landvik;SN38140;14.09.2023 20:00;12,8;94
Landvik;SN38140;14.09.2023 21:00;12,7;95
Landvik;SN38140;14.09.2023 22:00;12,4;96
Landvik;SN38140;14.09.2023 23:00;12,3;96
Landvik;SN38140;15.09.2023 00:00;11,2;96
Landvik;SN38140;15.09.2023 01:00;10,4;96
Landvik;SN38140;15.09.2023 02:00;10,7;97
Landvik;SN38140;15.09.2023 03:00;10,3;97
Landvik;SN38140;15.09.2023 04:00;10,1;97
Landvik;SN38140;15.09.2023 05:00;10;97
Landvik;SN38140;15.09.2023 06:00;10,1;97
Landvik;SN38140;15.09.2023 07:00;10,2;97
Landvik;SN38140;15.09.2023 08:00;11,4;97
Landvik;SN38140;15.09.2023 09:00;12,7;97
Landvik;SN38140;15.09.2023 10:00;14,1;97
Landvik;SN38140;15.09.2023 11:00;14,4;95
Landvik;SN38140;15.09.2023 12:00;15,1;91
Landvik;SN38140;15.09.2023 13:00;15,9;86
Landvik;SN38140;15.09.2023 14:00;15,9;85
Landvik;SN38140;15.09.2023 15:00;15,7;87
Landvik;SN38140;15.09.2023 16:00;15,1;85
Landvik;SN38140;15.09.2023 17:00;13,8;93
Landvik;SN38140;15.09.2023 18:00;13,6;94
Landvik;SN38140;15.09.2023 19:00;13,6;94
Landvik;SN38140;15.09.2023 20:00;12,6;94
Landvik;SN38140;15.09.2023 21:00;11,3;95
Landvik;SN38140;15.09.2023 22:00;10,8;96
Landvik;SN38140;15.09.2023 23:00;10,3;97
Landvik;SN38140;16.09.2023 00:00;9,7;97
Landvik;SN38140;16.09.2023 01:00;9,4;97
Landvik;SN38140;16.09.2023 02:00;9,4;97
Landvik;SN38140;16.09.2023 03:00;8,8;97
Landvik;SN38140;16.09.2023 04:00;8,7;97
Landvik;SN38140;16.09.2023 05:00;8,4;97
Landvik;SN38140;16.09.2023 06:00;8,1;97
Landvik;SN38140;16.09.2023 07:00;8,4;98
Landvik;SN38140;16.09.2023 08:00;9,8;98
Landvik;SN38140;16.09.2023 09:00;12,3;98
Landvik;SN38140;16.09.2023 10:00;14,2;98
Landvik;SN38140;16.09.2023 11:00;16,1;90
Landvik;SN38140;16.09.2023 12:00;17,7;78
Landvik;SN38140;16.09.2023 13:00;18,5;73
Landvik;SN38140;16.09.2023 14:00;19,3;70
Landvik;SN38140;16.09.2023 15:00;18,7;73
Landvik;SN38140;16.09.2023 16:00;18;79
Landvik;SN38140;16.09.2023 17:00;17,7;81
Landvik;SN38140;16.09.2023 18:00;16,6;86
Landvik;SN38140;16.09.2023 19:00;15,4;90
Landvik;SN38140;16.09.2023 20:00;13,8;94
Landvik;SN38140;16.09.2023 21:00;13,3;91
Landvik;SN38140;16.09.2023 22:00;12,4;82
Landvik;SN38140;16.09.2023 23:00;11,9;79
Landvik;SN38140;17.09.2023 00:00;11,7;78
Landvik;SN38140;17.09.2023 01:00;11,7;77
Landvik;SN38140;17.09.2023 02:00;11,9;74
Landvik;SN38140;17.09.2023 03:00;12;71
Landvik;SN38140;17.09.2023 04:00;11,6;70
Landvik;SN38140;17.09.2023 05:00;10,7;73
Landvik;SN38140;17.09.2023 06:00;9,8;78
Landvik;SN38140;17.09.2023 07:00;9,7;79
Landvik;SN38140;17.09.2023 08:00;10,8;73
Landvik;SN38140;17.09.2023 09:00;12;68
Landvik;SN38140;17.09.2023 10:00;13,1;66
Landvik;SN38140;17.09.2023 11:00;14,1;63
Landvik;SN38140;17.09.2023 12:00;15,2;58
Landvik;SN38140;17.09.2023 13:00;15,7;58
Landvik;SN38140;17.09.2023 14:00;15,4;63
Landvik;SN38140;17.09.2023 15:00;15,2;65
Landvik;SN38140;17.09.2023 16:00;14,7;67
Landvik;SN38140;17.09.2023 17:00;14,9;67
Landvik;SN38140;17.09.2023 18:00;14,6;68
Landvik;SN38140;17.09.2023 19:00;14,6;68
Landvik;SN38140;17.09.2023 20:00;14,9;69
Landvik;SN38140;17.09.2023 21:00;15,2;71
Landvik;SN38140;17.09.2023 22:00;15,1;74
Landvik;SN38140;17.09.2023 23:00;14,4;80
Landvik;SN38140;18.09.2023 00:00;13,8;85
Landvik;SN38140;18.09.2023 01:00;13,8;91
Landvik;SN38140;18.09.2023 02:00;13,8;92
Landvik;SN38140;18.09.2023 03:00;14,3;93
Landvik;SN38140;18.09.2023 04:00;15,3;93
Landvik;SN38140;18.09.2023 05:00;15,1;92
Landvik;SN38140;18.09.2023 06:00;14,8;92
Landvik;SN38140;18.09.2023 07:00;15;92
Landvik;SN38140;18.09.2023 08:00;15,7;91
Landvik;SN38140;18.09.2023 09:00;16,2;91
Landvik;SN38140;18.09.2023 10:00;16,3;91
Landvik;SN38140;18.09.2023 11:00;16,3;91
Landvik;SN38140;18.09.2023 12:00;16,4;90
Landvik;SN38140;18.09.2023 13:00;16,3;91
Landvik;SN38140;18.09.2023 14:00;16,2;91
Landvik;SN38140;18.09.2023 15:00;16,2;92
Landvik;SN38140;18.09.2023 16:00;16,6;94
Landvik;SN38140;18.09.2023 17:00;17,2;94
Landvik;SN38140;18.09.2023 18:00;17,4;93
Landvik;SN38140;18.09.2023 19:00;17,3;93
Landvik;SN38140;18.09.2023 20:00;17,3;93
Landvik;SN38140;18.09.2023 21:00;17,2;91
Landvik;SN38140;18.09.2023 22:00;16,8;90
Landvik;SN38140;18.09.2023 23:00;16,5;91
Landvik;SN38140;19.09.2023 00:00;16,3;92
Landvik;SN38140;19.09.2023 01:00;16,4;93
Landvik;SN38140;19.09.2023 02:00;16,3;94
Landvik;SN38140;19.09.2023 03:00;15,7;92
Landvik;SN38140;19.09.2023 04:00;14,3;94
Landvik;SN38140;19.09.2023 05:00;13,8;94
Landvik;SN38140;19.09.2023 06:00;13,4;93
Landvik;SN38140;19.09.2023 07:00;13;90
Landvik;SN38140;19.09.2023 08:00;12,6;88
Landvik;SN38140;19.09.2023 09:00;12,7;87
Landvik;SN38140;19.09.2023 10:00;13,8;76
Landvik;SN38140;19.09.2023 11:00;13,4;73
Landvik;SN38140;19.09.2023 12:00;14,7;65
Landvik;SN38140;19.09.2023 13:00;15,5;61
Landvik;SN38140;19.09.2023 14:00;15,8;59
Landvik;SN38140;19.09.2023 15:00;14,5;63
Landvik;SN38140;19.09.2023 16:00;12,6;78
Landvik;SN38140;19.09.2023 17:00;11,2;88
Landvik;SN38140;19.09.2023 18:00;10,8;90
Landvik;SN38140;19.09.2023 19:00;10,8;92
Landvik;SN38140;19.09.2023 20:00;10,7;94
Landvik;SN38140;19.09.2023 21:00;10,8;94
Landvik;SN38140;19.09.2023 22:00;10,9;94
Landvik;SN38140;19.09.2023 23:00;10,7;94
Landvik;SN38140;20.09.2023 00:00;10,6;94
Landvik;SN38140;20.09.2023 01:00;10,6;94
Landvik;SN38140;20.09.2023 02:00;10,7;95
Landvik;SN38140;20.09.2023 03:00;10,8;96
Landvik;SN38140;20.09.2023 04:00;10,9;96
Landvik;SN38140;20.09.2023 05:00;11;96
Landvik;SN38140;20.09.2023 06:00;11,1;96
Landvik;SN38140;20.09.2023 07:00;11,2;96
Landvik;SN38140;20.09.2023 08:00;11,4;96
Landvik;SN38140;20.09.2023 09:00;11,8;95
Landvik;SN38140;20.09.2023 10:00;12,3;96
Landvik;SN38140;20.09.2023 11:00;15,1;95
Landvik;SN38140;20.09.2023 12:00;17,1;89
Landvik;SN38140;20.09.2023 13:00;17,2;89
Landvik;SN38140;20.09.2023 14:00;17,5;87
Landvik;SN38140;20.09.2023 15:00;17,4;87
Landvik;SN38140;20.09.2023 16:00;17,3;86
Landvik;SN38140;20.09.2023 17:00;17,2;85
Landvik;SN38140;20.09.2023 18:00;17;85
Landvik;SN38140;20.09.2023 19:00;16,9;89
Landvik;SN38140;20.09.2023 20:00;16,9;91
Landvik;SN38140;20.09.2023 21:00;16,9;92
Landvik;SN38140;20.09.2023 22:00;17;92
Landvik;SN38140;20.09.2023 23:00;17;90
Landvik;SN38140;21.09.2023 00:00;17;90
Landvik;SN38140;21.09.2023 01:00;16,8;92
Landvik;SN38140;21.09.2023 02:00;16,8;93
Landvik;SN38140;21.09.2023 03:00;17;91
Landvik;SN38140;21.09.2023 04:00;17,3;89
Landvik;SN38140;21.09.2023 05:00;17;89
Landvik;SN38140;21.09.2023 06:00;17;87
Landvik;SN38140;21.09.2023 07:00;17;85
Landvik;SN38140;21.09.2023 08:00;17;84
Landvik;SN38140;21.09.2023 09:00;17;85
Landvik;SN38140;21.09.2023 10:00;16,9;87
Landvik;SN38140;21.09.2023 11:00;16,4;92
Landvik;SN38140;21.09.2023 12:00;16,5;91
Landvik;SN38140;21.09.2023 13:00;16,8;92
Landvik;SN38140;21.09.2023 14:00;16,4;90
Landvik;SN38140;21.09.2023 15:00;15,1;91
Landvik;SN38140;21.09.2023 16:00;15,3;91
Landvik;SN38140;21.09.2023 17:00;15,3;92
Landvik;SN38140;21.09.2023 18:00;15,2;92
Landvik;SN38140;21.09.2023 19:00;15;93
Landvik;SN38140;21.09.2023 20:00;14,6;94
Landvik;SN38140;21.09.2023 21:00;14,1;95
Landvik;SN38140;21.09.2023 22:00;13,9;95
Landvik;SN38140;21.09.2023 23:00;13,7;96
Landvik;SN38140;22.09.2023 00:00;13,4;96
Landvik;SN38140;22.09.2023 01:00;13,3;96
Landvik;SN38140;22.09.2023 02:00;13;95
Landvik;SN38140;22.09.2023 03:00;12,2;93
Landvik;SN38140;22.09.2023 04:00;11,7;93
Landvik;SN38140;22.09.2023 05:00;11,5;93
Landvik;SN38140;22.09.2023 06:00;11,3;95
Landvik;SN38140;22.09.2023 07:00;11,2;94
Landvik;SN38140;22.09.2023 08:00;11,3;94
Landvik;SN38140;22.09.2023 09:00;11,9;92
Landvik;SN38140;22.09.2023 10:00;13;87
Landvik;SN38140;22.09.2023 11:00;14,6;78
Landvik;SN38140;22.09.2023 12:00;16,1;70
Landvik;SN38140;22.09.2023 13:00;17,1;65
Landvik;SN38140;22.09.2023 14:00;17,6;62
Landvik;SN38140;22.09.2023 15:00;17,1;66
Landvik;SN38140;22.09.2023 16:00;16,4;70
Landvik;SN38140;22.09.2023 17:00;15,2;77
Landvik;SN38140;22.09.2023 18:00;14,6;81
Landvik;SN38140;22.09.2023 19:00;13,9;84
Landvik;SN38140;22.09.2023 20:00;13,4;87
Landvik;SN38140;22.09.2023 21:00;13,1;88
Landvik;SN38140;22.09.2023 22:00;12,1;90
Landvik;SN38140;22.09.2023 23:00;10,6;92
Landvik;SN38140;23.09.2023 00:00;9,3;95
Landvik;SN38140;23.09.2023 01:00;8,8;96
Landvik;SN38140;23.09.2023 02:00;8,2;96
Landvik;SN38140;23.09.2023 03:00;7,7;96
Landvik;SN38140;23.09.2023 04:00;7,9;97
Landvik;SN38140;23.09.2023 05:00;7,8;97
Landvik;SN38140;23.09.2023 06:00;7,4;97
Landvik;SN38140;23.09.2023 07:00;6,9;97
Landvik;SN38140;23.09.2023 08:00;7,5;97
Landvik;SN38140;23.09.2023 09:00;8,7;97
Landvik;SN38140;23.09.2023 10:00;11,4;96
Landvik;SN38140;23.09.2023 11:00;14,7;77
Landvik;SN38140;23.09.2023 12:00;16,3;66
Landvik;SN38140;23.09.2023 13:00;17,2;60
Landvik;SN38140;23.09.2023 14:00;16,8;57
Landvik;SN38140;23.09.2023 15:00;17,3;55
Landvik;SN38140;23.09.2023 16:00;17;55
Landvik;SN38140;23.09.2023 17:00;16,3;56
Landvik;SN38140;23.09.2023 18:00;14,6;64
Landvik;SN38140;23.09.2023 19:00;13,2;67
Landvik;SN38140;23.09.2023 20:00;12,1;72
Landvik;SN38140;23.09.2023 21:00;10,9;75
Landvik;SN38140;23.09.2023 22:00;10,4;75
Landvik;SN38140;23.09.2023 23:00;9,9;75
Landvik;SN38140;24.09.2023 00:00;9,4;79
Landvik;SN38140;24.09.2023 01:00;8,5;85
Landvik;SN38140;24.09.2023 02:00;8,4;83
Landvik;SN38140;24.09.2023 03:00;8,6;81
Landvik;SN38140;24.09.2023 04:00;8,7;79
Landvik;SN38140;24.09.2023 05:00;8,5;82
Landvik;SN38140;24.09.2023 06:00;8,5;82
Landvik;SN38140;24.09.2023 07:00;8,5;83
Landvik;SN38140;24.09.2023 08:00;9,5;81
Landvik;SN38140;24.09.2023 09:00;11,8;71
Landvik;SN38140;24.09.2023 10:00;13,6;62
Landvik;SN38140;24.09.2023 11:00;14,9;56
Landvik;SN38140;24.09.2023 12:00;15;62
Landvik;SN38140;24.09.2023 13:00;14,5;69
Landvik;SN38140;24.09.2023 14:00;14,8;80
Landvik;SN38140;24.09.2023 15:00;15,8;79
Landvik;SN38140;24.09.2023 16:00;16,2;76
Landvik;SN38140;24.09.2023 17:00;16;78
Landvik;SN38140;24.09.2023 18:00;15,4;80
Landvik;SN38140;24.09.2023 19:00;14,7;87
Landvik;SN38140;24.09.2023 20:00;14,3;92
Landvik;SN38140;24.09.2023 21:00;14,6;93
Landvik;SN38140;24.09.2023 22:00;15,2;91
Landvik;SN38140;24.09.2023 23:00;15,2;91
Landvik;SN38140;25.09.2023 00:00;15,3;88
Landvik;SN38140;25.09.2023 01:00;15,1;90
Landvik;SN38140;25.09.2023 02:00;15;91
Landvik;SN38140;25.09.2023 03:00;14,7;91
Landvik;SN38140;25.09.2023 04:00;14,8;89
Landvik;SN38140;25.09.2023 05:00;14,9;88
Landvik;SN38140;25.09.2023 06:00;15;87
Landvik;SN38140;25.09.2023 07:00;15,2;85
Landvik;SN38140;25.09.2023 08:00;15,4;84
Landvik;SN38140;25.09.2023 09:00;15,7;84
Landvik;SN38140;25.09.2023 10:00;16;84
Landvik;SN38140;25.09.2023 11:00;15,9;85
Landvik;SN38140;25.09.2023 12:00;16,1;87
Landvik;SN38140;25.09.2023 13:00;15,8;91
Landvik;SN38140;25.09.2023 14:00;15,8;93
Landvik;SN38140;25.09.2023 15:00;16;93
Landvik;SN38140;25.09.2023 16:00;16,4;91
Landvik;SN38140;25.09.2023 17:00;16,4;89
Landvik;SN38140;25.09.2023 18:00;16,2;89
Landvik;SN38140;25.09.2023 19:00;15,4;90
Landvik;SN38140;25.09.2023 20:00;14,7;92
Landvik;SN38140;25.09.2023 21:00;14;93
Landvik;SN38140;25.09.2023 22:00;12,2;94
Landvik;SN38140;25.09.2023 23:00;10,7;96
Landvik;SN38140;26.09.2023 00:00;10,2;96
Landvik;SN38140;26.09.2023 01:00;10;97
Landvik;SN38140;26.09.2023 02:00;9,4;97
Landvik;SN38140;26.09.2023 03:00;9,1;97
Landvik;SN38140;26.09.2023 04:00;8,8;97
Landvik;SN38140;26.09.2023 05:00;8,9;97
Landvik;SN38140;26.09.2023 06:00;9;97
Landvik;SN38140;26.09.2023 07:00;9,2;97
Landvik;SN38140;26.09.2023 08:00;9,9;98
Landvik;SN38140;26.09.2023 09:00;11,9;98
Landvik;SN38140;26.09.2023 10:00;13,3;98
Landvik;SN38140;26.09.2023 11:00;15,2;97
Landvik;SN38140;26.09.2023 12:00;16,2;89
Landvik;SN38140;26.09.2023 13:00;16,6;85
Landvik;SN38140;26.09.2023 14:00;16,3;85
Landvik;SN38140;26.09.2023 15:00;16,2;83
Landvik;SN38140;26.09.2023 16:00;15,6;84
Landvik;SN38140;26.09.2023 17:00;15,3;89
Landvik;SN38140;26.09.2023 18:00;15,2;92
Landvik;SN38140;26.09.2023 19:00;15,4;93
Landvik;SN38140;26.09.2023 20:00;15,4;93
Landvik;SN38140;26.09.2023 21:00;15,1;94
Landvik;SN38140;26.09.2023 22:00;15,2;95
Landvik;SN38140;26.09.2023 23:00;15;95
Landvik;SN38140;27.09.2023 00:00;14,8;95
Landvik;SN38140;27.09.2023 01:00;14,8;95
Landvik;SN38140;27.09.2023 02:00;14,2;95
Landvik;SN38140;27.09.2023 03:00;14,2;96
Landvik;SN38140;27.09.2023 04:00;14,4;96
Landvik;SN38140;27.09.2023 05:00;15;95
Landvik;SN38140;27.09.2023 06:00;15,3;95
Landvik;SN38140;27.09.2023 07:00;15,4;95
Landvik;SN38140;27.09.2023 08:00;15,1;96
Landvik;SN38140;27.09.2023 09:00;15,6;93
Landvik;SN38140;27.09.2023 10:00;16,6;88
Landvik;SN38140;27.09.2023 11:00;17,8;77
Landvik;SN38140;27.09.2023 12:00;18,2;64
Landvik;SN38140;27.09.2023 13:00;18,4;63
Landvik;SN38140;27.09.2023 14:00;19,2;59
Landvik;SN38140;27.09.2023 15:00;19,2;58
Landvik;SN38140;27.09.2023 16:00;18,5;68
Landvik;SN38140;27.09.2023 17:00;17,5;75
Landvik;SN38140;27.09.2023 18:00;15,8;82
Landvik;SN38140;27.09.2023 19:00;13,9;91
Landvik;SN38140;27.09.2023 20:00;13,8;91
Landvik;SN38140;27.09.2023 21:00;12,8;92
Landvik;SN38140;27.09.2023 22:00;12,1;94
Landvik;SN38140;27.09.2023 23:00;11,9;96
Landvik;SN38140;28.09.2023 00:00;12,5;96
Landvik;SN38140;28.09.2023 01:00;13,4;96
Landvik;SN38140;28.09.2023 02:00;13,9;93
Landvik;SN38140;28.09.2023 03:00;14,2;93
Landvik;SN38140;28.09.2023 04:00;15,3;93
Landvik;SN38140;28.09.2023 05:00;16,1;93
Landvik;SN38140;28.09.2023 06:00;16,1;92
Landvik;SN38140;28.09.2023 07:00;16,4;91
Landvik;SN38140;28.09.2023 08:00;16,5;91
Landvik;SN38140;28.09.2023 09:00;16,6;92
Landvik;SN38140;28.09.2023 10:00;17,1;89
Landvik;SN38140;28.09.2023 11:00;17,3;87
Landvik;SN38140;28.09.2023 12:00;18;85
Landvik;SN38140;28.09.2023 13:00;18,7;71
Landvik;SN38140;28.09.2023 14:00;17,8;75
Landvik;SN38140;28.09.2023 15:00;17,3;80
Landvik;SN38140;28.09.2023 16:00;16,8;83
Landvik;SN38140;28.09.2023 17:00;16,3;83
Landvik;SN38140;28.09.2023 18:00;16,2;84
Landvik;SN38140;28.09.2023 19:00;15,8;84
Landvik;SN38140;28.09.2023 20:00;15,4;86
Landvik;SN38140;28.09.2023 21:00;15,5;85
Landvik;SN38140;28.09.2023 22:00;15,1;87
Landvik;SN38140;28.09.2023 23:00;14,6;87
Landvik;SN38140;29.09.2023 00:00;13,6;89
Landvik;SN38140;29.09.2023 01:00;12,9;93
Landvik;SN38140;29.09.2023 02:00;12,6;94
Landvik;SN38140;29.09.2023 03:00;12,6;95
Landvik;SN38140;29.09.2023 04:00;12,9;95
Landvik;SN38140;29.09.2023 05:00;13,2;96
Landvik;SN38140;29.09.2023 06:00;13,2;96
Landvik;SN38140;29.09.2023 07:00;13,1;96
Landvik;SN38140;29.09.2023 08:00;12,8;95
Landvik;SN38140;29.09.2023 09:00;12,9;96
Landvik;SN38140;29.09.2023 10:00;13,4;95
Landvik;SN38140;29.09.2023 11:00;14,3;90
Landvik;SN38140;29.09.2023 12:00;15,1;83
Landvik;SN38140;29.09.2023 13:00;15,3;85
Landvik;SN38140;29.09.2023 14:00;15,9;80
Landvik;SN38140;29.09.2023 15:00;16,5;78
Landvik;SN38140;29.09.2023 16:00;15,5;82
Landvik;SN38140;29.09.2023 17:00;15,2;86
Landvik;SN38140;29.09.2023 18:00;14,7;84
Landvik;SN38140;29.09.2023 19:00;13,2;83
Landvik;SN38140;29.09.2023 20:00;12,1;88
Landvik;SN38140;29.09.2023 21:00;11,7;89
Landvik;SN38140;29.09.2023 22:00;11,9;88
Landvik;SN38140;29.09.2023 23:00;11,5;90
Landvik;SN38140;30.09.2023 00:00;10,4;92
Landvik;SN38140;30.09.2023 01:00;9,1;94
Landvik;SN38140;30.09.2023 02:00;8,9;96
Landvik;SN38140;30.09.2023 03:00;11,2;94
Landvik;SN38140;30.09.2023 04:00;13;79
Landvik;SN38140;30.09.2023 05:00;12,6;75
Landvik;SN38140;30.09.2023 06:00;11,8;77
Landvik;SN38140;30.09.2023 07:00;11,9;76
Landvik;SN38140;30.09.2023 08:00;12,2;77
Landvik;SN38140;30.09.2023 09:00;13,5;73
Landvik;SN38140;30.09.2023 10:00;14,5;66
Landvik;SN38140;30.09.2023 11:00;15,1;63
Landvik;SN38140;30.09.2023 12:00;16,1;59
Landvik;SN38140;30.09.2023 13:00;16,4;57
Landvik;SN38140;30.09.2023 14:00;16,8;56
Landvik;SN38140;30.09.2023 15:00;16,8;54
Landvik;SN38140;30.09.2023 16:00;16;56
Landvik;SN38140;30.09.2023 17:00;15,1;64
Landvik;SN38140;30.09.2023 18:00;13,8;69
Landvik;SN38140;30.09.2023 19:00;13,2;72
Landvik;SN38140;30.09.2023 20:00;12,6;73
Landvik;SN38140;30.09.2023 21:00;11,8;76
Landvik;SN38140;30.09.2023 22:00;11,2;78
Landvik;SN38140;30.09.2023 23:00;11,4;77
Landvik;SN38140;01.10.2023 00:00;11,6;75
Landvik;SN38140;01.10.2023 01:00;10,7;79
Landvik;SN38140;01.10.2023 02:00;10,3;81
Landvik;SN38140;01.10.2023 03:00;9,2;84
Landvik;SN38140;01.10.2023 04:00;8,7;87
Landvik;SN38140;01.10.2023 05:00;10;80
Landvik;SN38140;01.10.2023 06:00;10,2;78
Landvik;SN38140;01.10.2023 07:00;9,9;78
Landvik;SN38140;01.10.2023 08:00;9,9;78
Landvik;SN38140;01.10.2023 09:00;10,7;77
Landvik;SN38140;01.10.2023 10:00;11,7;74
Landvik;SN38140;01.10.2023 11:00;13,4;68
Landvik;SN38140;01.10.2023 12:00;14,7;63
Landvik;SN38140;01.10.2023 13:00;15,9;56
Landvik;SN38140;01.10.2023 14:00;16,3;57
Landvik;SN38140;01.10.2023 15:00;16;65
Landvik;SN38140;01.10.2023 16:00;15,3;72
Landvik;SN38140;01.10.2023 17:00;14,4;77
Landvik;SN38140;01.10.2023 18:00;13,6;83
Landvik;SN38140;01.10.2023 19:00;13,1;89
Landvik;SN38140;01.10.2023 20:00;12,8;93
Landvik;SN38140;01.10.2023 21:00;13;95
Landvik;SN38140;01.10.2023 22:00;13,1;95
Landvik;SN38140;01.10.2023 23:00;13,4;96
Landvik;SN38140;02.10.2023 00:00;14;96
Landvik;SN38140;02.10.2023 01:00;14,3;96
Landvik;SN38140;02.10.2023 02:00;14,2;96
Landvik;SN38140;02.10.2023 03:00;13,4;96
Landvik;SN38140;02.10.2023 04:00;13,3;95
Landvik;SN38140;02.10.2023 05:00;12,9;95
Landvik;SN38140;02.10.2023 06:00;12,6;95
Landvik;SN38140;02.10.2023 07:00;12,1;95
Landvik;SN38140;02.10.2023 08:00;12,4;95
Landvik;SN38140;02.10.2023 09:00;13,3;92
Landvik;SN38140;02.10.2023 10:00;14,6;86
Landvik;SN38140;02.10.2023 11:00;16;76
Landvik;SN38140;02.10.2023 12:00;16,7;70
Landvik;SN38140;02.10.2023 13:00;16,9;67
Landvik;SN38140;02.10.2023 14:00;18;59
Landvik;SN38140;02.10.2023 15:00;17,9;53
Landvik;SN38140;02.10.2023 16:00;17,3;48
Landvik;SN38140;02.10.2023 17:00;16,1;53
Landvik;SN38140;02.10.2023 18:00;14,6;62
Landvik;SN38140;02.10.2023 19:00;13,1;72
Landvik;SN38140;02.10.2023 20:00;12,1;79
Landvik;SN38140;02.10.2023 21:00;11,7;82
Landvik;SN38140;02.10.2023 22:00;10,8;87
Landvik;SN38140;02.10.2023 23:00;10,9;90
Landvik;SN38140;03.10.2023 00:00;10,4;91
Landvik;SN38140;03.10.2023 01:00;10,1;93
Landvik;SN38140;03.10.2023 02:00;10;95
Landvik;SN38140;03.10.2023 03:00;10;95
Landvik;SN38140;03.10.2023 04:00;10;96
Landvik;SN38140;03.10.2023 05:00;10,2;96
Landvik;SN38140;03.10.2023 06:00;10,4;96
Landvik;SN38140;03.10.2023 07:00;10,2;96
Landvik;SN38140;03.10.2023 08:00;10,3;96
Landvik;SN38140;03.10.2023 09:00;10,7;97
Landvik;SN38140;03.10.2023 10:00;11,8;94
Landvik;SN38140;03.10.2023 11:00;12,8;85
Landvik;SN38140;03.10.2023 12:00;14,5;73
Landvik;SN38140;03.10.2023 13:00;15,3;61
Landvik;SN38140;03.10.2023 14:00;14,8;66
Landvik;SN38140;03.10.2023 15:00;14,9;67
Landvik;SN38140;03.10.2023 16:00;14,7;65
Landvik;SN38140;03.10.2023 17:00;14,5;66
Landvik;SN38140;03.10.2023 18:00;13,4;67
Landvik;SN38140;03.10.2023 19:00;12,4;71
Landvik;SN38140;03.10.2023 20:00;11,4;75
Landvik;SN38140;03.10.2023 21:00;10,3;81
Landvik;SN38140;03.10.2023 22:00;8,9;90
Landvik;SN38140;03.10.2023 23:00;10,3;87
Landvik;SN38140;04.10.2023 00:00;10,7;84
Landvik;SN38140;04.10.2023 01:00;10,6;83
Landvik;SN38140;04.10.2023 02:00;10,6;82
Landvik;SN38140;04.10.2023 03:00;10,5;80
Landvik;SN38140;04.10.2023 04:00;10,7;76
Landvik;SN38140;04.10.2023 05:00;10,8;72
Landvik;SN38140;04.10.2023 06:00;10,7;71
Landvik;SN38140;04.10.2023 07:00;10,6;71
Landvik;SN38140;04.10.2023 08:00;10,7;72
Landvik;SN38140;04.10.2023 09:00;11,6;66
Landvik;SN38140;04.10.2023 10:00;12,3;63
Landvik;SN38140;04.10.2023 11:00;13,2;60
Landvik;SN38140;04.10.2023 12:00;14,9;51
Landvik;SN38140;04.10.2023 13:00;15,7;48
Landvik;SN38140;04.10.2023 14:00;15,9;47
Landvik;SN38140;04.10.2023 15:00;15,4;50
Landvik;SN38140;04.10.2023 16:00;14,8;57
Landvik;SN38140;04.10.2023 17:00;13,8;65
Landvik;SN38140;04.10.2023 18:00;12,7;74
Landvik;SN38140;04.10.2023 19:00;11,7;85
Landvik;SN38140;04.10.2023 20:00;11,1;92
Landvik;SN38140;04.10.2023 21:00;10,9;93
Landvik;SN38140;04.10.2023 22:00;10,7;94
Landvik;SN38140;04.10.2023 23:00;10,6;94
Landvik;SN38140;05.10.2023 00:00;10,1;94
Landvik;SN38140;05.10.2023 01:00;9,9;92
Landvik;SN38140;05.10.2023 02:00;8,9;93
Landvik;SN38140;05.10.2023 03:00;8,1;94
Landvik;SN38140;05.10.2023 04:00;6,7;95
Landvik;SN38140;05.10.2023 05:00;6,5;96
Landvik;SN38140;05.10.2023 06:00;6,9;96
Landvik;SN38140;05.10.2023 07:00;6,8;94
Landvik;SN38140;05.10.2023 08:00;7,9;86
Landvik;SN38140;05.10.2023 09:00;9,9;74
Landvik;SN38140;05.10.2023 10:00;11,8;66
Landvik;SN38140;05.10.2023 11:00;13,5;59
Landvik;SN38140;05.10.2023 12:00;14,8;52
Landvik;SN38140;05.10.2023 13:00;15;52
Landvik;SN38140;05.10.2023 14:00;15,4;54
Landvik;SN38140;05.10.2023 15:00;15,3;58
Landvik;SN38140;05.10.2023 16:00;15,2;60
Landvik;SN38140;05.10.2023 17:00;14,3;63
Landvik;SN38140;05.10.2023 18:00;11,1;76
Landvik;SN38140;05.10.2023 19:00;8,8;87
Landvik;SN38140;05.10.2023 20:00;11,3;70
Landvik;SN38140;05.10.2023 21:00;10,6;75
Landvik;SN38140;05.10.2023 22:00;9,6;84
Landvik;SN38140;05.10.2023 23:00;10,1;82
Landvik;SN38140;06.10.2023 00:00;10,5;80
Landvik;SN38140;06.10.2023 01:00;10,3;84
Landvik;SN38140;06.10.2023 02:00;9,7;92
Landvik;SN38140;06.10.2023 03:00;9,7;94
Landvik;SN38140;06.10.2023 04:00;9,9;94
Landvik;SN38140;06.10.2023 05:00;10,2;94
Landvik;SN38140;06.10.2023 06:00;11,2;95
Landvik;SN38140;06.10.2023 07:00;11,1;95
Landvik;SN38140;06.10.2023 08:00;11,3;96
Landvik;SN38140;06.10.2023 09:00;12,2;96
Landvik;SN38140;06.10.2023 10:00;14,7;94
Landvik;SN38140;06.10.2023 11:00;15,3;88
Landvik;SN38140;06.10.2023 12:00;15,7;85
Landvik;SN38140;06.10.2023 13:00;16,2;79
Landvik;SN38140;06.10.2023 14:00;15,9;78
Landvik;SN38140;06.10.2023 15:00;16,5;73
Landvik;SN38140;06.10.2023 16:00;16,7;67
Landvik;SN38140;06.10.2023 17:00;15,9;66
Landvik;SN38140;06.10.2023 18:00;15,1;66
Landvik;SN38140;06.10.2023 19:00;14,8;68
Landvik;SN38140;06.10.2023 20:00;14,5;70
Landvik;SN38140;06.10.2023 21:00;14,1;71
Landvik;SN38140;06.10.2023 22:00;14,4;62
Landvik;SN38140;06.10.2023 23:00;13,4;55
Landvik;SN38140;07.10.2023 00:00;12,1;62
Landvik;SN38140;07.10.2023 01:00;11,5;63
Landvik;SN38140;07.10.2023 02:00;11,2;59
Landvik;SN38140;07.10.2023 03:00;11,3;53
Landvik;SN38140;07.10.2023 04:00;11,1;52
Landvik;SN38140;07.10.2023 05:00;10,7;51
Landvik;SN38140;07.10.2023 06:00;10,3;53
Landvik;SN38140;07.10.2023 07:00;10,2;53
Landvik;SN38140;07.10.2023 08:00;10,1;52
Landvik;SN38140;07.10.2023 09:00;10,2;49
Landvik;SN38140;07.10.2023 10:00;10,6;46
Landvik;SN38140;07.10.2023 11:00;11;44
Landvik;SN38140;07.10.2023 12:00;12;41
Landvik;SN38140;07.10.2023 13:00;12,9;38
Landvik;SN38140;07.10.2023 14:00;12,5;36
Landvik;SN38140;07.10.2023 15:00;11,9;46
Landvik;SN38140;07.10.2023 16:00;11,7;51
Landvik;SN38140;07.10.2023 17:00;10,1;63
Landvik;SN38140;07.10.2023 18:00;7;79
Landvik;SN38140;07.10.2023 19:00;4,8;84
Landvik;SN38140;07.10.2023 20:00;4,6;78
Landvik;SN38140;07.10.2023 21:00;4,1;73
Landvik;SN38140;07.10.2023 22:00;3,8;74
Landvik;SN38140;07.10.2023 23:00;2,7;81
Landvik;SN38140;08.10.2023 00:00;1,8;85
Landvik;SN38140;08.10.2023 01:00;1,2;86
Landvik;SN38140;08.10.2023 02:00;1,8;79
Landvik;SN38140;08.10.2023 03:00;1,2;82
Landvik;SN38140;08.10.2023 04:00;0,6;85
Landvik;SN38140;08.10.2023 05:00;-0,2;89
Landvik;SN38140;08.10.2023 06:00;-0,6;90
Landvik;SN38140;08.10.2023 07:00;-0,1;88
Landvik;SN38140;08.10.2023 08:00;0,8;85
Landvik;SN38140;08.10.2023 09:00;4,7;68
Landvik;SN38140;08.10.2023 10:00;8,6;49
Landvik;SN38140;08.10.2023 11:00;10,5;39
Landvik;SN38140;08.10.2023 12:00;11,1;34
Landvik;SN38140;08.10.2023 13:00;10,8;39
Landvik;SN38140;08.10.2023 14:00;10,5;43
Landvik;SN38140;08.10.2023 15:00;10,3;46
Landvik;SN38140;08.10.2023 16:00;10;49
Landvik;SN38140;08.10.2023 17:00;8,2;57
Landvik;SN38140;08.10.2023 18:00;7,1;67
Landvik;SN38140;08.10.2023 19:00;5,5;81
Landvik;SN38140;08.10.2023 20:00;5,1;85
Landvik;SN38140;08.10.2023 21:00;4,9;87
Landvik;SN38140;08.10.2023 22:00;4,9;88
Landvik;SN38140;08.10.2023 23:00;4,7;88
Landvik;SN38140;09.10.2023 00:00;4,6;88
Landvik;SN38140;09.10.2023 01:00;4,5;86
Landvik;SN38140;09.10.2023 02:00;2,8;88
Landvik;SN38140;09.10.2023 03:00;1,5;92
Landvik;SN38140;09.10.2023 04:00;1,6;92
Landvik;SN38140;09.10.2023 05:00;1,6;92
Landvik;SN38140;09.10.2023 06:00;1,5;92
Landvik;SN38140;09.10.2023 07:00;1,5;92
Landvik;SN38140;09.10.2023 08:00;1,5;93
Landvik;SN38140;09.10.2023 09:00;3,8;85
Landvik;SN38140;09.10.2023 10:00;7,9;61
Landvik;SN38140;09.10.2023 11:00;9,2;50
Landvik;SN38140;09.10.2023 12:00;10,4;48
Landvik;SN38140;09.10.2023 13:00;11;50
Landvik;SN38140;09.10.2023 14:00;10,9;56
Landvik;SN38140;09.10.2023 15:00;10,4;63
Landvik;SN38140;09.10.2023 16:00;10,6;65
Landvik;SN38140;09.10.2023 17:00;10,4;67
Landvik;SN38140;09.10.2023 18:00;7,1;82
Landvik;SN38140;09.10.2023 19:00;5;90
Landvik;SN38140;09.10.2023 20:00;4;93
Landvik;SN38140;09.10.2023 21:00;3,2;94
Landvik;SN38140;09.10.2023 22:00;2,8;95
Landvik;SN38140;09.10.2023 23:00;2,4;95
Landvik;SN38140;10.10.2023 00:00;2;96
Landvik;SN38140;10.10.2023 01:00;1,9;96
Landvik;SN38140;10.10.2023 02:00;1,6;96
Landvik;SN38140;10.10.2023 03:00;1,1;96
Landvik;SN38140;10.10.2023 04:00;0,7;96
Landvik;SN38140;10.10.2023 05:00;0,5;96
Landvik;SN38140;10.10.2023 06:00;0;96
Landvik;SN38140;10.10.2023 07:00;-0,2;96
Landvik;SN38140;10.10.2023 08:00;0;96
Landvik;SN38140;10.10.2023 09:00;2,3;97
Landvik;SN38140;10.10.2023 10:00;5;96
Landvik;SN38140;10.10.2023 11:00;6,5;91
Landvik;SN38140;10.10.2023 12:00;7,8;89
Landvik;SN38140;10.10.2023 13:00;8,6;90
Landvik;SN38140;10.10.2023 14:00;9,1;93
Landvik;SN38140;10.10.2023 15:00;9,6;94
Landvik;SN38140;10.10.2023 16:00;9,8;95
Landvik;SN38140;10.10.2023 17:00;10,2;96
Landvik;SN38140;10.10.2023 18:00;12,4;96
Landvik;SN38140;10.10.2023 19:00;13,9;94
Landvik;SN38140;10.10.2023 20:00;14,2;92
Landvik;SN38140;10.10.2023 21:00;14,1;91
Landvik;SN38140;10.10.2023 22:00;14,1;90
Landvik;SN38140;10.10.2023 23:00;14,6;87
Landvik;SN38140;11.10.2023 00:00;14,9;86
Landvik;SN38140;11.10.2023 01:00;14,7;87
Landvik;SN38140;11.10.2023 02:00;15,2;86
Landvik;SN38140;11.10.2023 03:00;15,5;84
Landvik;SN38140;11.10.2023 04:00;15,5;83
Landvik;SN38140;11.10.2023 05:00;15,2;82
Landvik;SN38140;11.10.2023 06:00;14,6;79
Landvik;SN38140;11.10.2023 07:00;13,5;76
Landvik;SN38140;11.10.2023 08:00;12,3;78
Landvik;SN38140;11.10.2023 09:00;12;74
Landvik;SN38140;11.10.2023 10:00;12;72
Landvik;SN38140;11.10.2023 11:00;11,7;69
Landvik;SN38140;11.10.2023 12:00;13;55
Landvik;SN38140;11.10.2023 13:00;13,2;53
Landvik;SN38140;11.10.2023 14:00;12,2;63
Landvik;SN38140;11.10.2023 15:00;11,6;67
Landvik;SN38140;11.10.2023 16:00;11,8;62
Landvik;SN38140;11.10.2023 17:00;10,4;64
Landvik;SN38140;11.10.2023 18:00;9,2;71
Landvik;SN38140;11.10.2023 19:00;9,6;71
Landvik;SN38140;11.10.2023 20:00;9,7;74
Landvik;SN38140;11.10.2023 21:00;9,8;74
Landvik;SN38140;11.10.2023 22:00;9,9;70
Landvik;SN38140;11.10.2023 23:00;9,9;67
Landvik;SN38140;12.10.2023 00:00;10,1;65
Landvik;SN38140;12.10.2023 01:00;10;64
Landvik;SN38140;12.10.2023 02:00;10;62
Landvik;SN38140;12.10.2023 03:00;9,7;61
Landvik;SN38140;12.10.2023 04:00;9,3;62
Landvik;SN38140;12.10.2023 05:00;9,2;62
Landvik;SN38140;12.10.2023 06:00;9;63
Landvik;SN38140;12.10.2023 07:00;8,6;64
Landvik;SN38140;12.10.2023 08:00;8,7;63
Landvik;SN38140;12.10.2023 09:00;9,8;57
Landvik;SN38140;12.10.2023 10:00;11,1;53
Landvik;SN38140;12.10.2023 11:00;12;48
Landvik;SN38140;12.10.2023 12:00;12,5;46
Landvik;SN38140;12.10.2023 13:00;12,9;45
Landvik;SN38140;12.10.2023 14:00;13;45
Landvik;SN38140;12.10.2023 15:00;13,4;43
Landvik;SN38140;12.10.2023 16:00;12,6;43
Landvik;SN38140;12.10.2023 17:00;11,2;48
Landvik;SN38140;12.10.2023 18:00;9,1;58
Landvik;SN38140;12.10.2023 19:00;7,3;68
Landvik;SN38140;12.10.2023 20:00;6,9;68
Landvik;SN38140;12.10.2023 21:00;7;67
Landvik;SN38140;12.10.2023 22:00;5,4;74
Landvik;SN38140;12.10.2023 23:00;2,9;87
Landvik;SN38140;13.10.2023 00:00;2,5;91
Landvik;SN38140;13.10.2023 01:00;2,8;93
Landvik;SN38140;13.10.2023 02:00;4;94
Landvik;SN38140;13.10.2023 03:00;5;92
Landvik;SN38140;13.10.2023 04:00;5,5;92
Landvik;SN38140;13.10.2023 05:00;6,1;92
Landvik;SN38140;13.10.2023 06:00;6,4;92
Landvik;SN38140;13.10.2023 07:00;7,3;92
Landvik;SN38140;13.10.2023 08:00;12,1;70
Landvik;SN38140;13.10.2023 09:00;12,2;77
Landvik;SN38140;13.10.2023 10:00;12,2;80
Landvik;SN38140;13.10.2023 11:00;12,1;85
Landvik;SN38140;13.10.2023 12:00;11,8;91
Landvik;SN38140;13.10.2023 13:00;12;92
Landvik;SN38140;13.10.2023 14:00;12,3;92
Landvik;SN38140;13.10.2023 15:00;12,6;93
Landvik;SN38140;13.10.2023 16:00;12,9;94
Landvik;SN38140;13.10.2023 17:00;12,5;93
Landvik;SN38140;13.10.2023 18:00;11,4;88
Landvik;SN38140;13.10.2023 19:00;10;87
Landvik;SN38140;13.10.2023 20:00;9,9;90
Landvik;SN38140;13.10.2023 21:00;9,9;86
Landvik;SN38140;13.10.2023 22:00;9,4;85
Landvik;SN38140;13.10.2023 23:00;8,9;84
Landvik;SN38140;14.10.2023 00:00;8,6;82
Landvik;SN38140;14.10.2023 01:00;7,9;84
Landvik;SN38140;14.10.2023 02:00;8,4;80
Landvik;SN38140;14.10.2023 03:00;8,2;80
Landvik;SN38140;14.10.2023 04:00;7,8;81
Landvik;SN38140;14.10.2023 05:00;7,6;81
Landvik;SN38140;14.10.2023 06:00;7,3;76
Landvik;SN38140;14.10.2023 07:00;7,5;76
Landvik;SN38140;14.10.2023 08:00;7,7;78
Landvik;SN38140;14.10.2023 09:00;8,7;74
Landvik;SN38140;14.10.2023 10:00;9;73
Landvik;SN38140;14.10.2023 11:00;9;75
Landvik;SN38140;14.10.2023 12:00;9,6;72
Landvik;SN38140;14.10.2023 13:00;11,2;64
Landvik;SN38140;14.10.2023 14:00;11,9;56
Landvik;SN38140;14.10.2023 15:00;11,6;57
Landvik;SN38140;14.10.2023 16:00;10,9;58
Landvik;SN38140;14.10.2023 17:00;10,2;60
Landvik;SN38140;14.10.2023 18:00;9,2;64
Landvik;SN38140;14.10.2023 19:00;8,9;68
Landvik;SN38140;14.10.2023 20:00;9,5;64
Landvik;SN38140;14.10.2023 21:00;9,6;58
Landvik;SN38140;14.10.2023 22:00;9,1;59
Landvik;SN38140;14.10.2023 23:00;8,9;59
Landvik;SN38140;15.10.2023 00:00;9;56
Landvik;SN38140;15.10.2023 01:00;9,2;54
Landvik;SN38140;15.10.2023 02:00;9;55
Landvik;SN38140;15.10.2023 03:00;8,9;54
Landvik;SN38140;15.10.2023 04:00;8,7;55
Landvik;SN38140;15.10.2023 05:00;8,8;55
Landvik;SN38140;15.10.2023 06:00;8,8;54
Landvik;SN38140;15.10.2023 07:00;8,8;53
Landvik;SN38140;15.10.2023 08:00;8,7;53
Landvik;SN38140;15.10.2023 09:00;9,6;50
Landvik;SN38140;15.10.2023 10:00;10,8;44
Landvik;SN38140;15.10.2023 11:00;11,5;42
Landvik;SN38140;15.10.2023 12:00;12,4;40
Landvik;SN38140;15.10.2023 13:00;11,4;41
Landvik;SN38140;15.10.2023 14:00;10,6;44
Landvik;SN38140;15.10.2023 15:00;10,4;45
Landvik;SN38140;15.10.2023 16:00;10,6;44
Landvik;SN38140;15.10.2023 17:00;9,7;46
Landvik;SN38140;15.10.2023 18:00;8,6;49
Landvik;SN38140;15.10.2023 19:00;7,9;52
Landvik;SN38140;15.10.2023 20:00;7,4;53
Landvik;SN38140;15.10.2023 21:00;7,1;51
Landvik;SN38140;15.10.2023 22:00;6,9;53
Landvik;SN38140;15.10.2023 23:00;6,6;53
Landvik;SN38140;16.10.2023 00:00;5,7;54
Landvik;SN38140;16.10.2023 01:00;5,1;58
Landvik;SN38140;16.10.2023 02:00;4,4;62
Landvik;SN38140;16.10.2023 03:00;4,6;60
Landvik;SN38140;16.10.2023 04:00;3,5;63
Landvik;SN38140;16.10.2023 05:00;3,5;60
Landvik;SN38140;16.10.2023 06:00;2,1;67
Landvik;SN38140;16.10.2023 07:00;2,5;63
Landvik;SN38140;16.10.2023 08:00;4,5;53
Landvik;SN38140;16.10.2023 09:00;6,2;48
Landvik;SN38140;16.10.2023 10:00;7,7;44
Landvik;SN38140;16.10.2023 11:00;9,1;41
Landvik;SN38140;16.10.2023 12:00;10,2;38
Landvik;SN38140;16.10.2023 13:00;11;35
Landvik;SN38140;16.10.2023 14:00;11,7;36
Landvik;SN38140;16.10.2023 15:00;11,7;42
Landvik;SN38140;16.10.2023 16:00;12,2;38
Landvik;SN38140;16.10.2023 17:00;10,4;47
Landvik;SN38140;16.10.2023 18:00;8,8;57
Landvik;SN38140;16.10.2023 19:00;8,4;60
Landvik;SN38140;16.10.2023 20:00;8,5;64
Landvik;SN38140;16.10.2023 21:00;8,5;68
Landvik;SN38140;16.10.2023 22:00;7,5;75
Landvik;SN38140;16.10.2023 23:00;7,4;77
Landvik;SN38140;17.10.2023 00:00;5,8;85
Landvik;SN38140;17.10.2023 01:00;5,6;89
Landvik;SN38140;17.10.2023 02:00;7,7;80
Landvik;SN38140;17.10.2023 03:00;7,2;81
Landvik;SN38140;17.10.2023 04:00;6,7;82
Landvik;SN38140;17.10.2023 05:00;7,4;80
Landvik;SN38140;17.10.2023 06:00;7,6;79
Landvik;SN38140;17.10.2023 07:00;8;79
Landvik;SN38140;17.10.2023 08:00;8,3;77
Landvik;SN38140;17.10.2023 09:00;8,7;77
Landvik;SN38140;17.10.2023 10:00;10;73
Landvik;SN38140;17.10.2023 11:00;11,5;68
Landvik;SN38140;17.10.2023 12:00;13,9;56
Landvik;SN38140;17.10.2023 13:00;14,2;55
Landvik;SN38140;17.10.2023 14:00;13,9;56
Landvik;SN38140;17.10.2023 15:00;14,3;56
Landvik;SN38140;17.10.2023 16:00;14;56
Landvik;SN38140;17.10.2023 17:00;13,1;61
Landvik;SN38140;17.10.2023 18:00;12;66
Landvik;SN38140;17.10.2023 19:00;11,9;62
Landvik;SN38140;17.10.2023 20:00;11,4;61
Landvik;SN38140;17.10.2023 21:00;10,7;58
Landvik;SN38140;17.10.2023 22:00;9,3;59
Landvik;SN38140;17.10.2023 23:00;8,8;60
Landvik;SN38140;18.10.2023 00:00;6,2;72
Landvik;SN38140;18.10.2023 01:00;4,1;82
Landvik;SN38140;18.10.2023 02:00;2,5;89
Landvik;SN38140;18.10.2023 03:00;1,7;91
Landvik;SN38140;18.10.2023 04:00;1,1;93
Landvik;SN38140;18.10.2023 05:00;0,5;94
Landvik;SN38140;18.10.2023 06:00;0,3;95
Landvik;SN38140;18.10.2023 07:00;0,1;95
Landvik;SN38140;18.10.2023 08:00;1,4;96
Landvik;SN38140;18.10.2023 09:00;5,1;79
Landvik;SN38140;18.10.2023 10:00;8,2;58
Landvik;SN38140;18.10.2023 11:00;9,6;54
Landvik;SN38140;18.10.2023 12:00;10,1;51
Landvik;SN38140;18.10.2023 13:00;10,9;52
Landvik;SN38140;18.10.2023 14:00;10,2;55
Landvik;SN38140;18.10.2023 15:00;10;55
Landvik;SN38140;18.10.2023 16:00;9,7;56
Landvik;SN38140;18.10.2023 17:00;8,4;60
Landvik;SN38140;18.10.2023 18:00;7,4;64
Landvik;SN38140;18.10.2023 19:00;7,3;64
Landvik;SN38140;18.10.2023 20:00;7,2;63
Landvik;SN38140;18.10.2023 21:00;7,5;65
Landvik;SN38140;18.10.2023 22:00;8,4;61
Landvik;SN38140;18.10.2023 23:00;8,4;61
Landvik;SN38140;19.10.2023 00:00;8;60
Landvik;SN38140;19.10.2023 01:00;7,9;64
Landvik;SN38140;19.10.2023 02:00;7,9;64
Landvik;SN38140;19.10.2023 03:00;7,9;64
Landvik;SN38140;19.10.2023 04:00;7,2;71
Landvik;SN38140;19.10.2023 05:00;6,8;71
Landvik;SN38140;19.10.2023 06:00;7,3;61
Landvik;SN38140;19.10.2023 07:00;7,2;58
Landvik;SN38140;19.10.2023 08:00;6,7;64
Landvik;SN38140;19.10.2023 09:00;6,2;71
Landvik;SN38140;19.10.2023 10:00;3,2;85
Landvik;SN38140;19.10.2023 11:00;2,2;88
Landvik;SN38140;19.10.2023 12:00;2,2;89
Landvik;SN38140;19.10.2023 13:00;2,3;89
Landvik;SN38140;19.10.2023 14:00;2,1;89
Landvik;SN38140;19.10.2023 15:00;2,4;88
Landvik;SN38140;19.10.2023 16:00;4,1;76
Landvik;SN38140;19.10.2023 17:00;5;65
Landvik;SN38140;19.10.2023 18:00;5,2;63
Landvik;SN38140;19.10.2023 19:00;4,4;67
Landvik;SN38140;19.10.2023 20:00;4,2;69
Landvik;SN38140;19.10.2023 21:00;4,6;62
Landvik;SN38140;19.10.2023 22:00;4,2;65
Landvik;SN38140;19.10.2023 23:00;3,4;72
Landvik;SN38140;20.10.2023 00:00;2,5;74
Landvik;SN38140;20.10.2023 01:00;1,6;82
Landvik;SN38140;20.10.2023 02:00;2;81
Landvik;SN38140;20.10.2023 03:00;1,2;88
Landvik;SN38140;20.10.2023 04:00;1,4;89
Landvik;SN38140;20.10.2023 05:00;1,9;87
Landvik;SN38140;20.10.2023 06:00;3;74
Landvik;SN38140;20.10.2023 07:00;3,1;82
Landvik;SN38140;20.10.2023 08:00;4;77
Landvik;SN38140;20.10.2023 09:00;4,1;76
Landvik;SN38140;20.10.2023 10:00;1,8;89
Landvik;SN38140;20.10.2023 11:00;1,8;90
Landvik;SN38140;20.10.2023 12:00;2,9;89
Landvik;SN38140;20.10.2023 13:00;4,3;82
Landvik;SN38140;20.10.2023 14:00;5;79
Landvik;SN38140;20.10.2023 15:00;5,6;68
Landvik;SN38140;20.10.2023 16:00;5,4;72
Landvik;SN38140;20.10.2023 17:00;5,7;68
Landvik;SN38140;20.10.2023 18:00;5,7;70
Landvik;SN38140;20.10.2023 19:00;5,7;70
Landvik;SN38140;20.10.2023 20:00;5,6;70
Landvik;SN38140;20.10.2023 21:00;5,6;67
Landvik;SN38140;20.10.2023 22:00;5,7;66
Landvik;SN38140;20.10.2023 23:00;5,2;68
Landvik;SN38140;21.10.2023 00:00;4,7;68
Landvik;SN38140;21.10.2023 01:00;4,4;72
Landvik;SN38140;21.10.2023 02:00;4,3;75
Landvik;SN38140;21.10.2023 03:00;4,2;80
Landvik;SN38140;21.10.2023 04:00;5;75
Landvik;SN38140;21.10.2023 05:00;5;74
Landvik;SN38140;21.10.2023 06:00;4,3;83
Landvik;SN38140;21.10.2023 07:00;4,1;86
Landvik;SN38140;21.10.2023 08:00;3,6;89
Landvik;SN38140;21.10.2023 09:00;3,5;91
Landvik;SN38140;21.10.2023 10:00;3,9;91
Landvik;SN38140;21.10.2023 11:00;4,2;91
Landvik;SN38140;21.10.2023 12:00;4,9;90
Landvik;SN38140;21.10.2023 13:00;5;89
Landvik;SN38140;21.10.2023 14:00;2,7;93
Landvik;SN38140;21.10.2023 15:00;2,5;93
Landvik;SN38140;21.10.2023 16:00;2,6;93
Landvik;SN38140;21.10.2023 17:00;3,1;93
Landvik;SN38140;21.10.2023 18:00;3,5;94
Landvik;SN38140;21.10.2023 19:00;3,7;94
Landvik;SN38140;21.10.2023 20:00;3,7;95
Landvik;SN38140;21.10.2023 21:00;3,9;95
Landvik;SN38140;21.10.2023 22:00;4;95
Landvik;SN38140;21.10.2023 23:00;4,1;93
Landvik;SN38140;22.10.2023 00:00;4,1;93
Landvik;SN38140;22.10.2023 01:00;4;93
Landvik;SN38140;22.10.2023 02:00;4;93
Landvik;SN38140;22.10.2023 03:00;4;93
Landvik;SN38140;22.10.2023 04:00;4,2;92
Landvik;SN38140;22.10.2023 05:00;4,1;92
Landvik;SN38140;22.10.2023 06:00;3,9;92
Landvik;SN38140;22.10.2023 07:00;3,5;92
Landvik;SN38140;22.10.2023 08:00;3,5;92
Landvik;SN38140;22.10.2023 09:00;3,8;92
Landvik;SN38140;22.10.2023 10:00;4;92
Landvik;SN38140;22.10.2023 11:00;4,2;92
Landvik;SN38140;22.10.2023 12:00;4,4;92
Landvik;SN38140;22.10.2023 13:00;4,6;90
Landvik;SN38140;22.10.2023 14:00;4,8;91
Landvik;SN38140;22.10.2023 15:00;5;90
Landvik;SN38140;22.10.2023 16:00;5,1;90
Landvik;SN38140;22.10.2023 17:00;5,1;90
Landvik;SN38140;22.10.2023 18:00;5,1;89
Landvik;SN38140;22.10.2023 19:00;5;89
Landvik;SN38140;22.10.2023 20:00;5;89
Landvik;SN38140;22.10.2023 21:00;5;89
Landvik;SN38140;22.10.2023 22:00;5,1;88
Landvik;SN38140;22.10.2023 23:00;5,1;90
Landvik;SN38140;23.10.2023 00:00;5,3;89
Landvik;SN38140;23.10.2023 01:00;5,5;88
Landvik;SN38140;23.10.2023 02:00;5,7;87
Landvik;SN38140;23.10.2023 03:00;5,7;87
Landvik;SN38140;23.10.2023 04:00;5,9;86
Landvik;SN38140;23.10.2023 05:00;6,1;85
Landvik;SN38140;23.10.2023 06:00;6,2;84
Landvik;SN38140;23.10.2023 07:00;6,3;83
Landvik;SN38140;23.10.2023 08:00;6,5;82
Landvik;SN38140;23.10.2023 09:00;6,9;82
Landvik;SN38140;23.10.2023 10:00;7,2;81
Landvik;SN38140;23.10.2023 11:00;7,8;81
Landvik;SN38140;23.10.2023 12:00;8,5;78
Landvik;SN38140;23.10.2023 13:00;9,1;76
Landvik;SN38140;23.10.2023 14:00;9,3;76
Landvik;SN38140;23.10.2023 15:00;9,1;78
Landvik;SN38140;23.10.2023 16:00;9;78
Landvik;SN38140;23.10.2023 17:00;8,5;83
Landvik;SN38140;23.10.2023 18:00;7,3;89
Landvik;SN38140;23.10.2023 19:00;6,3;93
Landvik;SN38140;23.10.2023 20:00;6,3;94
Landvik;SN38140;23.10.2023 21:00;6,8;93
Landvik;SN38140;23.10.2023 22:00;7,2;91
Landvik;SN38140;23.10.2023 23:00;7,5;89
Landvik;SN38140;24.10.2023 00:00;7,5;89
Landvik;SN38140;24.10.2023 01:00;6,9;91
Landvik;SN38140;24.10.2023 02:00;6,6;91
Landvik;SN38140;24.10.2023 03:00;6,5;89
Landvik;SN38140;24.10.2023 04:00;6,1;90
Landvik;SN38140;24.10.2023 05:00;5,9;90
Landvik;SN38140;24.10.2023 06:00;5,8;91
Landvik;SN38140;24.10.2023 07:00;5,7;92
Landvik;SN38140;24.10.2023 08:00;5,9;92
Landvik;SN38140;24.10.2023 09:00;6,1;90
Landvik;SN38140;24.10.2023 10:00;6,3;90
Landvik;SN38140;24.10.2023 11:00;6,7;92
Landvik;SN38140;24.10.2023 12:00;7,1;93
Landvik;SN38140;24.10.2023 13:00;7,4;93
Landvik;SN38140;24.10.2023 14:00;8,1;93
Landvik;SN38140;24.10.2023 15:00;8,2;92
Landvik;SN38140;24.10.2023 16:00;8;91
Landvik;SN38140;24.10.2023 17:00;7,6;89
Landvik;SN38140;24.10.2023 18:00;7,3;90
Landvik;SN38140;24.10.2023 19:00;6,9;91
Landvik;SN38140;24.10.2023 20:00;6,7;90
Landvik;SN38140;24.10.2023 21:00;6,2;90
Landvik;SN38140;24.10.2023 22:00;6,1;89
Landvik;SN38140;24.10.2023 23:00;6,3;87
Landvik;SN38140;25.10.2023 00:00;5,2;89
Landvik;SN38140;25.10.2023 01:00;4,8;91
Landvik;SN38140;25.10.2023 02:00;4,7;91
Landvik;SN38140;25.10.2023 03:00;4,4;91
Landvik;SN38140;25.10.2023 04:00;4,2;91
Landvik;SN38140;25.10.2023 05:00;3,9;91
Landvik;SN38140;25.10.2023 06:00;3,8;91
Landvik;SN38140;25.10.2023 07:00;3,5;91
Landvik;SN38140;25.10.2023 08:00;3,2;91
Landvik;SN38140;25.10.2023 09:00;3;92
Landvik;SN38140;25.10.2023 10:00;2,9;92
Landvik;SN38140;25.10.2023 11:00;3,3;91
Landvik;SN38140;25.10.2023 12:00;3,2;91
Landvik;SN38140;25.10.2023 13:00;3,2;90
Landvik;SN38140;25.10.2023 14:00;3,1;91
Landvik;SN38140;25.10.2023 15:00;3,2;91
Landvik;SN38140;25.10.2023 16:00;2,9;91
Landvik;SN38140;25.10.2023 17:00;2,9;91
Landvik;SN38140;25.10.2023 18:00;2,5;91
Landvik;SN38140;25.10.2023 19:00;2,4;91
Landvik;SN38140;25.10.2023 20:00;2,4;92
Landvik;SN38140;25.10.2023 21:00;2,2;91
Landvik;SN38140;25.10.2023 22:00;2,1;92
Landvik;SN38140;25.10.2023 23:00;2;91
Landvik;SN38140;26.10.2023 00:00;2;91
Landvik;SN38140;26.10.2023 01:00;2,2;90
Landvik;SN38140;26.10.2023 02:00;2,2;89
Landvik;SN38140;26.10.2023 03:00;2,3;86
Landvik;SN38140;26.10.2023 04:00;2,5;84
Landvik;SN38140;26.10.2023 05:00;2,6;82
Landvik;SN38140;26.10.2023 06:00;2,5;81
Landvik;SN38140;26.10.2023 07:00;2,5;80
Landvik;SN38140;26.10.2023 08:00;2,5;80
Landvik;SN38140;26.10.2023 09:00;2,5;81
Landvik;SN38140;26.10.2023 10:00;3,1;78
Landvik;SN38140;26.10.2023 11:00;3,6;76
Landvik;SN38140;26.10.2023 12:00;4,2;74
Landvik;SN38140;26.10.2023 13:00;4,5;70
Landvik;SN38140;26.10.2023 14:00;4,5;69
Landvik;SN38140;26.10.2023 15:00;4,3;69
Landvik;SN38140;26.10.2023 16:00;4,1;70
Landvik;SN38140;26.10.2023 17:00;3,9;71
Landvik;SN38140;26.10.2023 18:00;3,6;73
Landvik;SN38140;26.10.2023 19:00;3,7;70
Landvik;SN38140;26.10.2023 20:00;3,5;71
Landvik;SN38140;26.10.2023 21:00;3,5;68
Landvik;SN38140;26.10.2023 22:00;3,5;67
Landvik;SN38140;26.10.2023 23:00;3,4;66
Landvik;SN38140;27.10.2023 00:00;3,2;68
Landvik;SN38140;27.10.2023 01:00;2,8;70
Landvik;SN38140;27.10.2023 02:00;2,7;71
Landvik;SN38140;27.10.2023 03:00;2,5;72
Landvik;SN38140;27.10.2023 04:00;2,7;69
Landvik;SN38140;27.10.2023 05:00;2,7;68
Landvik;SN38140;27.10.2023 06:00;2,5;68
Landvik;SN38140;27.10.2023 07:00;2,5;68
Landvik;SN38140;27.10.2023 08:00;2,4;68
Landvik;SN38140;27.10.2023 09:00;2,5;68
Landvik;SN38140;27.10.2023 10:00;2,6;68
Landvik;SN38140;27.10.2023 11:00;2,9;67
Landvik;SN38140;27.10.2023 12:00;3,3;66
Landvik;SN38140;27.10.2023 13:00;3,6;65
Landvik;SN38140;27.10.2023 14:00;3,6;66
Landvik;SN38140;27.10.2023 15:00;3,6;66
Landvik;SN38140;27.10.2023 16:00;3,4;66
Landvik;SN38140;27.10.2023 17:00;3,2;67
Landvik;SN38140;27.10.2023 18:00;3;66
Landvik;SN38140;27.10.2023 19:00;2,8;66
Landvik;SN38140;27.10.2023 20:00;2,7;65
Landvik;SN38140;27.10.2023 21:00;2,5;64
Landvik;SN38140;27.10.2023 22:00;2,3;63
Landvik;SN38140;27.10.2023 23:00;2,3;64
Landvik;SN38140;28.10.2023 00:00;2,3;63
Landvik;SN38140;28.10.2023 01:00;2,3;62
Landvik;SN38140;28.10.2023 02:00;2,1;61
Landvik;SN38140;28.10.2023 03:00;2,1;61
Landvik;SN38140;28.10.2023 04:00;2,1;60
Landvik;SN38140;28.10.2023 05:00;2,1;60
Landvik;SN38140;28.10.2023 06:00;2,2;61
Landvik;SN38140;28.10.2023 07:00;1,9;66
Landvik;SN38140;28.10.2023 08:00;1,6;71
Landvik;SN38140;28.10.2023 09:00;1;81
Landvik;SN38140;28.10.2023 10:00;0,7;86
Landvik;SN38140;28.10.2023 11:00;0,8;89
Landvik;SN38140;28.10.2023 12:00;0,8;90
Landvik;SN38140;28.10.2023 13:00;0,9;91
Landvik;SN38140;28.10.2023 14:00;1,2;90
Landvik;SN38140;28.10.2023 15:00;1,3;89
Landvik;SN38140;28.10.2023 16:00;1,3;88
Landvik;SN38140;28.10.2023 17:00;1,5;86
Landvik;SN38140;28.10.2023 18:00;1,7;82
Landvik;SN38140;28.10.2023 19:00;1,6;83
Landvik;SN38140;28.10.2023 20:00;1,1;87
Landvik;SN38140;28.10.2023 21:00;1,2;86
Landvik;SN38140;28.10.2023 22:00;0,8;89
Landvik;SN38140;28.10.2023 23:00;0,5;91
Landvik;SN38140;29.10.2023 00:00;0,4;89
Landvik;SN38140;29.10.2023 01:00;0,7;85
Landvik;SN38140;29.10.2023 02:00;0,5;88
Landvik;SN38140;29.10.2023 03:00;0,3;88
Landvik;SN38140;29.10.2023 04:00;0,5;84
Landvik;SN38140;29.10.2023 05:00;0,5;81
Landvik;SN38140;29.10.2023 06:00;0,3;84
Landvik;SN38140;29.10.2023 07:00;0,5;83
Landvik;SN38140;29.10.2023 08:00;0,4;85
Landvik;SN38140;29.10.2023 09:00;0,4;86
Landvik;SN38140;29.10.2023 10:00;0,6;86
Landvik;SN38140;29.10.2023 11:00;0,7;88
Landvik;SN38140;29.10.2023 12:00;1;89
Landvik;SN38140;29.10.2023 13:00;1,1;90
Landvik;SN38140;29.10.2023 14:00;1,4;89
Landvik;SN38140;29.10.2023 15:00;1,6;89
Landvik;SN38140;29.10.2023 16:00;1,7;89
Landvik;SN38140;29.10.2023 17:00;1,6;89
Landvik;SN38140;29.10.2023 18:00;1,4;90
Landvik;SN38140;29.10.2023 19:00;1,4;90
Landvik;SN38140;29.10.2023 20:00;1,3;90
Landvik;SN38140;29.10.2023 21:00;1,2;90
Landvik;SN38140;29.10.2023 22:00;1,3;89
Landvik;SN38140;29.10.2023 23:00;0,9;91
Landvik;SN38140;30.10.2023 00:00;0,8;91
Landvik;SN38140;30.10.2023 01:00;0,8;91
Landvik;SN38140;30.10.2023 02:00;0,8;91
Landvik;SN38140;30.10.2023 03:00;0,6;90
Landvik;SN38140;30.10.2023 04:00;0,7;90
Landvik;SN38140;30.10.2023 05:00;0,6;90
Landvik;SN38140;30.10.2023 06:00;0,6;89
Landvik;SN38140;30.10.2023 07:00;0,7;88
Landvik;SN38140;30.10.2023 08:00;0,6;88
Landvik;SN38140;30.10.2023 09:00;0,7;88
Landvik;SN38140;30.10.2023 10:00;0,4;90
Landvik;SN38140;30.10.2023 11:00;0,5;91
Landvik;SN38140;30.10.2023 12:00;0,7;89
Landvik;SN38140;30.10.2023 13:00;0,9;87
Landvik;SN38140;30.10.2023 14:00;0,9;86
Landvik;SN38140;30.10.2023 15:00;1,1;84
Landvik;SN38140;30.10.2023 16:00;1,2;82
Landvik;SN38140;30.10.2023 17:00;1,1;80
Landvik;SN38140;30.10.2023 18:00;1;78
Landvik;SN38140;30.10.2023 19:00;0,9;75
Landvik;SN38140;30.10.2023 20:00;1;74
Landvik;SN38140;30.10.2023 21:00;1,3;73
Landvik;SN38140;30.10.2023 22:00;1,3;73
Landvik;SN38140;30.10.2023 23:00;1,3;72
Landvik;SN38140;31.10.2023 00:00;0,8;74
Landvik;SN38140;31.10.2023 01:00;1;75
Landvik;SN38140;31.10.2023 02:00;1,1;75
Landvik;SN38140;31.10.2023 03:00;1,3;74
Landvik;SN38140;31.10.2023 04:00;1,2;75
Landvik;SN38140;31.10.2023 05:00;1,2;75
Landvik;SN38140;31.10.2023 06:00;1,3;75
Landvik;SN38140;31.10.2023 07:00;1,3;74
Landvik;SN38140;31.10.2023 08:00;1,3;74
Landvik;SN38140;31.10.2023 09:00;1,4;73
Landvik;SN38140;31.10.2023 10:00;1,6;73
Landvik;SN38140;31.10.2023 11:00;2,2;70
Landvik;SN38140;31.10.2023 12:00;2,6;69
Landvik;SN38140;31.10.2023 13:00;3,1;66
Landvik;SN38140;31.10.2023 14:00;2,9;66
Landvik;SN38140;31.10.2023 15:00;2,7;67
Landvik;SN38140;31.10.2023 16:00;2,6;68
Landvik;SN38140;31.10.2023 17:00;2,2;69
Landvik;SN38140;31.10.2023 18:00;2;68
Landvik;SN38140;31.10.2023 19:00;1,9;67
Landvik;SN38140;31.10.2023 20:00;1,8;68
Landvik;SN38140;31.10.2023 21:00;1,4;72
Landvik;SN38140;31.10.2023 22:00;1,4;71
Landvik;SN38140;31.10.2023 23:00;0,9;77
Landvik;SN38140;01.11.2023 00:00;0,5;79
Landvik;SN38140;01.11.2023 01:00;1;73
Landvik;SN38140;01.11.2023 02:00;0,3;81
Landvik;SN38140;01.11.2023 03:00;-0,7;85
Landvik;SN38140;01.11.2023 04:00;-2,1;89
Landvik;SN38140;01.11.2023 05:00;-2,2;92
Landvik;SN38140;01.11.2023 06:00;-1,5;91
Landvik;SN38140;01.11.2023 07:00;-0,7;85
Landvik;SN38140;01.11.2023 08:00;0,3;76
Landvik;SN38140;01.11.2023 09:00;0,4;76
Landvik;SN38140;01.11.2023 10:00;0,5;75
Landvik;SN38140;01.11.2023 11:00;0,7;74
Landvik;SN38140;01.11.2023 12:00;0,7;77
Landvik;SN38140;01.11.2023 13:00;0,3;87
Landvik;SN38140;01.11.2023 14:00;0,2;90
Landvik;SN38140;01.11.2023 15:00;0,2;92
Landvik;SN38140;01.11.2023 16:00;0,5;92
Landvik;SN38140;01.11.2023 17:00;0,8;92
Landvik;SN38140;01.11.2023 18:00;2,3;90
Landvik;SN38140;01.11.2023 19:00;2,1;88
Landvik;SN38140;01.11.2023 20:00;1,8;90
Landvik;SN38140;01.11.2023 21:00;1,9;91
Landvik;SN38140;01.11.2023 22:00;1,9;91
Landvik;SN38140;01.11.2023 23:00;1,7;92
Landvik;SN38140;02.11.2023 00:00;1,8;92
Landvik;SN38140;02.11.2023 01:00;0,4;92
Landvik;SN38140;02.11.2023 02:00;0,5;91
Landvik;SN38140;02.11.2023 03:00;0,8;91
Landvik;SN38140;02.11.2023 04:00;1,1;91
Landvik;SN38140;02.11.2023 05:00;1,3;90
Landvik;SN38140;02.11.2023 06:00;1,3;90
Landvik;SN38140;02.11.2023 07:00;1,2;90
Landvik;SN38140;02.11.2023 08:00;1,3;90
Landvik;SN38140;02.11.2023 09:00;1,5;90
Landvik;SN38140;02.11.2023 10:00;1,6;90
Landvik;SN38140;02.11.2023 11:00;1,7;90
Landvik;SN38140;02.11.2023 12:00;1,8;90
Landvik;SN38140;02.11.2023 13:00;1,9;91
Landvik;SN38140;02.11.2023 14:00;2;91
Landvik;SN38140;02.11.2023 15:00;2,2;91
Landvik;SN38140;02.11.2023 16:00;2,5;91
Landvik;SN38140;02.11.2023 17:00;2,9;91
Landvik;SN38140;02.11.2023 18:00;3,1;91
Landvik;SN38140;02.11.2023 19:00;3,4;92
Landvik;SN38140;02.11.2023 20:00;4,5;92
Landvik;SN38140;02.11.2023 21:00;5,6;93
Landvik;SN38140;02.11.2023 22:00;7;93
Landvik;SN38140;02.11.2023 23:00;9,9;90
Landvik;SN38140;03.11.2023 00:00;10,2;88
Landvik;SN38140;03.11.2023 01:00;10,2;88
Landvik;SN38140;03.11.2023 02:00;10,3;88
Landvik;SN38140;03.11.2023 03:00;10,3;88
Landvik;SN38140;03.11.2023 04:00;10,3;89
Landvik;SN38140;03.11.2023 05:00;10,1;90
Landvik;SN38140;03.11.2023 06:00;9,6;92
Landvik;SN38140;03.11.2023 07:00;8,7;93
Landvik;SN38140;03.11.2023 08:00;8,8;91
Landvik;SN38140;03.11.2023 09:00;8,2;91
Landvik;SN38140;03.11.2023 10:00;6,4;91
Landvik;SN38140;03.11.2023 11:00;6;91
Landvik;SN38140;03.11.2023 12:00;7,9;94
Landvik;SN38140;03.11.2023 13:00;9,8;91
Landvik;SN38140;03.11.2023 14:00;10;89
Landvik;SN38140;03.11.2023 15:00;9,9;88
Landvik;SN38140;03.11.2023 16:00;9,8;89
Landvik;SN38140;03.11.2023 17:00;9,7;89
Landvik;SN38140;03.11.2023 18:00;9,5;90
Landvik;SN38140;03.11.2023 19:00;9,3;91
Landvik;SN38140;03.11.2023 20:00;9,2;92
Landvik;SN38140;03.11.2023 21:00;9,5;90
Landvik;SN38140;03.11.2023 22:00;9,5;92
Landvik;SN38140;03.11.2023 23:00;9,6;92
Landvik;SN38140;04.11.2023 00:00;9,8;91
Landvik;SN38140;04.11.2023 01:00;9,9;90
Landvik;SN38140;04.11.2023 02:00;9,8;90
Landvik;SN38140;04.11.2023 03:00;9,7;91
Landvik;SN38140;04.11.2023 04:00;9,6;93
Landvik;SN38140;04.11.2023 05:00;9,6;93
Landvik;SN38140;04.11.2023 06:00;9,8;92
Landvik;SN38140;04.11.2023 07:00;9,9;92
Landvik;SN38140;04.11.2023 08:00;9,8;93
Landvik;SN38140;04.11.2023 09:00;9,9;93
Landvik;SN38140;04.11.2023 10:00;10;92
Landvik;SN38140;04.11.2023 11:00;10,3;90
Landvik;SN38140;04.11.2023 12:00;10,3;90
Landvik;SN38140;04.11.2023 13:00;10,1;88
Landvik;SN38140;04.11.2023 14:00;10;90
Landvik;SN38140;04.11.2023 15:00;9,6;91
Landvik;SN38140;04.11.2023 16:00;9,3;88
Landvik;SN38140;04.11.2023 17:00;9,3;88
Landvik;SN38140;04.11.2023 18:00;9,3;89
Landvik;SN38140;04.11.2023 19:00;8,9;92
Landvik;SN38140;04.11.2023 20:00;8,6;93
Landvik;SN38140;04.11.2023 21:00;8,6;92
Landvik;SN38140;04.11.2023 22:00;8,5;91
Landvik;SN38140;04.11.2023 23:00;8,6;90
Landvik;SN38140;05.11.2023 00:00;8,6;89
Landvik;SN38140;05.11.2023 01:00;8,6;89
Landvik;SN38140;05.11.2023 02:00;8,7;89
Landvik;SN38140;05.11.2023 03:00;8,4;87
Landvik;SN38140;05.11.2023 04:00;8,7;89
Landvik;SN38140;05.11.2023 05:00;8,2;86
Landvik;SN38140;05.11.2023 06:00;8,7;87
Landvik;SN38140;05.11.2023 07:00;8,7;84
Landvik;SN38140;05.11.2023 08:00;8,6;83
Landvik;SN38140;05.11.2023 09:00;8,4;84
Landvik;SN38140;05.11.2023 10:00;7,9;88
Landvik;SN38140;05.11.2023 11:00;7,9;90
Landvik;SN38140;05.11.2023 12:00;8,2;89
Landvik;SN38140;05.11.2023 13:00;8,2;90
Landvik;SN38140;05.11.2023 14:00;8;90
Landvik;SN38140;05.11.2023 15:00;7,2;92
Landvik;SN38140;05.11.2023 16:00;6,9;92
Landvik;SN38140;05.11.2023 17:00;6,6;92
Landvik;SN38140;05.11.2023 18:00;6,4;92
Landvik;SN38140;05.11.2023 19:00;6,5;92
Landvik;SN38140;05.11.2023 20:00;6,5;92
Landvik;SN38140;05.11.2023 21:00;6,5;91
Landvik;SN38140;05.11.2023 22:00;6,5;91
Landvik;SN38140;05.11.2023 23:00;6,3;90
Landvik;SN38140;06.11.2023 00:00;6,1;91
Landvik;SN38140;06.11.2023 01:00;5,9;91
Landvik;SN38140;06.11.2023 02:00;5,8;91
Landvik;SN38140;06.11.2023 03:00;5,8;91
Landvik;SN38140;06.11.2023 04:00;5,7;91
Landvik;SN38140;06.11.2023 05:00;5,7;91
Landvik;SN38140;06.11.2023 06:00;5,7;91
Landvik;SN38140;06.11.2023 07:00;5,6;90
Landvik;SN38140;06.11.2023 08:00;5,3;88
Landvik;SN38140;06.11.2023 09:00;4,9;89
Landvik;SN38140;06.11.2023 10:00;5;89
Landvik;SN38140;06.11.2023 11:00;5,4;88
Landvik;SN38140;06.11.2023 12:00;5,7;87
Landvik;SN38140;06.11.2023 13:00;5,9;87
Landvik;SN38140;06.11.2023 14:00;6,3;85
Landvik;SN38140;06.11.2023 15:00;6,2;83
Landvik;SN38140;06.11.2023 16:00;6,2;82
Landvik;SN38140;06.11.2023 17:00;5,2;86
Landvik;SN38140;06.11.2023 18:00;4,4;92
Landvik;SN38140;06.11.2023 19:00;4,2;94
Landvik;SN38140;06.11.2023 20:00;2,9;94
Landvik;SN38140;06.11.2023 21:00;1,7;95
Landvik;SN38140;06.11.2023 22:00;1;95
Landvik;SN38140;06.11.2023 23:00;0,7;96
Landvik;SN38140;07.11.2023 00:00;1,1;97
Landvik;SN38140;07.11.2023 01:00;0,9;96
Landvik;SN38140;07.11.2023 02:00;0,2;96
Landvik;SN38140;07.11.2023 03:00;-0,1;96
Landvik;SN38140;07.11.2023 04:00;-0,1;97
Landvik;SN38140;07.11.2023 05:00;-0,4;97
Landvik;SN38140;07.11.2023 06:00;0,2;97
Landvik;SN38140;07.11.2023 07:00;0,7;97
Landvik;SN38140;07.11.2023 08:00;0,2;97
Landvik;SN38140;07.11.2023 09:00;0,3;97
Landvik;SN38140;07.11.2023 10:00;1,3;97
Landvik;SN38140;07.11.2023 11:00;2,4;97
Landvik;SN38140;07.11.2023 12:00;3,8;96
Landvik;SN38140;07.11.2023 13:00;4,8;94
Landvik;SN38140;07.11.2023 14:00;5,3;92
Landvik;SN38140;07.11.2023 15:00;6,1;88
Landvik;SN38140;07.11.2023 16:00;5,7;84
Landvik;SN38140;07.11.2023 17:00;3,2;92
Landvik;SN38140;07.11.2023 18:00;1,7;94
Landvik;SN38140;07.11.2023 19:00;0,8;95
Landvik;SN38140;07.11.2023 20:00;0,7;96
Landvik;SN38140;07.11.2023 21:00;1,2;96
Landvik;SN38140;07.11.2023 22:00;0,8;95
Landvik;SN38140;07.11.2023 23:00;0,5;95
Landvik;SN38140;08.11.2023 00:00;0,3;96
Landvik;SN38140;08.11.2023 01:00;0,7;96
Landvik;SN38140;08.11.2023 02:00;1,7;94
Landvik;SN38140;08.11.2023 03:00;2,2;94
Landvik;SN38140;08.11.2023 04:00;2,3;92
Landvik;SN38140;08.11.2023 05:00;1,8;93
Landvik;SN38140;08.11.2023 06:00;1,5;92
Landvik;SN38140;08.11.2023 07:00;0,7;93
Landvik;SN38140;08.11.2023 08:00;0,2;94
Landvik;SN38140;08.11.2023 09:00;-0,1;94
Landvik;SN38140;08.11.2023 10:00;1,3;94
Landvik;SN38140;08.11.2023 11:00;2,7;87
Landvik;SN38140;08.11.2023 12:00;3,4;81
Landvik;SN38140;08.11.2023 13:00;3,8;83
Landvik;SN38140;08.11.2023 14:00;3,9;83
Landvik;SN38140;08.11.2023 15:00;3,7;85
Landvik;SN38140;08.11.2023 16:00;3,6;86
Landvik;SN38140;08.11.2023 17:00;3,3;87
Landvik;SN38140;08.11.2023 18:00;3,1;88
Landvik;SN38140;08.11.2023 19:00;3;88
Landvik;SN38140;08.11.2023 20:00;3;89
Landvik;SN38140;08.11.2023 21:00;3;88
Landvik;SN38140;08.11.2023 22:00;3,1;90
Landvik;SN38140;08.11.2023 23:00;3,4;92
Landvik;SN38140;09.11.2023 00:00;4;93
Landvik;SN38140;09.11.2023 01:00;5,1;93
Landvik;SN38140;09.11.2023 02:00;5,8;93
Landvik;SN38140;09.11.2023 03:00;5,3;92
Landvik;SN38140;09.11.2023 04:00;4,5;92
Landvik;SN38140;09.11.2023 05:00;3,6;91
Landvik;SN38140;09.11.2023 06:00;3,1;90
Landvik;SN38140;09.11.2023 07:00;2,3;92
Landvik;SN38140;09.11.2023 08:00;1;94
Landvik;SN38140;09.11.2023 09:00;0,3;95
Landvik;SN38140;09.11.2023 10:00;1;96
Landvik;SN38140;09.11.2023 11:00;2,3;95
Landvik;SN38140;09.11.2023 12:00;3,2;93
Landvik;SN38140;09.11.2023 13:00;3,8;91
Landvik;SN38140;09.11.2023 14:00;4,5;83
Landvik;SN38140;09.11.2023 15:00;4,5;83
Landvik;SN38140;09.11.2023 16:00;4,1;83
Landvik;SN38140;09.11.2023 17:00;3;90
Landvik;SN38140;09.11.2023 18:00;2,3;92
Landvik;SN38140;09.11.2023 19:00;1,9;93
Landvik;SN38140;09.11.2023 20:00;2,5;93
Landvik;SN38140;09.11.2023 21:00;2,8;90
Landvik;SN38140;09.11.2023 22:00;3;86
Landvik;SN38140;09.11.2023 23:00;2,6;85
Landvik;SN38140;10.11.2023 00:00;2,7;81
Landvik;SN38140;10.11.2023 01:00;2,7;82
Landvik;SN38140;10.11.2023 02:00;2,9;81
Landvik;SN38140;10.11.2023 03:00;2,9;81
Landvik;SN38140;10.11.2023 04:00;2,9;81
Landvik;SN38140;10.11.2023 05:00;2,8;82
Landvik;SN38140;10.11.2023 06:00;2,8;83
Landvik;SN38140;10.11.2023 07:00;2,9;84
Landvik;SN38140;10.11.2023 08:00;3,2;86
Landvik;SN38140;10.11.2023 09:00;3,4;85
Landvik;SN38140;10.11.2023 10:00;3,9;86
Landvik;SN38140;10.11.2023 11:00;4,3;87
Landvik;SN38140;10.11.2023 12:00;4,8;87
Landvik;SN38140;10.11.2023 13:00;4,8;88
Landvik;SN38140;10.11.2023 14:00;4,8;89
Landvik;SN38140;10.11.2023 15:00;4,8;88
Landvik;SN38140;10.11.2023 16:00;4,7;86
Landvik;SN38140;10.11.2023 17:00;4,6;83
Landvik;SN38140;10.11.2023 18:00;4,5;81
Landvik;SN38140;10.11.2023 19:00;4,2;81
Landvik;SN38140;10.11.2023 20:00;3,4;83
Landvik;SN38140;10.11.2023 21:00;2,8;86
Landvik;SN38140;10.11.2023 22:00;2,9;85
Landvik;SN38140;10.11.2023 23:00;3;83
Landvik;SN38140;11.11.2023 00:00;2,4;85
Landvik;SN38140;11.11.2023 01:00;2,4;84
Landvik;SN38140;11.11.2023 02:00;3;81
Landvik;SN38140;11.11.2023 03:00;3;80
Landvik;SN38140;11.11.2023 04:00;2,8;80
Landvik;SN38140;11.11.2023 05:00;2,5;82
Landvik;SN38140;11.11.2023 06:00;2,4;83
Landvik;SN38140;11.11.2023 07:00;2,7;81
Landvik;SN38140;11.11.2023 08:00;2,5;81
Landvik;SN38140;11.11.2023 09:00;2,1;82
Landvik;SN38140;11.11.2023 10:00;1,9;85
Landvik;SN38140;11.11.2023 11:00;2,3;82
Landvik;SN38140;11.11.2023 12:00;2,9;78
Landvik;SN38140;11.11.2023 13:00;4,2;72
Landvik;SN38140;11.11.2023 14:00;4,5;71
Landvik;SN38140;11.11.2023 15:00;4,4;72
Landvik;SN38140;11.11.2023 16:00;3,9;76
Landvik;SN38140;11.11.2023 17:00;3,6;76
Landvik;SN38140;11.11.2023 18:00;3,7;75
Landvik;SN38140;11.11.2023 19:00;3,8;75
Landvik;SN38140;11.11.2023 20:00;3,7;75
Landvik;SN38140;11.11.2023 21:00;3,7;76
Landvik;SN38140;11.11.2023 22:00;3,6;77
Landvik;SN38140;11.11.2023 23:00;3,4;80
Landvik;SN38140;12.11.2023 00:00;3,2;82
Landvik;SN38140;12.11.2023 01:00;3,2;82
Landvik;SN38140;12.11.2023 02:00;3,2;80
Landvik;SN38140;12.11.2023 03:00;3,2;80
Landvik;SN38140;12.11.2023 04:00;3,1;81
Landvik;SN38140;12.11.2023 05:00;3,1;82
Landvik;SN38140;12.11.2023 06:00;3;84
Landvik;SN38140;12.11.2023 07:00;2,7;86
Landvik;SN38140;12.11.2023 08:00;2,2;89
Landvik;SN38140;12.11.2023 09:00;2,2;89
Landvik;SN38140;12.11.2023 10:00;1,6;90
Landvik;SN38140;12.11.2023 11:00;0,9;92
Landvik;SN38140;12.11.2023 12:00;1,1;92
Landvik;SN38140;12.11.2023 13:00;1,4;92
Landvik;SN38140;12.11.2023 14:00;1,8;91
Landvik;SN38140;12.11.2023 15:00;2;91
Landvik;SN38140;12.11.2023 16:00;2,1;92
Landvik;SN38140;12.11.2023 17:00;2,2;92
Landvik;SN38140;12.11.2023 18:00;2,1;91
Landvik;SN38140;12.11.2023 19:00;2,3;90
Landvik;SN38140;12.11.2023 20:00;2,2;90
Landvik;SN38140;12.11.2023 21:00;2,2;89
Landvik;SN38140;12.11.2023 22:00;2,2;88
Landvik;SN38140;12.11.2023 23:00;2,3;87
Landvik;SN38140;13.11.2023 00:00;2,2;85
Landvik;SN38140;13.11.2023 01:00;2,3;85
Landvik;SN38140;13.11.2023 02:00;2,3;84
Landvik;SN38140;13.11.2023 03:00;2,3;82
Landvik;SN38140;13.11.2023 04:00;2,2;80
Landvik;SN38140;13.11.2023 05:00;2,2;80
Landvik;SN38140;13.11.2023 06:00;2,1;80
Landvik;SN38140;13.11.2023 07:00;2,1;80
Landvik;SN38140;13.11.2023 08:00;2;80
Landvik;SN38140;13.11.2023 09:00;2,1;80
Landvik;SN38140;13.11.2023 10:00;2,1;80
Landvik;SN38140;13.11.2023 11:00;2;80
Landvik;SN38140;13.11.2023 12:00;1,8;81
Landvik;SN38140;13.11.2023 13:00;1,7;83
Landvik;SN38140;13.11.2023 14:00;1,3;88
Landvik;SN38140;13.11.2023 15:00;1,2;91
Landvik;SN38140;13.11.2023 16:00;1,8;92
Landvik;SN38140;13.11.2023 17:00;2,6;90
Landvik;SN38140;13.11.2023 18:00;2,9;85
Landvik;SN38140;13.11.2023 19:00;2;84
Landvik;SN38140;13.11.2023 20:00;1,7;84
Landvik;SN38140;13.11.2023 21:00;1,2;83
Landvik;SN38140;13.11.2023 22:00;1;82
Landvik;SN38140;13.11.2023 23:00;0,9;83
Landvik;SN38140;14.11.2023 00:00;0,4;86
Landvik;SN38140;14.11.2023 01:00;0,1;85
Landvik;SN38140;14.11.2023 02:00;0;84
Landvik;SN38140;14.11.2023 03:00;0,3;79
Landvik;SN38140;14.11.2023 04:00;0,2;78
Landvik;SN38140;14.11.2023 05:00;0,3;77
Landvik;SN38140;14.11.2023 06:00;0,4;76
Landvik;SN38140;14.11.2023 07:00;0,7;76
Landvik;SN38140;14.11.2023 08:00;0,9;75
Landvik;SN38140;14.11.2023 09:00;1;75
Landvik;SN38140;14.11.2023 10:00;1,1;75
Landvik;SN38140;14.11.2023 11:00;1,3;75
Landvik;SN38140;14.11.2023 12:00;1,5;74
Landvik;SN38140;14.11.2023 13:00;1,5;75
Landvik;SN38140;14.11.2023 14:00;1,7;74
Landvik;SN38140;14.11.2023 15:00;1,8;73
Landvik;SN38140;14.11.2023 16:00;1,7;72
Landvik;SN38140;14.11.2023 17:00;1,6;72
Landvik;SN38140;14.11.2023 18:00;1,6;73
Landvik;SN38140;14.11.2023 19:00;1,6;72
Landvik;SN38140;14.11.2023 20:00;1,5;73
Landvik;SN38140;14.11.2023 21:00;1,5;73
Landvik;SN38140;14.11.2023 22:00;1,4;72
Landvik;SN38140;14.11.2023 23:00;1,4;72
Landvik;SN38140;15.11.2023 00:00;1,4;71
Landvik;SN38140;15.11.2023 01:00;1,4;69
Landvik;SN38140;15.11.2023 02:00;1,3;70
Landvik;SN38140;15.11.2023 03:00;1,2;69
Landvik;SN38140;15.11.2023 04:00;1,2;68
Landvik;SN38140;15.11.2023 05:00;1,1;65
Landvik;SN38140;15.11.2023 06:00;0,7;65
Landvik;SN38140;15.11.2023 07:00;0,5;65
Landvik;SN38140;15.11.2023 08:00;0,3;64
Landvik;SN38140;15.11.2023 09:00;0,1;65
Landvik;SN38140;15.11.2023 10:00;0,5;63
Landvik;SN38140;15.11.2023 11:00;1,6;59
Landvik;SN38140;15.11.2023 12:00;2;60
Landvik;SN38140;15.11.2023 13:00;2,1;64
Landvik;SN38140;15.11.2023 14:00;1,9;65
Landvik;SN38140;15.11.2023 15:00;1,7;65
Landvik;SN38140;15.11.2023 16:00;1;68
Landvik;SN38140;15.11.2023 17:00;0,3;71
Landvik;SN38140;15.11.2023 18:00;0;71
Landvik;SN38140;15.11.2023 19:00;-0,3;75
Landvik;SN38140;15.11.2023 20:00;-0,7;76
Landvik;SN38140;15.11.2023 21:00;-0,5;76
Landvik;SN38140;15.11.2023 22:00;-0,3;77
Landvik;SN38140;15.11.2023 23:00;-0,1;76
Landvik;SN38140;16.11.2023 00:00;-0,2;76
Landvik;SN38140;16.11.2023 01:00;-0,2;75
Landvik;SN38140;16.11.2023 02:00;-0,1;74
Landvik;SN38140;16.11.2023 03:00;-0,1;73
Landvik;SN38140;16.11.2023 04:00;-0,8;72
Landvik;SN38140;16.11.2023 05:00;-1,3;74
Landvik;SN38140;16.11.2023 06:00;-1,5;73
Landvik;SN38140;16.11.2023 07:00;-1,6;73
Landvik;SN38140;16.11.2023 08:00;-1,5;72
Landvik;SN38140;16.11.2023 09:00;-1,6;74
Landvik;SN38140;16.11.2023 10:00;-1,2;74
Landvik;SN38140;16.11.2023 11:00;-0,5;71
Landvik;SN38140;16.11.2023 12:00;0,3;68
Landvik;SN38140;16.11.2023 13:00;0,5;70
Landvik;SN38140;16.11.2023 14:00;0,4;70
Landvik;SN38140;16.11.2023 15:00;0,3;69
Landvik;SN38140;16.11.2023 16:00;0,2;70
Landvik;SN38140;16.11.2023 17:00;0;71
Landvik;SN38140;16.11.2023 18:00;-0,2;73
Landvik;SN38140;16.11.2023 19:00;-0,4;73
Landvik;SN38140;16.11.2023 20:00;-0,5;73
Landvik;SN38140;16.11.2023 21:00;-0,6;73
Landvik;SN38140;16.11.2023 22:00;-0,7;73
Landvik;SN38140;16.11.2023 23:00;-0,7;73
Landvik;SN38140;17.11.2023 00:00;-0,8;72
Landvik;SN38140;17.11.2023 01:00;-0,9;72
Landvik;SN38140;17.11.2023 02:00;-1;72
Landvik;SN38140;17.11.2023 03:00;-1,1;72
Landvik;SN38140;17.11.2023 04:00;-1,2;72
Landvik;SN38140;17.11.2023 05:00;-1,5;72
Landvik;SN38140;17.11.2023 06:00;-1,6;72
Landvik;SN38140;17.11.2023 07:00;-1,6;72
Landvik;SN38140;17.11.2023 08:00;-1,6;72
Landvik;SN38140;17.11.2023 09:00;-1,7;72
Landvik;SN38140;17.11.2023 10:00;-1,6;72
Landvik;SN38140;17.11.2023 11:00;-1;69
Landvik;SN38140;17.11.2023 12:00;-0,8;68
Landvik;SN38140;17.11.2023 13:00;-0,5;68
Landvik;SN38140;17.11.2023 14:00;-0,6;71
Landvik;SN38140;17.11.2023 15:00;-1;71
Landvik;SN38140;17.11.2023 16:00;-1,4;70
Landvik;SN38140;17.11.2023 17:00;-2,7;77
Landvik;SN38140;17.11.2023 18:00;-3,3;81
Landvik;SN38140;17.11.2023 19:00;-4,1;85
Landvik;SN38140;17.11.2023 20:00;-3,6;84
Landvik;SN38140;17.11.2023 21:00;-3,7;82
Landvik;SN38140;17.11.2023 22:00;-4,1;84
Landvik;SN38140;17.11.2023 23:00;-3,9;83
Landvik;SN38140;18.11.2023 00:00;-3,7;82
Landvik;SN38140;18.11.2023 01:00;-3,1;80
Landvik;SN38140;18.11.2023 02:00;-2,7;78
Landvik;SN38140;18.11.2023 03:00;-2,5;77
Landvik;SN38140;18.11.2023 04:00;-3,2;80
Landvik;SN38140;18.11.2023 05:00;-3,7;83
Landvik;SN38140;18.11.2023 06:00;-3,8;84
Landvik;SN38140;18.11.2023 07:00;-3,2;80
Landvik;SN38140;18.11.2023 08:00;-3,3;80
Landvik;SN38140;18.11.2023 09:00;-3;77
Landvik;SN38140;18.11.2023 10:00;-2,3;75
Landvik;SN38140;18.11.2023 11:00;-2;74
Landvik;SN38140;18.11.2023 12:00;-1,5;72
Landvik;SN38140;18.11.2023 13:00;-1,1;67
Landvik;SN38140;18.11.2023 14:00;-1,1;68
Landvik;SN38140;18.11.2023 15:00;-1,5;84
Landvik;SN38140;18.11.2023 16:00;-1,3;87
Landvik;SN38140;18.11.2023 17:00;-1,4;89
Landvik;SN38140;18.11.2023 18:00;-1,1;90
Landvik;SN38140;18.11.2023 19:00;-0,8;90
Landvik;SN38140;18.11.2023 20:00;-1;89
Landvik;SN38140;18.11.2023 21:00;-0,9;90
Landvik;SN38140;18.11.2023 22:00;-1,2;90
Landvik;SN38140;18.11.2023 23:00;-1,4;89
Landvik;SN38140;19.11.2023 00:00;-1,3;88
Landvik;SN38140;19.11.2023 01:00;-1,2;88
Landvik;SN38140;19.11.2023 02:00;-1;88
Landvik;SN38140;19.11.2023 03:00;-0,5;89
Landvik;SN38140;19.11.2023 04:00;0,5;90
Landvik;SN38140;19.11.2023 05:00;1;90
Landvik;SN38140;19.11.2023 06:00;0,6;91
Landvik;SN38140;19.11.2023 07:00;0;92
Landvik;SN38140;19.11.2023 08:00;-0,3;93
Landvik;SN38140;19.11.2023 09:00;-0,1;93
Landvik;SN38140;19.11.2023 10:00;0,1;93
Landvik;SN38140;19.11.2023 11:00;-0,2;93
Landvik;SN38140;19.11.2023 12:00;-0,3;92
Landvik;SN38140;19.11.2023 13:00;-0,4;92
Landvik;SN38140;19.11.2023 14:00;-0,8;92
Landvik;SN38140;19.11.2023 15:00;-0,8;92
Landvik;SN38140;19.11.2023 16:00;-0,9;93
Landvik;SN38140;19.11.2023 17:00;-0,9;92
Landvik;SN38140;19.11.2023 18:00;-0,8;92
Landvik;SN38140;19.11.2023 19:00;-0,8;92
Landvik;SN38140;19.11.2023 20:00;-0,7;92
Landvik;SN38140;19.11.2023 21:00;-0,7;92
Landvik;SN38140;19.11.2023 22:00;-0,7;91
Landvik;SN38140;19.11.2023 23:00;-0,6;91
Landvik;SN38140;20.11.2023 00:00;-0,7;92
Landvik;SN38140;20.11.2023 01:00;-0,6;91
Landvik;SN38140;20.11.2023 02:00;-0,5;91
Landvik;SN38140;20.11.2023 03:00;-0,4;90
Landvik;SN38140;20.11.2023 04:00;-0,3;91
Landvik;SN38140;20.11.2023 05:00;-0,2;91
Landvik;SN38140;20.11.2023 06:00;-0,1;90
Landvik;SN38140;20.11.2023 07:00;0;90
Landvik;SN38140;20.11.2023 08:00;0,1;90
Landvik;SN38140;20.11.2023 09:00;0,2;90
Landvik;SN38140;20.11.2023 10:00;0,3;90
Landvik;SN38140;20.11.2023 11:00;0,3;90
Landvik;SN38140;20.11.2023 12:00;0,4;90
Landvik;SN38140;20.11.2023 13:00;0,7;89
Landvik;SN38140;20.11.2023 14:00;0,8;88
Landvik;SN38140;20.11.2023 15:00;0,9;87
Landvik;SN38140;20.11.2023 16:00;0,8;87
Landvik;SN38140;20.11.2023 17:00;0,9;86
Landvik;SN38140;20.11.2023 18:00;1;85
Landvik;SN38140;20.11.2023 19:00;1,1;84
Landvik;SN38140;20.11.2023 20:00;1,1;84
Landvik;SN38140;20.11.2023 21:00;1,1;83
Landvik;SN38140;20.11.2023 22:00;1,1;84
Landvik;SN38140;20.11.2023 23:00;1,1;83
Landvik;SN38140;21.11.2023 00:00;1,1;82
Landvik;SN38140;21.11.2023 01:00;0,9;82
Landvik;SN38140;21.11.2023 02:00;1,1;81
Landvik;SN38140;21.11.2023 03:00;1;81
Landvik;SN38140;21.11.2023 04:00;0,9;81
Landvik;SN38140;21.11.2023 05:00;1;81
Landvik;SN38140;21.11.2023 06:00;1,1;80
Landvik;SN38140;21.11.2023 07:00;0,8;81
Landvik;SN38140;21.11.2023 08:00;0,3;83
Landvik;SN38140;21.11.2023 09:00;0,7;82
Landvik;SN38140;21.11.2023 10:00;1,2;81
Landvik;SN38140;21.11.2023 11:00;1,4;81
Landvik;SN38140;21.11.2023 12:00;1,6;82
Landvik;SN38140;21.11.2023 13:00;2;79
Landvik;SN38140;21.11.2023 14:00;1,7;81
Landvik;SN38140;21.11.2023 15:00;1,2;82
Landvik;SN38140;21.11.2023 16:00;0,4;83
Landvik;SN38140;21.11.2023 17:00;-0,3;85
Landvik;SN38140;21.11.2023 18:00;-0,8;87
Landvik;SN38140;21.11.2023 19:00;-1,4;87
Landvik;SN38140;21.11.2023 20:00;-1,7;90
Landvik;SN38140;21.11.2023 21:00;-2,3;90
Landvik;SN38140;21.11.2023 22:00;-3,1;92
Landvik;SN38140;21.11.2023 23:00;-3,4;92
Landvik;SN38140;22.11.2023 00:00;-3,5;92
Landvik;SN38140;22.11.2023 01:00;-2,7;92
Landvik;SN38140;22.11.2023 02:00;-2,8;93
Landvik;SN38140;22.11.2023 03:00;-2,4;93
Landvik;SN38140;22.11.2023 04:00;-1,9;93
Landvik;SN38140;22.11.2023 05:00;-1,5;94
Landvik;SN38140;22.11.2023 06:00;-1,5;94
Landvik;SN38140;22.11.2023 07:00;-1,5;94
Landvik;SN38140;22.11.2023 08:00;-1,2;94
Landvik;SN38140;22.11.2023 09:00;-0,7;95
Landvik;SN38140;22.11.2023 10:00;2,1;95
Landvik;SN38140;22.11.2023 11:00;3,6;90
Landvik;SN38140;22.11.2023 12:00;4,8;90
Landvik;SN38140;22.11.2023 13:00;6;88
Landvik;SN38140;22.11.2023 14:00;6,3;91
Landvik;SN38140;22.11.2023 15:00;6,7;92
Landvik;SN38140;22.11.2023 16:00;6,8;94
Landvik;SN38140;22.11.2023 17:00;7,4;93
Landvik;SN38140;22.11.2023 18:00;6,9;93
Landvik;SN38140;22.11.2023 19:00;6,8;89
Landvik;SN38140;22.11.2023 20:00;6,7;83
Landvik;SN38140;22.11.2023 21:00;6,9;77
Landvik;SN38140;22.11.2023 22:00;6,7;78
Landvik;SN38140;22.11.2023 23:00;6,7;78
Landvik;SN38140;23.11.2023 00:00;6,5;78
Landvik;SN38140;23.11.2023 01:00;4,4;88
Landvik;SN38140;23.11.2023 02:00;7,8;76
Landvik;SN38140;23.11.2023 03:00;8;74
Landvik;SN38140;23.11.2023 04:00;7,8;76
Landvik;SN38140;23.11.2023 05:00;8,3;69
Landvik;SN38140;23.11.2023 06:00;7,8;70
Landvik;SN38140;23.11.2023 07:00;7,4;69
Landvik;SN38140;23.11.2023 08:00;6,6;79
Landvik;SN38140;23.11.2023 09:00;6,2;77
Landvik;SN38140;23.11.2023 10:00;6,4;74
Landvik;SN38140;23.11.2023 11:00;6,9;72
Landvik;SN38140;23.11.2023 12:00;6,8;65
Landvik;SN38140;23.11.2023 13:00;6,8;67
Landvik;SN38140;23.11.2023 14:00;6,4;68
Landvik;SN38140;23.11.2023 15:00;5;73
Landvik;SN38140;23.11.2023 16:00;3,7;79
Landvik;SN38140;23.11.2023 17:00;3,2;79
Landvik;SN38140;23.11.2023 18:00;3,3;75
Landvik;SN38140;23.11.2023 19:00;4,1;62
Landvik;SN38140;23.11.2023 20:00;4,2;55
Landvik;SN38140;23.11.2023 21:00;3,7;55
Landvik;SN38140;23.11.2023 22:00;2,8;57
Landvik;SN38140;23.11.2023 23:00;3,2;49
Landvik;SN38140;24.11.2023 00:00;2,8;46
Landvik;SN38140;24.11.2023 01:00;2,7;47
Landvik;SN38140;24.11.2023 02:00;2,9;48
Landvik;SN38140;24.11.2023 03:00;2,9;52
Landvik;SN38140;24.11.2023 04:00;2,3;56
Landvik;SN38140;24.11.2023 05:00;1,4;64
Landvik;SN38140;24.11.2023 06:00;1,2;68
Landvik;SN38140;24.11.2023 07:00;2,2;56
Landvik;SN38140;24.11.2023 08:00;2,3;55
Landvik;SN38140;24.11.2023 09:00;2,2;58
Landvik;SN38140;24.11.2023 10:00;2,7;54
Landvik;SN38140;24.11.2023 11:00;2,9;54
Landvik;SN38140;24.11.2023 12:00;4,2;47
Landvik;SN38140;24.11.2023 13:00;4,5;45
Landvik;SN38140;24.11.2023 14:00;5,1;41
Landvik;SN38140;24.11.2023 15:00;4,8;38
Landvik;SN38140;24.11.2023 16:00;4;37
Landvik;SN38140;24.11.2023 17:00;3;40
Landvik;SN38140;24.11.2023 18:00;-0,2;56
Landvik;SN38140;24.11.2023 19:00;1,8;42
Landvik;SN38140;24.11.2023 20:00;2,3;40
Landvik;SN38140;24.11.2023 21:00;2,4;42
Landvik;SN38140;24.11.2023 22:00;1,5;49
Landvik;SN38140;24.11.2023 23:00;1,5;53
Landvik;SN38140;25.11.2023 00:00;0,8;61
Landvik;SN38140;25.11.2023 01:00;-0,2;70
Landvik;SN38140;25.11.2023 02:00;-1,9;78
Landvik;SN38140;25.11.2023 03:00;-2,3;80
Landvik;SN38140;25.11.2023 04:00;-2;79
Landvik;SN38140;25.11.2023 05:00;-2,8;82
Landvik;SN38140;25.11.2023 06:00;-1,8;80
Landvik;SN38140;25.11.2023 07:00;-0,4;72
Landvik;SN38140;25.11.2023 08:00;-2,2;79
Landvik;SN38140;25.11.2023 09:00;-2,4;79
Landvik;SN38140;25.11.2023 10:00;-2,1;78
Landvik;SN38140;25.11.2023 11:00;2,6;54
Landvik;SN38140;25.11.2023 12:00;4,6;46
Landvik;SN38140;25.11.2023 13:00;4,9;44
Landvik;SN38140;25.11.2023 14:00;5,1;46
Landvik;SN38140;25.11.2023 15:00;3,8;53
Landvik;SN38140;25.11.2023 16:00;1,2;64
Landvik;SN38140;25.11.2023 17:00;-1,2;73
Landvik;SN38140;25.11.2023 18:00;-3,1;83
Landvik;SN38140;25.11.2023 19:00;-3,9;87
Landvik;SN38140;25.11.2023 20:00;-4,4;89
Landvik;SN38140;25.11.2023 21:00;-4,6;90
Landvik;SN38140;25.11.2023 22:00;-5;90
Landvik;SN38140;25.11.2023 23:00;-5,4;91
Landvik;SN38140;26.11.2023 00:00;-5,5;92
Landvik;SN38140;26.11.2023 01:00;-5,8;92
Landvik;SN38140;26.11.2023 02:00;-5,8;92
Landvik;SN38140;26.11.2023 03:00;-5,4;92
Landvik;SN38140;26.11.2023 04:00;-4,9;92
Landvik;SN38140;26.11.2023 05:00;-4,7;92
Landvik;SN38140;26.11.2023 06:00;-4,1;91
Landvik;SN38140;26.11.2023 07:00;-3,8;90
Landvik;SN38140;26.11.2023 08:00;-3,2;91
Landvik;SN38140;26.11.2023 09:00;-3;90
Landvik;SN38140;26.11.2023 10:00;-2,8;90
Landvik;SN38140;26.11.2023 11:00;-1,9;87
Landvik;SN38140;26.11.2023 12:00;-0,9;83
Landvik;SN38140;26.11.2023 13:00;0,4;72
Landvik;SN38140;26.11.2023 14:00;0,6;65
Landvik;SN38140;26.11.2023 15:00;-0,4;69
Landvik;SN38140;26.11.2023 16:00;-1,9;77
Landvik;SN38140;26.11.2023 17:00;-2;79
Landvik;SN38140;26.11.2023 18:00;0,1;65
Landvik;SN38140;26.11.2023 19:00;0,3;65
Landvik;SN38140;26.11.2023 20:00;0,2;69
Landvik;SN38140;26.11.2023 21:00;0,5;77
Landvik;SN38140;26.11.2023 22:00;0,9;81
Landvik;SN38140;26.11.2023 23:00;0,5;76
Landvik;SN38140;27.11.2023 00:00;-0,8;73
Landvik;SN38140;27.11.2023 01:00;-1,3;73
Landvik;SN38140;27.11.2023 02:00;-1,6;72
Landvik;SN38140;27.11.2023 03:00;-1,6;72
Landvik;SN38140;27.11.2023 04:00;-1,7;72
Landvik;SN38140;27.11.2023 05:00;-1,9;71
Landvik;SN38140;27.11.2023 06:00;-2;69
Landvik;SN38140;27.11.2023 07:00;-2,5;69
Landvik;SN38140;27.11.2023 08:00;-2,9;72
Landvik;SN38140;27.11.2023 09:00;-2,9;75
Landvik;SN38140;27.11.2023 10:00;-2,3;74
Landvik;SN38140;27.11.2023 11:00;-2;73
Landvik;SN38140;27.11.2023 12:00;-1,5;69
Landvik;SN38140;27.11.2023 13:00;-1,1;67
Landvik;SN38140;27.11.2023 14:00;-1,1;66
Landvik;SN38140;27.11.2023 15:00;-1,1;67
Landvik;SN38140;27.11.2023 16:00;-1,3;71
Landvik;SN38140;27.11.2023 17:00;-1,7;75
Landvik;SN38140;27.11.2023 18:00;-2;72
Landvik;SN38140;27.11.2023 19:00;-2,2;70
Landvik;SN38140;27.11.2023 20:00;-2,6;69
Landvik;SN38140;27.11.2023 21:00;-3,2;71
Landvik;SN38140;27.11.2023 22:00;-3,6;72
Landvik;SN38140;27.11.2023 23:00;-3,9;72
Landvik;SN38140;28.11.2023 00:00;-4,4;68
Landvik;SN38140;28.11.2023 01:00;-4,9;67
Landvik;SN38140;28.11.2023 02:00;-5,5;63
Landvik;SN38140;28.11.2023 03:00;-6,2;65
Landvik;SN38140;28.11.2023 04:00;-6,7;66
Landvik;SN38140;28.11.2023 05:00;-7;65
Landvik;SN38140;28.11.2023 06:00;-7,3;65
Landvik;SN38140;28.11.2023 07:00;-7,8;68
Landvik;SN38140;28.11.2023 08:00;-8;66
Landvik;SN38140;28.11.2023 09:00;-8,4;63
Landvik;SN38140;28.11.2023 10:00;-8,4;59
Landvik;SN38140;28.11.2023 11:00;-7,5;52
Landvik;SN38140;28.11.2023 12:00;-6,4;47
Landvik;SN38140;28.11.2023 13:00;-5,6;46
Landvik;SN38140;28.11.2023 14:00;-4,9;46
Landvik;SN38140;28.11.2023 15:00;-4,5;46
Landvik;SN38140;28.11.2023 16:00;-5;49
Landvik;SN38140;28.11.2023 17:00;-5,6;52
Landvik;SN38140;28.11.2023 18:00;-5,7;52
Landvik;SN38140;28.11.2023 19:00;-5,3;53
Landvik;SN38140;28.11.2023 20:00;-5;57
Landvik;SN38140;28.11.2023 21:00;-5,1;58
Landvik;SN38140;28.11.2023 22:00;-4,9;60
Landvik;SN38140;28.11.2023 23:00;-5,5;74
Landvik;SN38140;29.11.2023 00:00;-5,5;78
Landvik;SN38140;29.11.2023 01:00;-5,3;77
Landvik;SN38140;29.11.2023 02:00;-5,4;74
Landvik;SN38140;29.11.2023 03:00;-5,2;72
Landvik;SN38140;29.11.2023 04:00;-4,6;71
Landvik;SN38140;29.11.2023 05:00;-4,5;74
Landvik;SN38140;29.11.2023 06:00;-4,1;74
Landvik;SN38140;29.11.2023 07:00;-3,6;73
Landvik;SN38140;29.11.2023 08:00;-2,8;72
Landvik;SN38140;29.11.2023 09:00;-2,2;69
Landvik;SN38140;29.11.2023 10:00;-1,7;69
Landvik;SN38140;29.11.2023 11:00;-1,4;70
Landvik;SN38140;29.11.2023 12:00;-0,8;65
Landvik;SN38140;29.11.2023 13:00;-0,6;64
Landvik;SN38140;29.11.2023 14:00;-0,5;66
Landvik;SN38140;29.11.2023 15:00;-0,4;68
Landvik;SN38140;29.11.2023 16:00;-0,4;68
Landvik;SN38140;29.11.2023 17:00;-0,6;69
Landvik;SN38140;29.11.2023 18:00;-0,5;68
Landvik;SN38140;29.11.2023 19:00;-1,2;83
Landvik;SN38140;29.11.2023 20:00;-1,5;82
Landvik;SN38140;29.11.2023 21:00;-2,1;76
Landvik;SN38140;29.11.2023 22:00;-3,4;87
Landvik;SN38140;29.11.2023 23:00;-3,7;89
Landvik;SN38140;30.11.2023 00:00;-3,5;87
Landvik;SN38140;30.11.2023 01:00;-3,3;87
Landvik;SN38140;30.11.2023 02:00;-3;86
Landvik;SN38140;30.11.2023 03:00;-2,9;86
Landvik;SN38140;30.11.2023 04:00;-2,8;85
Landvik;SN38140;30.11.2023 05:00;-2,4;80
Landvik;SN38140;30.11.2023 06:00;-2,1;78
Landvik;SN38140;30.11.2023 07:00;-2;77
Landvik;SN38140;30.11.2023 08:00;-1,5;75
Landvik;SN38140;30.11.2023 09:00;-1,7;75
Landvik;SN38140;30.11.2023 10:00;-1,8;75
Landvik;SN38140;30.11.2023 11:00;-1,7;74
Landvik;SN38140;30.11.2023 12:00;-1,2;71
Landvik;SN38140;30.11.2023 13:00;-0,8;68
Landvik;SN38140;30.11.2023 14:00;-0,5;67
Landvik;SN38140;30.11.2023 15:00;-0,3;67
Landvik;SN38140;30.11.2023 16:00;-1;69
Landvik;SN38140;30.11.2023 17:00;-1,5;71
Landvik;SN38140;30.11.2023 18:00;-1,9;72
Landvik;SN38140;30.11.2023 19:00;-2,1;72
Landvik;SN38140;30.11.2023 20:00;-2;73
Landvik;SN38140;30.11.2023 21:00;-1,7;74
Landvik;SN38140;30.11.2023 22:00;-1,4;74
Landvik;SN38140;30.11.2023 23:00;-1,3;72
Landvik;SN38140;01.12.2023 00:00;-2,9;77
Landvik;SN38140;01.12.2023 01:00;-3,2;77
Landvik;SN38140;01.12.2023 02:00;-4,8;80
Landvik;SN38140;01.12.2023 03:00;-7,1;89
Landvik;SN38140;01.12.2023 04:00;-6;88
Landvik;SN38140;01.12.2023 05:00;-4,9;80
Landvik;SN38140;01.12.2023 06:00;-4,8;77
Landvik;SN38140;01.12.2023 07:00;-5;76
Landvik;SN38140;01.12.2023 08:00;-5,3;76
Landvik;SN38140;01.12.2023 09:00;-6,7;79
Landvik;SN38140;01.12.2023 10:00;-8,1;83
Landvik;SN38140;01.12.2023 11:00;-8,5;86
Landvik;SN38140;01.12.2023 12:00;-6,2;77
Landvik;SN38140;01.12.2023 13:00;-2,4;60
Landvik;SN38140;01.12.2023 14:00;-1,9;56
Landvik;SN38140;01.12.2023 15:00;-2,7;58
Landvik;SN38140;01.12.2023 16:00;-6,8;72
Landvik;SN38140;01.12.2023 17:00;-9,1;83
Landvik;SN38140;01.12.2023 18:00;-11,2;87
Landvik;SN38140;01.12.2023 19:00;-11,8;88
Landvik;SN38140;01.12.2023 20:00;-12,4;87
Landvik;SN38140;01.12.2023 21:00;-13,3;86
Landvik;SN38140;01.12.2023 22:00;-13,8;85
Landvik;SN38140;01.12.2023 23:00;-14,2;85
Landvik;SN38140;02.12.2023 00:00;-14,3;85
Landvik;SN38140;02.12.2023 01:00;-14,7;85
Landvik;SN38140;02.12.2023 02:00;-14,6;85
Landvik;SN38140;02.12.2023 03:00;-14,5;85
Landvik;SN38140;02.12.2023 04:00;-14,3;85
Landvik;SN38140;02.12.2023 05:00;-13,8;86
Landvik;SN38140;02.12.2023 06:00;-12,9;87
Landvik;SN38140;02.12.2023 07:00;-11,8;87
Landvik;SN38140;02.12.2023 08:00;-10,7;88
Landvik;SN38140;02.12.2023 09:00;-10,4;88
Landvik;SN38140;02.12.2023 10:00;-9,2;88
Landvik;SN38140;02.12.2023 11:00;-7,6;87
Landvik;SN38140;02.12.2023 12:00;-5,7;79
Landvik;SN38140;02.12.2023 13:00;-4,9;74
Landvik;SN38140;02.12.2023 14:00;-4,8;75
Landvik;SN38140;02.12.2023 15:00;-4,8;78
Landvik;SN38140;02.12.2023 16:00;-5,1;80
Landvik;SN38140;02.12.2023 17:00;-5,3;81
Landvik;SN38140;02.12.2023 18:00;-5,3;81
Landvik;SN38140;02.12.2023 19:00;-5,2;79
Landvik;SN38140;02.12.2023 20:00;-5,1;76
Landvik;SN38140;02.12.2023 21:00;-5,2;78
Landvik;SN38140;02.12.2023 22:00;-5,1;78
Landvik;SN38140;02.12.2023 23:00;-5,1;78
Landvik;SN38140;03.12.2023 00:00;-5;78
Landvik;SN38140;03.12.2023 01:00;-5;77
Landvik;SN38140;03.12.2023 02:00;-5,2;77
Landvik;SN38140;03.12.2023 03:00;-5,2;76
Landvik;SN38140;03.12.2023 04:00;-5,4;76
Landvik;SN38140;03.12.2023 05:00;-5,3;77
Landvik;SN38140;03.12.2023 06:00;-5,2;77
Landvik;SN38140;03.12.2023 07:00;-5,2;79
Landvik;SN38140;03.12.2023 08:00;-5,3;79
Landvik;SN38140;03.12.2023 09:00;-5,5;80
Landvik;SN38140;03.12.2023 10:00;-5,6;82
Landvik;SN38140;03.12.2023 11:00;-5,5;80
Landvik;SN38140;03.12.2023 12:00;-5,1;78
Landvik;SN38140;03.12.2023 13:00;-4,8;78
Landvik;SN38140;03.12.2023 14:00;-4,7;79
Landvik;SN38140;03.12.2023 15:00;-4,6;79
Landvik;SN38140;03.12.2023 16:00;-4,5;77
Landvik;SN38140;03.12.2023 17:00;-4,3;75
Landvik;SN38140;03.12.2023 18:00;-4,1;76
Landvik;SN38140;03.12.2023 19:00;-4,2;79
Landvik;SN38140;03.12.2023 20:00;-4;80
Landvik;SN38140;03.12.2023 21:00;-3,6;80
Landvik;SN38140;03.12.2023 22:00;-3,4;82
Landvik;SN38140;03.12.2023 23:00;-3,2;83
Landvik;SN38140;04.12.2023 00:00;-3;82
Landvik;SN38140;04.12.2023 01:00;-2,9;82
Landvik;SN38140;04.12.2023 02:00;-2,8;81
Landvik;SN38140;04.12.2023 03:00;-2,5;81
Landvik;SN38140;04.12.2023 04:00;-2,3;81
Landvik;SN38140;04.12.2023 05:00;-2,2;81
Landvik;SN38140;04.12.2023 06:00;-2,4;82
Landvik;SN38140;04.12.2023 07:00;-2,5;83
Landvik;SN38140;04.12.2023 08:00;-2,8;84
Landvik;SN38140;04.12.2023 09:00;-3,4;84
Landvik;SN38140;04.12.2023 10:00;-3,7;83
Landvik;SN38140;04.12.2023 11:00;-3,9;82
Landvik;SN38140;04.12.2023 12:00;-3,9;82
Landvik;SN38140;04.12.2023 13:00;-3,8;80
Landvik;SN38140;04.12.2023 14:00;-3,7;78
Landvik;SN38140;04.12.2023 15:00;-3,5;78
Landvik;SN38140;04.12.2023 16:00;-3,7;81
Landvik;SN38140;04.12.2023 17:00;-3,7;83
Landvik;SN38140;04.12.2023 18:00;-3,6;81
Landvik;SN38140;04.12.2023 19:00;-3,3;79
Landvik;SN38140;04.12.2023 20:00;-3,3;75
Landvik;SN38140;04.12.2023 21:00;-3,2;75
Landvik;SN38140;04.12.2023 22:00;-3;78
Landvik;SN38140;04.12.2023 23:00;-2,9;82
Landvik;SN38140;05.12.2023 00:00;-2,9;83
Landvik;SN38140;05.12.2023 01:00;-3;84
Landvik;SN38140;05.12.2023 02:00;-2,7;83
Landvik;SN38140;05.12.2023 03:00;-2,7;82
Landvik;SN38140;05.12.2023 04:00;-2,7;81
Landvik;SN38140;05.12.2023 05:00;-2,5;81
Landvik;SN38140;05.12.2023 06:00;-2,3;82
Landvik;SN38140;05.12.2023 07:00;-2,1;82
Landvik;SN38140;05.12.2023 08:00;-2,3;82
Landvik;SN38140;05.12.2023 09:00;-2;82
Landvik;SN38140;05.12.2023 10:00;-1,9;81
Landvik;SN38140;05.12.2023 11:00;-1,8;80
Landvik;SN38140;05.12.2023 12:00;-1,8;78
Landvik;SN38140;05.12.2023 13:00;-1,9;76
Landvik;SN38140;05.12.2023 14:00;-2;77
Landvik;SN38140;05.12.2023 15:00;-2,3;76
Landvik;SN38140;05.12.2023 16:00;-2,2;76
Landvik;SN38140;05.12.2023 17:00;-1,9;76
Landvik;SN38140;05.12.2023 18:00;-2;75
Landvik;SN38140;05.12.2023 19:00;-2,3;75
Landvik;SN38140;05.12.2023 20:00;-2,5;75
Landvik;SN38140;05.12.2023 21:00;-2,6;76
Landvik;SN38140;05.12.2023 22:00;-2,6;76
Landvik;SN38140;05.12.2023 23:00;-2,7;77
Landvik;SN38140;06.12.2023 00:00;-3;82
Landvik;SN38140;06.12.2023 01:00;-3,1;85
Landvik;SN38140;06.12.2023 02:00;-3;86
Landvik;SN38140;06.12.2023 03:00;-2,9;87
Landvik;SN38140;06.12.2023 04:00;-2,8;87
Landvik;SN38140;06.12.2023 05:00;-2,7;87
Landvik;SN38140;06.12.2023 06:00;-2,7;86
Landvik;SN38140;06.12.2023 07:00;-2,6;86
Landvik;SN38140;06.12.2023 08:00;-2,4;85
Landvik;SN38140;06.12.2023 09:00;-2,4;86
Landvik;SN38140;06.12.2023 10:00;-2,3;88
Landvik;SN38140;06.12.2023 11:00;-2,1;87
Landvik;SN38140;06.12.2023 12:00;-1,9;87
Landvik;SN38140;06.12.2023 13:00;-1,8;87
Landvik;SN38140;06.12.2023 14:00;-1,7;87
Landvik;SN38140;06.12.2023 15:00;-1,5;87
Landvik;SN38140;06.12.2023 16:00;-1,6;88
Landvik;SN38140;06.12.2023 17:00;-1,8;90
Landvik;SN38140;06.12.2023 18:00;-1,6;89
Landvik;SN38140;06.12.2023 19:00;-1,7;89
Landvik;SN38140;06.12.2023 20:00;-1,8;89
Landvik;SN38140;06.12.2023 21:00;-1,9;89
Landvik;SN38140;06.12.2023 22:00;-1,9;89
Landvik;SN38140;06.12.2023 23:00;-1,9;88
Landvik;SN38140;07.12.2023 00:00;-1,8;87
Landvik;SN38140;07.12.2023 01:00;-2;86
Landvik;SN38140;07.12.2023 02:00;-2,1;88
Landvik;SN38140;07.12.2023 03:00;-2,4;87
Landvik;SN38140;07.12.2023 04:00;-2,3;85
Landvik;SN38140;07.12.2023 05:00;-2,3;84
Landvik;SN38140;07.12.2023 06:00;-2;83
Landvik;SN38140;07.12.2023 07:00;-2,1;83
Landvik;SN38140;07.12.2023 08:00;-2,8;84
Landvik;SN38140;07.12.2023 09:00;-3,2;85
Landvik;SN38140;07.12.2023 10:00;-2,8;83
Landvik;SN38140;07.12.2023 11:00;-2,7;83
Landvik;SN38140;07.12.2023 12:00;-2,4;82
Landvik;SN38140;07.12.2023 13:00;-2;82
Landvik;SN38140;07.12.2023 14:00;-1,7;81
Landvik;SN38140;07.12.2023 15:00;-1,7;81
Landvik;SN38140;07.12.2023 16:00;-1,7;81
Landvik;SN38140;07.12.2023 17:00;-1,6;81
Landvik;SN38140;07.12.2023 18:00;-1,7;80
Landvik;SN38140;07.12.2023 19:00;-1,8;80
Landvik;SN38140;07.12.2023 20:00;-1,8;81
Landvik;SN38140;07.12.2023 21:00;-1,8;81
Landvik;SN38140;07.12.2023 22:00;-1,8;82
Landvik;SN38140;07.12.2023 23:00;-1,8;83
Landvik;SN38140;08.12.2023 00:00;-1,9;82
Landvik;SN38140;08.12.2023 01:00;-2;81
Landvik;SN38140;08.12.2023 02:00;-2,1;82
Landvik;SN38140;08.12.2023 03:00;-2,2;80
Landvik;SN38140;08.12.2023 04:00;-2,3;78
Landvik;SN38140;08.12.2023 05:00;-2,4;79
Landvik;SN38140;08.12.2023 06:00;-2,4;80
Landvik;SN38140;08.12.2023 07:00;-2,5;81
Landvik;SN38140;08.12.2023 08:00;-2,8;86
Landvik;SN38140;08.12.2023 09:00;-2,7;85
Landvik;SN38140;08.12.2023 10:00;-2,3;84
Landvik;SN38140;08.12.2023 11:00;-2,1;85
Landvik;SN38140;08.12.2023 12:00;-2;86
Landvik;SN38140;08.12.2023 13:00;-1,8;85
Landvik;SN38140;08.12.2023 14:00;-1,6;84
Landvik;SN38140;08.12.2023 15:00;-1,8;86
Landvik;SN38140;08.12.2023 16:00;-2,3;89
Landvik;SN38140;08.12.2023 17:00;-2,4;90
Landvik;SN38140;08.12.2023 18:00;-2,4;90
Landvik;SN38140;08.12.2023 19:00;-2,4;90
Landvik;SN38140;08.12.2023 20:00;-2,2;91
Landvik;SN38140;08.12.2023 21:00;-2;92
Landvik;SN38140;08.12.2023 22:00;-1,8;93
Landvik;SN38140;08.12.2023 23:00;-1,6;93
Landvik;SN38140;09.12.2023 00:00;-1,2;93
Landvik;SN38140;09.12.2023 01:00;-0,1;93
Landvik;SN38140;09.12.2023 02:00;0,6;94
Landvik;SN38140;09.12.2023 03:00;1,5;95
Landvik;SN38140;09.12.2023 04:00;1;95
Landvik;SN38140;09.12.2023 05:00;1,1;95
Landvik;SN38140;09.12.2023 06:00;1,6;95
Landvik;SN38140;09.12.2023 07:00;2,1;94
Landvik;SN38140;09.12.2023 08:00;2,5;92
Landvik;SN38140;09.12.2023 09:00;2,7;88
Landvik;SN38140;09.12.2023 10:00;2,9;86
Landvik;SN38140;09.12.2023 11:00;3;87
Landvik;SN38140;09.12.2023 12:00;3,3;88
Landvik;SN38140;09.12.2023 13:00;3,2;88
Landvik;SN38140;09.12.2023 14:00;3,2;89
Landvik;SN38140;09.12.2023 15:00;3,1;89
Landvik;SN38140;09.12.2023 16:00;2,9;90
Landvik;SN38140;09.12.2023 17:00;2,9;91
Landvik;SN38140;09.12.2023 18:00;2,8;91
Landvik;SN38140;09.12.2023 19:00;2,6;92
Landvik;SN38140;09.12.2023 20:00;2,7;92
Landvik;SN38140;09.12.2023 21:00;2,4;92
Landvik;SN38140;09.12.2023 22:00;3,1;94
Landvik;SN38140;09.12.2023 23:00;2,6;93
Landvik;SN38140;10.12.2023 00:00;1,8;93
Landvik;SN38140;10.12.2023 01:00;2,1;92
Landvik;SN38140;10.12.2023 02:00;1,7;92
Landvik;SN38140;10.12.2023 03:00;1,8;92
Landvik;SN38140;10.12.2023 04:00;2;93
Landvik;SN38140;10.12.2023 05:00;1,5;93
Landvik;SN38140;10.12.2023 06:00;1,5;93
Landvik;SN38140;10.12.2023 07:00;1;93
Landvik;SN38140;10.12.2023 08:00;0,8;93
Landvik;SN38140;10.12.2023 09:00;0,8;93
Landvik;SN38140;10.12.2023 10:00;0,6;94
Landvik;SN38140;10.12.2023 11:00;0,8;94
Landvik;SN38140;10.12.2023 12:00;1,1;93
Landvik;SN38140;10.12.2023 13:00;1,1;93
Landvik;SN38140;10.12.2023 14:00;1;92
Landvik;SN38140;10.12.2023 15:00;0,6;93
Landvik;SN38140;10.12.2023 16:00;0,6;94
Landvik;SN38140;10.12.2023 17:00;0,5;94
Landvik;SN38140;10.12.2023 18:00;0,6;93
Landvik;SN38140;10.12.2023 19:00;0,8;93
Landvik;SN38140;10.12.2023 20:00;0,8;93
Landvik;SN38140;10.12.2023 21:00;0,8;93
Landvik;SN38140;10.12.2023 22:00;1,2;93
Landvik;SN38140;10.12.2023 23:00;0,7;93
Landvik;SN38140;11.12.2023 00:00;0,5;93
Landvik;SN38140;11.12.2023 01:00;0,4;93
Landvik;SN38140;11.12.2023 02:00;0,2;94
Landvik;SN38140;11.12.2023 03:00;0,2;94
Landvik;SN38140;11.12.2023 04:00;0,1;94
Landvik;SN38140;11.12.2023 05:00;0;94
Landvik;SN38140;11.12.2023 06:00;0;94
Landvik;SN38140;11.12.2023 07:00;-0,2;94
Landvik;SN38140;11.12.2023 08:00;-0,2;93
Landvik;SN38140;11.12.2023 09:00;-0,2;93
Landvik;SN38140;11.12.2023 10:00;-0,1;92
Landvik;SN38140;11.12.2023 11:00;0;90
Landvik;SN38140;11.12.2023 12:00;0,1;88
Landvik;SN38140;12.12.2023 00:00;0,1;87
Landvik;SN38140;12.12.2023 01:00;0,1;87
Landvik;SN38140;12.12.2023 02:00;0;87
Landvik;SN38140;12.12.2023 03:00;0;86
Landvik;SN38140;12.12.2023 04:00;0;87
Landvik;SN38140;12.12.2023 05:00;-0,1;87
Landvik;SN38140;12.12.2023 06:00;-0,1;87
Landvik;SN38140;12.12.2023 07:00;-0,2;88
Landvik;SN38140;12.12.2023 08:00;-0,3;89
Landvik;SN38140;12.12.2023 09:00;-0,3;89
Landvik;SN38140;12.12.2023 10:00;-0,3;88
Landvik;SN38140;12.12.2023 11:00;-0,3;88
Landvik;SN38140;12.12.2023 12:00;-0,3;88
Landvik;SN38140;12.12.2023 13:00;-0,2;86
Landvik;SN38140;12.12.2023 14:00;-0,2;86
Landvik;SN38140;12.12.2023 15:00;-0,5;86
Landvik;SN38140;12.12.2023 16:00;-0,6;86
Landvik;SN38140;12.12.2023 17:00;-0,8;86
Landvik;SN38140;12.12.2023 18:00;-1,1;85
Landvik;SN38140;12.12.2023 19:00;-1,2;85
Landvik;SN38140;12.12.2023 20:00;-1,3;84
Landvik;SN38140;12.12.2023 21:00;-1,5;82
Landvik;SN38140;12.12.2023 22:00;-1,7;82
Landvik;SN38140;12.12.2023 23:00;-1,8;82
Landvik;SN38140;13.12.2023 00:00;-1,9;82
Landvik;SN38140;13.12.2023 01:00;-2,1;81
Landvik;SN38140;13.12.2023 02:00;-2,3;81
Landvik;SN38140;13.12.2023 03:00;-2,4;79
Landvik;SN38140;13.12.2023 04:00;-2,5;76
Landvik;SN38140;13.12.2023 05:00;-2,8;77
Landvik;SN38140;13.12.2023 06:00;-3;76
Landvik;SN38140;13.12.2023 07:00;-3,1;75
Landvik;SN38140;13.12.2023 08:00;-3,2;76
Landvik;SN38140;13.12.2023 09:00;-3,1;76
Landvik;SN38140;13.12.2023 10:00;-3,1;76
Landvik;SN38140;13.12.2023 11:00;-3;75
Landvik;SN38140;13.12.2023 12:00;-3,1;76
Landvik;SN38140;13.12.2023 13:00;-3,2;76
Landvik;SN38140;13.12.2023 14:00;-3,1;76
Landvik;SN38140;13.12.2023 15:00;-3,2;76
Landvik;SN38140;13.12.2023 16:00;-3,2;75
Landvik;SN38140;13.12.2023 17:00;-3,2;76
Landvik;SN38140;13.12.2023 18:00;-3,3;76
Landvik;SN38140;13.12.2023 19:00;-3,3;75
Landvik;SN38140;13.12.2023 20:00;-3,4;75
Landvik;SN38140;13.12.2023 21:00;-3,4;75
Landvik;SN38140;13.12.2023 22:00;-3,5;76
Landvik;SN38140;13.12.2023 23:00;-3,7;76
Landvik;SN38140;14.12.2023 00:00;-3,8;75
Landvik;SN38140;14.12.2023 01:00;-4;75
Landvik;SN38140;14.12.2023 02:00;-4,2;77
Landvik;SN38140;14.12.2023 03:00;-4,3;77
Landvik;SN38140;14.12.2023 04:00;-4,3;78
Landvik;SN38140;14.12.2023 05:00;-4,3;77
Landvik;SN38140;14.12.2023 06:00;-4,4;80
Landvik;SN38140;14.12.2023 07:00;-4,2;80
Landvik;SN38140;14.12.2023 08:00;-4,1;81
Landvik;SN38140;14.12.2023 09:00;-3,9;83
Landvik;SN38140;14.12.2023 10:00;-3,7;84
Landvik;SN38140;14.12.2023 11:00;-3,4;85
Landvik;SN38140;14.12.2023 12:00;-3,2;84
Landvik;SN38140;14.12.2023 13:00;-3;83
Landvik;SN38140;14.12.2023 14:00;-2,8;83
Landvik;SN38140;14.12.2023 15:00;-2,7;83
Landvik;SN38140;14.12.2023 16:00;-3,3;86
Landvik;SN38140;14.12.2023 17:00;-3,4;89
Landvik;SN38140;14.12.2023 18:00;-3;89
Landvik;SN38140;14.12.2023 19:00;-2,7;89
Landvik;SN38140;14.12.2023 20:00;-2,6;89
Landvik;SN38140;14.12.2023 21:00;-2,4;89
Landvik;SN38140;14.12.2023 22:00;-2,2;91
Landvik;SN38140;14.12.2023 23:00;-1,8;92
Landvik;SN38140;15.12.2023 00:00;-1,6;93
Landvik;SN38140;15.12.2023 01:00;-1,3;93
Landvik;SN38140;15.12.2023 02:00;-0,7;94
Landvik;SN38140;15.12.2023 03:00;-0,6;93
Landvik;SN38140;15.12.2023 04:00;-2,6;93
Landvik;SN38140;15.12.2023 05:00;-3,5;95
Landvik;SN38140;15.12.2023 06:00;-1,1;95
Landvik;SN38140;15.12.2023 07:00;-0,7;95
Landvik;SN38140;15.12.2023 08:00;-1,7;94
Landvik;SN38140;15.12.2023 09:00;-3,2;95
Landvik;SN38140;15.12.2023 10:00;-1,3;96
Landvik;SN38140;15.12.2023 11:00;-1,8;95
Landvik;SN38140;15.12.2023 12:00;-1,1;96
Landvik;SN38140;15.12.2023 13:00;-0,9;96
Landvik;SN38140;15.12.2023 14:00;1,2;97
Landvik;SN38140;15.12.2023 15:00;1,7;96
Landvik;SN38140;15.12.2023 16:00;2,6;95
Landvik;SN38140;15.12.2023 17:00;2,8;95
Landvik;SN38140;15.12.2023 18:00;3,6;93
Landvik;SN38140;15.12.2023 19:00;5,1;85
Landvik;SN38140;15.12.2023 20:00;4,4;86
Landvik;SN38140;15.12.2023 21:00;4,7;88
Landvik;SN38140;15.12.2023 22:00;5;86
Landvik;SN38140;15.12.2023 23:00;4,3;87
Landvik;SN38140;16.12.2023 00:00;3;92
Landvik;SN38140;16.12.2023 01:00;1,9;94
Landvik;SN38140;16.12.2023 02:00;2,1;95
Landvik;SN38140;16.12.2023 03:00;4,9;96
Landvik;SN38140;16.12.2023 04:00;5,4;94
Landvik;SN38140;16.12.2023 05:00;5,3;94
Landvik;SN38140;16.12.2023 06:00;4,9;94
Landvik;SN38140;16.12.2023 07:00;4,6;95
Landvik;SN38140;16.12.2023 08:00;5;95
Landvik;SN38140;16.12.2023 09:00;6,1;95
Landvik;SN38140;16.12.2023 10:00;5,6;95
Landvik;SN38140;16.12.2023 11:00;4,8;95
Landvik;SN38140;16.12.2023 12:00;6;95
Landvik;SN38140;16.12.2023 13:00;6,2;94
Landvik;SN38140;16.12.2023 14:00;7,4;90
Landvik;SN38140;16.12.2023 15:00;8,3;85
Landvik;SN38140;16.12.2023 16:00;7,9;87
Landvik;SN38140;16.12.2023 17:00;8,1;85
Landvik;SN38140;16.12.2023 18:00;9,1;79
Landvik;SN38140;16.12.2023 19:00;9,4;77
Landvik;SN38140;16.12.2023 20:00;9,8;75
Landvik;SN38140;16.12.2023 21:00;9,7;76
Landvik;SN38140;16.12.2023 22:00;9,6;76
Landvik;SN38140;16.12.2023 23:00;9,2;77
Landvik;SN38140;17.12.2023 00:00;8,9;77
Landvik;SN38140;17.12.2023 01:00;7,6;79
Landvik;SN38140;17.12.2023 02:00;3,6;88
Landvik;SN38140;17.12.2023 03:00;2,5;94
Landvik;SN38140;17.12.2023 04:00;1,7;95
Landvik;SN38140;17.12.2023 05:00;1,9;96
Landvik;SN38140;17.12.2023 06:00;1,9;96
Landvik;SN38140;17.12.2023 07:00;3,2;97
Landvik;SN38140;17.12.2023 08:00;6,2;97
Landvik;SN38140;17.12.2023 09:00;7,1;94
Landvik;SN38140;17.12.2023 10:00;7,6;90
Landvik;SN38140;17.12.2023 11:00;8,5;83
Landvik;SN38140;17.12.2023 12:00;8,9;80
Landvik;SN38140;17.12.2023 13:00;9;80
Landvik;SN38140;17.12.2023 14:00;9,3;78
Landvik;SN38140;17.12.2023 15:00;9,3;76
Landvik;SN38140;17.12.2023 16:00;8,7;78
Landvik;SN38140;17.12.2023 17:00;7,9;81
Landvik;SN38140;17.12.2023 18:00;7;86
Landvik;SN38140;17.12.2023 19:00;6,9;88
Landvik;SN38140;17.12.2023 20:00;7,2;88
Landvik;SN38140;17.12.2023 21:00;6,9;89
Landvik;SN38140;17.12.2023 22:00;7,3;88
Landvik;SN38140;17.12.2023 23:00;7,2;88
Landvik;SN38140;18.12.2023 00:00;7;90
Landvik;SN38140;18.12.2023 01:00;6,7;91
Landvik;SN38140;18.12.2023 02:00;7,1;89
Landvik;SN38140;18.12.2023 03:00;4,9;93
Landvik;SN38140;18.12.2023 04:00;3,6;95
Landvik;SN38140;18.12.2023 05:00;3;96
Landvik;SN38140;18.12.2023 06:00;2,3;96
Landvik;SN38140;18.12.2023 07:00;3,2;96
Landvik;SN38140;18.12.2023 08:00;3,1;96
Landvik;SN38140;18.12.2023 09:00;5,6;96
Landvik;SN38140;18.12.2023 10:00;4,5;94
Landvik;SN38140;18.12.2023 11:00;5,3;95
Landvik;SN38140;18.12.2023 12:00;7;86
Landvik;SN38140;18.12.2023 13:00;7,9;77
Landvik;SN38140;18.12.2023 14:00;7,7;77
Landvik;SN38140;18.12.2023 15:00;7,1;80
Landvik;SN38140;18.12.2023 16:00;6,2;88
Landvik;SN38140;18.12.2023 17:00;5,6;90
Landvik;SN38140;18.12.2023 18:00;4,2;93
Landvik;SN38140;18.12.2023 19:00;4,9;96
Landvik;SN38140;18.12.2023 20:00;6,8;96
Landvik;SN38140;18.12.2023 21:00;7,3;95
Landvik;SN38140;18.12.2023 22:00;7,2;95
Landvik;SN38140;18.12.2023 23:00;7,4;92
Landvik;SN38140;19.12.2023 00:00;7,8;81
Landvik;SN38140;19.12.2023 01:00;7,5;76
Landvik;SN38140;19.12.2023 02:00;7,8;77
Landvik;SN38140;19.12.2023 03:00;7,8;62
Landvik;SN38140;19.12.2023 04:00;6,9;61
Landvik;SN38140;19.12.2023 05:00;6,2;63
Landvik;SN38140;19.12.2023 06:00;5,5;67
Landvik;SN38140;19.12.2023 07:00;4,2;72
Landvik;SN38140;19.12.2023 08:00;3,3;76
Landvik;SN38140;19.12.2023 09:00;0,9;87
Landvik;SN38140;19.12.2023 10:00;-0,2;91
Landvik;SN38140;19.12.2023 11:00;-0,7;93
Landvik;SN38140;19.12.2023 12:00;0,9;90
Landvik;SN38140;19.12.2023 13:00;5;71
Landvik;SN38140;19.12.2023 14:00;6,1;64
Landvik;SN38140;19.12.2023 15:00;5,9;64
Landvik;SN38140;19.12.2023 16:00;4,8;70
Landvik;SN38140;19.12.2023 17:00;4,4;72
Landvik;SN38140;19.12.2023 18:00;3,6;75
Landvik;SN38140;19.12.2023 19:00;2,6;81
Landvik;SN38140;19.12.2023 20:00;1,4;85
Landvik;SN38140;19.12.2023 21:00;3,6;82
Landvik;SN38140;19.12.2023 22:00;3,4;80
Landvik;SN38140;19.12.2023 23:00;2,5;85
Landvik;SN38140;20.12.2023 00:00;0,6;90
Landvik;SN38140;20.12.2023 01:00;-0,1;94
Landvik;SN38140;20.12.2023 02:00;-0,4;95
Landvik;SN38140;20.12.2023 03:00;0;95
Landvik;SN38140;20.12.2023 04:00;0,6;95
Landvik;SN38140;20.12.2023 05:00;3,2;83
Landvik;SN38140;20.12.2023 06:00;3,2;76
Landvik;SN38140;20.12.2023 07:00;3;74
Landvik;SN38140;20.12.2023 08:00;2,4;75
Landvik;SN38140;20.12.2023 09:00;1,6;77
Landvik;SN38140;20.12.2023 10:00;1,3;77
Landvik;SN38140;20.12.2023 11:00;2;74
Landvik;SN38140;20.12.2023 12:00;2,9;70
Landvik;SN38140;20.12.2023 13:00;4,3;59
Landvik;SN38140;20.12.2023 14:00;4,7;53
Landvik;SN38140;20.12.2023 15:00;4,2;55
Landvik;SN38140;20.12.2023 16:00;3,3;60
Landvik;SN38140;20.12.2023 17:00;3,3;60
Landvik;SN38140;20.12.2023 18:00;3,1;63
Landvik;SN38140;20.12.2023 19:00;3,2;64
Landvik;SN38140;20.12.2023 20:00;3,4;66
Landvik;SN38140;20.12.2023 21:00;3,3;68
Landvik;SN38140;20.12.2023 22:00;3,5;68
Landvik;SN38140;20.12.2023 23:00;3,5;68
Landvik;SN38140;21.12.2023 00:00;3,1;69
Landvik;SN38140;21.12.2023 01:00;2,3;72
Landvik;SN38140;21.12.2023 02:00;0,9;78
Landvik;SN38140;21.12.2023 03:00;1,2;77
Landvik;SN38140;21.12.2023 04:00;0,6;86
Landvik;SN38140;21.12.2023 05:00;0,5;92
Landvik;SN38140;21.12.2023 06:00;1,9;94
Landvik;SN38140;21.12.2023 07:00;3,6;93
Landvik;SN38140;21.12.2023 08:00;1,8;94
Landvik;SN38140;21.12.2023 09:00;1,3;95
Landvik;SN38140;21.12.2023 10:00;1,5;96
Landvik;SN38140;21.12.2023 11:00;1,7;96
Landvik;SN38140;21.12.2023 12:00;3,7;92
Landvik;SN38140;21.12.2023 13:00;6;76
Landvik;SN38140;21.12.2023 14:00;6;68
Landvik;SN38140;21.12.2023 15:00;3,6;78
Landvik;SN38140;21.12.2023 16:00;1,7;90
Landvik;SN38140;21.12.2023 17:00;1,2;90
Landvik;SN38140;21.12.2023 18:00;-0,7;92
Landvik;SN38140;21.12.2023 19:00;-1;94
Landvik;SN38140;21.12.2023 20:00;3,8;66
Landvik;SN38140;21.12.2023 21:00;4,4;56
Landvik;SN38140;21.12.2023 22:00;4,2;52
Landvik;SN38140;21.12.2023 23:00;3,5;49
Landvik;SN38140;22.12.2023 00:00;2,8;49
Landvik;SN38140;22.12.2023 01:00;2,5;49
Landvik;SN38140;22.12.2023 02:00;2,5;48
Landvik;SN38140;22.12.2023 03:00;2,9;46
Landvik;SN38140;22.12.2023 04:00;3,1;47
Landvik;SN38140;22.12.2023 05:00;3,3;49
Landvik;SN38140;22.12.2023 06:00;3,2;48
Landvik;SN38140;22.12.2023 07:00;2,7;45
Landvik;SN38140;22.12.2023 08:00;2,3;46
Landvik;SN38140;22.12.2023 09:00;2,2;44
Landvik;SN38140;22.12.2023 10:00;1,6;44
Landvik;SN38140;22.12.2023 11:00;1,6;42
Landvik;SN38140;22.12.2023 12:00;1,6;41
Landvik;SN38140;22.12.2023 13:00;1,8;35
Landvik;SN38140;22.12.2023 14:00;2,2;30
Landvik;SN38140;22.12.2023 15:00;1,8;29
Landvik;SN38140;22.12.2023 16:00;0,6;32
Landvik;SN38140;22.12.2023 17:00;-0,2;36
Landvik;SN38140;22.12.2023 18:00;-0,6;38
Landvik;SN38140;22.12.2023 19:00;-0,8;40
Landvik;SN38140;22.12.2023 20:00;-1,2;43
Landvik;SN38140;22.12.2023 21:00;-0,8;44
Landvik;SN38140;22.12.2023 22:00;-0,9;49
Landvik;SN38140;22.12.2023 23:00;-1,2;54
Landvik;SN38140;23.12.2023 00:00;-2,1;61
Landvik;SN38140;23.12.2023 01:00;-2,8;70
Landvik;SN38140;23.12.2023 02:00;-3,9;78
Landvik;SN38140;23.12.2023 03:00;-3;75
Landvik;SN38140;23.12.2023 04:00;-3;73
Landvik;SN38140;23.12.2023 05:00;-4,2;77
Landvik;SN38140;23.12.2023 06:00;-5,8;86
Landvik;SN38140;23.12.2023 07:00;-6,5;88
Landvik;SN38140;23.12.2023 08:00;-6,8;89
Landvik;SN38140;23.12.2023 09:00;-7,1;90
Landvik;SN38140;23.12.2023 10:00;-7;90
Landvik;SN38140;23.12.2023 11:00;-6,3;91
Landvik;SN38140;23.12.2023 12:00;-3,9;85
Landvik;SN38140;23.12.2023 13:00;-3,6;79
Landvik;SN38140;23.12.2023 14:00;-4,2;82
Landvik;SN38140;23.12.2023 15:00;-4,5;84
Landvik;SN38140;23.12.2023 16:00;-5,8;87
Landvik;SN38140;23.12.2023 17:00;-6,8;90
Landvik;SN38140;23.12.2023 18:00;-7;90
Landvik;SN38140;23.12.2023 19:00;-7,1;90
Landvik;SN38140;23.12.2023 20:00;-6,9;90
Landvik;SN38140;23.12.2023 21:00;-6,8;88
Landvik;SN38140;23.12.2023 22:00;-6,8;87
Landvik;SN38140;23.12.2023 23:00;-6,4;83
Landvik;SN38140;24.12.2023 00:00;-6,2;80
Landvik;SN38140;24.12.2023 01:00;-5,6;75
Landvik;SN38140;24.12.2023 02:00;-4,8;70
Landvik;SN38140;24.12.2023 03:00;-4,1;68
Landvik;SN38140;24.12.2023 04:00;-3,6;66
Landvik;SN38140;24.12.2023 05:00;-3;61
Landvik;SN38140;24.12.2023 06:00;-2,2;54
Landvik;SN38140;24.12.2023 07:00;-1,8;63
Landvik;SN38140;24.12.2023 08:00;-2;68
Landvik;SN38140;24.12.2023 09:00;-1,9;72
Landvik;SN38140;24.12.2023 10:00;-2,5;84
Landvik;SN38140;24.12.2023 11:00;-2,2;90
Landvik;SN38140;24.12.2023 12:00;-1,1;92
Landvik;SN38140;24.12.2023 13:00;-0,2;93
Landvik;SN38140;24.12.2023 14:00;0,3;93
Landvik;SN38140;24.12.2023 15:00;0,3;93
Landvik;SN38140;24.12.2023 16:00;0,4;93
Landvik;SN38140;24.12.2023 17:00;-0,1;90
Landvik;SN38140;24.12.2023 18:00;-0,4;89
Landvik;SN38140;24.12.2023 19:00;-0,8;90
Landvik;SN38140;24.12.2023 20:00;-1,4;93
Landvik;SN38140;24.12.2023 21:00;-0,9;94
Landvik;SN38140;24.12.2023 22:00;-0,7;94
Landvik;SN38140;24.12.2023 23:00;-0,5;94
Landvik;SN38140;25.12.2023 00:00;-0,2;94
Landvik;SN38140;25.12.2023 01:00;-0,1;95
Landvik;SN38140;25.12.2023 02:00;0;95
Landvik;SN38140;25.12.2023 03:00;1,7;94
Landvik;SN38140;25.12.2023 04:00;1,8;92
Landvik;SN38140;25.12.2023 05:00;1,9;94
Landvik;SN38140;25.12.2023 06:00;3;92
Landvik;SN38140;25.12.2023 07:00;3,3;89
Landvik;SN38140;25.12.2023 08:00;5,4;75
Landvik;SN38140;25.12.2023 09:00;5,1;68
Landvik;SN38140;25.12.2023 10:00;5,2;59
Landvik;SN38140;25.12.2023 11:00;5,2;53
Landvik;SN38140;25.12.2023 12:00;5,6;50
Landvik;SN38140;25.12.2023 13:00;5,8;51
Landvik;SN38140;25.12.2023 14:00;5,8;52
Landvik;SN38140;25.12.2023 15:00;5,3;55
Landvik;SN38140;25.12.2023 16:00;4;59
Landvik;SN38140;25.12.2023 17:00;3,1;66
Landvik;SN38140;25.12.2023 18:00;0,7;79
Landvik;SN38140;25.12.2023 19:00;0,9;81
Landvik;SN38140;25.12.2023 20:00;-0,5;85
Landvik;SN38140;25.12.2023 21:00;-2;91
Landvik;SN38140;25.12.2023 22:00;-2,5;92
Landvik;SN38140;25.12.2023 23:00;-2,6;93
Landvik;SN38140;26.12.2023 00:00;-2,4;94
Landvik;SN38140;26.12.2023 01:00;-3,2;94
Landvik;SN38140;26.12.2023 02:00;-3,1;94
Landvik;SN38140;26.12.2023 03:00;-3,5;94
Landvik;SN38140;26.12.2023 04:00;-4,1;94
Landvik;SN38140;26.12.2023 05:00;-3,3;95
Landvik;SN38140;26.12.2023 06:00;-2,5;94
Landvik;SN38140;26.12.2023 07:00;-3,5;93
Landvik;SN38140;26.12.2023 08:00;-3,9;93
Landvik;SN38140;26.12.2023 09:00;-4,1;93
Landvik;SN38140;26.12.2023 10:00;-3,4;91
Landvik;SN38140;26.12.2023 11:00;-3,3;91
Landvik;SN38140;26.12.2023 12:00;-0,2;80
Landvik;SN38140;26.12.2023 13:00;1,4;74
Landvik;SN38140;26.12.2023 14:00;2,6;72
Landvik;SN38140;26.12.2023 15:00;2,7;73
Landvik;SN38140;26.12.2023 16:00;0,8;82
Landvik;SN38140;26.12.2023 17:00;-1,1;87
Landvik;SN38140;26.12.2023 18:00;-2,1;91
Landvik;SN38140;26.12.2023 19:00;-2,7;91
Landvik;SN38140;26.12.2023 20:00;-2,2;87
Landvik;SN38140;26.12.2023 21:00;-1,8;83
Landvik;SN38140;26.12.2023 22:00;-1,1;79
Landvik;SN38140;26.12.2023 23:00;3,2;57
Landvik;SN38140;27.12.2023 00:00;3,4;51
Landvik;SN38140;27.12.2023 01:00;3,1;49
Landvik;SN38140;27.12.2023 02:00;2,7;50
Landvik;SN38140;27.12.2023 03:00;2,3;51
Landvik;SN38140;27.12.2023 04:00;1,8;52
Landvik;SN38140;27.12.2023 05:00;1,6;53
Landvik;SN38140;27.12.2023 06:00;1,1;52
Landvik;SN38140;27.12.2023 07:00;1,2;47
Landvik;SN38140;27.12.2023 08:00;0,5;47
Landvik;SN38140;27.12.2023 09:00;0,3;47
Landvik;SN38140;27.12.2023 10:00;-0,2;48
Landvik;SN38140;27.12.2023 11:00;0,3;45
Landvik;SN38140;27.12.2023 12:00;-0,3;50
Landvik;SN38140;27.12.2023 13:00;-1,3;60
Landvik;SN38140;27.12.2023 14:00;-0,3;52
Landvik;SN38140;27.12.2023 15:00;-1;57
Landvik;SN38140;27.12.2023 16:00;-0,7;53
Landvik;SN38140;27.12.2023 17:00;-0,6;57
Landvik;SN38140;27.12.2023 18:00;-0,1;64
Landvik;SN38140;27.12.2023 19:00;1,1;63
Landvik;SN38140;27.12.2023 20:00;3,3;52
Landvik;SN38140;27.12.2023 21:00;3,2;53
Landvik;SN38140;27.12.2023 22:00;3,1;57
Landvik;SN38140;27.12.2023 23:00;2,2;67
Landvik;SN38140;28.12.2023 00:00;0,4;91
Landvik;SN38140;28.12.2023 01:00;0,5;94
Landvik;SN38140;28.12.2023 02:00;0,4;94
Landvik;SN38140;28.12.2023 03:00;0,4;95
Landvik;SN38140;28.12.2023 04:00;0,5;95
Landvik;SN38140;28.12.2023 05:00;0,6;94
Landvik;SN38140;28.12.2023 06:00;0,6;93
Landvik;SN38140;28.12.2023 07:00;0,5;92
Landvik;SN38140;28.12.2023 08:00;-0,7;88
Landvik;SN38140;28.12.2023 09:00;-1,2;87
Landvik;SN38140;28.12.2023 10:00;-1,1;86
Landvik;SN38140;28.12.2023 11:00;-1,1;85
Landvik;SN38140;28.12.2023 12:00;-0,9;86
Landvik;SN38140;28.12.2023 13:00;-0,6;86
Landvik;SN38140;28.12.2023 14:00;-0,4;88
Landvik;SN38140;28.12.2023 15:00;-0,5;89
Landvik;SN38140;28.12.2023 16:00;-0,6;91
Landvik;SN38140;28.12.2023 17:00;-0,6;92
Landvik;SN38140;28.12.2023 18:00;-0,6;93
Landvik;SN38140;28.12.2023 19:00;-0,6;92
Landvik;SN38140;28.12.2023 20:00;-0,4;93
Landvik;SN38140;28.12.2023 21:00;-0,2;93
Landvik;SN38140;28.12.2023 22:00;-0,2;93
Landvik;SN38140;28.12.2023 23:00;0;92
Landvik;SN38140;29.12.2023 00:00;0,3;93
Landvik;SN38140;29.12.2023 01:00;0,5;93
Landvik;SN38140;29.12.2023 02:00;0,5;93
Landvik;SN38140;29.12.2023 03:00;0,5;93
Landvik;SN38140;29.12.2023 04:00;0,4;94
Landvik;SN38140;29.12.2023 05:00;0,4;94
Landvik;SN38140;29.12.2023 06:00;0,2;93
Landvik;SN38140;29.12.2023 07:00;0,4;93
Landvik;SN38140;29.12.2023 08:00;0,5;94
Landvik;SN38140;29.12.2023 09:00;0,5;94
Landvik;SN38140;29.12.2023 10:00;0,5;95
Landvik;SN38140;29.12.2023 11:00;0,6;94
Landvik;SN38140;29.12.2023 12:00;0,5;93
Landvik;SN38140;29.12.2023 13:00;0,4;93
Landvik;SN38140;29.12.2023 14:00;0,3;93
Landvik;SN38140;29.12.2023 15:00;0,3;93
Landvik;SN38140;29.12.2023 16:00;0,2;94
Landvik;SN38140;29.12.2023 17:00;0,1;94
Landvik;SN38140;29.12.2023 18:00;0,1;94
Landvik;SN38140;29.12.2023 19:00;0,1;94
Landvik;SN38140;29.12.2023 20:00;0,1;95
Landvik;SN38140;29.12.2023 21:00;0,1;95
Landvik;SN38140;29.12.2023 22:00;0,1;95
Landvik;SN38140;29.12.2023 23:00;0,1;95
Landvik;SN38140;30.12.2023 00:00;0,2;95
Landvik;SN38140;30.12.2023 01:00;0,2;95
Landvik;SN38140;30.12.2023 02:00;0,2;95
Landvik;SN38140;30.12.2023 03:00;0,2;95
Landvik;SN38140;30.12.2023 04:00;0,1;95
Landvik;SN38140;30.12.2023 05:00;0,2;94
Landvik;SN38140;30.12.2023 06:00;0,1;94
Landvik;SN38140;30.12.2023 07:00;0,1;93
Landvik;SN38140;30.12.2023 08:00;-0,1;92
Landvik;SN38140;30.12.2023 09:00;-0,5;93
Landvik;SN38140;30.12.2023 10:00;-0,9;91
Landvik;SN38140;30.12.2023 11:00;-1;89
Landvik;SN38140;30.12.2023 12:00;-0,8;87
Landvik;SN38140;30.12.2023 13:00;-0,5;85
Landvik;SN38140;30.12.2023 14:00;-0,4;85
Landvik;SN38140;30.12.2023 15:00;-0,2;84
Landvik;SN38140;30.12.2023 16:00;-0,2;83
Landvik;SN38140;30.12.2023 17:00;-0,4;83
Landvik;SN38140;30.12.2023 18:00;-0,6;83
Landvik;SN38140;30.12.2023 19:00;-1;83
Landvik;SN38140;30.12.2023 20:00;-1,3;84
Landvik;SN38140;30.12.2023 21:00;-0,7;83
Landvik;SN38140;30.12.2023 22:00;-0,4;83
Landvik;SN38140;30.12.2023 23:00;-0,3;84
Landvik;SN38140;31.12.2023 00:00;-0,3;84
Landvik;SN38140;31.12.2023 01:00;-0,2;85
Landvik;SN38140;31.12.2023 02:00;-0,4;89
Landvik;SN38140;31.12.2023 03:00;-0,5;91
Landvik;SN38140;31.12.2023 04:00;-0,4;91
Landvik;SN38140;31.12.2023 05:00;-0,2;92
Landvik;SN38140;31.12.2023 06:00;0;92
Landvik;SN38140;31.12.2023 07:00;0,2;93
Landvik;SN38140;31.12.2023 08:00;0,4;93
Landvik;SN38140;31.12.2023 09:00;0,5;94
Landvik;SN38140;31.12.2023 10:00;0,8;94
Landvik;SN38140;31.12.2023 11:00;1,1;93
Landvik;SN38140;31.12.2023 12:00;1,4;93
Landvik;SN38140;31.12.2023 13:00;2,3;93
Landvik;SN38140;31.12.2023 14:00;2,2;90
Landvik;SN38140;31.12.2023 15:00;1,8;91
Landvik;SN38140;31.12.2023 16:00;1,4;92
Landvik;SN38140;31.12.2023 17:00;1,5;92
Landvik;SN38140;31.12.2023 18:00;1,1;92
Landvik;SN38140;31.12.2023 19:00;0,9;92
Landvik;SN38140;31.12.2023 20:00;0,4;92
Landvik;SN38140;31.12.2023 21:00;-0,1;93
Landvik;SN38140;31.12.2023 22:00;-0,5;94
Landvik;SN38140;31.12.2023 23:00;-0,7;94
Landvik;SN38140;01.01.2024 00:00;-0,9;95
Landvik;SN38140;01.01.2024 01:00;-1,1;95
Landvik;SN38140;01.01.2024 02:00;-1,5;95
Landvik;SN38140;01.01.2024 03:00;-1,9;94
Landvik;SN38140;01.01.2024 04:00;-2;94
Landvik;SN38140;01.01.2024 05:00;-2,1;94
Landvik;SN38140;01.01.2024 06:00;-1,9;94
Landvik;SN38140;01.01.2024 07:00;-2;94
Landvik;SN38140;01.01.2024 08:00;-2,1;93
Landvik;SN38140;01.01.2024 09:00;-2,4;93
Landvik;SN38140;01.01.2024 10:00;-2,5;93
Landvik;SN38140;01.01.2024 11:00;-2,6;92
Landvik;SN38140;01.01.2024 12:00;-2,7;91
Landvik;SN38140;01.01.2024 13:00;-2,9;91
Landvik;SN38140;01.01.2024 14:00;-3;90
Landvik;SN38140;01.01.2024 15:00;-3,1;90
Landvik;SN38140;01.01.2024 16:00;-3,3;90
Landvik;SN38140;01.01.2024 17:00;-3,4;90
Landvik;SN38140;01.01.2024 18:00;-3,4;89
Landvik;SN38140;01.01.2024 19:00;-3,3;89
Landvik;SN38140;01.01.2024 20:00;-3,4;90
Landvik;SN38140;01.01.2024 21:00;-3,5;89
Landvik;SN38140;01.01.2024 22:00;-3,5;89
Landvik;SN38140;01.01.2024 23:00;-3,4;90
Landvik;SN38140;02.01.2024 00:00;-3,3;90
Landvik;SN38140;02.01.2024 01:00;-3,4;91
Landvik;SN38140;02.01.2024 02:00;-3,3;92
Landvik;SN38140;02.01.2024 03:00;-3;92
Landvik;SN38140;02.01.2024 04:00;-2,8;92
Landvik;SN38140;02.01.2024 05:00;-2,7;92
Landvik;SN38140;02.01.2024 06:00;-2,6;93
Landvik;SN38140;02.01.2024 07:00;-2,4;93
Landvik;SN38140;02.01.2024 08:00;-3,2;92
Landvik;SN38140;02.01.2024 09:00;-3,7;92
Landvik;SN38140;02.01.2024 10:00;-3,9;92
Landvik;SN38140;02.01.2024 11:00;-3,9;91
Landvik;SN38140;02.01.2024 12:00;-4;92
Landvik;SN38140;02.01.2024 13:00;-4,5;91
Landvik;SN38140;02.01.2024 14:00;-5;90
Landvik;SN38140;02.01.2024 15:00;-5,5;90
Landvik;SN38140;02.01.2024 16:00;-6,1;89
Landvik;SN38140;02.01.2024 17:00;-6,4;89
Landvik;SN38140;02.01.2024 18:00;-6,5;90
Landvik;SN38140;02.01.2024 19:00;-6,6;90
Landvik;SN38140;02.01.2024 20:00;-6,7;90
Landvik;SN38140;02.01.2024 21:00;-6,6;89
Landvik;SN38140;02.01.2024 22:00;-6,8;89
Landvik;SN38140;02.01.2024 23:00;-7,1;89
Landvik;SN38140;03.01.2024 00:00;-7,1;90
Landvik;SN38140;03.01.2024 01:00;-7;90
Landvik;SN38140;03.01.2024 02:00;-6,7;90
Landvik;SN38140;03.01.2024 03:00;-6,5;90
Landvik;SN38140;03.01.2024 04:00;-6,3;90
Landvik;SN38140;03.01.2024 05:00;-6,4;90
Landvik;SN38140;03.01.2024 06:00;-6,7;90
Landvik;SN38140;03.01.2024 07:00;-6,9;89
Landvik;SN38140;03.01.2024 08:00;-7,1;89
Landvik;SN38140;03.01.2024 09:00;-7,3;89
Landvik;SN38140;03.01.2024 10:00;-7,4;89
Landvik;SN38140;03.01.2024 11:00;-7,5;89
Landvik;SN38140;03.01.2024 12:00;-7,7;88
Landvik;SN38140;03.01.2024 13:00;-7,8;88
Landvik;SN38140;03.01.2024 14:00;-7,9;88
Landvik;SN38140;03.01.2024 15:00;-8;87
Landvik;SN38140;03.01.2024 16:00;-8,1;87
Landvik;SN38140;03.01.2024 17:00;-8,2;87
Landvik;SN38140;03.01.2024 18:00;-8,2;86
Landvik;SN38140;03.01.2024 19:00;-8,3;86
Landvik;SN38140;03.01.2024 20:00;-8,3;85
Landvik;SN38140;03.01.2024 21:00;-8,3;85
Landvik;SN38140;03.01.2024 22:00;-8,2;84
Landvik;SN38140;03.01.2024 23:00;-8,2;84
Landvik;SN38140;04.01.2024 00:00;-8,1;83
Landvik;SN38140;04.01.2024 01:00;-8,1;82
Landvik;SN38140;04.01.2024 02:00;-8,1;82
Landvik;SN38140;04.01.2024 03:00;-8,1;81
Landvik;SN38140;04.01.2024 04:00;-8,1;81
Landvik;SN38140;04.01.2024 05:00;-8,1;80
Landvik;SN38140;04.01.2024 06:00;-8,1;80
Landvik;SN38140;04.01.2024 07:00;-8;80
Landvik;SN38140;04.01.2024 08:00;-7,9;81
Landvik;SN38140;04.01.2024 09:00;-7,7;81
Landvik;SN38140;04.01.2024 10:00;-7,8;82
Landvik;SN38140;04.01.2024 11:00;-7,9;82
Landvik;SN38140;04.01.2024 12:00;-7,9;81
Landvik;SN38140;04.01.2024 13:00;-8;81
Landvik;SN38140;04.01.2024 14:00;-8,1;80
Landvik;SN38140;04.01.2024 15:00;-8,4;79
Landvik;SN38140;04.01.2024 16:00;-8,7;78
Landvik;SN38140;04.01.2024 17:00;-9;77
Landvik;SN38140;04.01.2024 18:00;-9,2;76
Landvik;SN38140;04.01.2024 19:00;-9,4;76
Landvik;SN38140;04.01.2024 20:00;-9,7;75
Landvik;SN38140;04.01.2024 21:00;-9,8;75
Landvik;SN38140;04.01.2024 22:00;-9,9;74
Landvik;SN38140;04.01.2024 23:00;-10;74
Landvik;SN38140;05.01.2024 00:00;-10,2;74
Landvik;SN38140;05.01.2024 01:00;-10,4;74
Landvik;SN38140;05.01.2024 02:00;-10,7;75
Landvik;SN38140;05.01.2024 03:00;-10,7;75
Landvik;SN38140;05.01.2024 04:00;-10,6;75
Landvik;SN38140;05.01.2024 05:00;-10,6;76
Landvik;SN38140;05.01.2024 06:00;-10,7;76
Landvik;SN38140;05.01.2024 07:00;-10,9;77
Landvik;SN38140;05.01.2024 08:00;-11,1;77
Landvik;SN38140;05.01.2024 09:00;-11;76
Landvik;SN38140;05.01.2024 10:00;-10,9;76
Landvik;SN38140;05.01.2024 11:00;-10,8;76
Landvik;SN38140;05.01.2024 12:00;-10,7;73
Landvik;SN38140;05.01.2024 13:00;-10,7;72
Landvik;SN38140;05.01.2024 14:00;-10,7;72
Landvik;SN38140;05.01.2024 15:00;-10,7;71
Landvik;SN38140;05.01.2024 16:00;-10,8;72
Landvik;SN38140;05.01.2024 17:00;-10,7;72
Landvik;SN38140;05.01.2024 18:00;-10,7;72
Landvik;SN38140;05.01.2024 19:00;-10,8;74
Landvik;SN38140;05.01.2024 20:00;-10,8;74
Landvik;SN38140;05.01.2024 21:00;-10,7;74
Landvik;SN38140;05.01.2024 22:00;-10,7;75
Landvik;SN38140;05.01.2024 23:00;-10,6;75
Landvik;SN38140;06.01.2024 00:00;-10,8;74
Landvik;SN38140;06.01.2024 01:00;-10,9;73
Landvik;SN38140;06.01.2024 02:00;-11,3;70
Landvik;SN38140;06.01.2024 03:00;-12,1;67
Landvik;SN38140;06.01.2024 04:00;-13,1;68
Landvik;SN38140;06.01.2024 05:00;-13,7;70
Landvik;SN38140;06.01.2024 06:00;-14,5;73
Landvik;SN38140;06.01.2024 07:00;-14,9;70
Landvik;SN38140;06.01.2024 08:00;-14,3;71
Landvik;SN38140;06.01.2024 09:00;-14;69
Landvik;SN38140;06.01.2024 10:00;-14,6;70
Landvik;SN38140;06.01.2024 11:00;-16,4;70
Landvik;SN38140;06.01.2024 12:00;-15,6;70
Landvik;SN38140;06.01.2024 13:00;-14,2;70
Landvik;SN38140;06.01.2024 14:00;-12,9;67
Landvik;SN38140;06.01.2024 15:00;-13,3;69
Landvik;SN38140;06.01.2024 16:00;-15,6;74
Landvik;SN38140;06.01.2024 17:00;-17,6;81
Landvik;SN38140;06.01.2024 18:00;-17,4;80
Landvik;SN38140;06.01.2024 19:00;-19,1;81
Landvik;SN38140;06.01.2024 20:00;-19,2;82
Landvik;SN38140;06.01.2024 21:00;-18,4;81
Landvik;SN38140;06.01.2024 22:00;-18,3;81
Landvik;SN38140;06.01.2024 23:00;-19;80
Landvik;SN38140;07.01.2024 00:00;-19,7;81
Landvik;SN38140;07.01.2024 01:00;-17,3;83
Landvik;SN38140;07.01.2024 02:00;-18;81
Landvik;SN38140;07.01.2024 03:00;-18,1;81
Landvik;SN38140;07.01.2024 04:00;-16,6;81
Landvik;SN38140;07.01.2024 05:00;-16,8;82
Landvik;SN38140;07.01.2024 06:00;-15,2;82
Landvik;SN38140;07.01.2024 07:00;-16,1;80
Landvik;SN38140;07.01.2024 08:00;-15,8;82
Landvik;SN38140;07.01.2024 09:00;-13,7;81
Landvik;SN38140;07.01.2024 10:00;-12,4;79
Landvik;SN38140;07.01.2024 11:00;-11,4;77
Landvik;SN38140;07.01.2024 12:00;-11,3;77
Landvik;SN38140;07.01.2024 13:00;-9,7;77
Landvik;SN38140;07.01.2024 14:00;-9;80
Landvik;SN38140;07.01.2024 15:00;-8,6;79
Landvik;SN38140;07.01.2024 16:00;-8,8;83
Landvik;SN38140;07.01.2024 17:00;-8,7;86
Landvik;SN38140;07.01.2024 18:00;-8,6;83
Landvik;SN38140;07.01.2024 19:00;-8,9;83
Landvik;SN38140;07.01.2024 20:00;-8,8;84
Landvik;SN38140;07.01.2024 21:00;-9,2;84
Landvik;SN38140;07.01.2024 22:00;-9,7;84
Landvik;SN38140;07.01.2024 23:00;-10;83
Landvik;SN38140;08.01.2024 00:00;-10,9;83
Landvik;SN38140;08.01.2024 01:00;-12;84
Landvik;SN38140;08.01.2024 02:00;-13;84
Landvik;SN38140;08.01.2024 03:00;-14,1;83
Landvik;SN38140;08.01.2024 04:00;-15,3;85
Landvik;SN38140;08.01.2024 05:00;-14,9;83
Landvik;SN38140;08.01.2024 06:00;-16,2;84
Landvik;SN38140;08.01.2024 07:00;-16,4;84
Landvik;SN38140;08.01.2024 08:00;-16,1;83
Landvik;SN38140;08.01.2024 09:00;-17,5;82
Landvik;SN38140;08.01.2024 10:00;-16,1;84
Landvik;SN38140;08.01.2024 11:00;-15,1;84
Landvik;SN38140;08.01.2024 12:00;-14;83
Landvik;SN38140;08.01.2024 13:00;-11,7;80
Landvik;SN38140;08.01.2024 14:00;-11,4;76
Landvik;SN38140;08.01.2024 15:00;-11,4;77
Landvik;SN38140;08.01.2024 16:00;-13,1;80
Landvik;SN38140;08.01.2024 17:00;-15;84
Landvik;SN38140;08.01.2024 18:00;-15,5;84
Landvik;SN38140;08.01.2024 19:00;-16,3;84
Landvik;SN38140;08.01.2024 20:00;-16,1;84
Landvik;SN38140;08.01.2024 21:00;-15;84
Landvik;SN38140;08.01.2024 22:00;-17,3;82
Landvik;SN38140;08.01.2024 23:00;-17,1;83
Landvik;SN38140;09.01.2024 00:00;-17,5;82
Landvik;SN38140;09.01.2024 01:00;-16,9;83
Landvik;SN38140;09.01.2024 02:00;-17,6;82
Landvik;SN38140;09.01.2024 03:00;-17,1;83
Landvik;SN38140;09.01.2024 04:00;-16,5;84
Landvik;SN38140;09.01.2024 05:00;-16,8;82
Landvik;SN38140;09.01.2024 06:00;-16,4;83
Landvik;SN38140;09.01.2024 07:00;-16,5;83
Landvik;SN38140;09.01.2024 08:00;-16,9;82
Landvik;SN38140;09.01.2024 09:00;-17,1;83
Landvik;SN38140;09.01.2024 10:00;-16,5;83
Landvik;SN38140;09.01.2024 11:00;-14,8;85
Landvik;SN38140;09.01.2024 12:00;-12,3;86
Landvik;SN38140;09.01.2024 13:00;-11,7;85
Landvik;SN38140;09.01.2024 14:00;-10,7;83
Landvik;SN38140;09.01.2024 15:00;-10,6;81
Landvik;SN38140;09.01.2024 16:00;-11,6;82
Landvik;SN38140;09.01.2024 17:00;-12,9;86
Landvik;SN38140;09.01.2024 18:00;-12,8;87
Landvik;SN38140;09.01.2024 19:00;-13,4;85
Landvik;SN38140;09.01.2024 20:00;-13,4;87
Landvik;SN38140;09.01.2024 21:00;-13,5;85
Landvik;SN38140;09.01.2024 22:00;-14;85
Landvik;SN38140;09.01.2024 23:00;-14,2;85
Landvik;SN38140;10.01.2024 00:00;-14,3;85
Landvik;SN38140;10.01.2024 01:00;-14,1;85
Landvik;SN38140;10.01.2024 02:00;-14,2;85
Landvik;SN38140;10.01.2024 03:00;-14,2;85
Landvik;SN38140;10.01.2024 04:00;-13,3;86
Landvik;SN38140;10.01.2024 05:00;-12,2;87
Landvik;SN38140;10.01.2024 06:00;-12,4;86
Landvik;SN38140;10.01.2024 07:00;-12,6;86
Landvik;SN38140;10.01.2024 08:00;-13;86
Landvik;SN38140;10.01.2024 09:00;-13,4;86
Landvik;SN38140;10.01.2024 10:00;-13;86
Landvik;SN38140;10.01.2024 11:00;-12,5;87
Landvik;SN38140;10.01.2024 12:00;-10,5;87
Landvik;SN38140;10.01.2024 13:00;-9,1;85
Landvik;SN38140;10.01.2024 14:00;-7,9;83
Landvik;SN38140;10.01.2024 15:00;-7,6;82
Landvik;SN38140;10.01.2024 16:00;-8,4;83
Landvik;SN38140;10.01.2024 17:00;-9,3;88
Landvik;SN38140;10.01.2024 18:00;-8;91
Landvik;SN38140;10.01.2024 19:00;-5,2;90
Landvik;SN38140;10.01.2024 20:00;-6,6;88
Landvik;SN38140;10.01.2024 21:00;-7,4;89
Landvik;SN38140;10.01.2024 22:00;-10,1;87
Landvik;SN38140;10.01.2024 23:00;-9,5;89
Landvik;SN38140;11.01.2024 00:00;-10,9;87
Landvik;SN38140;11.01.2024 01:00;-10,4;88
Landvik;SN38140;11.01.2024 02:00;-11,4;88
Landvik;SN38140;11.01.2024 03:00;-11,5;87
Landvik;SN38140;11.01.2024 04:00;-11,4;88
Landvik;SN38140;11.01.2024 05:00;-11,6;87
Landvik;SN38140;11.01.2024 06:00;-11,4;88
Landvik;SN38140;11.01.2024 07:00;-10,5;88
Landvik;SN38140;11.01.2024 08:00;-11,2;87
Landvik;SN38140;11.01.2024 09:00;-10,4;89
Landvik;SN38140;11.01.2024 10:00;-10,2;88
Landvik;SN38140;11.01.2024 11:00;-9,4;89
Landvik;SN38140;11.01.2024 12:00;-8,2;90
Landvik;SN38140;11.01.2024 13:00;-6,8;89
Landvik;SN38140;11.01.2024 14:00;-6,6;88
Landvik;SN38140;11.01.2024 15:00;-6,5;86
Landvik;SN38140;11.01.2024 16:00;-7,2;86
Landvik;SN38140;11.01.2024 17:00;-8,1;90
Landvik;SN38140;11.01.2024 18:00;-6,5;91
Landvik;SN38140;11.01.2024 19:00;-8,1;89
Landvik;SN38140;11.01.2024 20:00;-9,7;88
Landvik;SN38140;11.01.2024 21:00;-9,9;89
Landvik;SN38140;11.01.2024 22:00;-11;87
Landvik;SN38140;11.01.2024 23:00;-10,6;88
Landvik;SN38140;12.01.2024 00:00;-11,7;87
Landvik;SN38140;12.01.2024 01:00;-10,4;88
Landvik;SN38140;12.01.2024 02:00;-11,6;88
Landvik;SN38140;12.01.2024 03:00;-11,6;85
Landvik;SN38140;12.01.2024 04:00;-11,3;88
Landvik;SN38140;12.01.2024 05:00;-11,1;87
Landvik;SN38140;12.01.2024 06:00;-12,6;86
Landvik;SN38140;12.01.2024 07:00;-13,6;86
Landvik;SN38140;12.01.2024 08:00;-12,5;86
Landvik;SN38140;12.01.2024 09:00;-13,5;86
Landvik;SN38140;12.01.2024 10:00;-13,6;86
Landvik;SN38140;12.01.2024 11:00;-12,9;86
Landvik;SN38140;12.01.2024 12:00;-11,8;87
Landvik;SN38140;12.01.2024 13:00;-8,9;89
Landvik;SN38140;12.01.2024 14:00;-8;88
Landvik;SN38140;12.01.2024 15:00;-7,4;89
Landvik;SN38140;12.01.2024 16:00;-6,6;89
Landvik;SN38140;12.01.2024 17:00;-5,7;90
Landvik;SN38140;12.01.2024 18:00;-6,2;87
Landvik;SN38140;12.01.2024 19:00;-8,1;90
Landvik;SN38140;12.01.2024 20:00;-9,8;88
Landvik;SN38140;12.01.2024 21:00;-10,5;89
Landvik;SN38140;12.01.2024 22:00;-9,9;89
Landvik;SN38140;12.01.2024 23:00;-10,7;88
Landvik;SN38140;13.01.2024 00:00;-12,3;87
Landvik;SN38140;13.01.2024 01:00;-5;86
Landvik;SN38140;13.01.2024 02:00;-4,1;87
Landvik;SN38140;13.01.2024 03:00;-3,8;90
Landvik;SN38140;13.01.2024 04:00;-2,6;89
Landvik;SN38140;13.01.2024 05:00;-2,3;91
Landvik;SN38140;13.01.2024 06:00;0,2;92
Landvik;SN38140;13.01.2024 07:00;-1;92
Landvik;SN38140;13.01.2024 08:00;-2,5;94
Landvik;SN38140;13.01.2024 09:00;-0,6;95
Landvik;SN38140;13.01.2024 10:00;-1,1;94
Landvik;SN38140;13.01.2024 11:00;1,1;89
Landvik;SN38140;13.01.2024 12:00;2,2;81
Landvik;SN38140;13.01.2024 13:00;5,5;59
Landvik;SN38140;13.01.2024 14:00;6,3;55
Landvik;SN38140;13.01.2024 15:00;6,2;55
Landvik;SN38140;13.01.2024 16:00;5,5;53
Landvik;SN38140;13.01.2024 17:00;4,2;56
Landvik;SN38140;13.01.2024 18:00;3,8;55
Landvik;SN38140;13.01.2024 19:00;3,3;55
Landvik;SN38140;13.01.2024 20:00;3,4;55
Landvik;SN38140;13.01.2024 21:00;3,5;54
Landvik;SN38140;13.01.2024 22:00;3,2;54
Landvik;SN38140;13.01.2024 23:00;2,9;54
Landvik;SN38140;14.01.2024 00:00;2,9;53
Landvik;SN38140;14.01.2024 01:00;2,9;52
Landvik;SN38140;14.01.2024 02:00;2,3;53
Landvik;SN38140;14.01.2024 03:00;-1;66
Landvik;SN38140;14.01.2024 04:00;0,9;56
Landvik;SN38140;14.01.2024 05:00;2,1;51
Landvik;SN38140;14.01.2024 06:00;1,9;53
Landvik;SN38140;14.01.2024 07:00;2,2;53
Landvik;SN38140;14.01.2024 08:00;-1,7;72
Landvik;SN38140;14.01.2024 09:00;-2,1;75
Landvik;SN38140;14.01.2024 10:00;-2,9;81
Landvik;SN38140;14.01.2024 11:00;-2,6;80
Landvik;SN38140;14.01.2024 12:00;-1,3;77
Landvik;SN38140;14.01.2024 13:00;3,6;60
Landvik;SN38140;14.01.2024 14:00;3,7;59
Landvik;SN38140;14.01.2024 15:00;3,7;59
Landvik;SN38140;14.01.2024 16:00;4,1;53
Landvik;SN38140;14.01.2024 17:00;2,1;55
Landvik;SN38140;14.01.2024 18:00;0,9;51
Landvik;SN38140;14.01.2024 19:00;-3;67
Landvik;SN38140;14.01.2024 20:00;-6,1;81
Landvik;SN38140;14.01.2024 21:00;-6,2;84
Landvik;SN38140;14.01.2024 22:00;-4;73
Landvik;SN38140;14.01.2024 23:00;-1,2;66
Landvik;SN38140;15.01.2024 00:00;0,1;71
Landvik;SN38140;15.01.2024 01:00;0,7;61
Landvik;SN38140;15.01.2024 02:00;0,8;50
Landvik;SN38140;15.01.2024 03:00;0,2;49
Landvik;SN38140;15.01.2024 04:00;-0,6;43
Landvik;SN38140;15.01.2024 05:00;-1,3;42
Landvik;SN38140;15.01.2024 06:00;-3,1;51
Landvik;SN38140;15.01.2024 07:00;-7,5;70
Landvik;SN38140;15.01.2024 08:00;-9;79
Landvik;SN38140;15.01.2024 09:00;-8;80
Landvik;SN38140;15.01.2024 10:00;-7,1;78
Landvik;SN38140;15.01.2024 11:00;-4,8;64
Landvik;SN38140;15.01.2024 12:00;-4,7;62
Landvik;SN38140;15.01.2024 13:00;-3,4;61
Landvik;SN38140;15.01.2024 14:00;-3;62
Landvik;SN38140;15.01.2024 15:00;-4,3;64
Landvik;SN38140;15.01.2024 16:00;-7,2;75
Landvik;SN38140;15.01.2024 17:00;-8,1;82
Landvik;SN38140;15.01.2024 18:00;-8,6;85
Landvik;SN38140;15.01.2024 19:00;-7,6;86
Landvik;SN38140;15.01.2024 20:00;-6,3;79
Landvik;SN38140;15.01.2024 21:00;-5,8;74
Landvik;SN38140;15.01.2024 22:00;-5,7;75
Landvik;SN38140;15.01.2024 23:00;-5,6;74
Landvik;SN38140;16.01.2024 00:00;-5,5;73
Landvik;SN38140;16.01.2024 01:00;-5,8;78
Landvik;SN38140;16.01.2024 02:00;-6,2;82
Landvik;SN38140;16.01.2024 03:00;-6,4;80
Landvik;SN38140;16.01.2024 04:00;-6;77
Landvik;SN38140;16.01.2024 05:00;-5,9;76
Landvik;SN38140;16.01.2024 06:00;-6,3;77
Landvik;SN38140;16.01.2024 07:00;-6,4;79
Landvik;SN38140;16.01.2024 08:00;-6,1;79
Landvik;SN38140;16.01.2024 09:00;-8,2;83
Landvik;SN38140;16.01.2024 10:00;-10,2;87
Landvik;SN38140;16.01.2024 11:00;-10;89
Landvik;SN38140;16.01.2024 12:00;-8,1;86
Landvik;SN38140;16.01.2024 13:00;-6,4;83
Landvik;SN38140;16.01.2024 14:00;-5,5;82
Landvik;SN38140;16.01.2024 15:00;-2,8;81
Landvik;SN38140;16.01.2024 16:00;-0,6;88
Landvik;SN38140;16.01.2024 17:00;-0,3;93
Landvik;SN38140;16.01.2024 18:00;-0,6;93
Landvik;SN38140;16.01.2024 19:00;-3,4;92
Landvik;SN38140;16.01.2024 20:00;-6,4;92
Landvik;SN38140;16.01.2024 21:00;-7,1;92
Landvik;SN38140;16.01.2024 22:00;-5;93
Landvik;SN38140;16.01.2024 23:00;-6,4;91
Landvik;SN38140;17.01.2024 00:00;-5,7;93
Landvik;SN38140;17.01.2024 01:00;-5,1;93
Landvik;SN38140;17.01.2024 02:00;-3,8;93
Landvik;SN38140;17.01.2024 03:00;-3,4;94
Landvik;SN38140;17.01.2024 04:00;-2,2;95
Landvik;SN38140;17.01.2024 05:00;0,6;95
Landvik;SN38140;17.01.2024 06:00;0,9;91
Landvik;SN38140;17.01.2024 07:00;-2,9;86
Landvik;SN38140;17.01.2024 08:00;-2,5;85
Landvik;SN38140;17.01.2024 09:00;-2,1;86
Landvik;SN38140;17.01.2024 10:00;-1,3;71
Landvik;SN38140;17.01.2024 11:00;-1,3;66
Landvik;SN38140;17.01.2024 12:00;-0,9;64
Landvik;SN38140;17.01.2024 13:00;-0,6;61
Landvik;SN38140;17.01.2024 14:00;-0,6;59
Landvik;SN38140;17.01.2024 15:00;-0,8;59
Landvik;SN38140;17.01.2024 16:00;-1,6;59
Landvik;SN38140;17.01.2024 17:00;-3;59
Landvik;SN38140;17.01.2024 18:00;-6,7;72
Landvik;SN38140;17.01.2024 19:00;-9,8;84
Landvik;SN38140;17.01.2024 20:00;-10,9;88
Landvik;SN38140;17.01.2024 21:00;-12,2;87
Landvik;SN38140;17.01.2024 22:00;-12,9;87
Landvik;SN38140;17.01.2024 23:00;-12,9;86
Landvik;SN38140;18.01.2024 00:00;-12,8;86
Landvik;SN38140;18.01.2024 01:00;-14;85
Landvik;SN38140;18.01.2024 02:00;-10,6;83
Landvik;SN38140;18.01.2024 03:00;-6,6;64
Landvik;SN38140;18.01.2024 04:00;-5,8;57
Landvik;SN38140;18.01.2024 05:00;-6,1;54
Landvik;SN38140;18.01.2024 06:00;-7,2;53
Landvik;SN38140;18.01.2024 07:00;-11,7;68
Landvik;SN38140;18.01.2024 08:00;-13,6;77
Landvik;SN38140;18.01.2024 10:00;-12,7;69
Landvik;SN38140;18.01.2024 11:00;-12,2;78
Landvik;SN38140;18.01.2024 12:00;-10,3;73
Landvik;SN38140;18.01.2024 13:00;-7,7;69
Landvik;SN38140;18.01.2024 14:00;-6,4;69
Landvik;SN38140;18.01.2024 15:00;-4;70
Landvik;SN38140;18.01.2024 16:00;-1,1;60
Landvik;SN38140;18.01.2024 17:00;-1,6;57
Landvik;SN38140;18.01.2024 18:00;-2,4;59
Landvik;SN38140;18.01.2024 19:00;-2,6;62
Landvik;SN38140;18.01.2024 20:00;-3,1;66
Landvik;SN38140;18.01.2024 21:00;-3,1;68
Landvik;SN38140;18.01.2024 22:00;-3,6;73
Landvik;SN38140;18.01.2024 23:00;-4,8;74
Landvik;SN38140;19.01.2024 00:00;-6,6;78
Landvik;SN38140;19.01.2024 01:00;-9,7;86
Landvik;SN38140;19.01.2024 02:00;-12;87
Landvik;SN38140;19.01.2024 03:00;-12,3;87
Landvik;SN38140;19.01.2024 04:00;-15,3;84
Landvik;SN38140;19.01.2024 05:00;-15,4;85
Landvik;SN38140;19.01.2024 06:00;-16,2;83
Landvik;SN38140;19.01.2024 07:00;-16,1;84
Landvik;SN38140;19.01.2024 08:00;-17,1;82
Landvik;SN38140;19.01.2024 09:00;-17;83
Landvik;SN38140;19.01.2024 11:00;-0,6;64
Landvik;SN38140;19.01.2024 12:00;0,2;61
Landvik;SN38140;19.01.2024 13:00;1;59
Landvik;SN38140;19.01.2024 14:00;1,5;56
Landvik;SN38140;19.01.2024 15:00;1,5;57
Landvik;SN38140;19.01.2024 16:00;1,2;58
Landvik;SN38140;19.01.2024 17:00;-2,9;70
Landvik;SN38140;19.01.2024 18:00;-6,9;83
Landvik;SN38140;19.01.2024 19:00;-7,2;90
Landvik;SN38140;19.01.2024 20:00;-6,2;90
Landvik;SN38140;19.01.2024 21:00;-5,2;91
Landvik;SN38140;19.01.2024 22:00;-4,2;90
Landvik;SN38140;19.01.2024 23:00;-3,5;90
Landvik;SN38140;20.01.2024 00:00;-2,3;90
Landvik;SN38140;20.01.2024 01:00;-2;91
Landvik;SN38140;20.01.2024 02:00;-1,8;91
Landvik;SN38140;20.01.2024 03:00;-1,5;91
Landvik;SN38140;20.01.2024 04:00;-3,1;88
Landvik;SN38140;20.01.2024 05:00;-6,5;91
Landvik;SN38140;20.01.2024 06:00;-8,7;90
Landvik;SN38140;20.01.2024 07:00;-8,9;90
Landvik;SN38140;20.01.2024 08:00;-9,8;89
Landvik;SN38140;20.01.2024 09:00;-9;89
Landvik;SN38140;20.01.2024 10:00;-8,6;90
Landvik;SN38140;20.01.2024 11:00;-7;91
Landvik;SN38140;20.01.2024 12:00;-5,4;91
Landvik;SN38140;20.01.2024 13:00;-3,7;89
Landvik;SN38140;20.01.2024 14:00;-2,7;87
Landvik;SN38140;20.01.2024 15:00;-2,6;88
Landvik;SN38140;20.01.2024 16:00;-2,7;90
Landvik;SN38140;20.01.2024 17:00;-2,6;91
Landvik;SN38140;20.01.2024 18:00;-2,5;90
Landvik;SN38140;20.01.2024 19:00;-2,2;90
Landvik;SN38140;20.01.2024 20:00;-1,9;90
Landvik;SN38140;20.01.2024 21:00;-1,7;89
Landvik;SN38140;20.01.2024 22:00;-1,8;88
Landvik;SN38140;20.01.2024 23:00;-2,1;89
Landvik;SN38140;21.01.2024 00:00;-2;90
Landvik;SN38140;21.01.2024 01:00;-1,8;92
Landvik;SN38140;21.01.2024 02:00;-1,7;93
Landvik;SN38140;21.01.2024 03:00;-1,4;93
Landvik;SN38140;21.01.2024 04:00;-1,2;93
Landvik;SN38140;21.01.2024 05:00;-1;94
Landvik;SN38140;21.01.2024 06:00;-0,5;94
Landvik;SN38140;21.01.2024 07:00;0,9;95
Landvik;SN38140;21.01.2024 08:00;3,2;89
Landvik;SN38140;21.01.2024 09:00;3,3;87
Landvik;SN38140;21.01.2024 10:00;3,5;83
Landvik;SN38140;21.01.2024 11:00;3,1;85
Landvik;SN38140;21.01.2024 12:00;2,2;89
Landvik;SN38140;21.01.2024 13:00;1,2;92
Landvik;SN38140;21.01.2024 14:00;1,8;92
Landvik;SN38140;21.01.2024 15:00;2,6;92
Landvik;SN38140;21.01.2024 16:00;1,9;93
Landvik;SN38140;21.01.2024 17:00;2,2;95
Landvik;SN38140;21.01.2024 18:00;2,4;95
Landvik;SN38140;21.01.2024 19:00;3,4;96
Landvik;SN38140;21.01.2024 20:00;3,7;95
Landvik;SN38140;21.01.2024 21:00;4,2;95
Landvik;SN38140;21.01.2024 22:00;4,4;96
Landvik;SN38140;21.01.2024 23:00;4,6;95
Landvik;SN38140;22.01.2024 00:00;4,8;94
Landvik;SN38140;22.01.2024 01:00;4,6;93
Landvik;SN38140;22.01.2024 02:00;4,5;93
Landvik;SN38140;22.01.2024 03:00;4,6;93
Landvik;SN38140;22.01.2024 04:00;5;94
Landvik;SN38140;22.01.2024 05:00;5,2;95
Landvik;SN38140;22.01.2024 06:00;5,9;95
Landvik;SN38140;22.01.2024 07:00;6,5;93
Landvik;SN38140;22.01.2024 08:00;6,9;88
Landvik;SN38140;22.01.2024 09:00;6,3;89
Landvik;SN38140;22.01.2024 10:00;6,3;86
Landvik;SN38140;22.01.2024 11:00;6,5;83
Landvik;SN38140;22.01.2024 12:00;6,9;76
Landvik;SN38140;22.01.2024 13:00;7,5;68
Landvik;SN38140;22.01.2024 14:00;7,4;66
Landvik;SN38140;22.01.2024 15:00;7,3;66
Landvik;SN38140;22.01.2024 16:00;6,7;70
Landvik;SN38140;22.01.2024 17:00;6;74
Landvik;SN38140;22.01.2024 18:00;5,9;71
Landvik;SN38140;22.01.2024 19:00;5,8;70
Landvik;SN38140;22.01.2024 20:00;5,7;69
Landvik;SN38140;22.01.2024 21:00;5,5;70
Landvik;SN38140;22.01.2024 22:00;5,5;70
Landvik;SN38140;22.01.2024 23:00;5,6;71
Landvik;SN38140;23.01.2024 00:00;4,7;78
Landvik;SN38140;23.01.2024 01:00;4,2;83
Landvik;SN38140;23.01.2024 02:00;4,4;82
Landvik;SN38140;23.01.2024 03:00;4,3;80
Landvik;SN38140;23.01.2024 04:00;4,3;81
Landvik;SN38140;23.01.2024 05:00;4,6;79
Landvik;SN38140;23.01.2024 06:00;4,9;76
Landvik;SN38140;23.01.2024 07:00;5,5;71
Landvik;SN38140;23.01.2024 08:00;5,7;65
Landvik;SN38140;23.01.2024 09:00;5,9;57
Landvik;SN38140;23.01.2024 10:00;5,6;58
Landvik;SN38140;23.01.2024 11:00;5,9;61
Landvik;SN38140;23.01.2024 12:00;6,8;58
Landvik;SN38140;23.01.2024 13:00;7,1;57
Landvik;SN38140;23.01.2024 14:00;6,9;61
Landvik;SN38140;23.01.2024 15:00;6,1;66
Landvik;SN38140;23.01.2024 16:00;4,6;70
Landvik;SN38140;23.01.2024 17:00;2,7;77
Landvik;SN38140;23.01.2024 18:00;1,3;85
Landvik;SN38140;23.01.2024 19:00;1,2;87
Landvik;SN38140;23.01.2024 20:00;1;90
Landvik;SN38140;23.01.2024 21:00;3,3;92
Landvik;SN38140;23.01.2024 22:00;4,5;89
Landvik;SN38140;23.01.2024 23:00;3,6;89
Landvik;SN38140;24.01.2024 00:00;3,9;91
Landvik;SN38140;24.01.2024 01:00;4,1;93
Landvik;SN38140;24.01.2024 02:00;4,9;96
Landvik;SN38140;24.01.2024 03:00;3,8;95
Landvik;SN38140;24.01.2024 04:00;2,6;96
Landvik;SN38140;24.01.2024 05:00;4,7;96
Landvik;SN38140;24.01.2024 06:00;5,6;93
Landvik;SN38140;24.01.2024 07:00;6;92
Landvik;SN38140;24.01.2024 08:00;5,7;91
Landvik;SN38140;24.01.2024 09:00;5,4;89
Landvik;SN38140;24.01.2024 10:00;5,4;88
Landvik;SN38140;24.01.2024 11:00;6,1;85
Landvik;SN38140;24.01.2024 12:00;7,2;79
Landvik;SN38140;24.01.2024 13:00;8,4;74
Landvik;SN38140;24.01.2024 14:00;8,4;71
Landvik;SN38140;24.01.2024 15:00;7,5;74
Landvik;SN38140;24.01.2024 16:00;7,6;73
Landvik;SN38140;24.01.2024 17:00;7,7;71
Landvik;SN38140;24.01.2024 18:00;5,9;74
Landvik;SN38140;24.01.2024 19:00;4,7;80
Landvik;SN38140;24.01.2024 20:00;7;67
Landvik;SN38140;24.01.2024 21:00;4,3;77
Landvik;SN38140;24.01.2024 22:00;4,1;79
Landvik;SN38140;24.01.2024 23:00;3,2;80
Landvik;SN38140;25.01.2024 00:00;1,4;89
Landvik;SN38140;25.01.2024 01:00;7,8;55
Landvik;SN38140;25.01.2024 02:00;7,7;52
Landvik;SN38140;25.01.2024 03:00;7,5;52
Landvik;SN38140;25.01.2024 04:00;6,9;52
Landvik;SN38140;25.01.2024 05:00;4,7;62
Landvik;SN38140;25.01.2024 06:00;1,7;75
Landvik;SN38140;25.01.2024 07:00;0,7;79
Landvik;SN38140;25.01.2024 08:00;0,6;79
Landvik;SN38140;25.01.2024 09:00;0,9;78
Landvik;SN38140;25.01.2024 10:00;2,9;67
Landvik;SN38140;25.01.2024 11:00;5,9;54
Landvik;SN38140;25.01.2024 12:00;6,5;51
Landvik;SN38140;25.01.2024 13:00;6,3;53
Landvik;SN38140;25.01.2024 14:00;7,2;50
Landvik;SN38140;25.01.2024 15:00;4,5;65
Landvik;SN38140;25.01.2024 16:00;2,5;73
Landvik;SN38140;25.01.2024 17:00;-0,1;82
Landvik;SN38140;25.01.2024 18:00;-1,6;87
Landvik;SN38140;25.01.2024 19:00;-2;88
Landvik;SN38140;25.01.2024 20:00;-2,5;89
Landvik;SN38140;25.01.2024 21:00;-2,7;91
Landvik;SN38140;25.01.2024 22:00;-2,2;90
Landvik;SN38140;25.01.2024 23:00;-1,4;89
Landvik;SN38140;26.01.2024 00:00;-1,1;88
Landvik;SN38140;26.01.2024 01:00;-0,8;88
Landvik;SN38140;26.01.2024 02:00;-0,3;88
Landvik;SN38140;26.01.2024 03:00;-0,1;93
Landvik;SN38140;26.01.2024 04:00;0,4;95
Landvik;SN38140;26.01.2024 05:00;3,3;96
Landvik;SN38140;26.01.2024 06:00;3,9;95
Landvik;SN38140;26.01.2024 07:00;4;95
Landvik;SN38140;26.01.2024 08:00;4,3;95
Landvik;SN38140;26.01.2024 09:00;4,5;95
Landvik;SN38140;26.01.2024 10:00;4,1;95
Landvik;SN38140;26.01.2024 11:00;4,4;96
Landvik;SN38140;26.01.2024 12:00;3,6;96
Landvik;SN38140;26.01.2024 13:00;3,6;96
Landvik;SN38140;26.01.2024 14:00;4,6;88
Landvik;SN38140;26.01.2024 15:00;5,4;70
Landvik;SN38140;26.01.2024 16:00;5,7;67
Landvik;SN38140;26.01.2024 17:00;5,8;67
Landvik;SN38140;26.01.2024 18:00;6;64
Landvik;SN38140;26.01.2024 19:00;6;59
Landvik;SN38140;26.01.2024 20:00;5,9;55
Landvik;SN38140;26.01.2024 21:00;5,5;54
Landvik;SN38140;26.01.2024 22:00;4,7;57
Landvik;SN38140;26.01.2024 23:00;4;60
Landvik;SN38140;27.01.2024 00:00;0,9;76
Landvik;SN38140;27.01.2024 01:00;-0,9;87
Landvik;SN38140;27.01.2024 02:00;-1,3;90
Landvik;SN38140;27.01.2024 03:00;-1;91
Landvik;SN38140;27.01.2024 04:00;-0,1;90
Landvik;SN38140;27.01.2024 05:00;0,2;90
Landvik;SN38140;27.01.2024 06:00;4,2;82
Landvik;SN38140;27.01.2024 07:00;5,4;82
Landvik;SN38140;27.01.2024 08:00;5,2;85
Landvik;SN38140;27.01.2024 09:00;5,3;85
Landvik;SN38140;27.01.2024 10:00;5,1;87
Landvik;SN38140;27.01.2024 11:00;6,1;82
Landvik;SN38140;27.01.2024 12:00;6,6;80
Landvik;SN38140;27.01.2024 13:00;6,8;79
Landvik;SN38140;27.01.2024 14:00;6,7;80
Landvik;SN38140;27.01.2024 15:00;6,1;83
Landvik;SN38140;27.01.2024 16:00;5,5;90
Landvik;SN38140;27.01.2024 17:00;5,3;91
Landvik;SN38140;27.01.2024 18:00;5;91
Landvik;SN38140;27.01.2024 19:00;5,3;88
Landvik;SN38140;27.01.2024 20:00;5,6;85
Landvik;SN38140;27.01.2024 21:00;5,8;84
Landvik;SN38140;27.01.2024 22:00;5,5;87
Landvik;SN38140;27.01.2024 23:00;5,3;88
Landvik;SN38140;28.01.2024 00:00;5,1;89
Landvik;SN38140;28.01.2024 01:00;4,6;90
Landvik;SN38140;28.01.2024 02:00;4,4;91
Landvik;SN38140;28.01.2024 03:00;4,7;92
Landvik;SN38140;28.01.2024 04:00;5;90
Landvik;SN38140;28.01.2024 05:00;5,2;88
Landvik;SN38140;28.01.2024 06:00;4,8;90
Landvik;SN38140;28.01.2024 07:00;4,7;90
Landvik;SN38140;28.01.2024 08:00;4,7;90
Landvik;SN38140;28.01.2024 09:00;4,8;86
Landvik;SN38140;28.01.2024 10:00;4,7;87
Landvik;SN38140;28.01.2024 11:00;5,1;85
Landvik;SN38140;28.01.2024 12:00;5,2;83
Landvik;SN38140;28.01.2024 13:00;5,1;85
Landvik;SN38140;28.01.2024 14:00;5;84
Landvik;SN38140;28.01.2024 15:00;4,8;82
Landvik;SN38140;28.01.2024 16:00;4,9;79
Landvik;SN38140;28.01.2024 17:00;4,4;82
Landvik;SN38140;28.01.2024 18:00;4,3;81
Landvik;SN38140;28.01.2024 19:00;4,2;81
Landvik;SN38140;28.01.2024 20:00;3,9;84
Landvik;SN38140;28.01.2024 21:00;2,2;88
Landvik;SN38140;28.01.2024 22:00;0,5;93
Landvik;SN38140;28.01.2024 23:00;-0,4;94
Landvik;SN38140;29.01.2024 00:00;-1,1;95
Landvik;SN38140;29.01.2024 01:00;-0,8;96
Landvik;SN38140;29.01.2024 02:00;1;97
Landvik;SN38140;29.01.2024 03:00;2,5;96
Landvik;SN38140;29.01.2024 04:00;2,9;95
Landvik;SN38140;29.01.2024 05:00;4,4;95
Landvik;SN38140;29.01.2024 06:00;4,4;96
Landvik;SN38140;29.01.2024 07:00;3,3;96
Landvik;SN38140;29.01.2024 08:00;2,8;96
Landvik;SN38140;29.01.2024 09:00;2,3;96
Landvik;SN38140;29.01.2024 10:00;2,1;96
Landvik;SN38140;29.01.2024 11:00;2,7;96
Landvik;SN38140;29.01.2024 12:00;3;96
Landvik;SN38140;29.01.2024 13:00;3,3;95
Landvik;SN38140;29.01.2024 14:00;3,7;93
Landvik;SN38140;29.01.2024 15:00;4,6;84
Landvik;SN38140;29.01.2024 16:00;4,3;80
Landvik;SN38140;29.01.2024 17:00;3,1;83
Landvik;SN38140;29.01.2024 18:00;2,2;86
Landvik;SN38140;29.01.2024 19:00;1,7;88
Landvik;SN38140;29.01.2024 20:00;1,2;90
Landvik;SN38140;29.01.2024 21:00;1,5;88
Landvik;SN38140;29.01.2024 22:00;1,5;88
Landvik;SN38140;29.01.2024 23:00;1,3;88
Landvik;SN38140;30.01.2024 00:00;1,3;88
Landvik;SN38140;30.01.2024 01:00;1,6;84
Landvik;SN38140;30.01.2024 02:00;1,6;85
Landvik;SN38140;30.01.2024 03:00;1,6;87
Landvik;SN38140;30.01.2024 04:00;1,3;88
Landvik;SN38140;30.01.2024 05:00;1;92
Landvik;SN38140;30.01.2024 06:00;1,2;92
Landvik;SN38140;30.01.2024 07:00;1,6;88
Landvik;SN38140;30.01.2024 08:00;1,5;87
Landvik;SN38140;30.01.2024 09:00;1,2;90
Landvik;SN38140;30.01.2024 10:00;1,2;92
Landvik;SN38140;30.01.2024 11:00;1,4;92
Landvik;SN38140;30.01.2024 12:00;1,6;92
Landvik;SN38140;30.01.2024 13:00;1,7;92
Landvik;SN38140;30.01.2024 14:00;1,8;91
Landvik;SN38140;30.01.2024 15:00;1,8;91
Landvik;SN38140;30.01.2024 16:00;1,9;91
Landvik;SN38140;30.01.2024 17:00;2,1;90
Landvik;SN38140;30.01.2024 18:00;2,2;90
Landvik;SN38140;30.01.2024 19:00;2,4;89
Landvik;SN38140;30.01.2024 20:00;2,3;89
Landvik;SN38140;30.01.2024 21:00;1,5;92
Landvik;SN38140;30.01.2024 22:00;0,8;94
Landvik;SN38140;30.01.2024 23:00;-0,3;95
Landvik;SN38140;31.01.2024 00:00;-1,2;95
Landvik;SN38140;31.01.2024 01:00;-1,5;96
Landvik;SN38140;31.01.2024 02:00;-1,9;96
Landvik;SN38140;31.01.2024 03:00;-2,2;95
Landvik;SN38140;31.01.2024 04:00;-1,8;95
Landvik;SN38140;31.01.2024 05:00;-0,7;88
Landvik;SN38140;31.01.2024 06:00;-0,2;84
Landvik;SN38140;31.01.2024 07:00;-1,1;90
Landvik;SN38140;31.01.2024 08:00;-1,4;92
Landvik;SN38140;31.01.2024 09:00;-0,2;95
Landvik;SN38140;31.01.2024 10:00;0,8;95
Landvik;SN38140;31.01.2024 11:00;3,8;88
Landvik;SN38140;31.01.2024 12:00;5,1;79
Landvik;SN38140;31.01.2024 13:00;5;78
Landvik;SN38140;31.01.2024 14:00;4,8;80
Landvik;SN38140;31.01.2024 15:00;4,7;81
Landvik;SN38140;31.01.2024 16:00;4,8;80
Landvik;SN38140;31.01.2024 17:00;5;78
Landvik;SN38140;31.01.2024 18:00;4,8;80
Landvik;SN38140;31.01.2024 19:00;4,1;86
Landvik;SN38140;31.01.2024 20:00;4,3;87
Landvik;SN38140;31.01.2024 21:00;4,8;87
Landvik;SN38140;31.01.2024 22:00;4,9;81
Landvik;SN38140;31.01.2024 23:00;4;74
Landvik;SN38140;01.02.2024 00:00;4,2;64
Landvik;SN38140;01.02.2024 01:00;4,1;65
Landvik;SN38140;01.02.2024 02:00;3,3;74
Landvik;SN38140;01.02.2024 03:00;2,9;76
Landvik;SN38140;01.02.2024 04:00;3,2;73
Landvik;SN38140;01.02.2024 05:00;2,2;82
Landvik;SN38140;01.02.2024 06:00;2,4;79
Landvik;SN38140;01.02.2024 07:00;2,5;76
Landvik;SN38140;01.02.2024 08:00;2,8;71
Landvik;SN38140;01.02.2024 09:00;2,4;76
Landvik;SN38140;01.02.2024 10:00;1,8;87
Landvik;SN38140;01.02.2024 11:00;2,8;77
Landvik;SN38140;01.02.2024 12:00;3,8;68
Landvik;SN38140;01.02.2024 13:00;5,3;58
Landvik;SN38140;01.02.2024 14:00;6,2;55
Landvik;SN38140;01.02.2024 15:00;6,5;51
Landvik;SN38140;01.02.2024 16:00;5,9;52
Landvik;SN38140;01.02.2024 17:00;4,7;51
Landvik;SN38140;01.02.2024 18:00;3,8;53
Landvik;SN38140;01.02.2024 19:00;3,1;58
Landvik;SN38140;01.02.2024 20:00;1,9;67
Landvik;SN38140;01.02.2024 21:00;0,6;76
Landvik;SN38140;01.02.2024 22:00;0,3;80
Landvik;SN38140;01.02.2024 23:00;0,3;86
Landvik;SN38140;02.02.2024 00:00;1,1;87
Landvik;SN38140;02.02.2024 01:00;1,7;89
Landvik;SN38140;02.02.2024 02:00;4,5;79
Landvik;SN38140;02.02.2024 03:00;4,7;82
Landvik;SN38140;02.02.2024 04:00;4,6;83
Landvik;SN38140;02.02.2024 05:00;4,1;86
Landvik;SN38140;02.02.2024 06:00;4,1;90
Landvik;SN38140;02.02.2024 07:00;4,1;93
Landvik;SN38140;02.02.2024 08:00;4,1;94
Landvik;SN38140;02.02.2024 09:00;4,6;95
Landvik;SN38140;02.02.2024 10:00;4,8;95
Landvik;SN38140;02.02.2024 11:00;4,8;95
Landvik;SN38140;02.02.2024 12:00;5,3;95
Landvik;SN38140;02.02.2024 13:00;6,6;89
Landvik;SN38140;02.02.2024 14:00;9,5;70
Landvik;SN38140;02.02.2024 15:00;10,8;61
Landvik;SN38140;02.02.2024 16:00;10,6;61
Landvik;SN38140;02.02.2024 17:00;10,4;62
Landvik;SN38140;02.02.2024 18:00;10,3;65
Landvik;SN38140;02.02.2024 19:00;10,2;65
Landvik;SN38140;02.02.2024 20:00;10;67
Landvik;SN38140;02.02.2024 21:00;10,2;70
Landvik;SN38140;02.02.2024 22:00;10,3;70
Landvik;SN38140;02.02.2024 23:00;10,2;70
Landvik;SN38140;03.02.2024 00:00;9,9;71
Landvik;SN38140;03.02.2024 01:00;9,6;71
Landvik;SN38140;03.02.2024 02:00;9,4;66
Landvik;SN38140;03.02.2024 03:00;9,1;58
Landvik;SN38140;03.02.2024 04:00;8,6;59
Landvik;SN38140;03.02.2024 05:00;8;66
Landvik;SN38140;03.02.2024 06:00;7,9;66
Landvik;SN38140;03.02.2024 07:00;7,4;67
Landvik;SN38140;03.02.2024 08:00;7;67
Landvik;SN38140;03.02.2024 09:00;6,6;67
Landvik;SN38140;03.02.2024 10:00;6,4;64
Landvik;SN38140;03.02.2024 11:00;6,6;64
Landvik;SN38140;03.02.2024 12:00;6,9;61
Landvik;SN38140;03.02.2024 13:00;6,7;60
Landvik;SN38140;03.02.2024 14:00;7,1;50
Landvik;SN38140;03.02.2024 15:00;6,9;52
Landvik;SN38140;03.02.2024 16:00;5,4;62
Landvik;SN38140;03.02.2024 17:00;5;63
Landvik;SN38140;03.02.2024 18:00;4,6;65
Landvik;SN38140;03.02.2024 19:00;4,8;64
Landvik;SN38140;03.02.2024 20:00;5,3;63
Landvik;SN38140;03.02.2024 21:00;5,1;69
Landvik;SN38140;03.02.2024 22:00;4,5;75
Landvik;SN38140;03.02.2024 23:00;4,4;75
Landvik;SN38140;04.02.2024 00:00;4,3;74
Landvik;SN38140;04.02.2024 01:00;4,3;73
Landvik;SN38140;04.02.2024 02:00;4,3;74
Landvik;SN38140;04.02.2024 03:00;3,8;77
Landvik;SN38140;04.02.2024 04:00;3,4;78
Landvik;SN38140;04.02.2024 05:00;3,6;78
Landvik;SN38140;04.02.2024 06:00;4,4;77
Landvik;SN38140;04.02.2024 07:00;4,6;76
Landvik;SN38140;04.02.2024 08:00;4,8;75
Landvik;SN38140;04.02.2024 09:00;5,1;69
Landvik;SN38140;04.02.2024 10:00;5;70
Landvik;SN38140;04.02.2024 11:00;5,4;70
Landvik;SN38140;04.02.2024 12:00;6,1;65
Landvik;SN38140;04.02.2024 13:00;6,6;61
Landvik;SN38140;04.02.2024 14:00;6,6;59
Landvik;SN38140;04.02.2024 15:00;5,8;65
Landvik;SN38140;04.02.2024 16:00;3,6;83
Landvik;SN38140;04.02.2024 17:00;3,4;81
Landvik;SN38140;04.02.2024 18:00;3,4;78
Landvik;SN38140;04.02.2024 19:00;3,4;79
Landvik;SN38140;04.02.2024 20:00;3,4;78
Landvik;SN38140;04.02.2024 21:00;3,6;70
Landvik;SN38140;04.02.2024 22:00;2,7;76
Landvik;SN38140;04.02.2024 23:00;3,1;71
Landvik;SN38140;05.02.2024 00:00;3,3;68
Landvik;SN38140;05.02.2024 01:00;3,5;66
Landvik;SN38140;05.02.2024 02:00;3,2;67
Landvik;SN38140;05.02.2024 03:00;3,1;67
Landvik;SN38140;05.02.2024 04:00;2,8;65
Landvik;SN38140;05.02.2024 05:00;2,6;64
Landvik;SN38140;05.02.2024 06:00;2,5;63
Landvik;SN38140;05.02.2024 07:00;2;66
Landvik;SN38140;05.02.2024 08:00;1,4;67
Landvik;SN38140;05.02.2024 09:00;0,2;71
Landvik;SN38140;05.02.2024 10:00;-1,3;81
Landvik;SN38140;05.02.2024 11:00;1;66
Landvik;SN38140;05.02.2024 12:00;2,8;53
Landvik;SN38140;05.02.2024 13:00;3,2;52
Landvik;SN38140;05.02.2024 14:00;2,6;60
Landvik;SN38140;05.02.2024 15:00;2,8;58
Landvik;SN38140;05.02.2024 16:00;3;56
Landvik;SN38140;05.02.2024 17:00;2;66
Landvik;SN38140;05.02.2024 18:00;0,8;76
Landvik;SN38140;05.02.2024 19:00;0,3;79
Landvik;SN38140;05.02.2024 20:00;0,4;77
Landvik;SN38140;05.02.2024 21:00;0,1;79
Landvik;SN38140;05.02.2024 22:00;-0,1;80
Landvik;SN38140;05.02.2024 23:00;-0,2;80
Landvik;SN38140;06.02.2024 00:00;-0,1;75
Landvik;SN38140;06.02.2024 01:00;0,3;67
Landvik;SN38140;06.02.2024 02:00;0,3;59
Landvik;SN38140;06.02.2024 03:00;-0,4;59
Landvik;SN38140;06.02.2024 04:00;-0,7;56
Landvik;SN38140;06.02.2024 05:00;-1;56
Landvik;SN38140;06.02.2024 06:00;-1,2;58
Landvik;SN38140;06.02.2024 07:00;-1,5;59
Landvik;SN38140;06.02.2024 08:00;-1,8;60
Landvik;SN38140;06.02.2024 09:00;-2,1;61
Landvik;SN38140;06.02.2024 10:00;-3;75
Landvik;SN38140;06.02.2024 11:00;-3,3;81
Landvik;SN38140;06.02.2024 12:00;-3,3;82
Landvik;SN38140;06.02.2024 13:00;-2,3;81
Landvik;SN38140;06.02.2024 14:00;-1,9;77
Landvik;SN38140;06.02.2024 15:00;-2,1;75
Landvik;SN38140;06.02.2024 16:00;-2,5;78
Landvik;SN38140;06.02.2024 17:00;-2,7;81
Landvik;SN38140;06.02.2024 18:00;-2,7;80
Landvik;SN38140;06.02.2024 19:00;-2,8;78
Landvik;SN38140;06.02.2024 20:00;-3,2;78
Landvik;SN38140;06.02.2024 21:00;-3,8;85
Landvik;SN38140;06.02.2024 22:00;-4,2;87
Landvik;SN38140;06.02.2024 23:00;-4,1;84
Landvik;SN38140;07.02.2024 00:00;-4,1;82
Landvik;SN38140;07.02.2024 01:00;-4,2;82
Landvik;SN38140;07.02.2024 02:00;-4,1;79
Landvik;SN38140;07.02.2024 03:00;-4,2;81
Landvik;SN38140;07.02.2024 04:00;-4,3;79
Landvik;SN38140;07.02.2024 05:00;-4,2;79
Landvik;SN38140;07.02.2024 06:00;-4,2;79
Landvik;SN38140;07.02.2024 07:00;-4,8;83
Landvik;SN38140;07.02.2024 08:00;-6,6;86
Landvik;SN38140;07.02.2024 09:00;-9,8;88
Landvik;SN38140;07.02.2024 10:00;-10,1;90
Landvik;SN38140;07.02.2024 11:00;-8,1;86
Landvik;SN38140;07.02.2024 12:00;-5,3;79
Landvik;SN38140;07.02.2024 13:00;-2,1;69
Landvik;SN38140;07.02.2024 14:00;-0,2;57
Landvik;SN38140;07.02.2024 15:00;-0,1;60
Landvik;SN38140;07.02.2024 16:00;-0,8;63
Landvik;SN38140;07.02.2024 17:00;-3,8;78
Landvik;SN38140;07.02.2024 18:00;-5,2;87
Landvik;SN38140;07.02.2024 19:00;-4,6;90
Landvik;SN38140;07.02.2024 20:00;-3,3;90
Landvik;SN38140;07.02.2024 21:00;-2,3;88
Landvik;SN38140;07.02.2024 22:00;-2,9;89
Landvik;SN38140;07.02.2024 23:00;-2,5;89
Landvik;SN38140;08.02.2024 00:00;-3,2;86
Landvik;SN38140;08.02.2024 01:00;-4;84
Landvik;SN38140;08.02.2024 02:00;-5,6;83
Landvik;SN38140;08.02.2024 03:00;-6,6;86
Landvik;SN38140;08.02.2024 04:00;-8;88
Landvik;SN38140;08.02.2024 05:00;-9,1;90
Landvik;SN38140;08.02.2024 06:00;-8;89
Landvik;SN38140;08.02.2024 07:00;-6,7;86
Landvik;SN38140;08.02.2024 08:00;-6;84
Landvik;SN38140;08.02.2024 09:00;-5,2;81
Landvik;SN38140;08.02.2024 10:00;-4,8;82
Landvik;SN38140;08.02.2024 11:00;-4;83
Landvik;SN38140;08.02.2024 12:00;-3,6;83
Landvik;SN38140;08.02.2024 13:00;-3,5;82
Landvik;SN38140;08.02.2024 14:00;-3;80
Landvik;SN38140;08.02.2024 15:00;-2,9;81
Landvik;SN38140;08.02.2024 16:00;-3,1;82
Landvik;SN38140;08.02.2024 17:00;-3,5;83
Landvik;SN38140;08.02.2024 18:00;-3,9;84
Landvik;SN38140;08.02.2024 19:00;-4,1;83
Landvik;SN38140;08.02.2024 20:00;-4,3;80
Landvik;SN38140;08.02.2024 21:00;-4,4;80
Landvik;SN38140;08.02.2024 22:00;-4,3;79
Landvik;SN38140;08.02.2024 23:00;-4,1;79
Landvik;SN38140;09.02.2024 00:00;-4,1;79
Landvik;SN38140;09.02.2024 01:00;-4,3;80
Landvik;SN38140;09.02.2024 02:00;-4,4;80
Landvik;SN38140;09.02.2024 03:00;-4,5;79
Landvik;SN38140;09.02.2024 04:00;-4,7;77
Landvik;SN38140;09.02.2024 05:00;-4,8;78
Landvik;SN38140;09.02.2024 06:00;-5;77
Landvik;SN38140;09.02.2024 07:00;-4,9;77
Landvik;SN38140;09.02.2024 08:00;-5,1;77
Landvik;SN38140;09.02.2024 09:00;-5,2;74
Landvik;SN38140;09.02.2024 10:00;-5,4;72
Landvik;SN38140;09.02.2024 11:00;-5,6;72
Landvik;SN38140;09.02.2024 12:00;-6,1;74
Landvik;SN38140;09.02.2024 13:00;-6,5;77
Landvik;SN38140;09.02.2024 14:00;-6,6;77
Landvik;SN38140;09.02.2024 15:00;-6,5;79
Landvik;SN38140;09.02.2024 16:00;-6,4;78
Landvik;SN38140;09.02.2024 17:00;-5,8;75
Landvik;SN38140;09.02.2024 18:00;-5,6;74
Landvik;SN38140;09.02.2024 19:00;-5,9;73
Landvik;SN38140;09.02.2024 20:00;-6,2;74
Landvik;SN38140;09.02.2024 21:00;-6,2;74
Landvik;SN38140;09.02.2024 22:00;-5,8;75
Landvik;SN38140;09.02.2024 23:00;-5,5;75
Landvik;SN38140;10.02.2024 00:00;-5;77
Landvik;SN38140;10.02.2024 01:00;-4,5;79
Landvik;SN38140;10.02.2024 02:00;-4,2;83
Landvik;SN38140;10.02.2024 03:00;-4,2;85
Landvik;SN38140;10.02.2024 04:00;-4,6;88
Landvik;SN38140;10.02.2024 05:00;-4,5;90
Landvik;SN38140;10.02.2024 06:00;-4,2;88
Landvik;SN38140;10.02.2024 07:00;-4,7;88
Landvik;SN38140;10.02.2024 08:00;-5;87
Landvik;SN38140;10.02.2024 09:00;-5,3;88
Landvik;SN38140;10.02.2024 10:00;-5,9;88
Landvik;SN38140;10.02.2024 11:00;-6,3;87
Landvik;SN38140;10.02.2024 12:00;-6,4;85
Landvik;SN38140;10.02.2024 13:00;-6,4;80
Landvik;SN38140;10.02.2024 14:00;-6,4;78
Landvik;SN38140;10.02.2024 15:00;-6,3;78
Landvik;SN38140;10.02.2024 16:00;-6,3;78
Landvik;SN38140;10.02.2024 17:00;-6,4;77
Landvik;SN38140;10.02.2024 18:00;-6,3;77
Landvik;SN38140;10.02.2024 19:00;-5,9;76
Landvik;SN38140;10.02.2024 20:00;-5,7;76
Landvik;SN38140;10.02.2024 21:00;-5,4;76
Landvik;SN38140;10.02.2024 22:00;-5,6;79
Landvik;SN38140;10.02.2024 23:00;-5,7;79
Landvik;SN38140;11.02.2024 00:00;-5,5;79
Landvik;SN38140;11.02.2024 01:00;-5,4;78
Landvik;SN38140;11.02.2024 02:00;-5,2;78
Landvik;SN38140;11.02.2024 03:00;-5,1;78
Landvik;SN38140;11.02.2024 04:00;-5;79
Landvik;SN38140;11.02.2024 05:00;-4,9;80
Landvik;SN38140;11.02.2024 06:00;-4,7;79
Landvik;SN38140;11.02.2024 07:00;-4,6;80
Landvik;SN38140;11.02.2024 08:00;-4,3;80
Landvik;SN38140;11.02.2024 09:00;-4,1;80
Landvik;SN38140;11.02.2024 10:00;-3,7;81
Landvik;SN38140;11.02.2024 11:00;-3,5;81
Landvik;SN38140;11.02.2024 12:00;-3,5;81
Landvik;SN38140;11.02.2024 13:00;-3,3;81
Landvik;SN38140;11.02.2024 14:00;-3,1;81
Landvik;SN38140;11.02.2024 15:00;-3;81
Landvik;SN38140;11.02.2024 16:00;-3;81
Landvik;SN38140;11.02.2024 17:00;-3;82
Landvik;SN38140;11.02.2024 18:00;-3,1;82
Landvik;SN38140;11.02.2024 19:00;-3,4;81
Landvik;SN38140;11.02.2024 20:00;-3,5;82
Landvik;SN38140;11.02.2024 21:00;-3,6;83
Landvik;SN38140;11.02.2024 22:00;-3,7;83
Landvik;SN38140;11.02.2024 23:00;-3,9;85
Landvik;SN38140;12.02.2024 00:00;-3,9;83
Landvik;SN38140;12.02.2024 01:00;-3,8;80
Landvik;SN38140;12.02.2024 02:00;-3,9;82
Landvik;SN38140;12.02.2024 03:00;-3,9;83
Landvik;SN38140;12.02.2024 04:00;-4;84
Landvik;SN38140;12.02.2024 05:00;-4,2;85
Landvik;SN38140;12.02.2024 06:00;-4,3;85
Landvik;SN38140;12.02.2024 07:00;-4,3;86
Landvik;SN38140;12.02.2024 08:00;-4,2;86
Landvik;SN38140;12.02.2024 09:00;-4;85
Landvik;SN38140;12.02.2024 10:00;-3,7;84
Landvik;SN38140;12.02.2024 11:00;-3,2;83
Landvik;SN38140;12.02.2024 12:00;-2,9;82
Landvik;SN38140;12.02.2024 13:00;-2,8;83
Landvik;SN38140;12.02.2024 14:00;-2,8;82
Landvik;SN38140;12.02.2024 15:00;-3;86
Landvik;SN38140;12.02.2024 16:00;-3;86
Landvik;SN38140;12.02.2024 17:00;-3;86
Landvik;SN38140;12.02.2024 18:00;-3;85
Landvik;SN38140;12.02.2024 19:00;-3;85
Landvik;SN38140;12.02.2024 20:00;-2,9;84
Landvik;SN38140;12.02.2024 21:00;-2,8;84
Landvik;SN38140;12.02.2024 22:00;-2,7;82
Landvik;SN38140;12.02.2024 23:00;-2,5;79
Landvik;SN38140;13.02.2024 00:00;-2,4;78
Landvik;SN38140;13.02.2024 01:00;-2,4;78
Landvik;SN38140;13.02.2024 02:00;-2,4;77
Landvik;SN38140;13.02.2024 03:00;-2,5;77
Landvik;SN38140;13.02.2024 04:00;-2,6;78
Landvik;SN38140;13.02.2024 05:00;-2,8;80
Landvik;SN38140;13.02.2024 06:00;-2,7;80
Landvik;SN38140;13.02.2024 07:00;-2,8;82
Landvik;SN38140;13.02.2024 08:00;-2,8;84
Landvik;SN38140;13.02.2024 09:00;-2,6;83
Landvik;SN38140;13.02.2024 10:00;-2,2;83
Landvik;SN38140;13.02.2024 11:00;-2,3;88
Landvik;SN38140;13.02.2024 12:00;-2;87
Landvik;SN38140;13.02.2024 13:00;-1,5;86
Landvik;SN38140;13.02.2024 14:00;-0,9;84
Landvik;SN38140;13.02.2024 15:00;-0,8;84
Landvik;SN38140;13.02.2024 16:00;-0,8;83
Landvik;SN38140;13.02.2024 17:00;-1,2;85
Landvik;SN38140;13.02.2024 18:00;-1,6;87
Landvik;SN38140;13.02.2024 19:00;-1,6;86
Landvik;SN38140;13.02.2024 20:00;-1,7;85
Landvik;SN38140;13.02.2024 21:00;-1,9;88
Landvik;SN38140;13.02.2024 22:00;-1,9;88
Landvik;SN38140;13.02.2024 23:00;-1,8;88
Landvik;SN38140;14.02.2024 00:00;-1,6;89
Landvik;SN38140;14.02.2024 01:00;-1,5;89
Landvik;SN38140;14.02.2024 02:00;-1,2;89
Landvik;SN38140;14.02.2024 03:00;-1,1;89
Landvik;SN38140;14.02.2024 04:00;-0,8;89
Landvik;SN38140;14.02.2024 05:00;-0,9;90
Landvik;SN38140;14.02.2024 06:00;-0,8;90
Landvik;SN38140;14.02.2024 07:00;-0,7;90
Landvik;SN38140;14.02.2024 08:00;-0,7;91
Landvik;SN38140;14.02.2024 09:00;-0,6;92
Landvik;SN38140;14.02.2024 10:00;-0,2;92
Landvik;SN38140;14.02.2024 11:00;0,5;90
Landvik;SN38140;14.02.2024 12:00;1,6;87
Landvik;SN38140;14.02.2024 13:00;2,3;83
Landvik;SN38140;14.02.2024 14:00;2,6;82
Landvik;SN38140;14.02.2024 15:00;2,8;83
Landvik;SN38140;14.02.2024 16:00;2,8;85
Landvik;SN38140;14.02.2024 17:00;2,1;88
Landvik;SN38140;14.02.2024 18:00;1,5;91
Landvik;SN38140;14.02.2024 19:00;1,3;92
Landvik;SN38140;14.02.2024 20:00;1,5;92
Landvik;SN38140;14.02.2024 21:00;1,5;91
Landvik;SN38140;14.02.2024 22:00;1,4;93
Landvik;SN38140;14.02.2024 23:00;1,6;92
Landvik;SN38140;15.02.2024 00:00;1,8;90
Landvik;SN38140;15.02.2024 01:00;1,9;90
Landvik;SN38140;15.02.2024 02:00;1,9;89
Landvik;SN38140;15.02.2024 03:00;1,7;90
Landvik;SN38140;15.02.2024 04:00;1,5;91
Landvik;SN38140;15.02.2024 05:00;1,4;92
Landvik;SN38140;15.02.2024 06:00;1,3;93
Landvik;SN38140;15.02.2024 07:00;1,2;94
Landvik;SN38140;15.02.2024 08:00;1,2;95
Landvik;SN38140;15.02.2024 09:00;1,1;94
Landvik;SN38140;15.02.2024 10:00;1,2;94
Landvik;SN38140;15.02.2024 11:00;1,3;93
Landvik;SN38140;15.02.2024 12:00;1,5;93
Landvik;SN38140;15.02.2024 13:00;1,5;92
Landvik;SN38140;15.02.2024 14:00;1,4;92
Landvik;SN38140;15.02.2024 15:00;1,4;92
Landvik;SN38140;15.02.2024 16:00;1,4;92
Landvik;SN38140;15.02.2024 17:00;1,5;92
Landvik;SN38140;15.02.2024 18:00;1,5;92
Landvik;SN38140;15.02.2024 19:00;1,5;93
Landvik;SN38140;15.02.2024 20:00;1,7;92
Landvik;SN38140;15.02.2024 21:00;1,8;92
Landvik;SN38140;15.02.2024 22:00;1,8;92
Landvik;SN38140;15.02.2024 23:00;1,8;92
Landvik;SN38140;16.02.2024 00:00;1,7;92
Landvik;SN38140;16.02.2024 01:00;1,7;92
Landvik;SN38140;16.02.2024 02:00;1,8;92
Landvik;SN38140;16.02.2024 03:00;1,9;92
Landvik;SN38140;16.02.2024 04:00;1,9;92
Landvik;SN38140;16.02.2024 05:00;1,7;93
Landvik;SN38140;16.02.2024 06:00;1,7;93
Landvik;SN38140;16.02.2024 07:00;1,7;93
Landvik;SN38140;16.02.2024 08:00;1,6;94
Landvik;SN38140;16.02.2024 09:00;1,6;95
Landvik;SN38140;16.02.2024 10:00;1,7;95
Landvik;SN38140;16.02.2024 11:00;2;95
Landvik;SN38140;16.02.2024 12:00;2,2;94
Landvik;SN38140;16.02.2024 13:00;2,8;93
Landvik;SN38140;16.02.2024 14:00;2,9;92
Landvik;SN38140;16.02.2024 15:00;2,4;93
Landvik;SN38140;16.02.2024 16:00;2,3;94
Landvik;SN38140;16.02.2024 17:00;2,1;95
Landvik;SN38140;16.02.2024 18:00;2;95
Landvik;SN38140;16.02.2024 19:00;2;96
Landvik;SN38140;16.02.2024 20:00;1,7;96
Landvik;SN38140;16.02.2024 21:00;2,4;96
Landvik;SN38140;16.02.2024 22:00;1,4;96
Landvik;SN38140;16.02.2024 23:00;1,5;96
Landvik;SN38140;17.02.2024 00:00;1,8;95
Landvik;SN38140;17.02.2024 01:00;2,5;92
Landvik;SN38140;17.02.2024 02:00;1,5;92
Landvik;SN38140;17.02.2024 03:00;-0,1;94
Landvik;SN38140;17.02.2024 04:00;-1;95
Landvik;SN38140;17.02.2024 05:00;-2;95
Landvik;SN38140;17.02.2024 06:00;-2,6;95
Landvik;SN38140;17.02.2024 07:00;-2,7;95
Landvik;SN38140;17.02.2024 08:00;-1,6;96
Landvik;SN38140;17.02.2024 09:00;-0,9;96
Landvik;SN38140;17.02.2024 10:00;-1,1;96
Landvik;SN38140;17.02.2024 11:00;-0,2;96
Landvik;SN38140;17.02.2024 12:00;3,6;88
Landvik;SN38140;17.02.2024 13:00;6,4;64
Landvik;SN38140;17.02.2024 14:00;7;56
Landvik;SN38140;17.02.2024 15:00;7,2;50
Landvik;SN38140;17.02.2024 16:00;6,9;49
Landvik;SN38140;17.02.2024 17:00;5;61
Landvik;SN38140;17.02.2024 18:00;2,3;84
Landvik;SN38140;17.02.2024 19:00;1,1;92
Landvik;SN38140;17.02.2024 20:00;0,1;95
Landvik;SN38140;17.02.2024 21:00;0,8;96
Landvik;SN38140;17.02.2024 22:00;0,5;96
Landvik;SN38140;17.02.2024 23:00;0,1;96
Landvik;SN38140;18.02.2024 00:00;0,2;96
Landvik;SN38140;18.02.2024 01:00;0,3;96
Landvik;SN38140;18.02.2024 02:00;0,2;96
Landvik;SN38140;18.02.2024 03:00;0,2;96
Landvik;SN38140;18.02.2024 04:00;0;95
Landvik;SN38140;18.02.2024 05:00;0;95
Landvik;SN38140;18.02.2024 06:00;0,1;94
Landvik;SN38140;18.02.2024 07:00;0,2;93
Landvik;SN38140;18.02.2024 08:00;0,4;92
Landvik;SN38140;18.02.2024 09:00;0,6;93
Landvik;SN38140;18.02.2024 10:00;0,8;93
Landvik;SN38140;18.02.2024 11:00;0,8;93
Landvik;SN38140;18.02.2024 12:00;1;93
Landvik;SN38140;18.02.2024 13:00;1,2;93
Landvik;SN38140;18.02.2024 14:00;1,4;93
Landvik;SN38140;18.02.2024 15:00;1,6;93
Landvik;SN38140;18.02.2024 16:00;1,7;93
Landvik;SN38140;18.02.2024 17:00;1,9;93
Landvik;SN38140;18.02.2024 18:00;1,9;92
Landvik;SN38140;18.02.2024 19:00;2;90
Landvik;SN38140;18.02.2024 20:00;1,6;90
Landvik;SN38140;18.02.2024 21:00;1,6;89
Landvik;SN38140;18.02.2024 22:00;1,6;87
Landvik;SN38140;18.02.2024 23:00;1,2;87
Landvik;SN38140;19.02.2024 00:00;0,1;91
Landvik;SN38140;19.02.2024 01:00;-1;93
Landvik;SN38140;19.02.2024 02:00;-1,9;94
Landvik;SN38140;19.02.2024 03:00;-1,5;95
Landvik;SN38140;19.02.2024 04:00;-1;96
Landvik;SN38140;19.02.2024 05:00;-0,5;96
Landvik;SN38140;19.02.2024 06:00;-0,3;96
Landvik;SN38140;19.02.2024 07:00;-0,1;96
Landvik;SN38140;19.02.2024 08:00;0,1;96
Landvik;SN38140;19.02.2024 09:00;0,3;96
Landvik;SN38140;19.02.2024 10:00;1;96
Landvik;SN38140;19.02.2024 11:00;1,5;95
Landvik;SN38140;19.02.2024 12:00;2;94
Landvik;SN38140;19.02.2024 13:00;3,4;90
Landvik;SN38140;19.02.2024 14:00;3,9;83
Landvik;SN38140;19.02.2024 15:00;3,9;82
Landvik;SN38140;19.02.2024 16:00;3,1;87
Landvik;SN38140;19.02.2024 17:00;2,7;88
Landvik;SN38140;19.02.2024 18:00;1,9;91
Landvik;SN38140;19.02.2024 19:00;1,5;93
Landvik;SN38140;19.02.2024 20:00;1,2;95
Landvik;SN38140;19.02.2024 21:00;1;95
Landvik;SN38140;19.02.2024 22:00;0,2;96
Landvik;SN38140;19.02.2024 23:00;-0,5;96
Landvik;SN38140;20.02.2024 00:00;-0,9;96
Landvik;SN38140;20.02.2024 01:00;-1,1;96
Landvik;SN38140;20.02.2024 02:00;-0,6;96
Landvik;SN38140;20.02.2024 03:00;-0,3;96
Landvik;SN38140;20.02.2024 04:00;-0,8;96
Landvik;SN38140;20.02.2024 05:00;-1,4;96
Landvik;SN38140;20.02.2024 06:00;-1,7;96
Landvik;SN38140;20.02.2024 07:00;-1,4;96
Landvik;SN38140;20.02.2024 08:00;-1,2;96
Landvik;SN38140;20.02.2024 09:00;-1,2;96
Landvik;SN38140;20.02.2024 10:00;0,9;97
Landvik;SN38140;20.02.2024 11:00;2,7;96
Landvik;SN38140;20.02.2024 12:00;5,1;85
Landvik;SN38140;20.02.2024 13:00;5,2;85
Landvik;SN38140;20.02.2024 14:00;5,9;84
Landvik;SN38140;20.02.2024 15:00;5,7;86
Landvik;SN38140;20.02.2024 16:00;4,8;91
Landvik;SN38140;20.02.2024 17:00;4,4;94
Landvik;SN38140;20.02.2024 18:00;4,2;96
Landvik;SN38140;20.02.2024 19:00;4;96
Landvik;SN38140;20.02.2024 20:00;3,7;96
Landvik;SN38140;20.02.2024 21:00;4,2;97
Landvik;SN38140;20.02.2024 22:00;3,6;97
Landvik;SN38140;20.02.2024 23:00;3,1;97
Landvik;SN38140;21.02.2024 00:00;2,9;97
Landvik;SN38140;21.02.2024 01:00;2,1;97
Landvik;SN38140;21.02.2024 02:00;2;97
Landvik;SN38140;21.02.2024 03:00;2;97
Landvik;SN38140;21.02.2024 04:00;1,9;97
Landvik;SN38140;21.02.2024 05:00;1,7;97
Landvik;SN38140;21.02.2024 06:00;1,3;97
Landvik;SN38140;21.02.2024 07:00;1,7;97
Landvik;SN38140;21.02.2024 08:00;0,3;97
Landvik;SN38140;21.02.2024 09:00;0;97
Landvik;SN38140;21.02.2024 10:00;1,6;97
Landvik;SN38140;21.02.2024 11:00;3,5;95
Landvik;SN38140;21.02.2024 12:00;5,1;88
Landvik;SN38140;21.02.2024 13:00;6,6;76
Landvik;SN38140;21.02.2024 14:00;6,7;74
Landvik;SN38140;21.02.2024 15:00;6,7;76
Landvik;SN38140;21.02.2024 16:00;6;80
Landvik;SN38140;21.02.2024 17:00;4,5;83
Landvik;SN38140;21.02.2024 18:00;3,1;93
Landvik;SN38140;21.02.2024 19:00;2,9;95
Landvik;SN38140;21.02.2024 20:00;3,6;96
Landvik;SN38140;21.02.2024 21:00;4,3;95
Landvik;SN38140;21.02.2024 22:00;4,7;94
Landvik;SN38140;21.02.2024 23:00;5,1;95
Landvik;SN38140;22.02.2024 00:00;5,1;95
Landvik;SN38140;22.02.2024 01:00;5,1;95
Landvik;SN38140;22.02.2024 02:00;5,2;95
Landvik;SN38140;22.02.2024 03:00;5,3;95
Landvik;SN38140;22.02.2024 04:00;5,1;95
Landvik;SN38140;22.02.2024 05:00;4,9;95
Landvik;SN38140;22.02.2024 06:00;4,4;96
Landvik;SN38140;22.02.2024 07:00;3,7;96
Landvik;SN38140;22.02.2024 08:00;3,1;96
Landvik;SN38140;22.02.2024 09:00;3;97
Landvik;SN38140;22.02.2024 10:00;3,2;97
Landvik;SN38140;22.02.2024 11:00;4,2;97
Landvik;SN38140;22.02.2024 12:00;4,3;97
Landvik;SN38140;22.02.2024 13:00;4,7;96
Landvik;SN38140;22.02.2024 14:00;4,8;96
Landvik;SN38140;22.02.2024 15:00;4,8;95
Landvik;SN38140;22.02.2024 16:00;4,2;95
Landvik;SN38140;22.02.2024 17:00;3,9;96
Landvik;SN38140;22.02.2024 18:00;3,8;96
Landvik;SN38140;22.02.2024 19:00;3,8;96
Landvik;SN38140;22.02.2024 20:00;4,3;97
Landvik;SN38140;22.02.2024 21:00;4,7;97
Landvik;SN38140;22.02.2024 22:00;4,5;96
Landvik;SN38140;22.02.2024 23:00;4,6;96
Landvik;SN38140;23.02.2024 00:00;4,7;96
Landvik;SN38140;23.02.2024 01:00;4,8;96
Landvik;SN38140;23.02.2024 02:00;4,7;96
Landvik;SN38140;23.02.2024 03:00;4,9;95
Landvik;SN38140;23.02.2024 04:00;5,1;95
Landvik;SN38140;23.02.2024 05:00;5,1;95
Landvik;SN38140;23.02.2024 06:00;5,3;95
Landvik;SN38140;23.02.2024 07:00;5,4;95
Landvik;SN38140;23.02.2024 08:00;4,9;94
Landvik;SN38140;23.02.2024 09:00;4,3;91
Landvik;SN38140;23.02.2024 10:00;3,5;91
Landvik;SN38140;23.02.2024 11:00;3,4;83
Landvik;SN38140;23.02.2024 12:00;4,3;80
Landvik;SN38140;23.02.2024 13:00;5,3;74
Landvik;SN38140;23.02.2024 14:00;5,9;68
Landvik;SN38140;23.02.2024 15:00;6,1;68
Landvik;SN38140;23.02.2024 16:00;5,6;73
Landvik;SN38140;23.02.2024 17:00;4,3;82
Landvik;SN38140;23.02.2024 18:00;4;86
Landvik;SN38140;23.02.2024 19:00;3,7;88
Landvik;SN38140;23.02.2024 20:00;3,2;89
Landvik;SN38140;23.02.2024 21:00;3,1;92
Landvik;SN38140;23.02.2024 22:00;2,8;93
Landvik;SN38140;23.02.2024 23:00;2,5;95
Landvik;SN38140;24.02.2024 00:00;2,6;95
Landvik;SN38140;24.02.2024 01:00;2,7;96
Landvik;SN38140;24.02.2024 02:00;2,4;95
Landvik;SN38140;24.02.2024 03:00;2,8;96
Landvik;SN38140;24.02.2024 04:00;2,5;96
Landvik;SN38140;24.02.2024 05:00;2,3;96
Landvik;SN38140;24.02.2024 06:00;2,5;96
Landvik;SN38140;24.02.2024 07:00;2,4;96
Landvik;SN38140;24.02.2024 08:00;2,9;96
Landvik;SN38140;24.02.2024 09:00;2,9;96
Landvik;SN38140;24.02.2024 10:00;3,8;95
Landvik;SN38140;24.02.2024 11:00;4;94
Landvik;SN38140;24.02.2024 12:00;4;92
Landvik;SN38140;24.02.2024 13:00;4,1;92
Landvik;SN38140;24.02.2024 14:00;4,5;93
Landvik;SN38140;24.02.2024 15:00;4,4;93
Landvik;SN38140;24.02.2024 16:00;3,9;93
Landvik;SN38140;24.02.2024 17:00;3,6;94
Landvik;SN38140;24.02.2024 18:00;3,1;95
Landvik;SN38140;24.02.2024 19:00;3;95
Landvik;SN38140;24.02.2024 20:00;3,4;96
Landvik;SN38140;24.02.2024 21:00;3,9;95
Landvik;SN38140;24.02.2024 22:00;3,9;92
Landvik;SN38140;24.02.2024 23:00;3,5;92
Landvik;SN38140;25.02.2024 00:00;3,5;91
Landvik;SN38140;25.02.2024 01:00;2,9;93
Landvik;SN38140;25.02.2024 02:00;2,5;95
Landvik;SN38140;25.02.2024 03:00;2,2;95
Landvik;SN38140;25.02.2024 04:00;1,5;96
Landvik;SN38140;25.02.2024 05:00;1,3;96
Landvik;SN38140;25.02.2024 06:00;1,3;96
Landvik;SN38140;25.02.2024 07:00;1,2;96
Landvik;SN38140;25.02.2024 08:00;1,2;96
Landvik;SN38140;25.02.2024 09:00;1;96
Landvik;SN38140;25.02.2024 10:00;1,7;97
Landvik;SN38140;25.02.2024 11:00;3,1;97
Landvik;SN38140;25.02.2024 12:00;3,8;96
Landvik;SN38140;25.02.2024 13:00;3,4;95
Landvik;SN38140;25.02.2024 14:00;3,4;95
Landvik;SN38140;25.02.2024 15:00;3,4;94
Landvik;SN38140;25.02.2024 16:00;3,3;94
Landvik;SN38140;25.02.2024 17:00;3,2;94
Landvik;SN38140;25.02.2024 18:00;2,8;95
Landvik;SN38140;25.02.2024 19:00;2,6;95
Landvik;SN38140;25.02.2024 20:00;2,3;95
Landvik;SN38140;25.02.2024 21:00;1,9;95
Landvik;SN38140;25.02.2024 22:00;2,4;96
Landvik;SN38140;25.02.2024 23:00;2,5;94
Landvik;SN38140;26.02.2024 00:00;2,4;94
Landvik;SN38140;26.02.2024 01:00;2,1;94
Landvik;SN38140;26.02.2024 02:00;2,4;93
Landvik;SN38140;26.02.2024 03:00;2,3;91
Landvik;SN38140;26.02.2024 04:00;2,2;90
Landvik;SN38140;26.02.2024 05:00;1,9;90
Landvik;SN38140;26.02.2024 06:00;0,8;92
Landvik;SN38140;26.02.2024 07:00;0,5;93
Landvik;SN38140;26.02.2024 08:00;0;92
Landvik;SN38140;26.02.2024 09:00;0,2;90
Landvik;SN38140;26.02.2024 10:00;1,8;82
Landvik;SN38140;26.02.2024 11:00;3,8;68
Landvik;SN38140;26.02.2024 12:00;4,9;61
Landvik;SN38140;26.02.2024 13:00;5,9;57
Landvik;SN38140;26.02.2024 14:00;6,7;56
Landvik;SN38140;26.02.2024 15:00;7,4;52
Landvik;SN38140;26.02.2024 16:00;7,5;53
Landvik;SN38140;26.02.2024 17:00;6;64
Landvik;SN38140;26.02.2024 18:00;2,6;81
Landvik;SN38140;26.02.2024 19:00;0,3;89
Landvik;SN38140;26.02.2024 20:00;-0,9;92
Landvik;SN38140;26.02.2024 21:00;-2;94
Landvik;SN38140;26.02.2024 22:00;-2,6;94
Landvik;SN38140;26.02.2024 23:00;-3,1;95
Landvik;SN38140;27.02.2024 00:00;-3,5;95
Landvik;SN38140;27.02.2024 01:00;-3,6;95
Landvik;SN38140;27.02.2024 02:00;-3,8;94
Landvik;SN38140;27.02.2024 03:00;-4,3;94
Landvik;SN38140;27.02.2024 04:00;-4,6;94
Landvik;SN38140;27.02.2024 05:00;-4,9;93
Landvik;SN38140;27.02.2024 06:00;-3,8;95
Landvik;SN38140;27.02.2024 07:00;-2,8;95
Landvik;SN38140;27.02.2024 08:00;-2,3;95
Landvik;SN38140;27.02.2024 09:00;-1,8;96
Landvik;SN38140;27.02.2024 10:00;-1,4;96
Landvik;SN38140;27.02.2024 11:00;-0,2;92
Landvik;SN38140;27.02.2024 12:00;1,5;83
Landvik;SN38140;27.02.2024 13:00;2,4;83
Landvik;SN38140;27.02.2024 14:00;3,3;79
Landvik;SN38140;27.02.2024 15:00;3,4;79
Landvik;SN38140;27.02.2024 16:00;3,4;80
Landvik;SN38140;27.02.2024 17:00;3,4;78
Landvik;SN38140;27.02.2024 18:00;3,4;80
Landvik;SN38140;27.02.2024 19:00;3,4;83
Landvik;SN38140;27.02.2024 20:00;3,7;82
Landvik;SN38140;27.02.2024 21:00;3,6;86
Landvik;SN38140;27.02.2024 22:00;3,5;87
Landvik;SN38140;27.02.2024 23:00;3,9;86
Landvik;SN38140;28.02.2024 00:00;3,7;88
Landvik;SN38140;28.02.2024 01:00;3,3;90
Landvik;SN38140;28.02.2024 02:00;3,3;91
Landvik;SN38140;28.02.2024 03:00;3,6;93
Landvik;SN38140;28.02.2024 04:00;3,7;93
Landvik;SN38140;28.02.2024 05:00;4;94
Landvik;SN38140;28.02.2024 06:00;4;95
Landvik;SN38140;28.02.2024 07:00;4;95
Landvik;SN38140;28.02.2024 08:00;3,6;95
Landvik;SN38140;28.02.2024 09:00;3,7;95
Landvik;SN38140;28.02.2024 10:00;4,6;92
Landvik;SN38140;28.02.2024 11:00;5,9;84
Landvik;SN38140;28.02.2024 12:00;6,9;77
Landvik;SN38140;28.02.2024 13:00;7,9;70
Landvik;SN38140;28.02.2024 14:00;8,5;64
Landvik;SN38140;28.02.2024 15:00;8,1;69
Landvik;SN38140;28.02.2024 16:00;6,9;78
Landvik;SN38140;28.02.2024 17:00;6,5;77
Landvik;SN38140;28.02.2024 18:00;4,9;86
Landvik;SN38140;28.02.2024 19:00;4,1;92
Landvik;SN38140;28.02.2024 20:00;4,1;90
Landvik;SN38140;28.02.2024 21:00;4,3;87
Landvik;SN38140;28.02.2024 22:00;4,1;88
Landvik;SN38140;28.02.2024 23:00;4,2;91
Landvik;SN38140;29.02.2024 00:00;4,5;89
Landvik;SN38140;29.02.2024 01:00;4,7;90
Landvik;SN38140;29.02.2024 02:00;4,9;89
Landvik;SN38140;29.02.2024 03:00;4,9;89
Landvik;SN38140;29.02.2024 04:00;4,7;93
Landvik;SN38140;29.02.2024 05:00;4,8;94
Landvik;SN38140;29.02.2024 06:00;4,9;94
Landvik;SN38140;29.02.2024 07:00;5;94
Landvik;SN38140;29.02.2024 08:00;4,9;94
Landvik;SN38140;29.02.2024 09:00;5,1;93
Landvik;SN38140;29.02.2024 10:00;5,3;93
Landvik;SN38140;29.02.2024 11:00;5,4;94
Landvik;SN38140;29.02.2024 12:00;5,6;94
Landvik;SN38140;29.02.2024 13:00;5,8;95
Landvik;SN38140;29.02.2024 14:00;5,6;95
Landvik;SN38140;29.02.2024 15:00;5,6;95
Landvik;SN38140;29.02.2024 16:00;5,5;95
Landvik;SN38140;29.02.2024 17:00;5,5;96
Landvik;SN38140;29.02.2024 18:00;5,1;97
Landvik;SN38140;29.02.2024 19:00;4,9;97
Landvik;SN38140;29.02.2024 20:00;5,1;97
Landvik;SN38140;29.02.2024 21:00;5,1;97
Landvik;SN38140;29.02.2024 22:00;5,1;96
Landvik;SN38140;29.02.2024 23:00;5,4;96
Landvik;SN38140;01.03.2024 00:00;5,4;96
Landvik;SN38140;01.03.2024 01:00;5,4;97
Landvik;SN38140;01.03.2024 02:00;5,6;96
Landvik;SN38140;01.03.2024 03:00;5,7;96
Landvik;SN38140;01.03.2024 04:00;5,6;95
Landvik;SN38140;01.03.2024 05:00;5,4;95
Landvik;SN38140;01.03.2024 06:00;5,1;95
Landvik;SN38140;01.03.2024 07:00;4,9;95
Landvik;SN38140;01.03.2024 08:00;4,8;94
Landvik;SN38140;01.03.2024 09:00;4,7;94
Landvik;SN38140;01.03.2024 10:00;4,6;94
Landvik;SN38140;01.03.2024 11:00;4,5;94
Landvik;SN38140;01.03.2024 12:00;4,6;94
Landvik;SN38140;01.03.2024 13:00;4,9;93
Landvik;SN38140;01.03.2024 14:00;5,2;91
Landvik;SN38140;01.03.2024 15:00;5,3;91
Landvik;SN38140;01.03.2024 16:00;5,1;92
Landvik;SN38140;01.03.2024 17:00;5;94
Landvik;SN38140;01.03.2024 18:00;4,9;94
Landvik;SN38140;01.03.2024 19:00;5;95
Landvik;SN38140;01.03.2024 20:00;5,6;95
Landvik;SN38140;01.03.2024 21:00;5,3;95
Landvik;SN38140;01.03.2024 22:00;5,1;96
Landvik;SN38140;01.03.2024 23:00;4,8;96
Landvik;SN38140;02.03.2024 00:00;4,5;96
Landvik;SN38140;02.03.2024 01:00;4,1;96
Landvik;SN38140;02.03.2024 02:00;3,8;96
Landvik;SN38140;02.03.2024 03:00;3,6;96
Landvik;SN38140;02.03.2024 04:00;4;96
Landvik;SN38140;02.03.2024 05:00;4,2;96
Landvik;SN38140;02.03.2024 06:00;4,6;96
Landvik;SN38140;02.03.2024 07:00;4,6;95
Landvik;SN38140;02.03.2024 08:00;4,7;95
Landvik;SN38140;02.03.2024 09:00;4,9;95
Landvik;SN38140;02.03.2024 10:00;5,3;95
Landvik;SN38140;02.03.2024 11:00;5,4;93
Landvik;SN38140;02.03.2024 12:00;5,2;93
Landvik;SN38140;02.03.2024 13:00;5,1;93
Landvik;SN38140;02.03.2024 14:00;5,1;93
Landvik;SN38140;02.03.2024 15:00;5;93
Landvik;SN38140;02.03.2024 16:00;4,9;94
Landvik;SN38140;02.03.2024 17:00;5;93
Landvik;SN38140;02.03.2024 18:00;4,9;93
Landvik;SN38140;02.03.2024 19:00;4,9;94
Landvik;SN38140;02.03.2024 20:00;4,9;95
Landvik;SN38140;02.03.2024 21:00;4,8;95
Landvik;SN38140;02.03.2024 22:00;4,8;95
Landvik;SN38140;02.03.2024 23:00;4,7;95
Landvik;SN38140;03.03.2024 00:00;4,6;95
Landvik;SN38140;03.03.2024 01:00;4,6;96
Landvik;SN38140;03.03.2024 02:00;4,5;96
Landvik;SN38140;03.03.2024 03:00;4,4;95
Landvik;SN38140;03.03.2024 04:00;4,5;94
Landvik;SN38140;03.03.2024 05:00;4,6;93
Landvik;SN38140;03.03.2024 06:00;4,5;93
Landvik;SN38140;03.03.2024 07:00;4,4;93
Landvik;SN38140;03.03.2024 08:00;4,5;93
Landvik;SN38140;03.03.2024 09:00;4,5;92
Landvik;SN38140;03.03.2024 10:00;4,5;93
Landvik;SN38140;03.03.2024 11:00;4,7;92
Landvik;SN38140;03.03.2024 12:00;4,8;93
Landvik;SN38140;03.03.2024 13:00;4,7;94
Landvik;SN38140;03.03.2024 14:00;4,7;94
Landvik;SN38140;03.03.2024 15:00;4,7;93
Landvik;SN38140;03.03.2024 16:00;4,7;93
Landvik;SN38140;03.03.2024 17:00;4,8;92
Landvik;SN38140;03.03.2024 18:00;4,8;92
Landvik;SN38140;03.03.2024 19:00;4,7;92
Landvik;SN38140;03.03.2024 20:00;4,6;92
Landvik;SN38140;03.03.2024 21:00;4,6;92
Landvik;SN38140;03.03.2024 22:00;4,6;92
Landvik;SN38140;03.03.2024 23:00;4,6;92
Landvik;SN38140;04.03.2024 00:00;4,8;92
Landvik;SN38140;04.03.2024 01:00;4,9;91
Landvik;SN38140;04.03.2024 02:00;4,7;91
Landvik;SN38140;04.03.2024 03:00;4,6;90
Landvik;SN38140;04.03.2024 04:00;4,6;88
Landvik;SN38140;04.03.2024 05:00;4,4;88
Landvik;SN38140;04.03.2024 06:00;4,3;87
Landvik;SN38140;04.03.2024 07:00;4,2;86
Landvik;SN38140;04.03.2024 08:00;4,1;86
Landvik;SN38140;04.03.2024 09:00;4,1;85
Landvik;SN38140;04.03.2024 10:00;4,4;83
Landvik;SN38140;04.03.2024 11:00;4,6;81
Landvik;SN38140;04.03.2024 12:00;4,7;81
Landvik;SN38140;04.03.2024 13:00;4,7;80
Landvik;SN38140;04.03.2024 14:00;4,7;79
Landvik;SN38140;04.03.2024 15:00;4,5;78
Landvik;SN38140;04.03.2024 16:00;4,3;77
Landvik;SN38140;04.03.2024 17:00;4,1;73
Landvik;SN38140;04.03.2024 18:00;4,1;74
Landvik;SN38140;04.03.2024 19:00;4;77
Landvik;SN38140;04.03.2024 20:00;3,9;74
Landvik;SN38140;04.03.2024 21:00;4,1;71
Landvik;SN38140;04.03.2024 22:00;4,2;76
Landvik;SN38140;04.03.2024 23:00;4,3;78
Landvik;SN38140;05.03.2024 00:00;4,2;79
Landvik;SN38140;05.03.2024 01:00;4,1;80
Landvik;SN38140;05.03.2024 02:00;4;80
Landvik;SN38140;05.03.2024 03:00;3,6;82
Landvik;SN38140;05.03.2024 04:00;3,4;80
Landvik;SN38140;05.03.2024 05:00;3,2;77
Landvik;SN38140;05.03.2024 06:00;2,9;76
Landvik;SN38140;05.03.2024 07:00;2,6;77
Landvik;SN38140;05.03.2024 08:00;2,4;76
Landvik;SN38140;05.03.2024 09:00;2,5;74
Landvik;SN38140;05.03.2024 10:00;2,7;73
Landvik;SN38140;05.03.2024 11:00;3,1;71
Landvik;SN38140;05.03.2024 12:00;3;73
Landvik;SN38140;05.03.2024 13:00;3;71
Landvik;SN38140;05.03.2024 14:00;3,2;70
Landvik;SN38140;05.03.2024 15:00;3,1;70
Landvik;SN38140;05.03.2024 16:00;3,1;70
Landvik;SN38140;05.03.2024 17:00;3;72
Landvik;SN38140;05.03.2024 18:00;2,5;75
Landvik;SN38140;05.03.2024 19:00;2,3;75
Landvik;SN38140;05.03.2024 20:00;2,4;75
Landvik;SN38140;05.03.2024 21:00;2,4;75
Landvik;SN38140;05.03.2024 22:00;2,4;74
Landvik;SN38140;05.03.2024 23:00;2,4;71
Landvik;SN38140;06.03.2024 00:00;2,5;71
Landvik;SN38140;06.03.2024 01:00;2,4;73
Landvik;SN38140;06.03.2024 02:00;2,3;73
Landvik;SN38140;06.03.2024 03:00;2,1;73
Landvik;SN38140;06.03.2024 04:00;1,8;78
Landvik;SN38140;06.03.2024 05:00;1,8;73
Landvik;SN38140;06.03.2024 06:00;1,7;71
Landvik;SN38140;06.03.2024 07:00;0,7;80
Landvik;SN38140;06.03.2024 08:00;0,5;82
Landvik;SN38140;06.03.2024 09:00;0,1;86
Landvik;SN38140;06.03.2024 10:00;-0,2;91
Landvik;SN38140;06.03.2024 11:00;0,1;90
Landvik;SN38140;06.03.2024 12:00;0,4;90
Landvik;SN38140;06.03.2024 13:00;0,7;88
Landvik;SN38140;06.03.2024 14:00;0,7;88
Landvik;SN38140;06.03.2024 15:00;0,6;87
Landvik;SN38140;06.03.2024 16:00;0,6;85
Landvik;SN38140;06.03.2024 17:00;0,5;84
Landvik;SN38140;06.03.2024 18:00;0,5;82
Landvik;SN38140;06.03.2024 19:00;0,7;81
Landvik;SN38140;06.03.2024 20:00;0,8;81
Landvik;SN38140;06.03.2024 21:00;0,9;80
Landvik;SN38140;06.03.2024 22:00;0,9;80
Landvik;SN38140;06.03.2024 23:00;1;79
Landvik;SN38140;07.03.2024 00:00;1,1;79
Landvik;SN38140;07.03.2024 01:00;1,3;78
Landvik;SN38140;07.03.2024 02:00;1,2;79
Landvik;SN38140;07.03.2024 03:00;1,1;80
Landvik;SN38140;07.03.2024 04:00;1,2;80
Landvik;SN38140;07.03.2024 05:00;1,3;79
Landvik;SN38140;07.03.2024 06:00;1,2;80
Landvik;SN38140;07.03.2024 07:00;0,6;82
Landvik;SN38140;07.03.2024 08:00;-1,2;90
Landvik;SN38140;07.03.2024 09:00;0,1;88
Landvik;SN38140;07.03.2024 10:00;2,6;73
Landvik;SN38140;07.03.2024 11:00;4,5;63
Landvik;SN38140;07.03.2024 12:00;5,7;59
Landvik;SN38140;07.03.2024 13:00;5,7;62
Landvik;SN38140;07.03.2024 14:00;5,7;63
Landvik;SN38140;07.03.2024 15:00;5,9;62
Landvik;SN38140;07.03.2024 16:00;6,2;61
Landvik;SN38140;07.03.2024 17:00;6,2;62
Landvik;SN38140;07.03.2024 18:00;4;70
Landvik;SN38140;07.03.2024 19:00;1,7;81
Landvik;SN38140;07.03.2024 20:00;-0,4;89
Landvik;SN38140;07.03.2024 21:00;-1,3;92
Landvik;SN38140;07.03.2024 22:00;-2;92
Landvik;SN38140;07.03.2024 23:00;-2,6;94
Landvik;SN38140;08.03.2024 00:00;-2,7;94
Landvik;SN38140;08.03.2024 01:00;-3,2;94
Landvik;SN38140;08.03.2024 02:00;-3,2;94
Landvik;SN38140;08.03.2024 03:00;-3,2;94
Landvik;SN38140;08.03.2024 04:00;-3;94
Landvik;SN38140;08.03.2024 05:00;-2,8;94
Landvik;SN38140;08.03.2024 06:00;-2,5;93
Landvik;SN38140;08.03.2024 07:00;-1,6;90
Landvik;SN38140;08.03.2024 08:00;-1;85
Landvik;SN38140;08.03.2024 09:00;0,9;77
Landvik;SN38140;08.03.2024 10:00;3,3;65
Landvik;SN38140;08.03.2024 11:00;4,8;57
Landvik;SN38140;08.03.2024 12:00;5,9;54
Landvik;SN38140;08.03.2024 13:00;6;55
Landvik;SN38140;08.03.2024 14:00;6,2;58
Landvik;SN38140;08.03.2024 15:00;6,6;60
Landvik;SN38140;08.03.2024 16:00;6,6;62
Landvik;SN38140;08.03.2024 17:00;6,1;63
Landvik;SN38140;08.03.2024 18:00;4,4;67
Landvik;SN38140;08.03.2024 19:00;2,9;72
Landvik;SN38140;08.03.2024 20:00;2;77
Landvik;SN38140;08.03.2024 21:00;2,3;73
Landvik;SN38140;08.03.2024 22:00;2,3;70
Landvik;SN38140;08.03.2024 23:00;2,5;67
Landvik;SN38140;09.03.2024 00:00;2,1;69
Landvik;SN38140;09.03.2024 01:00;1,8;70
Landvik;SN38140;09.03.2024 02:00;1,6;70
Landvik;SN38140;09.03.2024 03:00;1,4;71
Landvik;SN38140;09.03.2024 04:00;1,4;71
Landvik;SN38140;09.03.2024 05:00;1,2;72
Landvik;SN38140;09.03.2024 06:00;0,8;73
Landvik;SN38140;09.03.2024 07:00;1;73
Landvik;SN38140;09.03.2024 08:00;1,2;77
Landvik;SN38140;09.03.2024 09:00;1,5;82
Landvik;SN38140;09.03.2024 10:00;1,6;83
Landvik;SN38140;09.03.2024 11:00;1,5;81
Landvik;SN38140;09.03.2024 12:00;1,3;82
Landvik;SN38140;09.03.2024 13:00;0,8;85
Landvik;SN38140;09.03.2024 14:00;0,5;87
Landvik;SN38140;09.03.2024 15:00;0,2;89
Landvik;SN38140;09.03.2024 16:00;0,4;82
Landvik;SN38140;09.03.2024 17:00;0,6;80
Landvik;SN38140;09.03.2024 18:00;0,7;79
Landvik;SN38140;09.03.2024 19:00;0,8;79
Landvik;SN38140;09.03.2024 20:00;1,1;76
Landvik;SN38140;09.03.2024 21:00;1,2;73
Landvik;SN38140;09.03.2024 22:00;0,4;83
Landvik;SN38140;09.03.2024 23:00;0,1;82
Landvik;SN38140;10.03.2024 00:00;0,4;74
Landvik;SN38140;10.03.2024 01:00;0,5;71
Landvik;SN38140;10.03.2024 02:00;0,6;74
Landvik;SN38140;10.03.2024 03:00;0,6;76
Landvik;SN38140;10.03.2024 04:00;0,4;78
Landvik;SN38140;10.03.2024 05:00;0,2;81
Landvik;SN38140;10.03.2024 06:00;0,3;82
Landvik;SN38140;10.03.2024 07:00;0,6;74
Landvik;SN38140;10.03.2024 08:00;0,7;71
Landvik;SN38140;10.03.2024 09:00;0,5;71
Landvik;SN38140;10.03.2024 10:00;0,3;72
Landvik;SN38140;10.03.2024 11:00;0,1;72
Landvik;SN38140;10.03.2024 12:00;0,1;72
Landvik;SN38140;10.03.2024 13:00;0,2;73
Landvik;SN38140;10.03.2024 14:00;0,3;74
Landvik;SN38140;10.03.2024 15:00;0,3;75
Landvik;SN38140;10.03.2024 16:00;0,2;77
Landvik;SN38140;10.03.2024 17:00;0,1;77
Landvik;SN38140;10.03.2024 18:00;0,1;75
Landvik;SN38140;10.03.2024 19:00;0;76
Landvik;SN38140;10.03.2024 20:00;0;75
Landvik;SN38140;10.03.2024 21:00;0,2;72
Landvik;SN38140;10.03.2024 22:00;0,3;71
Landvik;SN38140;10.03.2024 23:00;0,3;70
Landvik;SN38140;11.03.2024 00:00;0,4;70
Landvik;SN38140;11.03.2024 01:00;0,3;70
Landvik;SN38140;11.03.2024 02:00;0,3;69
Landvik;SN38140;11.03.2024 03:00;0,1;69
Landvik;SN38140;11.03.2024 04:00;0,1;69
Landvik;SN38140;11.03.2024 05:00;0;69
Landvik;SN38140;11.03.2024 06:00;-0,1;69
Landvik;SN38140;11.03.2024 07:00;-0,4;68
Landvik;SN38140;11.03.2024 08:00;-0,5;68
Landvik;SN38140;11.03.2024 09:00;-0,2;67
Landvik;SN38140;11.03.2024 10:00;0,6;64
Landvik;SN38140;11.03.2024 11:00;1,5;61
Landvik;SN38140;11.03.2024 12:00;2,3;58
Landvik;SN38140;11.03.2024 13:00;3,6;55
Landvik;SN38140;11.03.2024 14:00;4,4;53
Landvik;SN38140;11.03.2024 15:00;5;53
Landvik;SN38140;11.03.2024 16:00;5;54
Landvik;SN38140;11.03.2024 17:00;4,4;54
Landvik;SN38140;11.03.2024 18:00;4;53
Landvik;SN38140;11.03.2024 19:00;3,3;55
Landvik;SN38140;11.03.2024 20:00;2,7;56
Landvik;SN38140;11.03.2024 21:00;2,1;57
Landvik;SN38140;11.03.2024 22:00;2,1;57
Landvik;SN38140;11.03.2024 23:00;2,2;57
Landvik;SN38140;12.03.2024 00:00;2,3;58
Landvik;SN38140;12.03.2024 01:00;2,3;58
Landvik;SN38140;12.03.2024 02:00;2,3;59
Landvik;SN38140;12.03.2024 03:00;1,8;61
Landvik;SN38140;12.03.2024 04:00;1,6;63
Landvik;SN38140;12.03.2024 05:00;1,6;62
Landvik;SN38140;12.03.2024 06:00;1,3;64
Landvik;SN38140;12.03.2024 07:00;1,3;65
Landvik;SN38140;12.03.2024 08:00;1,4;65
Landvik;SN38140;12.03.2024 09:00;1,7;65
Landvik;SN38140;12.03.2024 10:00;2,2;63
Landvik;SN38140;12.03.2024 11:00;2,5;63
Landvik;SN38140;12.03.2024 12:00;3;61
Landvik;SN38140;12.03.2024 13:00;3,7;58
Landvik;SN38140;12.03.2024 14:00;4,1;56
Landvik;SN38140;12.03.2024 15:00;3,9;57
Landvik;SN38140;12.03.2024 16:00;4;59
Landvik;SN38140;12.03.2024 17:00;3,6;61
Landvik;SN38140;12.03.2024 18:00;3,4;66
Landvik;SN38140;12.03.2024 19:00;3,2;70
Landvik;SN38140;12.03.2024 20:00;2,9;71
Landvik;SN38140;12.03.2024 21:00;2,5;78
Landvik;SN38140;12.03.2024 22:00;2,5;82
Landvik;SN38140;12.03.2024 23:00;2;87
Landvik;SN38140;13.03.2024 00:00;1,8;89
Landvik;SN38140;13.03.2024 01:00;1,9;89
Landvik;SN38140;13.03.2024 02:00;1,9;88
Landvik;SN38140;13.03.2024 03:00;2,1;88
Landvik;SN38140;13.03.2024 04:00;2,1;89
Landvik;SN38140;13.03.2024 05:00;2,3;90
Landvik;SN38140;13.03.2024 06:00;2,5;90
Landvik;SN38140;13.03.2024 07:00;2,4;91
Landvik;SN38140;13.03.2024 08:00;2,5;92
Landvik;SN38140;13.03.2024 09:00;2,7;93
Landvik;SN38140;13.03.2024 10:00;2,9;94
Landvik;SN38140;13.03.2024 11:00;3,1;95
Landvik;SN38140;13.03.2024 12:00;3,5;95
Landvik;SN38140;13.03.2024 13:00;4,1;96
Landvik;SN38140;13.03.2024 14:00;4,8;95
Landvik;SN38140;13.03.2024 15:00;5,5;94
Landvik;SN38140;13.03.2024 16:00;5,6;94
Landvik;SN38140;13.03.2024 17:00;5,6;94
Landvik;SN38140;13.03.2024 18:00;5,3;95
Landvik;SN38140;13.03.2024 19:00;5,4;95
Landvik;SN38140;13.03.2024 20:00;5,4;95
Landvik;SN38140;13.03.2024 21:00;5,5;95
Landvik;SN38140;13.03.2024 22:00;5,7;95
Landvik;SN38140;13.03.2024 23:00;5,9;95
Landvik;SN38140;14.03.2024 00:00;6,6;94
Landvik;SN38140;14.03.2024 01:00;6,2;94
Landvik;SN38140;14.03.2024 02:00;6,1;94
Landvik;SN38140;14.03.2024 03:00;6,2;95
Landvik;SN38140;14.03.2024 04:00;6,1;95
Landvik;SN38140;14.03.2024 05:00;5,6;95
Landvik;SN38140;14.03.2024 06:00;4,8;94
Landvik;SN38140;14.03.2024 07:00;3,6;95
Landvik;SN38140;14.03.2024 08:00;2,6;96
Landvik;SN38140;14.03.2024 09:00;2,7;96
Landvik;SN38140;14.03.2024 10:00;5,4;93
Landvik;SN38140;14.03.2024 11:00;7,6;79
Landvik;SN38140;14.03.2024 12:00;9;71
Landvik;SN38140;14.03.2024 13:00;10,4;66
Landvik;SN38140;14.03.2024 14:00;10,3;67
Landvik;SN38140;14.03.2024 15:00;10;67
Landvik;SN38140;14.03.2024 16:00;8,2;75
Landvik;SN38140;14.03.2024 17:00;7,8;76
Landvik;SN38140;14.03.2024 18:00;7,1;80
Landvik;SN38140;14.03.2024 19:00;6,3;87
Landvik;SN38140;14.03.2024 20:00;5,9;89
Landvik;SN38140;14.03.2024 21:00;5;93
Landvik;SN38140;14.03.2024 22:00;4,6;94
Landvik;SN38140;14.03.2024 23:00;4,6;96
Landvik;SN38140;15.03.2024 00:00;4,7;96
Landvik;SN38140;15.03.2024 01:00;4,7;96
Landvik;SN38140;15.03.2024 02:00;4,6;96
Landvik;SN38140;15.03.2024 03:00;4,7;96
Landvik;SN38140;15.03.2024 04:00;4,8;96
Landvik;SN38140;15.03.2024 05:00;4,9;96
Landvik;SN38140;15.03.2024 06:00;4,9;96
Landvik;SN38140;15.03.2024 07:00;4,9;96
Landvik;SN38140;15.03.2024 08:00;4,3;96
Landvik;SN38140;15.03.2024 09:00;4,6;96
Landvik;SN38140;15.03.2024 10:00;5,3;97
Landvik;SN38140;15.03.2024 11:00;6,7;96
Landvik;SN38140;15.03.2024 12:00;6,9;95
Landvik;SN38140;15.03.2024 13:00;6,7;95
Landvik;SN38140;15.03.2024 14:00;6,4;95
Landvik;SN38140;15.03.2024 15:00;6,6;96
Landvik;SN38140;15.03.2024 16:00;6,9;95
Landvik;SN38140;15.03.2024 17:00;6,4;95
Landvik;SN38140;15.03.2024 18:00;6;96
Landvik;SN38140;15.03.2024 19:00;5,6;97
Landvik;SN38140;15.03.2024 20:00;5,4;97
Landvik;SN38140;15.03.2024 21:00;5,5;97
Landvik;SN38140;15.03.2024 22:00;5,6;97
Landvik;SN38140;15.03.2024 23:00;5,6;97
Landvik;SN38140;16.03.2024 00:00;5,5;97
Landvik;SN38140;16.03.2024 01:00;5,4;97
Landvik;SN38140;16.03.2024 02:00;5,5;97
Landvik;SN38140;16.03.2024 03:00;5,2;97
Landvik;SN38140;16.03.2024 04:00;5,1;97
Landvik;SN38140;16.03.2024 05:00;4,2;91
Landvik;SN38140;16.03.2024 06:00;3,4;87
Landvik;SN38140;16.03.2024 07:00;3,2;87
Landvik;SN38140;16.03.2024 08:00;3,8;83
Landvik;SN38140;16.03.2024 09:00;4,7;78
Landvik;SN38140;16.03.2024 10:00;4,7;82
Landvik;SN38140;16.03.2024 11:00;4,4;81
Landvik;SN38140;16.03.2024 12:00;5,2;73
Landvik;SN38140;16.03.2024 13:00;5,4;65
Landvik;SN38140;16.03.2024 14:00;5,4;59
Landvik;SN38140;16.03.2024 15:00;5,2;60
Landvik;SN38140;16.03.2024 16:00;5,4;55
Landvik;SN38140;16.03.2024 17:00;4,9;52
Landvik;SN38140;16.03.2024 18:00;4,5;51
Landvik;SN38140;16.03.2024 19:00;4,1;50
Landvik;SN38140;16.03.2024 20:00;3,3;61
Landvik;SN38140;16.03.2024 21:00;3,1;54
Landvik;SN38140;16.03.2024 22:00;1,8;60
Landvik;SN38140;16.03.2024 23:00;-0,4;78
Landvik;SN38140;17.03.2024 00:00;-0,2;77
Landvik;SN38140;17.03.2024 01:00;-0,8;77
Landvik;SN38140;17.03.2024 02:00;-0,8;73
Landvik;SN38140;17.03.2024 03:00;-1,4;72
Landvik;SN38140;17.03.2024 04:00;-2,3;77
Landvik;SN38140;17.03.2024 05:00;-1,1;63
Landvik;SN38140;17.03.2024 06:00;-2,2;69
Landvik;SN38140;17.03.2024 07:00;-2,5;72
Landvik;SN38140;17.03.2024 08:00;-1,4;64
Landvik;SN38140;17.03.2024 09:00;0,1;56
Landvik;SN38140;17.03.2024 10:00;1,2;55
Landvik;SN38140;17.03.2024 11:00;1,9;56
Landvik;SN38140;17.03.2024 12:00;2,5;58
Landvik;SN38140;17.03.2024 13:00;2,4;59
Landvik;SN38140;17.03.2024 14:00;2,7;56
Landvik;SN38140;17.03.2024 15:00;2,5;57
Landvik;SN38140;17.03.2024 16:00;2,7;55
Landvik;SN38140;17.03.2024 17:00;1,6;60
Landvik;SN38140;17.03.2024 18:00;1,3;61
Landvik;SN38140;17.03.2024 19:00;1,1;60
Landvik;SN38140;17.03.2024 20:00;0,9;61
Landvik;SN38140;17.03.2024 21:00;0,7;61
Landvik;SN38140;17.03.2024 22:00;0,7;63
Landvik;SN38140;17.03.2024 23:00;1;66
Landvik;SN38140;18.03.2024 00:00;1,2;66
Landvik;SN38140;18.03.2024 01:00;1,6;64
Landvik;SN38140;18.03.2024 02:00;1,7;64
Landvik;SN38140;18.03.2024 03:00;1,6;69
Landvik;SN38140;18.03.2024 04:00;1,7;74
Landvik;SN38140;18.03.2024 05:00;2,2;71
Landvik;SN38140;18.03.2024 06:00;2,1;69
Landvik;SN38140;18.03.2024 07:00;2;69
Landvik;SN38140;18.03.2024 08:00;1,9;71
Landvik;SN38140;18.03.2024 09:00;2,1;71
Landvik;SN38140;18.03.2024 10:00;2,5;70
Landvik;SN38140;18.03.2024 11:00;2,5;71
Landvik;SN38140;18.03.2024 12:00;2,5;70
Landvik;SN38140;18.03.2024 13:00;2,8;69
Landvik;SN38140;18.03.2024 14:00;2,3;70
Landvik;SN38140;18.03.2024 15:00;1,9;70
Landvik;SN38140;18.03.2024 16:00;1,5;71
Landvik;SN38140;18.03.2024 17:00;1,2;69
Landvik;SN38140;18.03.2024 18:00;1;68
Landvik;SN38140;18.03.2024 19:00;1;67
Landvik;SN38140;18.03.2024 20:00;1,1;65
Landvik;SN38140;18.03.2024 21:00;1,2;66
Landvik;SN38140;18.03.2024 22:00;0,6;72
Landvik;SN38140;18.03.2024 23:00;0,4;72
Landvik;SN38140;19.03.2024 00:00;0,5;72
Landvik;SN38140;19.03.2024 01:00;1;73
Landvik;SN38140;19.03.2024 02:00;1,4;76
Landvik;SN38140;19.03.2024 03:00;1,4;75
Landvik;SN38140;19.03.2024 04:00;1,3;77
Landvik;SN38140;19.03.2024 05:00;1,5;79
Landvik;SN38140;19.03.2024 06:00;1,5;81
Landvik;SN38140;19.03.2024 07:00;1,9;83
Landvik;SN38140;19.03.2024 08:00;2,4;87
Landvik;SN38140;19.03.2024 09:00;2,7;85
Landvik;SN38140;19.03.2024 10:00;2,9;86
Landvik;SN38140;19.03.2024 11:00;2,7;89
Landvik;SN38140;19.03.2024 12:00;2,5;91
Landvik;SN38140;19.03.2024 13:00;2,6;92
Landvik;SN38140;19.03.2024 14:00;3;92
Landvik;SN38140;19.03.2024 15:00;3;91
Landvik;SN38140;19.03.2024 16:00;3;92
Landvik;SN38140;19.03.2024 17:00;3,3;93
Landvik;SN38140;19.03.2024 18:00;3,5;94
Landvik;SN38140;19.03.2024 19:00;3,8;94
Landvik;SN38140;19.03.2024 20:00;3,9;95
Landvik;SN38140;19.03.2024 21:00;4,1;95
Landvik;SN38140;19.03.2024 22:00;4;95
Landvik;SN38140;19.03.2024 23:00;4;96
Landvik;SN38140;20.03.2024 00:00;3,8;95
Landvik;SN38140;20.03.2024 01:00;3,5;94
Landvik;SN38140;20.03.2024 02:00;2,6;94
Landvik;SN38140;20.03.2024 03:00;2;95
Landvik;SN38140;20.03.2024 04:00;1,9;95
Landvik;SN38140;20.03.2024 05:00;1,4;95
Landvik;SN38140;20.03.2024 06:00;0,3;96
Landvik;SN38140;20.03.2024 07:00;-0,5;96
Landvik;SN38140;20.03.2024 08:00;-0,5;96
Landvik;SN38140;20.03.2024 09:00;0,9;96
Landvik;SN38140;20.03.2024 10:00;3,7;92
Landvik;SN38140;20.03.2024 11:00;7,4;75
Landvik;SN38140;20.03.2024 12:00;9,5;60
Landvik;SN38140;20.03.2024 13:00;10;59
Landvik;SN38140;20.03.2024 14:00;10,1;57
Landvik;SN38140;20.03.2024 15:00;10;52
Landvik;SN38140;20.03.2024 16:00;10;51
Landvik;SN38140;20.03.2024 17:00;9,7;54
Landvik;SN38140;20.03.2024 18:00;8,7;56
Landvik;SN38140;20.03.2024 19:00;6,1;72
Landvik;SN38140;20.03.2024 20:00;3,9;87
Landvik;SN38140;20.03.2024 21:00;2,8;92
Landvik;SN38140;20.03.2024 22:00;2,4;94
Landvik;SN38140;20.03.2024 23:00;2,1;95
Landvik;SN38140;21.03.2024 00:00;1,7;95
Landvik;SN38140;21.03.2024 01:00;1,2;95
Landvik;SN38140;21.03.2024 02:00;0,4;96
Landvik;SN38140;21.03.2024 03:00;0,2;96
Landvik;SN38140;21.03.2024 04:00;0;96
Landvik;SN38140;21.03.2024 05:00;-0,7;96
Landvik;SN38140;21.03.2024 06:00;-1,2;96
Landvik;SN38140;21.03.2024 07:00;-1,8;96
Landvik;SN38140;21.03.2024 08:00;-1,7;96
Landvik;SN38140;21.03.2024 09:00;-0,7;96
Landvik;SN38140;21.03.2024 10:00;0,7;94
Landvik;SN38140;21.03.2024 11:00;2,7;87
Landvik;SN38140;21.03.2024 12:00;5;78
Landvik;SN38140;21.03.2024 13:00;4,8;78
Landvik;SN38140;21.03.2024 14:00;4,6;79
Landvik;SN38140;21.03.2024 15:00;4,3;81
Landvik;SN38140;21.03.2024 16:00;4,2;81
Landvik;SN38140;21.03.2024 17:00;3,8;82
Landvik;SN38140;21.03.2024 18:00;3,7;86
Landvik;SN38140;21.03.2024 19:00;3,9;92
Landvik;SN38140;21.03.2024 20:00;4,6;93
Landvik;SN38140;21.03.2024 21:00;4,8;94
Landvik;SN38140;21.03.2024 22:00;5;94
Landvik;SN38140;21.03.2024 23:00;5,6;94
Landvik;SN38140;22.03.2024 00:00;5,8;94
Landvik;SN38140;22.03.2024 01:00;5,7;95
Landvik;SN38140;22.03.2024 02:00;5,9;95
Landvik;SN38140;22.03.2024 03:00;5,8;95
Landvik;SN38140;22.03.2024 04:00;6;96
Landvik;SN38140;22.03.2024 05:00;6;96
Landvik;SN38140;22.03.2024 06:00;5,7;96
Landvik;SN38140;22.03.2024 07:00;5,7;96
Landvik;SN38140;22.03.2024 08:00;5,2;96
Landvik;SN38140;22.03.2024 09:00;6,3;93
Landvik;SN38140;22.03.2024 10:00;8,3;79
Landvik;SN38140;22.03.2024 11:00;9,5;69
Landvik;SN38140;22.03.2024 12:00;10,4;58
Landvik;SN38140;22.03.2024 13:00;10,7;52
Landvik;SN38140;22.03.2024 14:00;10,3;52
Landvik;SN38140;22.03.2024 15:00;10,8;47
Landvik;SN38140;22.03.2024 16:00;9,9;47
Landvik;SN38140;22.03.2024 17:00;8,9;47
Landvik;SN38140;22.03.2024 18:00;8,1;51
Landvik;SN38140;22.03.2024 19:00;6,8;57
Landvik;SN38140;22.03.2024 20:00;5,5;66
Landvik;SN38140;22.03.2024 21:00;4,5;73
Landvik;SN38140;22.03.2024 22:00;3,7;80
Landvik;SN38140;22.03.2024 23:00;3;86
Landvik;SN38140;23.03.2024 00:00;2,8;89
Landvik;SN38140;23.03.2024 01:00;3;91
Landvik;SN38140;23.03.2024 02:00;2,9;92
Landvik;SN38140;23.03.2024 03:00;3,2;92
Landvik;SN38140;23.03.2024 04:00;3,2;93
Landvik;SN38140;23.03.2024 05:00;3,1;93
Landvik;SN38140;23.03.2024 06:00;3,1;93
Landvik;SN38140;23.03.2024 07:00;3,2;92
Landvik;SN38140;23.03.2024 08:00;4,2;87
Landvik;SN38140;23.03.2024 09:00;5,6;80
Landvik;SN38140;23.03.2024 10:00;6,3;74
Landvik;SN38140;23.03.2024 11:00;6,3;76
Landvik;SN38140;23.03.2024 12:00;6,3;77
Landvik;SN38140;23.03.2024 13:00;6,1;80
Landvik;SN38140;23.03.2024 14:00;6;83
Landvik;SN38140;23.03.2024 15:00;6;81
Landvik;SN38140;23.03.2024 16:00;5,6;84
Landvik;SN38140;23.03.2024 17:00;5,5;85
Landvik;SN38140;23.03.2024 18:00;5,3;88
Landvik;SN38140;23.03.2024 19:00;5,1;89
Landvik;SN38140;23.03.2024 20:00;5;91
Landvik;SN38140;23.03.2024 21:00;4,8;92
Landvik;SN38140;23.03.2024 22:00;4,5;93
Landvik;SN38140;23.03.2024 23:00;4,3;94
Landvik;SN38140;24.03.2024 00:00;4,4;94
Landvik;SN38140;24.03.2024 01:00;3,6;91
Landvik;SN38140;24.03.2024 02:00;3,5;93
Landvik;SN38140;24.03.2024 03:00;3,5;93
Landvik;SN38140;24.03.2024 04:00;3,5;93
Landvik;SN38140;24.03.2024 05:00;3,6;93
Landvik;SN38140;24.03.2024 06:00;3,6;93
Landvik;SN38140;24.03.2024 07:00;3,6;92
Landvik;SN38140;24.03.2024 08:00;3,8;92
Landvik;SN38140;24.03.2024 09:00;4,1;92
Landvik;SN38140;24.03.2024 10:00;4,3;90
Landvik;SN38140;24.03.2024 11:00;5,3;86
Landvik;SN38140;24.03.2024 12:00;5,5;85
Landvik;SN38140;24.03.2024 13:00;6;83
Landvik;SN38140;24.03.2024 14:00;6,4;80
Landvik;SN38140;24.03.2024 15:00;6,9;76
Landvik;SN38140;24.03.2024 16:00;6,6;75
Landvik;SN38140;24.03.2024 17:00;6,1;78
Landvik;SN38140;24.03.2024 18:00;5,3;84
Landvik;SN38140;24.03.2024 19:00;4,3;89
Landvik;SN38140;24.03.2024 20:00;3,6;92
Landvik;SN38140;24.03.2024 21:00;2,9;94
Landvik;SN38140;24.03.2024 22:00;2,1;94
Landvik;SN38140;24.03.2024 23:00;1,5;95
Landvik;SN38140;25.03.2024 00:00;1;95
Landvik;SN38140;25.03.2024 01:00;2;96
Landvik;SN38140;25.03.2024 02:00;1,9;94
Landvik;SN38140;25.03.2024 03:00;1,8;95
Landvik;SN38140;25.03.2024 04:00;2,1;95
Landvik;SN38140;25.03.2024 05:00;2,1;95
Landvik;SN38140;25.03.2024 06:00;2;95
Landvik;SN38140;25.03.2024 07:00;2;96
Landvik;SN38140;25.03.2024 08:00;2,6;96
Landvik;SN38140;25.03.2024 09:00;3,4;93
Landvik;SN38140;25.03.2024 10:00;4,4;85
Landvik;SN38140;25.03.2024 11:00;4,8;81
Landvik;SN38140;25.03.2024 12:00;5;79
Landvik;SN38140;25.03.2024 13:00;4,7;80
Landvik;SN38140;25.03.2024 14:00;4,7;82
Landvik;SN38140;25.03.2024 15:00;4,6;85
Landvik;SN38140;25.03.2024 16:00;4,7;86
Landvik;SN38140;25.03.2024 17:00;4,5;86
Landvik;SN38140;25.03.2024 18:00;4,2;88
Landvik;SN38140;25.03.2024 19:00;4;89
Landvik;SN38140;25.03.2024 20:00;3,5;90
Landvik;SN38140;25.03.2024 21:00;3,2;92
Landvik;SN38140;25.03.2024 22:00;2,7;93
Landvik;SN38140;25.03.2024 23:00;2,7;94
Landvik;SN38140;26.03.2024 00:00;3,2;92
Landvik;SN38140;26.03.2024 01:00;3,4;90
Landvik;SN38140;26.03.2024 02:00;2,7;90
Landvik;SN38140;26.03.2024 03:00;2,2;93
Landvik;SN38140;26.03.2024 04:00;2,2;93
Landvik;SN38140;26.03.2024 05:00;2,3;94
Landvik;SN38140;26.03.2024 06:00;1,9;94
Landvik;SN38140;26.03.2024 07:00;1,3;95
Landvik;SN38140;26.03.2024 08:00;1,7;96
Landvik;SN38140;26.03.2024 09:00;2,6;95
Landvik;SN38140;26.03.2024 10:00;3,3;94
Landvik;SN38140;26.03.2024 11:00;3,8;91
Landvik;SN38140;26.03.2024 12:00;4,3;84
Landvik;SN38140;26.03.2024 13:00;3,7;87
Landvik;SN38140;26.03.2024 14:00;3,2;88
Landvik;SN38140;26.03.2024 15:00;3,2;90
Landvik;SN38140;26.03.2024 16:00;3;90
Landvik;SN38140;26.03.2024 17:00;3,3;87
Landvik;SN38140;26.03.2024 18:00;3,4;87
Landvik;SN38140;26.03.2024 19:00;3,5;87
Landvik;SN38140;26.03.2024 20:00;3,6;89
Landvik;SN38140;26.03.2024 21:00;3,8;90
Landvik;SN38140;26.03.2024 22:00;4,4;90
Landvik;SN38140;26.03.2024 23:00;4,6;90
Landvik;SN38140;27.03.2024 00:00;4,8;88
Landvik;SN38140;27.03.2024 01:00;5,1;85
Landvik;SN38140;27.03.2024 02:00;5,1;84
Landvik;SN38140;27.03.2024 03:00;4,8;86
Landvik;SN38140;27.03.2024 04:00;4,8;86
Landvik;SN38140;27.03.2024 05:00;4,7;87
Landvik;SN38140;27.03.2024 06:00;4,7;87
Landvik;SN38140;27.03.2024 07:00;4,7;87
Landvik;SN38140;27.03.2024 08:00;4,7;88
Landvik;SN38140;27.03.2024 09:00;4,7;87
Landvik;SN38140;27.03.2024 10:00;4,8;86
Landvik;SN38140;27.03.2024 11:00;4,9;85
Landvik;SN38140;27.03.2024 12:00;4,7;86
Landvik;SN38140;27.03.2024 13:00;4,4;89
Landvik;SN38140;27.03.2024 14:00;4,8;89
Landvik;SN38140;27.03.2024 15:00;4,7;88
Landvik;SN38140;27.03.2024 16:00;4,9;87
Landvik;SN38140;27.03.2024 17:00;5,1;86
Landvik;SN38140;27.03.2024 18:00;5,2;86
Landvik;SN38140;27.03.2024 19:00;5,1;86
Landvik;SN38140;27.03.2024 20:00;5,1;86
Landvik;SN38140;27.03.2024 21:00;5;86
Landvik;SN38140;27.03.2024 22:00;4,9;86
Landvik;SN38140;27.03.2024 23:00;5,1;85
Landvik;SN38140;28.03.2024 00:00;5,4;85
Landvik;SN38140;28.03.2024 01:00;5,3;85
Landvik;SN38140;28.03.2024 02:00;5,2;86
Landvik;SN38140;28.03.2024 03:00;5,1;86
Landvik;SN38140;28.03.2024 04:00;5,2;86
Landvik;SN38140;28.03.2024 05:00;5,2;85
Landvik;SN38140;28.03.2024 06:00;5,4;84
Landvik;SN38140;28.03.2024 07:00;5,4;83
Landvik;SN38140;28.03.2024 08:00;5,6;81
Landvik;SN38140;28.03.2024 09:00;5,9;79
Landvik;SN38140;28.03.2024 10:00;7;74
Landvik;SN38140;28.03.2024 11:00;7,9;70
Landvik;SN38140;28.03.2024 12:00;8,4;68
Landvik;SN38140;28.03.2024 13:00;9,1;67
Landvik;SN38140;28.03.2024 14:00;8,6;72
Landvik;SN38140;28.03.2024 15:00;6,8;88
Landvik;SN38140;28.03.2024 16:00;6,5;89
Landvik;SN38140;28.03.2024 17:00;6,6;90
Landvik;SN38140;28.03.2024 18:00;6,8;90
Landvik;SN38140;28.03.2024 19:00;6,8;90
Landvik;SN38140;28.03.2024 20:00;6,6;91
Landvik;SN38140;28.03.2024 21:00;6,5;92
Landvik;SN38140;28.03.2024 22:00;6,4;92
Landvik;SN38140;28.03.2024 23:00;6,5;93
Landvik;SN38140;29.03.2024 00:00;6,3;94
Landvik;SN38140;29.03.2024 01:00;6,1;93
Landvik;SN38140;29.03.2024 02:00;5,7;90
Landvik;SN38140;29.03.2024 03:00;4,9;89
Landvik;SN38140;29.03.2024 04:00;4,2;92
Landvik;SN38140;29.03.2024 05:00;4,5;92
Landvik;SN38140;29.03.2024 06:00;4,5;94
Landvik;SN38140;29.03.2024 07:00;4,7;95
Landvik;SN38140;29.03.2024 08:00;5,3;95
Landvik;SN38140;29.03.2024 09:00;6,3;92
Landvik;SN38140;29.03.2024 10:00;6,9;89
Landvik;SN38140;29.03.2024 11:00;7,2;89
Landvik;SN38140;29.03.2024 12:00;7,7;87
Landvik;SN38140;29.03.2024 13:00;8,3;84
Landvik;SN38140;29.03.2024 14:00;8,4;83
Landvik;SN38140;29.03.2024 15:00;8,6;82
Landvik;SN38140;29.03.2024 16:00;8;85
Landvik;SN38140;29.03.2024 17:00;7,8;85
Landvik;SN38140;29.03.2024 18:00;7,4;86
Landvik;SN38140;29.03.2024 19:00;7,1;88
Landvik;SN38140;29.03.2024 20:00;6,9;89
Landvik;SN38140;29.03.2024 21:00;6,8;87
Landvik;SN38140;29.03.2024 22:00;6,6;91
Landvik;SN38140;29.03.2024 23:00;6,5;93
Landvik;SN38140;30.03.2024 00:00;5,9;94
Landvik;SN38140;30.03.2024 01:00;6,1;94
Landvik;SN38140;30.03.2024 02:00;6,4;94
Landvik;SN38140;30.03.2024 03:00;6,3;94
Landvik;SN38140;30.03.2024 04:00;6,3;94
Landvik;SN38140;30.03.2024 05:00;6,3;94
Landvik;SN38140;30.03.2024 06:00;6,3;95
Landvik;SN38140;30.03.2024 07:00;6,3;94
Landvik;SN38140;30.03.2024 08:00;6,6;94
Landvik;SN38140;30.03.2024 09:00;6,9;93
Landvik;SN38140;30.03.2024 10:00;7,2;90
Landvik;SN38140;30.03.2024 11:00;7,3;89
Landvik;SN38140;30.03.2024 12:00;7,7;88
Landvik;SN38140;30.03.2024 13:00;7,9;87
Landvik;SN38140;30.03.2024 14:00;8,5;85
Landvik;SN38140;30.03.2024 15:00;8,6;84
Landvik;SN38140;30.03.2024 16:00;8,1;86
Landvik;SN38140;30.03.2024 17:00;7,9;85
Landvik;SN38140;30.03.2024 18:00;7,2;87
Landvik;SN38140;30.03.2024 19:00;6,6;90
Landvik;SN38140;30.03.2024 20:00;6,4;92
Landvik;SN38140;30.03.2024 21:00;6,5;92
Landvik;SN38140;30.03.2024 22:00;6,6;93
Landvik;SN38140;30.03.2024 23:00;7,1;92
Landvik;SN38140;31.03.2024 00:00;7,7;89
Landvik;SN38140;31.03.2024 01:00;7,2;89
Landvik;SN38140;31.03.2024 02:00;7;90
Landvik;SN38140;31.03.2024 03:00;7,1;90
Landvik;SN38140;31.03.2024 04:00;6,9;92
Landvik;SN38140;31.03.2024 05:00;6,9;94
Landvik;SN38140;31.03.2024 06:00;6,7;95
Landvik;SN38140;31.03.2024 07:00;6,6;95
Landvik;SN38140;31.03.2024 08:00;7;93
Landvik;SN38140;31.03.2024 09:00;8,4;87
Landvik;SN38140;31.03.2024 10:00;9,8;81
Landvik;SN38140;31.03.2024 11:00;10,9;72
Landvik;SN38140;31.03.2024 12:00;12,2;64
Landvik;SN38140;31.03.2024 13:00;13,4;60
Landvik;SN38140;31.03.2024 14:00;11,4;73
Landvik;SN38140;31.03.2024 15:00;10,9;74
Landvik;SN38140;31.03.2024 16:00;10,9;73
Landvik;SN38140;31.03.2024 17:00;10,5;76
Landvik;SN38140;31.03.2024 18:00;9,4;79
Landvik;SN38140;31.03.2024 19:00;8;85
Landvik;SN38140;31.03.2024 20:00;6;90
Landvik;SN38140;31.03.2024 21:00;4,4;94
Landvik;SN38140;31.03.2024 22:00;4,1;95
Landvik;SN38140;31.03.2024 23:00;4,8;96
Landvik;SN38140;01.04.2024 00:00;4,6;96
Landvik;SN38140;01.04.2024 01:00;4,9;96
Landvik;SN38140;01.04.2024 02:00;3,9;95
Landvik;SN38140;01.04.2024 03:00;3,7;90
Landvik;SN38140;01.04.2024 04:00;4;82
Landvik;SN38140;01.04.2024 05:00;3,9;78
Landvik;SN38140;01.04.2024 06:00;3,1;81
Landvik;SN38140;01.04.2024 07:00;3,3;79
Landvik;SN38140;01.04.2024 08:00;5,2;69
Landvik;SN38140;01.04.2024 09:00;7,9;59
Landvik;SN38140;01.04.2024 10:00;9,6;55
Landvik;SN38140;01.04.2024 11:00;10;54
Landvik;SN38140;01.04.2024 12:00;10,2;54
Landvik;SN38140;01.04.2024 13:00;11,3;51
Landvik;SN38140;01.04.2024 14:00;11,6;50
Landvik;SN38140;01.04.2024 15:00;11,5;54
Landvik;SN38140;01.04.2024 16:00;11,9;53
Landvik;SN38140;01.04.2024 17:00;11,1;55
Landvik;SN38140;01.04.2024 18:00;10,4;56
Landvik;SN38140;01.04.2024 19:00;10;57
Landvik;SN38140;01.04.2024 20:00;10,1;57
Landvik;SN38140;01.04.2024 21:00;9,9;58
Landvik;SN38140;01.04.2024 22:00;9,8;59
Landvik;SN38140;01.04.2024 23:00;9,7;58
Landvik;SN38140;02.04.2024 00:00;8,9;61
Landvik;SN38140;02.04.2024 01:00;8,2;60
Landvik;SN38140;02.04.2024 02:00;7,5;62
Landvik;SN38140;02.04.2024 03:00;6,7;63
Landvik;SN38140;02.04.2024 04:00;5,9;63
Landvik;SN38140;02.04.2024 05:00;5,3;64
Landvik;SN38140;02.04.2024 06:00;4,6;65
Landvik;SN38140;02.04.2024 07:00;4,1;65
Landvik;SN38140;02.04.2024 08:00;4,1;66
Landvik;SN38140;02.04.2024 09:00;4,2;64
Landvik;SN38140;02.04.2024 10:00;4,4;61
Landvik;SN38140;02.04.2024 11:00;5;60
Landvik;SN38140;02.04.2024 12:00;5,5;58
Landvik;SN38140;02.04.2024 13:00;6;56
Landvik;SN38140;02.04.2024 14:00;6,3;55
Landvik;SN38140;02.04.2024 15:00;6,4;55
Landvik;SN38140;02.04.2024 16:00;6,6;55
Landvik;SN38140;02.04.2024 17:00;6,1;59
Landvik;SN38140;02.04.2024 18:00;5;66
Landvik;SN38140;02.04.2024 19:00;4,5;66
Landvik;SN38140;02.04.2024 20:00;3,7;71
Landvik;SN38140;02.04.2024 21:00;1,9;82
Landvik;SN38140;02.04.2024 22:00;1,1;87
Landvik;SN38140;02.04.2024 23:00;0,7;88
Landvik;SN38140;03.04.2024 00:00;0,1;89
Landvik;SN38140;03.04.2024 01:00;-0,4;90
Landvik;SN38140;03.04.2024 02:00;-1,1;91
Landvik;SN38140;03.04.2024 03:00;-1,7;91
Landvik;SN38140;03.04.2024 04:00;-1,1;88
Landvik;SN38140;03.04.2024 05:00;0,2;74
Landvik;SN38140;03.04.2024 06:00;0,6;68
Landvik;SN38140;03.04.2024 07:00;0,7;66
Landvik;SN38140;03.04.2024 08:00;1,8;58
Landvik;SN38140;03.04.2024 09:00;2,8;50
Landvik;SN38140;03.04.2024 10:00;3;47
Landvik;SN38140;03.04.2024 11:00;3,7;46
Landvik;SN38140;03.04.2024 12:00;4;48
Landvik;SN38140;03.04.2024 13:00;4,4;48
Landvik;SN38140;03.04.2024 14:00;4,5;49
Landvik;SN38140;03.04.2024 15:00;4,2;48
Landvik;SN38140;03.04.2024 16:00;4;49
Landvik;SN38140;03.04.2024 17:00;4;47
Landvik;SN38140;03.04.2024 18:00;3,7;45
Landvik;SN38140;03.04.2024 19:00;3,3;45
Landvik;SN38140;03.04.2024 20:00;3,3;46
Landvik;SN38140;03.04.2024 21:00;3,3;46
Landvik;SN38140;03.04.2024 22:00;3,4;48
Landvik;SN38140;03.04.2024 23:00;2,8;60
Landvik;SN38140;04.04.2024 00:00;2,6;55
Landvik;SN38140;04.04.2024 01:00;2,3;57
Landvik;SN38140;04.04.2024 02:00;2,1;63
Landvik;SN38140;04.04.2024 03:00;1,9;60
Landvik;SN38140;04.04.2024 04:00;1,8;60
Landvik;SN38140;04.04.2024 05:00;1,6;65
Landvik;SN38140;04.04.2024 06:00;1;81
Landvik;SN38140;04.04.2024 07:00;0,4;90
Landvik;SN38140;04.04.2024 08:00;0,2;91
Landvik;SN38140;04.04.2024 09:00;-0,6;92
Landvik;SN38140;04.04.2024 10:00;-0,8;92
Landvik;SN38140;04.04.2024 11:00;-0,9;92
Landvik;SN38140;04.04.2024 12:00;-0,8;92
Landvik;SN38140;04.04.2024 13:00;-0,6;92
Landvik;SN38140;04.04.2024 14:00;-0,4;92
Landvik;SN38140;04.04.2024 15:00;-0,5;92
Landvik;SN38140;04.04.2024 16:00;-0,4;92
Landvik;SN38140;04.04.2024 17:00;-0,3;93
Landvik;SN38140;04.04.2024 18:00;-1,1;93
Landvik;SN38140;04.04.2024 19:00;-1,7;93
Landvik;SN38140;04.04.2024 20:00;-1,9;92
Landvik;SN38140;04.04.2024 21:00;-1,9;91
Landvik;SN38140;04.04.2024 22:00;-1,9;91
Landvik;SN38140;04.04.2024 23:00;-1,6;88
Landvik;SN38140;05.04.2024 00:00;-1,4;89
Landvik;SN38140;05.04.2024 01:00;-1,2;88
Landvik;SN38140;05.04.2024 02:00;-0,9;86
Landvik;SN38140;05.04.2024 03:00;-1;85
Landvik;SN38140;05.04.2024 04:00;-0,7;82
Landvik;SN38140;05.04.2024 05:00;-0,5;81
Landvik;SN38140;05.04.2024 06:00;-1,1;80
Landvik;SN38140;05.04.2024 07:00;-2,4;84
Landvik;SN38140;05.04.2024 08:00;-0,1;74
Landvik;SN38140;05.04.2024 09:00;1;71
Landvik;SN38140;05.04.2024 10:00;2,1;69
Landvik;SN38140;05.04.2024 11:00;2,7;68
Landvik;SN38140;05.04.2024 12:00;2,4;72
Landvik;SN38140;05.04.2024 13:00;1,9;75
Landvik;SN38140;05.04.2024 14:00;1,8;77
Landvik;SN38140;05.04.2024 15:00;0,9;87
Landvik;SN38140;05.04.2024 16:00;0,7;90
Landvik;SN38140;05.04.2024 17:00;0,6;91
Landvik;SN38140;05.04.2024 18:00;0,7;90
Landvik;SN38140;05.04.2024 19:00;0,7;90
Landvik;SN38140;05.04.2024 20:00;0,7;90
Landvik;SN38140;05.04.2024 21:00;0,8;88
Landvik;SN38140;05.04.2024 22:00;0,8;88
Landvik;SN38140;05.04.2024 23:00;0,9;88
Landvik;SN38140;06.04.2024 00:00;1;89
Landvik;SN38140;06.04.2024 01:00;1;91
Landvik;SN38140;06.04.2024 02:00;1,1;90
Landvik;SN38140;06.04.2024 03:00;1,1;91
Landvik;SN38140;06.04.2024 04:00;1;91
Landvik;SN38140;06.04.2024 05:00;1;92
Landvik;SN38140;06.04.2024 06:00;0,8;93
Landvik;SN38140;06.04.2024 07:00;1;94
Landvik;SN38140;06.04.2024 08:00;1,7;92
Landvik;SN38140;06.04.2024 09:00;2,5;84
Landvik;SN38140;06.04.2024 10:00;3,1;80
Landvik;SN38140;06.04.2024 11:00;3,5;80
Landvik;SN38140;06.04.2024 12:00;3,7;78
Landvik;SN38140;06.04.2024 13:00;3,7;82
Landvik;SN38140;06.04.2024 14:00;3,4;87
Landvik;SN38140;06.04.2024 15:00;3,1;90
Landvik;SN38140;06.04.2024 16:00;3;91
Landvik;SN38140;06.04.2024 17:00;2,8;93
Landvik;SN38140;06.04.2024 18:00;2,9;93
Landvik;SN38140;06.04.2024 19:00;2,9;94
Landvik;SN38140;06.04.2024 20:00;3;95
Landvik;SN38140;06.04.2024 21:00;3;96
Landvik;SN38140;06.04.2024 22:00;3,2;96
Landvik;SN38140;06.04.2024 23:00;3,4;96
Landvik;SN38140;07.04.2024 00:00;3,5;96
Landvik;SN38140;07.04.2024 01:00;3,6;96
Landvik;SN38140;07.04.2024 02:00;3,3;96
Landvik;SN38140;07.04.2024 03:00;2,4;96
Landvik;SN38140;07.04.2024 04:00;2,1;96
Landvik;SN38140;07.04.2024 05:00;1,9;97
Landvik;SN38140;07.04.2024 06:00;2;97
Landvik;SN38140;07.04.2024 07:00;2,2;97
Landvik;SN38140;07.04.2024 08:00;2,5;97
Landvik;SN38140;07.04.2024 09:00;5,7;96
Landvik;SN38140;07.04.2024 10:00;9,1;87
Landvik;SN38140;07.04.2024 11:00;10;81
Landvik;SN38140;07.04.2024 12:00;10,3;78
Landvik;SN38140;07.04.2024 13:00;10,7;75
Landvik;SN38140;07.04.2024 14:00;11,6;70
Landvik;SN38140;07.04.2024 15:00;11,1;72
Landvik;SN38140;07.04.2024 16:00;9,7;78
Landvik;SN38140;07.04.2024 17:00;9;82
Landvik;SN38140;07.04.2024 18:00;9;82
Landvik;SN38140;07.04.2024 19:00;8,8;82
Landvik;SN38140;07.04.2024 20:00;8,6;83
Landvik;SN38140;07.04.2024 21:00;8,7;83
Landvik;SN38140;07.04.2024 22:00;8,5;84
Landvik;SN38140;07.04.2024 23:00;8;89
Landvik;SN38140;08.04.2024 00:00;7,7;92
Landvik;SN38140;08.04.2024 01:00;8;92
Landvik;SN38140;08.04.2024 02:00;7,8;92
Landvik;SN38140;08.04.2024 03:00;7,7;92
Landvik;SN38140;08.04.2024 04:00;7,6;93
Landvik;SN38140;08.04.2024 05:00;7,6;93
Landvik;SN38140;08.04.2024 06:00;7,4;93
Landvik;SN38140;08.04.2024 07:00;7,5;93
Landvik;SN38140;08.04.2024 08:00;8,3;92
Landvik;SN38140;08.04.2024 09:00;8,9;89
Landvik;SN38140;08.04.2024 10:00;10;82
Landvik;SN38140;08.04.2024 11:00;11,3;75
Landvik;SN38140;08.04.2024 12:00;12;76
Landvik;SN38140;08.04.2024 13:00;12;75
Landvik;SN38140;08.04.2024 14:00;12,8;71
Landvik;SN38140;08.04.2024 15:00;12,2;72
Landvik;SN38140;08.04.2024 16:00;10,3;80
Landvik;SN38140;08.04.2024 17:00;10;80
Landvik;SN38140;08.04.2024 18:00;10,4;75
Landvik;SN38140;08.04.2024 19:00;9,1;82
Landvik;SN38140;08.04.2024 20:00;8,1;87
Landvik;SN38140;08.04.2024 21:00;7;91
Landvik;SN38140;08.04.2024 22:00;6,1;93
Landvik;SN38140;08.04.2024 23:00;5,4;95
Landvik;SN38140;09.04.2024 00:00;5,1;96
Landvik;SN38140;09.04.2024 01:00;5,2;96
Landvik;SN38140;09.04.2024 02:00;4,8;96
Landvik;SN38140;09.04.2024 03:00;3,7;96
Landvik;SN38140;09.04.2024 04:00;3,5;96
Landvik;SN38140;09.04.2024 05:00;4;97
Landvik;SN38140;09.04.2024 06:00;4,4;97
Landvik;SN38140;09.04.2024 07:00;5,5;97
Landvik;SN38140;09.04.2024 08:00;6,7;94
Landvik;SN38140;09.04.2024 09:00;7,1;91
Landvik;SN38140;09.04.2024 10:00;8,2;88
Landvik;SN38140;09.04.2024 11:00;8,3;87
Landvik;SN38140;09.04.2024 12:00;8,1;91
Landvik;SN38140;09.04.2024 13:00;8;92
Landvik;SN38140;09.04.2024 14:00;8,2;92
Landvik;SN38140;09.04.2024 15:00;8,4;93
Landvik;SN38140;09.04.2024 16:00;8,8;94
Landvik;SN38140;09.04.2024 17:00;8,6;93
Landvik;SN38140;09.04.2024 18:00;8,2;94
Landvik;SN38140;09.04.2024 19:00;8,1;92
Landvik;SN38140;09.04.2024 20:00;8;90
Landvik;SN38140;09.04.2024 21:00;7,5;90
Landvik;SN38140;09.04.2024 22:00;7,6;87
Landvik;SN38140;09.04.2024 23:00;7,9;85
Landvik;SN38140;10.04.2024 00:00;7,7;88
Landvik;SN38140;10.04.2024 01:00;7,6;89
Landvik;SN38140;10.04.2024 02:00;7,4;90
Landvik;SN38140;10.04.2024 03:00;7,2;91
Landvik;SN38140;10.04.2024 04:00;6,6;93
Landvik;SN38140;10.04.2024 05:00;6,4;95
Landvik;SN38140;10.04.2024 06:00;6,3;95
Landvik;SN38140;10.04.2024 07:00;6,6;94
Landvik;SN38140;10.04.2024 08:00;7,9;89
Landvik;SN38140;10.04.2024 09:00;9,4;75
Landvik;SN38140;10.04.2024 10:00;10;61
Landvik;SN38140;10.04.2024 11:00;10,4;55
Landvik;SN38140;10.04.2024 12:00;11,1;48
Landvik;SN38140;10.04.2024 13:00;11,6;44
Landvik;SN38140;10.04.2024 14:00;11,7;42
Landvik;SN38140;10.04.2024 15:00;11,3;43
Landvik;SN38140;10.04.2024 16:00;11,8;43
Landvik;SN38140;10.04.2024 17:00;10,9;44
Landvik;SN38140;10.04.2024 18:00;10,1;48
Landvik;SN38140;10.04.2024 19:00;9;52
Landvik;SN38140;10.04.2024 20:00;7,7;60
Landvik;SN38140;10.04.2024 21:00;6,3;79
Landvik;SN38140;10.04.2024 22:00;5,8;84
Landvik;SN38140;10.04.2024 23:00;6;87
Landvik;SN38140;11.04.2024 00:00;6,6;88
Landvik;SN38140;11.04.2024 01:00;6,6;90
Landvik;SN38140;11.04.2024 02:00;6,6;93
Landvik;SN38140;11.04.2024 03:00;6,7;94
Landvik;SN38140;11.04.2024 04:00;7;94
Landvik;SN38140;11.04.2024 05:00;7,2;94
Landvik;SN38140;11.04.2024 06:00;7,4;94
Landvik;SN38140;11.04.2024 07:00;7,9;93
Landvik;SN38140;11.04.2024 08:00;8,3;94
Landvik;SN38140;11.04.2024 09:00;9,8;91
Landvik;SN38140;11.04.2024 10:00;11,9;83
Landvik;SN38140;11.04.2024 11:00;13,9;74
Landvik;SN38140;11.04.2024 12:00;15,4;64
Landvik;SN38140;11.04.2024 13:00;16,1;60
Landvik;SN38140;11.04.2024 14:00;16,7;59
Landvik;SN38140;11.04.2024 15:00;17,2;57
Landvik;SN38140;11.04.2024 16:00;16,9;56
Landvik;SN38140;11.04.2024 17:00;16,6;51
Landvik;SN38140;11.04.2024 18:00;15,7;48
Landvik;SN38140;11.04.2024 19:00;13,8;53
Landvik;SN38140;11.04.2024 20:00;11,9;57
Landvik;SN38140;11.04.2024 21:00;10,4;62
Landvik;SN38140;11.04.2024 22:00;8,8;71
Landvik;SN38140;11.04.2024 23:00;7,8;76
Landvik;SN38140;12.04.2024 00:00;6,7;81
Landvik;SN38140;12.04.2024 01:00;6,6;83
Landvik;SN38140;12.04.2024 02:00;6,5;85
Landvik;SN38140;12.04.2024 03:00;7,2;82
Landvik;SN38140;12.04.2024 04:00;7;85
Landvik;SN38140;12.04.2024 05:00;7,5;86
Landvik;SN38140;12.04.2024 06:00;8;89
Landvik;SN38140;12.04.2024 07:00;8;91
Landvik;SN38140;12.04.2024 08:00;8;94
Landvik;SN38140;12.04.2024 09:00;8,1;94
Landvik;SN38140;12.04.2024 10:00;8,1;94
Landvik;SN38140;12.04.2024 11:00;8,4;94
Landvik;SN38140;12.04.2024 12:00;9,7;92
Landvik;SN38140;12.04.2024 13:00;12,2;85
Landvik;SN38140;12.04.2024 14:00;13,9;80
Landvik;SN38140;12.04.2024 15:00;15,5;72
Landvik;SN38140;12.04.2024 16:00;15,3;72
Landvik;SN38140;12.04.2024 17:00;14,4;76
Landvik;SN38140;12.04.2024 18:00;13,5;77
Landvik;SN38140;12.04.2024 19:00;12,6;80
Landvik;SN38140;12.04.2024 20:00;11,6;83
Landvik;SN38140;12.04.2024 21:00;10,2;87
Landvik;SN38140;12.04.2024 22:00;9;92
Landvik;SN38140;12.04.2024 23:00;7,9;93
Landvik;SN38140;13.04.2024 00:00;8;94
Landvik;SN38140;13.04.2024 01:00;8,3;93
Landvik;SN38140;13.04.2024 02:00;8,3;93
Landvik;SN38140;13.04.2024 03:00;8,3;94
Landvik;SN38140;13.04.2024 04:00;7,9;95
Landvik;SN38140;13.04.2024 05:00;8,1;94
Landvik;SN38140;13.04.2024 06:00;8,2;93
Landvik;SN38140;13.04.2024 07:00;8,5;92
Landvik;SN38140;13.04.2024 08:00;9,8;87
Landvik;SN38140;13.04.2024 09:00;12,1;73
Landvik;SN38140;13.04.2024 10:00;13,8;60
Landvik;SN38140;13.04.2024 11:00;15;49
Landvik;SN38140;13.04.2024 12:00;16;46
Landvik;SN38140;13.04.2024 13:00;16,3;43
Landvik;SN38140;13.04.2024 14:00;16,4;41
Landvik;SN38140;13.04.2024 15:00;15,3;47
Landvik;SN38140;13.04.2024 16:00;14,1;57
Landvik;SN38140;13.04.2024 17:00;13;58
Landvik;SN38140;13.04.2024 18:00;11,7;65
Landvik;SN38140;13.04.2024 19:00;9,9;77
Landvik;SN38140;13.04.2024 20:00;8,4;91
Landvik;SN38140;13.04.2024 21:00;8,1;93
Landvik;SN38140;13.04.2024 22:00;8,1;93
Landvik;SN38140;13.04.2024 23:00;8,2;92
Landvik;SN38140;14.04.2024 00:00;8,5;89
Landvik;SN38140;14.04.2024 01:00;8,3;84
Landvik;SN38140;14.04.2024 02:00;7,4;81
Landvik;SN38140;14.04.2024 03:00;6,5;78
Landvik;SN38140;14.04.2024 04:00;6,2;75
Landvik;SN38140;14.04.2024 05:00;6,1;74
Landvik;SN38140;14.04.2024 06:00;6;73
Landvik;SN38140;14.04.2024 07:00;6,6;69
Landvik;SN38140;14.04.2024 08:00;7,7;63
Landvik;SN38140;14.04.2024 09:00;8,8;59
Landvik;SN38140;14.04.2024 10:00;9,7;57
Landvik;SN38140;14.04.2024 11:00;10,7;52
Landvik;SN38140;14.04.2024 12:00;11,1;51
Landvik;SN38140;14.04.2024 13:00;11,3;50
Landvik;SN38140;14.04.2024 14:00;12;45
Landvik;SN38140;14.04.2024 15:00;12,7;40
Landvik;SN38140;14.04.2024 16:00;12,3;41
Landvik;SN38140;14.04.2024 17:00;11,7;43
Landvik;SN38140;14.04.2024 18:00;10,9;45
Landvik;SN38140;14.04.2024 19:00;9,5;50
Landvik;SN38140;14.04.2024 20:00;7,9;53
Landvik;SN38140;14.04.2024 21:00;6,9;57
Landvik;SN38140;14.04.2024 22:00;5,9;62
Landvik;SN38140;14.04.2024 23:00;5,2;66
Landvik;SN38140;15.04.2024 00:00;4,9;66
Landvik;SN38140;15.04.2024 01:00;3,4;73
Landvik;SN38140;15.04.2024 02:00;2;80
Landvik;SN38140;15.04.2024 03:00;0,8;86
Landvik;SN38140;15.04.2024 04:00;-0,2;90
Landvik;SN38140;15.04.2024 05:00;-0,5;92
Landvik;SN38140;15.04.2024 06:00;-0,6;92
Landvik;SN38140;15.04.2024 07:00;0,3;93
Landvik;SN38140;15.04.2024 08:00;3,9;78
Landvik;SN38140;15.04.2024 09:00;6,9;61
Landvik;SN38140;15.04.2024 10:00;6,8;63
Landvik;SN38140;15.04.2024 11:00;6,3;72
Landvik;SN38140;15.04.2024 12:00;6,8;72
Landvik;SN38140;15.04.2024 13:00;6;85
Landvik;SN38140;15.04.2024 14:00;5,7;88
Landvik;SN38140;15.04.2024 15:00;6;90
Landvik;SN38140;15.04.2024 16:00;6,1;91
Landvik;SN38140;15.04.2024 17:00;6,2;90
Landvik;SN38140;15.04.2024 18:00;6,2;88
Landvik;SN38140;15.04.2024 19:00;6,2;88
Landvik;SN38140;15.04.2024 20:00;6;88
Landvik;SN38140;15.04.2024 21:00;5,8;89
Landvik;SN38140;15.04.2024 22:00;5,3;88
Landvik;SN38140;15.04.2024 23:00;4,9;90
Landvik;SN38140;16.04.2024 00:00;4,1;90
Landvik;SN38140;16.04.2024 01:00;3,5;87
Landvik;SN38140;16.04.2024 02:00;3,3;74
Landvik;SN38140;16.04.2024 03:00;3;71
Landvik;SN38140;16.04.2024 04:00;2,9;72
Landvik;SN38140;16.04.2024 05:00;2,8;71
Landvik;SN38140;16.04.2024 06:00;2,8;68
Landvik;SN38140;16.04.2024 07:00;4,4;60
Landvik;SN38140;16.04.2024 08:00;6,1;57
Landvik;SN38140;16.04.2024 09:00;7,9;50
Landvik;SN38140;16.04.2024 10:00;9,5;41
Landvik;SN38140;16.04.2024 11:00;10,8;35
Landvik;SN38140;16.04.2024 12:00;11;41
Landvik;SN38140;16.04.2024 13:00;10,8;37
Landvik;SN38140;16.04.2024 14:00;10,6;34
Landvik;SN38140;16.04.2024 15:00;10,1;34
Landvik;SN38140;16.04.2024 16:00;9,8;40
Landvik;SN38140;16.04.2024 17:00;9,7;44
Landvik;SN38140;16.04.2024 18:00;8,9;49
Landvik;SN38140;16.04.2024 19:00;8;52
Landvik;SN38140;16.04.2024 20:00;6,5;58
Landvik;SN38140;16.04.2024 21:00;4,3;76
Landvik;SN38140;16.04.2024 22:00;2,9;83
Landvik;SN38140;16.04.2024 23:00;1,5;87
Landvik;SN38140;17.04.2024 00:00;0,7;90
Landvik;SN38140;17.04.2024 01:00;0,8;88
Landvik;SN38140;17.04.2024 02:00;-0,1;88
Landvik;SN38140;17.04.2024 03:00;-0,6;86
Landvik;SN38140;17.04.2024 04:00;-1,3;88
Landvik;SN38140;17.04.2024 05:00;-0,8;87
Landvik;SN38140;17.04.2024 06:00;-1;85
Landvik;SN38140;17.04.2024 07:00;1,8;74
Landvik;SN38140;17.04.2024 08:00;5,1;62
Landvik;SN38140;17.04.2024 09:00;8,2;49
Landvik;SN38140;17.04.2024 10:00;9,7;38
Landvik;SN38140;17.04.2024 11:00;10,5;42
Landvik;SN38140;17.04.2024 12:00;11;40
Landvik;SN38140;17.04.2024 13:00;11,3;36
Landvik;SN38140;17.04.2024 14:00;11,3;34
Landvik;SN38140;17.04.2024 15:00;11,2;37
Landvik;SN38140;17.04.2024 16:00;11;39
Landvik;SN38140;17.04.2024 17:00;10,8;39
Landvik;SN38140;17.04.2024 18:00;10,5;38
Landvik;SN38140;17.04.2024 19:00;9,4;44
Landvik;SN38140;17.04.2024 20:00;7,5;63
Landvik;SN38140;17.04.2024 21:00;5,6;73
Landvik;SN38140;17.04.2024 22:00;5,4;75
Landvik;SN38140;17.04.2024 23:00;4,3;85
Landvik;SN38140;18.04.2024 00:00;3,1;91
Landvik;SN38140;18.04.2024 01:00;2,1;92
Landvik;SN38140;18.04.2024 02:00;1,4;88
Landvik;SN38140;18.04.2024 03:00;1,4;81
Landvik;SN38140;18.04.2024 04:00;1,2;76
Landvik;SN38140;18.04.2024 05:00;0,9;74
Landvik;SN38140;18.04.2024 06:00;0,8;73
Landvik;SN38140;18.04.2024 07:00;2,4;63
Landvik;SN38140;18.04.2024 08:00;4,2;51
Landvik;SN38140;18.04.2024 09:00;6,1;45
Landvik;SN38140;18.04.2024 10:00;7,4;44
Landvik;SN38140;18.04.2024 11:00;7,6;48
Landvik;SN38140;18.04.2024 12:00;7,5;49
Landvik;SN38140;18.04.2024 13:00;7,4;50
Landvik;SN38140;18.04.2024 14:00;7;56
Landvik;SN38140;18.04.2024 15:00;7,2;57
Landvik;SN38140;18.04.2024 16:00;6,8;59
Landvik;SN38140;18.04.2024 17:00;6,2;62
Landvik;SN38140;18.04.2024 18:00;5,7;65
Landvik;SN38140;18.04.2024 19:00;5,4;67
Landvik;SN38140;18.04.2024 20:00;5,1;70
Landvik;SN38140;18.04.2024 21:00;4,4;74
Landvik;SN38140;18.04.2024 22:00;4;79
Landvik;SN38140;18.04.2024 23:00;3,9;77
Landvik;SN38140;19.04.2024 00:00;4,4;67
Landvik;SN38140;19.04.2024 01:00;4,4;67
Landvik;SN38140;19.04.2024 02:00;5,2;64
Landvik;SN38140;19.04.2024 03:00;5,2;62
Landvik;SN38140;19.04.2024 04:00;4,9;64
Landvik;SN38140;19.04.2024 05:00;5,1;70
Landvik;SN38140;19.04.2024 06:00;5;66
Landvik;SN38140;19.04.2024 07:00;4,8;65
Landvik;SN38140;19.04.2024 08:00;5;63
Landvik;SN38140;19.04.2024 09:00;4,9;63
Landvik;SN38140;19.04.2024 10:00;5;62
Landvik;SN38140;19.04.2024 11:00;5,7;58
Landvik;SN38140;19.04.2024 12:00;5,3;61
Landvik;SN38140;19.04.2024 13:00;6,4;56
Landvik;SN38140;19.04.2024 14:00;6,8;56
Landvik;SN38140;19.04.2024 15:00;6,8;54
Landvik;SN38140;19.04.2024 16:00;6,8;55
Landvik;SN38140;19.04.2024 17:00;6,9;54
Landvik;SN38140;19.04.2024 18:00;5,9;61
Landvik;SN38140;19.04.2024 19:00;4,9;67
Landvik;SN38140;19.04.2024 20:00;4,9;67
Landvik;SN38140;19.04.2024 21:00;4,3;70
Landvik;SN38140;19.04.2024 22:00;3,6;76
Landvik;SN38140;19.04.2024 23:00;2,8;81
Landvik;SN38140;20.04.2024 00:00;2,3;84
Landvik;SN38140;20.04.2024 01:00;2,2;85
Landvik;SN38140;20.04.2024 02:00;2,1;86
Landvik;SN38140;20.04.2024 03:00;1,6;88
Landvik;SN38140;20.04.2024 04:00;0,5;90
Landvik;SN38140;20.04.2024 05:00;-0,6;92
Landvik;SN38140;20.04.2024 06:00;-0,9;94
Landvik;SN38140;20.04.2024 07:00;2;82
Landvik;SN38140;20.04.2024 08:00;5,5;57
Landvik;SN38140;20.04.2024 09:00;8;48
Landvik;SN38140;20.04.2024 10:00;9,7;40
Landvik;SN38140;20.04.2024 11:00;10,6;37
Landvik;SN38140;20.04.2024 12:00;8,6;42
Landvik;SN38140;20.04.2024 13:00;7;52
Landvik;SN38140;20.04.2024 14:00;5,8;67
Landvik;SN38140;20.04.2024 15:00;3,8;82
Landvik;SN38140;20.04.2024 16:00;3,8;87
Landvik;SN38140;20.04.2024 17:00;5,2;82
Landvik;SN38140;20.04.2024 18:00;5,8;75
Landvik;SN38140;20.04.2024 19:00;4,3;82
Landvik;SN38140;20.04.2024 20:00;4;84
Landvik;SN38140;20.04.2024 21:00;2,8;89
Landvik;SN38140;20.04.2024 22:00;2,7;83
Landvik;SN38140;20.04.2024 23:00;4,6;61
Landvik;SN38140;21.04.2024 00:00;4,7;57
Landvik;SN38140;21.04.2024 01:00;4,7;54
Landvik;SN38140;21.04.2024 02:00;4;57
Landvik;SN38140;21.04.2024 03:00;4,2;54
Landvik;SN38140;21.04.2024 04:00;4,1;52
Landvik;SN38140;21.04.2024 05:00;3,7;53
Landvik;SN38140;21.04.2024 06:00;3,4;54
Landvik;SN38140;21.04.2024 07:00;4,7;48
Landvik;SN38140;21.04.2024 08:00;5,9;45
Landvik;SN38140;21.04.2024 09:00;6,8;41
Landvik;SN38140;21.04.2024 10:00;7,9;38
Landvik;SN38140;21.04.2024 11:00;8,9;42
Landvik;SN38140;21.04.2024 12:00;8,3;42
Landvik;SN38140;21.04.2024 13:00;8,4;45
Landvik;SN38140;21.04.2024 14:00;8,5;47
Landvik;SN38140;21.04.2024 15:00;8,5;47
Landvik;SN38140;21.04.2024 16:00;8,7;44
Landvik;SN38140;21.04.2024 17:00;8,6;37
Landvik;SN38140;21.04.2024 18:00;8,5;33
Landvik;SN38140;21.04.2024 19:00;8,1;30
Landvik;SN38140;21.04.2024 20:00;4,8;47
Landvik;SN38140;21.04.2024 21:00;2,2;65
Landvik;SN38140;21.04.2024 22:00;0,8;74
Landvik;SN38140;21.04.2024 23:00;0;80
Landvik;SN38140;22.04.2024 00:00;-0,3;82
Landvik;SN38140;22.04.2024 01:00;-0,6;85
Landvik;SN38140;22.04.2024 02:00;-0,4;87
Landvik;SN38140;22.04.2024 03:00;-1,2;88
Landvik;SN38140;22.04.2024 04:00;-1,6;90
Landvik;SN38140;22.04.2024 05:00;-1,5;91
Landvik;SN38140;22.04.2024 06:00;-1,2;91
Landvik;SN38140;22.04.2024 07:00;1,3;80
Landvik;SN38140;22.04.2024 08:00;3,8;63
Landvik;SN38140;22.04.2024 09:00;5,1;67
Landvik;SN38140;22.04.2024 10:00;6;63
Landvik;SN38140;22.04.2024 11:00;6,7;58
Landvik;SN38140;22.04.2024 12:00;6,9;56
Landvik;SN38140;22.04.2024 13:00;6,8;56
Landvik;SN38140;22.04.2024 14:00;6,8;57
Landvik;SN38140;22.04.2024 15:00;7,2;58
Landvik;SN38140;22.04.2024 16:00;7,3;59
Landvik;SN38140;22.04.2024 17:00;7,5;61
Landvik;SN38140;22.04.2024 18:00;7,8;61
Landvik;SN38140;22.04.2024 19:00;7,1;64
Landvik;SN38140;22.04.2024 20:00;6;72
Landvik;SN38140;22.04.2024 21:00;4,9;77
Landvik;SN38140;22.04.2024 22:00;4,5;75
Landvik;SN38140;22.04.2024 23:00;2,9;78
Landvik;SN38140;23.04.2024 00:00;3;76
Landvik;SN38140;23.04.2024 01:00;3;69
Landvik;SN38140;23.04.2024 02:00;1,8;77
Landvik;SN38140;23.04.2024 03:00;4,5;61
Landvik;SN38140;23.04.2024 04:00;3,3;73
Landvik;SN38140;23.04.2024 05:00;3,4;72
Landvik;SN38140;23.04.2024 06:00;3,4;76
Landvik;SN38140;23.04.2024 07:00;3,8;77
Landvik;SN38140;23.04.2024 08:00;5,9;64
Landvik;SN38140;23.04.2024 09:00;8,2;50
Landvik;SN38140;23.04.2024 10:00;10,1;43
Landvik;SN38140;23.04.2024 11:00;9,9;47
Landvik;SN38140;23.04.2024 12:00;9,4;54
Landvik;SN38140;23.04.2024 13:00;9;54
Landvik;SN38140;23.04.2024 14:00;8,7;51
Landvik;SN38140;23.04.2024 15:00;8,7;50
Landvik;SN38140;23.04.2024 16:00;8,7;48
Landvik;SN38140;23.04.2024 17:00;8,4;48
Landvik;SN38140;23.04.2024 18:00;7,9;49
Landvik;SN38140;23.04.2024 19:00;7,8;49
Landvik;SN38140;23.04.2024 20:00;7,4;48
Landvik;SN38140;23.04.2024 21:00;6,3;54
Landvik;SN38140;23.04.2024 22:00;5;60
Landvik;SN38140;23.04.2024 23:00;3,6;66
Landvik;SN38140;24.04.2024 00:00;3,7;69
Landvik;SN38140;24.04.2024 01:00;3,5;67
Landvik;SN38140;24.04.2024 02:00;2,4;72
Landvik;SN38140;24.04.2024 03:00;3,4;61
Landvik;SN38140;24.04.2024 04:00;3,2;60
Landvik;SN38140;24.04.2024 05:00;2,9;61
Landvik;SN38140;24.04.2024 06:00;2,9;62
Landvik;SN38140;24.04.2024 07:00;4,4;58
Landvik;SN38140;24.04.2024 08:00;6,7;50
Landvik;SN38140;24.04.2024 09:00;8,1;48
Landvik;SN38140;24.04.2024 10:00;8,9;46
Landvik;SN38140;24.04.2024 11:00;9;47
Landvik;SN38140;24.04.2024 12:00;9,1;50
Landvik;SN38140;24.04.2024 13:00;9,2;51
Landvik;SN38140;24.04.2024 14:00;9,4;51
Landvik;SN38140;24.04.2024 15:00;8,9;51
Landvik;SN38140;24.04.2024 16:00;7,9;56
Landvik;SN38140;24.04.2024 17:00;6;70
Landvik;SN38140;24.04.2024 18:00;5,5;73
Landvik;SN38140;24.04.2024 19:00;5,3;72
Landvik;SN38140;24.04.2024 20:00;4,9;75
Landvik;SN38140;24.04.2024 21:00;4,4;78
Landvik;SN38140;24.04.2024 22:00;4;81
Landvik;SN38140;24.04.2024 23:00;3,6;83
Landvik;SN38140;25.04.2024 00:00;2,6;88
Landvik;SN38140;25.04.2024 01:00;2,1;91
Landvik;SN38140;25.04.2024 02:00;2,5;88
Landvik;SN38140;25.04.2024 03:00;2,7;87
Landvik;SN38140;25.04.2024 04:00;3,1;85
Landvik;SN38140;25.04.2024 05:00;2,8;87
Landvik;SN38140;25.04.2024 06:00;2,6;89
Landvik;SN38140;25.04.2024 07:00;3;88
Landvik;SN38140;25.04.2024 08:00;3,2;89
Landvik;SN38140;25.04.2024 09:00;3,2;91
Landvik;SN38140;25.04.2024 10:00;3,8;91
Landvik;SN38140;25.04.2024 11:00;4,1;90
Landvik;SN38140;25.04.2024 12:00;4,5;88
Landvik;SN38140;25.04.2024 13:00;5,9;84
Landvik;SN38140;25.04.2024 14:00;7,9;71
Landvik;SN38140;25.04.2024 15:00;9;65
Landvik;SN38140;25.04.2024 16:00;8,6;65
Landvik;SN38140;25.04.2024 17:00;8,9;63
Landvik;SN38140;25.04.2024 18:00;8,1;69
Landvik;SN38140;25.04.2024 19:00;7,3;69
Landvik;SN38140;25.04.2024 20:00;6,2;76
Landvik;SN38140;25.04.2024 21:00;5,5;80
Landvik;SN38140;25.04.2024 22:00;4,8;82
Landvik;SN38140;25.04.2024 23:00;4;86
Landvik;SN38140;26.04.2024 00:00;4,6;83
Landvik;SN38140;26.04.2024 01:00;4,7;83
Landvik;SN38140;26.04.2024 02:00;4,5;85
Landvik;SN38140;26.04.2024 03:00;4,2;84
Landvik;SN38140;26.04.2024 04:00;3,7;85
Landvik;SN38140;26.04.2024 05:00;3,4;84
Landvik;SN38140;26.04.2024 06:00;3,5;83
Landvik;SN38140;26.04.2024 07:00;3,8;83
Landvik;SN38140;26.04.2024 08:00;5;81
Landvik;SN38140;26.04.2024 09:00;6,6;77
Landvik;SN38140;26.04.2024 10:00;7,1;75
Landvik;SN38140;26.04.2024 11:00;8,1;71
Landvik;SN38140;26.04.2024 12:00;8,5;68
Landvik;SN38140;26.04.2024 13:00;8,5;66
Landvik;SN38140;26.04.2024 14:00;9,1;61
Landvik;SN38140;26.04.2024 15:00;9,6;55
Landvik;SN38140;26.04.2024 16:00;9,4;50
Landvik;SN38140;26.04.2024 17:00;9,5;48
Landvik;SN38140;26.04.2024 18:00;9,2;48
Landvik;SN38140;26.04.2024 19:00;8,5;47
Landvik;SN38140;26.04.2024 20:00;7;53
Landvik;SN38140;26.04.2024 21:00;5;63
Landvik;SN38140;26.04.2024 22:00;3,6;72
Landvik;SN38140;26.04.2024 23:00;3,5;72
Landvik;SN38140;27.04.2024 00:00;3,8;71
Landvik;SN38140;27.04.2024 01:00;3,5;72
Landvik;SN38140;27.04.2024 02:00;3,1;75
Landvik;SN38140;27.04.2024 03:00;2,8;78
Landvik;SN38140;27.04.2024 04:00;2,9;80
Landvik;SN38140;27.04.2024 05:00;2,8;81
Landvik;SN38140;27.04.2024 06:00;2,8;82
Landvik;SN38140;27.04.2024 07:00;4,4;74
Landvik;SN38140;27.04.2024 08:00;6;69
Landvik;SN38140;27.04.2024 09:00;6,9;68
Landvik;SN38140;27.04.2024 10:00;7;68
Landvik;SN38140;27.04.2024 11:00;8,6;63
Landvik;SN38140;27.04.2024 12:00;8,4;66
Landvik;SN38140;27.04.2024 13:00;8,1;66
Landvik;SN38140;27.04.2024 14:00;7,8;67
Landvik;SN38140;27.04.2024 15:00;8;66
Landvik;SN38140;27.04.2024 16:00;8,4;65
Landvik;SN38140;27.04.2024 17:00;8,4;65
Landvik;SN38140;27.04.2024 18:00;7,5;68
Landvik;SN38140;27.04.2024 19:00;7;69
Landvik;SN38140;27.04.2024 20:00;6,8;73
Landvik;SN38140;27.04.2024 21:00;6,7;75
Landvik;SN38140;27.04.2024 22:00;6,7;76
Landvik;SN38140;27.04.2024 23:00;6,6;77
Landvik;SN38140;28.04.2024 00:00;6,6;78
Landvik;SN38140;28.04.2024 01:00;6;83
Landvik;SN38140;28.04.2024 02:00;5,7;89
Landvik;SN38140;28.04.2024 03:00;5,6;91
Landvik;SN38140;28.04.2024 04:00;5,5;92
Landvik;SN38140;28.04.2024 05:00;5,7;92
Landvik;SN38140;28.04.2024 06:00;5,7;91
Landvik;SN38140;28.04.2024 07:00;5,5;90
Landvik;SN38140;28.04.2024 08:00;5,7;91
Landvik;SN38140;28.04.2024 09:00;6,1;90
Landvik;SN38140;28.04.2024 10:00;6,6;89
Landvik;SN38140;28.04.2024 11:00;6,9;88
Landvik;SN38140;28.04.2024 12:00;6,9;90
Landvik;SN38140;28.04.2024 13:00;7,2;89
Landvik;SN38140;28.04.2024 14:00;7,6;87
Landvik;SN38140;28.04.2024 15:00;8,2;84
Landvik;SN38140;28.04.2024 16:00;8,8;82
Landvik;SN38140;28.04.2024 17:00;9;82
Landvik;SN38140;28.04.2024 18:00;8,7;83
Landvik;SN38140;28.04.2024 19:00;8,1;87
Landvik;SN38140;28.04.2024 20:00;7,9;89
Landvik;SN38140;28.04.2024 21:00;7,9;91
Landvik;SN38140;28.04.2024 22:00;8,1;90
Landvik;SN38140;28.04.2024 23:00;8,7;91
Landvik;SN38140;29.04.2024 00:00;8,7;92
Landvik;SN38140;29.04.2024 01:00;8,9;93
Landvik;SN38140;29.04.2024 02:00;9;86
Landvik;SN38140;29.04.2024 03:00;8,3;87
Landvik;SN38140;29.04.2024 04:00;8,1;87
Landvik;SN38140;29.04.2024 05:00;7,8;89
Landvik;SN38140;29.04.2024 06:00;7,6;90
Landvik;SN38140;29.04.2024 07:00;8;89
Landvik;SN38140;29.04.2024 08:00;8,6;88
Landvik;SN38140;29.04.2024 09:00;9;86
Landvik;SN38140;29.04.2024 10:00;9,5;83
Landvik;SN38140;29.04.2024 11:00;10,2;80
Landvik;SN38140;29.04.2024 12:00;11,5;73
Landvik;SN38140;29.04.2024 13:00;11,8;70
Landvik;SN38140;29.04.2024 14:00;11,9;69
Landvik;SN38140;29.04.2024 15:00;11,8;71
Landvik;SN38140;29.04.2024 16:00;11,3;75
Landvik;SN38140;29.04.2024 17:00;11,3;73
Landvik;SN38140;29.04.2024 18:00;10,6;77
Landvik;SN38140;29.04.2024 19:00;10,1;77
Landvik;SN38140;29.04.2024 20:00;9;82
Landvik;SN38140;29.04.2024 21:00;7,2;90
Landvik;SN38140;29.04.2024 22:00;5,9;93
Landvik;SN38140;29.04.2024 23:00;5,4;94
Landvik;SN38140;30.04.2024 00:00;5;95
Landvik;SN38140;30.04.2024 01:00;5,2;95
Landvik;SN38140;30.04.2024 02:00;5,3;96
Landvik;SN38140;30.04.2024 03:00;5,2;96
Landvik;SN38140;30.04.2024 04:00;4,9;96
Landvik;SN38140;30.04.2024 05:00;5;95
Landvik;SN38140;30.04.2024 06:00;5,3;94
Landvik;SN38140;30.04.2024 07:00;5,8;92
Landvik;SN38140;30.04.2024 08:00;6,6;91
Landvik;SN38140;30.04.2024 09:00;8,1;86
Landvik;SN38140;30.04.2024 10:00;9;88
Landvik;SN38140;30.04.2024 11:00;10,1;86
Landvik;SN38140;30.04.2024 12:00;12,7;77
Landvik;SN38140;30.04.2024 13:00;13,1;71
Landvik;SN38140;30.04.2024 14:00;12,7;69
Landvik;SN38140;30.04.2024 15:00;12,8;66
Landvik;SN38140;30.04.2024 16:00;12,3;67
Landvik;SN38140;30.04.2024 17:00;11,9;70
Landvik;SN38140;30.04.2024 18:00;11,4;76
Landvik;SN38140;30.04.2024 19:00;11,6;74
Landvik;SN38140;30.04.2024 20:00;12,4;69
Landvik;SN38140;30.04.2024 21:00;12,3;71
Landvik;SN38140;30.04.2024 22:00;12;71
Landvik;SN38140;30.04.2024 23:00;11,4;73
Landvik;SN38140;01.05.2024 00:00;11,7;71
Landvik;SN38140;01.05.2024 01:00;12,1;66
Landvik;SN38140;01.05.2024 02:00;11,7;68
Landvik;SN38140;01.05.2024 03:00;10,5;77
Landvik;SN38140;01.05.2024 04:00;10,3;77
Landvik;SN38140;01.05.2024 05:00;10,5;73
Landvik;SN38140;01.05.2024 06:00;10,6;70
Landvik;SN38140;01.05.2024 07:00;11,3;65
Landvik;SN38140;01.05.2024 08:00;12;62
Landvik;SN38140;01.05.2024 09:00;13,6;50
Landvik;SN38140;01.05.2024 10:00;14,3;45
Landvik;SN38140;01.05.2024 11:00;15;43
Landvik;SN38140;01.05.2024 12:00;15,9;42
Landvik;SN38140;01.05.2024 13:00;16,8;40
Landvik;SN38140;01.05.2024 14:00;16,1;39
Landvik;SN38140;01.05.2024 15:00;16,7;42
Landvik;SN38140;01.05.2024 16:00;17,7;39
Landvik;SN38140;01.05.2024 17:00;18;39
Landvik;SN38140;01.05.2024 18:00;17,7;38
Landvik;SN38140;01.05.2024 19:00;17,5;38
Landvik;SN38140;01.05.2024 20:00;16,7;41
Landvik;SN38140;01.05.2024 21:00;15,9;44
Landvik;SN38140;01.05.2024 22:00;15,6;45
Landvik;SN38140;01.05.2024 23:00;15,2;46
Landvik;SN38140;02.05.2024 00:00;15,4;45
Landvik;SN38140;02.05.2024 01:00;14,9;46
Landvik;SN38140;02.05.2024 02:00;14,6;44
Landvik;SN38140;02.05.2024 03:00;14,2;41
Landvik;SN38140;02.05.2024 04:00;13,7;43
Landvik;SN38140;02.05.2024 05:00;13,2;44
Landvik;SN38140;02.05.2024 06:00;13,3;45
Landvik;SN38140;02.05.2024 07:00;14,1;43
Landvik;SN38140;02.05.2024 08:00;14,8;42
Landvik;SN38140;02.05.2024 09:00;15,8;41
Landvik;SN38140;02.05.2024 10:00;16,7;41
Landvik;SN38140;02.05.2024 11:00;17,4;39
Landvik;SN38140;02.05.2024 12:00;17,1;39
Landvik;SN38140;02.05.2024 13:00;18,4;38
Landvik;SN38140;02.05.2024 14:00;18,5;35
Landvik;SN38140;02.05.2024 15:00;18,5;32
Landvik;SN38140;02.05.2024 16:00;19,1;31
Landvik;SN38140;02.05.2024 17:00;19,5;31
Landvik;SN38140;02.05.2024 18:00;19,1;31
Landvik;SN38140;02.05.2024 19:00;18,3;38
Landvik;SN38140;02.05.2024 20:00;16,9;42
Landvik;SN38140;02.05.2024 21:00;16,2;43
Landvik;SN38140;02.05.2024 22:00;15,8;40
Landvik;SN38140;02.05.2024 23:00;15,4;39
Landvik;SN38140;03.05.2024 00:00;14,9;40
Landvik;SN38140;03.05.2024 01:00;14;42
Landvik;SN38140;03.05.2024 02:00;13,2;43
Landvik;SN38140;03.05.2024 03:00;12,6;43
Landvik;SN38140;03.05.2024 04:00;11,8;45
Landvik;SN38140;03.05.2024 05:00;11,2;48
Landvik;SN38140;03.05.2024 06:00;11,7;47
Landvik;SN38140;03.05.2024 07:00;12,7;45
Landvik;SN38140;03.05.2024 08:00;13,9;42
Landvik;SN38140;03.05.2024 09:00;15,1;40
Landvik;SN38140;03.05.2024 10:00;16,1;40
Landvik;SN38140;03.05.2024 11:00;17,5;40
Landvik;SN38140;03.05.2024 12:00;17,9;40
Landvik;SN38140;03.05.2024 13:00;18,5;40
Landvik;SN38140;03.05.2024 14:00;18,9;38
Landvik;SN38140;03.05.2024 15:00;19,2;35
Landvik;SN38140;03.05.2024 16:00;19,7;34
Landvik;SN38140;03.05.2024 17:00;19,8;34
Landvik;SN38140;03.05.2024 18:00;19,6;34
Landvik;SN38140;03.05.2024 19:00;19,3;35
Landvik;SN38140;03.05.2024 20:00;17,6;39
Landvik;SN38140;03.05.2024 21:00;16,5;41
Landvik;SN38140;03.05.2024 22:00;15,8;44
Landvik;SN38140;03.05.2024 23:00;14,3;49
Landvik;SN38140;04.05.2024 00:00;13,6;51
Landvik;SN38140;04.05.2024 01:00;13,7;49
Landvik;SN38140;04.05.2024 02:00;12,8;52
Landvik;SN38140;04.05.2024 03:00;12,9;51
Landvik;SN38140;04.05.2024 04:00;12,5;52
Landvik;SN38140;04.05.2024 05:00;11,8;54
Landvik;SN38140;04.05.2024 06:00;11,9;54
Landvik;SN38140;04.05.2024 07:00;13,3;51
Landvik;SN38140;04.05.2024 08:00;14,4;50
Landvik;SN38140;04.05.2024 09:00;15,8;48
Landvik;SN38140;04.05.2024 10:00;16,3;48
Landvik;SN38140;04.05.2024 11:00;16,1;53
Landvik;SN38140;04.05.2024 12:00;17,2;52
Landvik;SN38140;04.05.2024 13:00;17,7;53
Landvik;SN38140;04.05.2024 14:00;17,3;55
Landvik;SN38140;04.05.2024 15:00;16,2;58
Landvik;SN38140;04.05.2024 16:00;15,6;62
Landvik;SN38140;04.05.2024 17:00;14,9;65
Landvik;SN38140;04.05.2024 18:00;15,6;65
Landvik;SN38140;04.05.2024 19:00;14,9;69
Landvik;SN38140;04.05.2024 20:00;13,5;74
Landvik;SN38140;04.05.2024 21:00;12,4;78
Landvik;SN38140;04.05.2024 22:00;11,7;80
Landvik;SN38140;04.05.2024 23:00;11,1;83
Landvik;SN38140;05.05.2024 00:00;10,7;85
Landvik;SN38140;05.05.2024 01:00;10,9;84
Landvik;SN38140;05.05.2024 02:00;11,1;81
Landvik;SN38140;05.05.2024 03:00;11,3;79
Landvik;SN38140;05.05.2024 04:00;11,2;78
Landvik;SN38140;05.05.2024 05:00;11;80
Landvik;SN38140;05.05.2024 06:00;10,9;82
Landvik;SN38140;05.05.2024 07:00;11,2;82
Landvik;SN38140;05.05.2024 08:00;12;76
Landvik;SN38140;05.05.2024 09:00;14;69
Landvik;SN38140;05.05.2024 10:00;14,9;68
Landvik;SN38140;05.05.2024 11:00;15,3;66
Landvik;SN38140;05.05.2024 12:00;15,8;63
Landvik;SN38140;05.05.2024 13:00;15,2;64
Landvik;SN38140;05.05.2024 14:00;15;64
Landvik;SN38140;05.05.2024 15:00;14,5;61
Landvik;SN38140;05.05.2024 16:00;13,5;64
Landvik;SN38140;05.05.2024 17:00;13,9;61
Landvik;SN38140;05.05.2024 18:00;13,2;69
Landvik;SN38140;05.05.2024 19:00;12,9;73
Landvik;SN38140;05.05.2024 20:00;12,6;76
Landvik;SN38140;05.05.2024 21:00;10,9;84
Landvik;SN38140;05.05.2024 22:00;9,2;90
Landvik;SN38140;05.05.2024 23:00;8,5;93
Landvik;SN38140;06.05.2024 00:00;9,5;93
Landvik;SN38140;06.05.2024 01:00;10,8;85
Landvik;SN38140;06.05.2024 02:00;11,7;79
Landvik;SN38140;06.05.2024 03:00;11,9;80
Landvik;SN38140;06.05.2024 04:00;11,2;91
Landvik;SN38140;06.05.2024 05:00;10,8;91
Landvik;SN38140;06.05.2024 06:00;10,1;92
Landvik;SN38140;06.05.2024 07:00;9,8;90
Landvik;SN38140;06.05.2024 08:00;9,5;90
Landvik;SN38140;06.05.2024 09:00;9,3;91
Landvik;SN38140;06.05.2024 10:00;9,3;91
Landvik;SN38140;06.05.2024 11:00;10,1;87
Landvik;SN38140;06.05.2024 12:00;10,8;81
Landvik;SN38140;06.05.2024 13:00;11,5;76
Landvik;SN38140;06.05.2024 14:00;12,8;68
Landvik;SN38140;06.05.2024 15:00;13;65
Landvik;SN38140;06.05.2024 16:00;12,6;62
Landvik;SN38140;06.05.2024 17:00;12,6;59
Landvik;SN38140;06.05.2024 18:00;12,5;58
Landvik;SN38140;06.05.2024 19:00;12,2;58
Landvik;SN38140;06.05.2024 20:00;11,1;70
Landvik;SN38140;06.05.2024 21:00;10,2;76
Landvik;SN38140;06.05.2024 22:00;10;77
Landvik;SN38140;06.05.2024 23:00;9,8;79
Landvik;SN38140;07.05.2024 00:00;9,2;80
Landvik;SN38140;07.05.2024 01:00;8,2;83
Landvik;SN38140;07.05.2024 02:00;7,8;81
Landvik;SN38140;07.05.2024 03:00;5,7;89
Landvik;SN38140;07.05.2024 04:00;4,6;92
Landvik;SN38140;07.05.2024 05:00;4,6;93
Landvik;SN38140;07.05.2024 06:00;5,3;93
Landvik;SN38140;07.05.2024 07:00;8,6;82
Landvik;SN38140;07.05.2024 08:00;11,1;70
Landvik;SN38140;07.05.2024 09:00;11,6;65
Landvik;SN38140;07.05.2024 10:00;12,2;62
Landvik;SN38140;07.05.2024 11:00;13,3;61
Landvik;SN38140;07.05.2024 12:00;13,9;57
Landvik;SN38140;07.05.2024 13:00;14,1;55
Landvik;SN38140;07.05.2024 14:00;14,2;54
Landvik;SN38140;07.05.2024 15:00;13,7;59
Landvik;SN38140;07.05.2024 16:00;13,5;62
Landvik;SN38140;07.05.2024 17:00;13,6;63
Landvik;SN38140;07.05.2024 18:00;13,4;64
Landvik;SN38140;07.05.2024 19:00;12,9;68
Landvik;SN38140;07.05.2024 20:00;11,6;74
Landvik;SN38140;07.05.2024 21:00;10,1;81
Landvik;SN38140;07.05.2024 22:00;9;86
Landvik;SN38140;07.05.2024 23:00;7,8;90
Landvik;SN38140;08.05.2024 00:00;8,3;91
Landvik;SN38140;08.05.2024 01:00;9,4;86
Landvik;SN38140;08.05.2024 02:00;8,4;87
Landvik;SN38140;08.05.2024 03:00;6,8;91
Landvik;SN38140;08.05.2024 04:00;6,2;92
Landvik;SN38140;08.05.2024 05:00;5,5;94
Landvik;SN38140;08.05.2024 06:00;6,6;94
Landvik;SN38140;08.05.2024 07:00;9,5;83
Landvik;SN38140;08.05.2024 08:00;12,4;69
Landvik;SN38140;08.05.2024 09:00;14,7;57
Landvik;SN38140;08.05.2024 10:00;16,6;50
Landvik;SN38140;08.05.2024 11:00;17,8;49
Landvik;SN38140;08.05.2024 12:00;18,8;48
Landvik;SN38140;08.05.2024 13:00;18,5;51
Landvik;SN38140;08.05.2024 14:00;19,2;49
Landvik;SN38140;08.05.2024 15:00;19,5;48
Landvik;SN38140;08.05.2024 16:00;19;49
Landvik;SN38140;08.05.2024 17:00;18,8;48
Landvik;SN38140;08.05.2024 18:00;18;50
Landvik;SN38140;08.05.2024 19:00;16,4;55
Landvik;SN38140;08.05.2024 20:00;14,6;64
Landvik;SN38140;08.05.2024 21:00;12,7;73
Landvik;SN38140;08.05.2024 22:00;11;81
Landvik;SN38140;08.05.2024 23:00;10,6;82
Landvik;SN38140;09.05.2024 00:00;10,6;82
Landvik;SN38140;09.05.2024 01:00;11;79
Landvik;SN38140;09.05.2024 02:00;11,1;75
Landvik;SN38140;09.05.2024 03:00;10,6;75
Landvik;SN38140;09.05.2024 04:00;10,4;71
Landvik;SN38140;09.05.2024 05:00;10,9;68
Landvik;SN38140;09.05.2024 06:00;11;69
Landvik;SN38140;09.05.2024 07:00;10,8;70
Landvik;SN38140;09.05.2024 08:00;11,2;68
Landvik;SN38140;09.05.2024 09:00;12,1;72
Landvik;SN38140;09.05.2024 10:00;12,3;76
Landvik;SN38140;09.05.2024 11:00;12,1;81
Landvik;SN38140;09.05.2024 12:00;12,4;83
Landvik;SN38140;09.05.2024 13:00;12,3;85
Landvik;SN38140;09.05.2024 14:00;12,8;84
Landvik;SN38140;09.05.2024 15:00;13,4;86
Landvik;SN38140;09.05.2024 16:00;14;85
Landvik;SN38140;09.05.2024 17:00;15,6;71
Landvik;SN38140;09.05.2024 18:00;16,9;61
Landvik;SN38140;09.05.2024 19:00;16,2;63
Landvik;SN38140;09.05.2024 20:00;15,4;66
Landvik;SN38140;09.05.2024 21:00;14,2;70
Landvik;SN38140;09.05.2024 22:00;12,7;77
Landvik;SN38140;09.05.2024 23:00;11,3;83
Landvik;SN38140;10.05.2024 00:00;10,5;85
Landvik;SN38140;10.05.2024 01:00;9,5;84
Landvik;SN38140;10.05.2024 02:00;7,2;91
Landvik;SN38140;10.05.2024 03:00;6,3;93
Landvik;SN38140;10.05.2024 04:00;6;91
Landvik;SN38140;10.05.2024 05:00;6,7;86
Landvik;SN38140;10.05.2024 06:00;8,7;75
Landvik;SN38140;10.05.2024 07:00;11,1;63
Landvik;SN38140;10.05.2024 08:00;12;59
Landvik;SN38140;10.05.2024 09:00;12,8;55
Landvik;SN38140;10.05.2024 10:00;13,7;46
Landvik;SN38140;10.05.2024 11:00;13,7;42
Landvik;SN38140;10.05.2024 12:00;13,8;43
Landvik;SN38140;10.05.2024 13:00;12,8;49
Landvik;SN38140;10.05.2024 14:00;13,6;45
Landvik;SN38140;10.05.2024 15:00;13,6;43
Landvik;SN38140;10.05.2024 16:00;13,5;37
Landvik;SN38140;10.05.2024 17:00;12,7;41
Landvik;SN38140;10.05.2024 18:00;13,3;46
Landvik;SN38140;10.05.2024 19:00;13,6;47
Landvik;SN38140;10.05.2024 20:00;12,5;59
Landvik;SN38140;10.05.2024 21:00;11;70
Landvik;SN38140;10.05.2024 22:00;9,5;80
Landvik;SN38140;10.05.2024 23:00;9,4;84
Landvik;SN38140;11.05.2024 00:00;9,3;85
Landvik;SN38140;11.05.2024 01:00;8,7;87
Landvik;SN38140;11.05.2024 02:00;7,8;89
Landvik;SN38140;11.05.2024 03:00;7,3;90
Landvik;SN38140;11.05.2024 04:00;7,3;88
Landvik;SN38140;11.05.2024 05:00;6,5;90
Landvik;SN38140;11.05.2024 06:00;7,9;88
Landvik;SN38140;11.05.2024 07:00;10;77
Landvik;SN38140;11.05.2024 08:00;12,4;67
Landvik;SN38140;11.05.2024 09:00;15,6;50
Landvik;SN38140;11.05.2024 10:00;15,3;48
Landvik;SN38140;11.05.2024 11:00;15;46
Landvik;SN38140;11.05.2024 12:00;16,2;45
Landvik;SN38140;11.05.2024 13:00;16,4;47
Landvik;SN38140;11.05.2024 14:00;15,8;50
Landvik;SN38140;11.05.2024 15:00;16,3;52
Landvik;SN38140;11.05.2024 16:00;17,1;45
Landvik;SN38140;11.05.2024 17:00;16,1;46
Landvik;SN38140;11.05.2024 18:00;15,4;48
Landvik;SN38140;11.05.2024 19:00;15,6;61
Landvik;SN38140;11.05.2024 20:00;13,9;75
Landvik;SN38140;11.05.2024 21:00;11,8;87
Landvik;SN38140;11.05.2024 22:00;10,1;91
Landvik;SN38140;11.05.2024 23:00;9,4;93
Landvik;SN38140;12.05.2024 00:00;8,8;94
Landvik;SN38140;12.05.2024 01:00;8,1;94
Landvik;SN38140;12.05.2024 02:00;7,5;95
Landvik;SN38140;12.05.2024 03:00;6,9;95
Landvik;SN38140;12.05.2024 04:00;6,6;95
Landvik;SN38140;12.05.2024 05:00;6,6;96
Landvik;SN38140;12.05.2024 06:00;7,7;97
Landvik;SN38140;12.05.2024 07:00;9,5;97
Landvik;SN38140;12.05.2024 08:00;10,8;95
Landvik;SN38140;12.05.2024 09:00;13,3;81
Landvik;SN38140;12.05.2024 10:00;15,5;72
Landvik;SN38140;12.05.2024 11:00;15,7;67
Landvik;SN38140;12.05.2024 12:00;17,3;62
Landvik;SN38140;12.05.2024 13:00;17,9;60
Landvik;SN38140;12.05.2024 14:00;16,5;68
Landvik;SN38140;12.05.2024 15:00;16,8;68
Landvik;SN38140;12.05.2024 16:00;16,7;68
Landvik;SN38140;12.05.2024 17:00;16,8;63
Landvik;SN38140;12.05.2024 18:00;17;56
Landvik;SN38140;12.05.2024 19:00;16,6;59
Landvik;SN38140;12.05.2024 20:00;15;70
Landvik;SN38140;12.05.2024 21:00;12,4;84
Landvik;SN38140;12.05.2024 22:00;10,8;91
Landvik;SN38140;12.05.2024 23:00;10;92
Landvik;SN38140;13.05.2024 00:00;9;94
Landvik;SN38140;13.05.2024 01:00;8;94
Landvik;SN38140;13.05.2024 02:00;7,5;95
Landvik;SN38140;13.05.2024 03:00;6,8;95
Landvik;SN38140;13.05.2024 04:00;6,7;96
Landvik;SN38140;13.05.2024 05:00;6,6;96
Landvik;SN38140;13.05.2024 06:00;8;96
Landvik;SN38140;13.05.2024 07:00;10,8;88
Landvik;SN38140;13.05.2024 08:00;13,3;72
Landvik;SN38140;13.05.2024 09:00;15,5;57
Landvik;SN38140;13.05.2024 10:00;15,7;57
Landvik;SN38140;13.05.2024 11:00;16,4;54
Landvik;SN38140;13.05.2024 12:00;17,1;46
Landvik;SN38140;13.05.2024 13:00;17,4;43
Landvik;SN38140;13.05.2024 14:00;17,4;44
Landvik;SN38140;13.05.2024 15:00;17,1;53
Landvik;SN38140;13.05.2024 16:00;16,9;53
Landvik;SN38140;13.05.2024 17:00;17;51
Landvik;SN38140;13.05.2024 18:00;16,7;52
Landvik;SN38140;13.05.2024 19:00;16,4;53
Landvik;SN38140;13.05.2024 20:00;14,8;60
Landvik;SN38140;13.05.2024 21:00;13,3;66
Landvik;SN38140;13.05.2024 22:00;11,9;73
Landvik;SN38140;13.05.2024 23:00;11;79
Landvik;SN38140;14.05.2024 00:00;10,4;82
Landvik;SN38140;14.05.2024 01:00;9,7;85
Landvik;SN38140;14.05.2024 02:00;9,2;86
Landvik;SN38140;14.05.2024 03:00;8,8;86
Landvik;SN38140;14.05.2024 04:00;8,4;86
Landvik;SN38140;14.05.2024 05:00;8,1;87
Landvik;SN38140;14.05.2024 06:00;10,7;76
Landvik;SN38140;14.05.2024 07:00;12,7;71
Landvik;SN38140;14.05.2024 08:00;14,7;67
Landvik;SN38140;14.05.2024 09:00;16,1;62
Landvik;SN38140;14.05.2024 10:00;16,7;57
Landvik;SN38140;14.05.2024 11:00;17;56
Landvik;SN38140;14.05.2024 12:00;17,4;56
Landvik;SN38140;14.05.2024 13:00;18;56
Landvik;SN38140;14.05.2024 14:00;18,3;55
Landvik;SN38140;14.05.2024 15:00;18,4;56
Landvik;SN38140;14.05.2024 16:00;18,9;54
Landvik;SN38140;14.05.2024 17:00;18,8;53
Landvik;SN38140;14.05.2024 18:00;18,7;53
Landvik;SN38140;14.05.2024 19:00;18,5;50
Landvik;SN38140;14.05.2024 20:00;16,8;54
Landvik;SN38140;14.05.2024 21:00;14,6;63
Landvik;SN38140;14.05.2024 22:00;12,8;71
Landvik;SN38140;14.05.2024 23:00;11,5;79
Landvik;SN38140;15.05.2024 00:00;10,7;81
Landvik;SN38140;15.05.2024 01:00;9,5;86
Landvik;SN38140;15.05.2024 02:00;8,8;89
Landvik;SN38140;15.05.2024 03:00;9,2;86
Landvik;SN38140;15.05.2024 04:00;8,1;89
Landvik;SN38140;15.05.2024 05:00;8,5;89
Landvik;SN38140;15.05.2024 06:00;11,3;78
Landvik;SN38140;15.05.2024 07:00;13,9;69
Landvik;SN38140;15.05.2024 08:00;15,8;64
Landvik;SN38140;15.05.2024 09:00;17,7;55
Landvik;SN38140;15.05.2024 10:00;18,1;54
Landvik;SN38140;15.05.2024 11:00;18,2;57
Landvik;SN38140;15.05.2024 12:00;18,7;55
Landvik;SN38140;15.05.2024 13:00;18,6;57
Landvik;SN38140;15.05.2024 14:00;19,1;53
Landvik;SN38140;15.05.2024 15:00;19,1;53
Landvik;SN38140;15.05.2024 16:00;19,2;53
Landvik;SN38140;15.05.2024 17:00;19;51
Landvik;SN38140;15.05.2024 18:00;19,3;49
Landvik;SN38140;15.05.2024 19:00;19,2;47
Landvik;SN38140;15.05.2024 20:00;17,7;53
Landvik;SN38140;15.05.2024 21:00;14,8;65
Landvik;SN38140;15.05.2024 22:00;13,2;71
Landvik;SN38140;15.05.2024 23:00;12,7;73
Landvik;SN38140;16.05.2024 00:00;11,5;81
Landvik;SN38140;16.05.2024 01:00;10,8;86
Landvik;SN38140;16.05.2024 02:00;11,7;82
Landvik;SN38140;16.05.2024 03:00;10,8;85
Landvik;SN38140;16.05.2024 04:00;10,6;85
Landvik;SN38140;16.05.2024 05:00;11,6;80
Landvik;SN38140;16.05.2024 06:00;14,3;65
Landvik;SN38140;16.05.2024 07:00;16;61
Landvik;SN38140;16.05.2024 08:00;16,9;59
Landvik;SN38140;16.05.2024 09:00;17,1;58
Landvik;SN38140;16.05.2024 10:00;17,3;57
Landvik;SN38140;16.05.2024 11:00;17,5;58
Landvik;SN38140;16.05.2024 12:00;17,7;58
Landvik;SN38140;16.05.2024 13:00;18,2;55
Landvik;SN38140;16.05.2024 14:00;19,3;49
Landvik;SN38140;16.05.2024 15:00;20;46
Landvik;SN38140;16.05.2024 16:00;20,6;39
Landvik;SN38140;16.05.2024 17:00;20,7;38
Landvik;SN38140;16.05.2024 18:00;20,3;37
Landvik;SN38140;16.05.2024 19:00;19,8;38
Landvik;SN38140;16.05.2024 20:00;18,5;41
Landvik;SN38140;16.05.2024 21:00;15,2;57
Landvik;SN38140;16.05.2024 22:00;12;71
Landvik;SN38140;16.05.2024 23:00;11,1;81
Landvik;SN38140;17.05.2024 00:00;10,2;84
Landvik;SN38140;17.05.2024 01:00;10,1;83
Landvik;SN38140;17.05.2024 02:00;10;84
Landvik;SN38140;17.05.2024 03:00;9,7;86
Landvik;SN38140;17.05.2024 04:00;9,6;86
Landvik;SN38140;17.05.2024 05:00;10,5;82
Landvik;SN38140;17.05.2024 06:00;12,8;71
Landvik;SN38140;17.05.2024 07:00;15;64
Landvik;SN38140;17.05.2024 08:00;16,2;60
Landvik;SN38140;17.05.2024 09:00;16,7;55
Landvik;SN38140;17.05.2024 10:00;17,3;57
Landvik;SN38140;17.05.2024 11:00;17,7;55
Landvik;SN38140;17.05.2024 12:00;18,2;54
Landvik;SN38140;17.05.2024 13:00;18,5;47
Landvik;SN38140;17.05.2024 14:00;19,4;43
Landvik;SN38140;17.05.2024 15:00;20,3;39
Landvik;SN38140;17.05.2024 16:00;20,9;37
Landvik;SN38140;17.05.2024 17:00;20,7;36
Landvik;SN38140;17.05.2024 18:00;20,7;35
Landvik;SN38140;17.05.2024 19:00;19,7;36
Landvik;SN38140;17.05.2024 20:00;15,7;52
Landvik;SN38140;17.05.2024 21:00;12,7;66
Landvik;SN38140;17.05.2024 22:00;10,6;78
Landvik;SN38140;17.05.2024 23:00;9,8;81
Landvik;SN38140;18.05.2024 00:00;9,5;81
Landvik;SN38140;18.05.2024 01:00;9,9;77
Landvik;SN38140;18.05.2024 02:00;9,6;77
Landvik;SN38140;18.05.2024 03:00;8,8;82
Landvik;SN38140;18.05.2024 04:00;8;85
Landvik;SN38140;18.05.2024 05:00;7,9;84
Landvik;SN38140;18.05.2024 06:00;10,2;77
Landvik;SN38140;18.05.2024 07:00;13,3;67
Landvik;SN38140;18.05.2024 08:00;15,8;55
Landvik;SN38140;18.05.2024 09:00;18,3;47
Landvik;SN38140;18.05.2024 10:00;19,6;47
Landvik;SN38140;18.05.2024 11:00;19,3;54
Landvik;SN38140;18.05.2024 12:00;19,8;44
Landvik;SN38140;18.05.2024 13:00;20,2;37
Landvik;SN38140;18.05.2024 14:00;21;32
Landvik;SN38140;18.05.2024 15:00;20,8;31
Landvik;SN38140;18.05.2024 16:00;21,1;31
Landvik;SN38140;18.05.2024 17:00;21,2;31
Landvik;SN38140;18.05.2024 18:00;20,4;32
Landvik;SN38140;18.05.2024 19:00;19,4;36
Landvik;SN38140;18.05.2024 20:00;17;45
Landvik;SN38140;18.05.2024 21:00;13,2;63
Landvik;SN38140;18.05.2024 22:00;10,9;72
Landvik;SN38140;18.05.2024 23:00;9,3;79
Landvik;SN38140;19.05.2024 00:00;8,5;81
Landvik;SN38140;19.05.2024 01:00;7,4;85
Landvik;SN38140;19.05.2024 02:00;6,6;88
Landvik;SN38140;19.05.2024 03:00;6,2;90
Landvik;SN38140;19.05.2024 04:00;5,9;91
Landvik;SN38140;19.05.2024 05:00;6;91
Landvik;SN38140;19.05.2024 06:00;8,6;87
Landvik;SN38140;19.05.2024 07:00;13,2;75
Landvik;SN38140;19.05.2024 08:00;15,6;67
Landvik;SN38140;19.05.2024 09:00;18,8;50
Landvik;SN38140;19.05.2024 10:00;20,8;44
Landvik;SN38140;19.05.2024 11:00;22,1;41
Landvik;SN38140;19.05.2024 12:00;22,2;41
Landvik;SN38140;19.05.2024 13:00;21,5;44
Landvik;SN38140;19.05.2024 14:00;21,5;46
Landvik;SN38140;19.05.2024 15:00;21,7;39
Landvik;SN38140;19.05.2024 16:00;22,3;38
Landvik;SN38140;19.05.2024 17:00;22,2;43
Landvik;SN38140;19.05.2024 18:00;22,5;42
Landvik;SN38140;19.05.2024 19:00;21,8;50
Landvik;SN38140;19.05.2024 20:00;19,6;55
Landvik;SN38140;19.05.2024 21:00;16,7;73
Landvik;SN38140;19.05.2024 22:00;14,8;87
Landvik;SN38140;19.05.2024 23:00;13,4;92
Landvik;SN38140;20.05.2024 00:00;12,6;94
Landvik;SN38140;20.05.2024 01:00;11,7;94
Landvik;SN38140;20.05.2024 02:00;10,6;93
Landvik;SN38140;20.05.2024 03:00;11;86
Landvik;SN38140;20.05.2024 04:00;13,8;64
Landvik;SN38140;20.05.2024 05:00;14;59
Landvik;SN38140;20.05.2024 06:00;14,9;52
Landvik;SN38140;20.05.2024 07:00;15,9;48
Landvik;SN38140;20.05.2024 08:00;16,6;47
Landvik;SN38140;20.05.2024 09:00;17;49
Landvik;SN38140;20.05.2024 10:00;17,4;49
Landvik;SN38140;20.05.2024 11:00;17,6;51
Landvik;SN38140;20.05.2024 12:00;17,9;50
Landvik;SN38140;20.05.2024 13:00;18,2;47
Landvik;SN38140;20.05.2024 14:00;18,9;45
Landvik;SN38140;20.05.2024 15:00;19,1;42
Landvik;SN38140;20.05.2024 16:00;19,2;41
Landvik;SN38140;20.05.2024 17:00;19,1;40
Landvik;SN38140;20.05.2024 18:00;19,1;40
Landvik;SN38140;20.05.2024 19:00;18,9;40
Landvik;SN38140;20.05.2024 20:00;17,9;44
Landvik;SN38140;20.05.2024 21:00;15,3;54
Landvik;SN38140;20.05.2024 22:00;13;66
Landvik;SN38140;20.05.2024 23:00;12;71
Landvik;SN38140;21.05.2024 00:00;13;64
Landvik;SN38140;21.05.2024 01:00;13,2;63
Landvik;SN38140;21.05.2024 02:00;13,4;62
Landvik;SN38140;21.05.2024 03:00;13,1;64
Landvik;SN38140;21.05.2024 04:00;13,3;65
Landvik;SN38140;21.05.2024 05:00;13,3;64
Landvik;SN38140;21.05.2024 06:00;14,1;62
Landvik;SN38140;21.05.2024 07:00;15;63
Landvik;SN38140;21.05.2024 08:00;16,2;64
Landvik;SN38140;21.05.2024 09:00;17;64
Landvik;SN38140;21.05.2024 10:00;17,6;61
Landvik;SN38140;21.05.2024 11:00;18;56
Landvik;SN38140;21.05.2024 12:00;18,1;53
Landvik;SN38140;21.05.2024 13:00;18,6;50
Landvik;SN38140;21.05.2024 14:00;19,8;45
Landvik;SN38140;21.05.2024 15:00;20,1;35
Landvik;SN38140;21.05.2024 16:00;20,6;30
Landvik;SN38140;21.05.2024 17:00;20,9;29
Landvik;SN38140;21.05.2024 18:00;20,8;30
Landvik;SN38140;21.05.2024 19:00;20,6;30
Landvik;SN38140;21.05.2024 20:00;19,3;32
Landvik;SN38140;21.05.2024 21:00;17,9;35
Landvik;SN38140;21.05.2024 22:00;16,9;37
Landvik;SN38140;21.05.2024 23:00;16,7;40
Landvik;SN38140;22.05.2024 00:00;16,2;46
Landvik;SN38140;22.05.2024 01:00;16,4;51
Landvik;SN38140;22.05.2024 02:00;15,9;56
Landvik;SN38140;22.05.2024 03:00;15;61
Landvik;SN38140;22.05.2024 04:00;14,2;63
Landvik;SN38140;22.05.2024 05:00;13,9;62
Landvik;SN38140;22.05.2024 06:00;14,9;56
Landvik;SN38140;22.05.2024 07:00;15,9;45
Landvik;SN38140;22.05.2024 08:00;16,6;41
Landvik;SN38140;22.05.2024 09:00;16,7;42
Landvik;SN38140;22.05.2024 10:00;17,6;40
Landvik;SN38140;22.05.2024 11:00;17,3;39
Landvik;SN38140;22.05.2024 12:00;18,8;38
Landvik;SN38140;22.05.2024 13:00;20,5;37
Landvik;SN38140;22.05.2024 14:00;21,1;38
Landvik;SN38140;22.05.2024 15:00;21,2;41
Landvik;SN38140;22.05.2024 16:00;22,2;43
Landvik;SN38140;22.05.2024 17:00;22,6;42
Landvik;SN38140;22.05.2024 18:00;22,7;44
Landvik;SN38140;22.05.2024 19:00;22,2;46
Landvik;SN38140;22.05.2024 20:00;21,1;51
Landvik;SN38140;22.05.2024 21:00;20,6;54
Landvik;SN38140;22.05.2024 22:00;20,5;54
Landvik;SN38140;22.05.2024 23:00;19;64
Landvik;SN38140;23.05.2024 00:00;17,9;69
Landvik;SN38140;23.05.2024 01:00;17,4;70
Landvik;SN38140;23.05.2024 02:00;16,5;74
Landvik;SN38140;23.05.2024 03:00;16,3;73
Landvik;SN38140;23.05.2024 04:00;16,3;70
Landvik;SN38140;23.05.2024 05:00;16;65
Landvik;SN38140;23.05.2024 06:00;15,7;62
Landvik;SN38140;23.05.2024 07:00;15,9;59
Landvik;SN38140;23.05.2024 08:00;16,6;55
Landvik;SN38140;23.05.2024 09:00;16,7;55
Landvik;SN38140;23.05.2024 10:00;16,9;58
Landvik;SN38140;23.05.2024 11:00;18,6;53
Landvik;SN38140;23.05.2024 12:00;20;49
Landvik;SN38140;23.05.2024 13:00;21,3;48
Landvik;SN38140;23.05.2024 14:00;20,9;50
Landvik;SN38140;23.05.2024 15:00;18,1;69
Landvik;SN38140;23.05.2024 16:00;18;79
Landvik;SN38140;23.05.2024 17:00;20,7;67
Landvik;SN38140;23.05.2024 18:00;20,3;64
Landvik;SN38140;23.05.2024 19:00;18,1;73
Landvik;SN38140;23.05.2024 20:00;16,2;86
Landvik;SN38140;23.05.2024 21:00;15,5;92
Landvik;SN38140;23.05.2024 22:00;14,8;93
Landvik;SN38140;23.05.2024 23:00;15,4;91
Landvik;SN38140;24.05.2024 00:00;15,6;90
Landvik;SN38140;24.05.2024 01:00;15,5;93
Landvik;SN38140;24.05.2024 02:00;15,2;93
Landvik;SN38140;24.05.2024 03:00;14,8;94
Landvik;SN38140;24.05.2024 04:00;14,8;95
Landvik;SN38140;24.05.2024 05:00;14,8;95
Landvik;SN38140;24.05.2024 06:00;14,4;94
Landvik;SN38140;24.05.2024 07:00;14,3;92
Landvik;SN38140;24.05.2024 08:00;14,8;90
Landvik;SN38140;24.05.2024 09:00;15,6;85
Landvik;SN38140;24.05.2024 10:00;16,3;80
Landvik;SN38140;24.05.2024 11:00;16,6;78
Landvik;SN38140;24.05.2024 12:00;17,1;75
Landvik;SN38140;24.05.2024 13:00;17,8;73
Landvik;SN38140;24.05.2024 14:00;18,4;72
Landvik;SN38140;24.05.2024 15:00;19,1;73
Landvik;SN38140;24.05.2024 16:00;19,8;72
Landvik;SN38140;24.05.2024 17:00;20,2;70
Landvik;SN38140;24.05.2024 18:00;19,9;72
Landvik;SN38140;24.05.2024 19:00;19,9;71
Landvik;SN38140;24.05.2024 20:00;18,6;78
Landvik;SN38140;24.05.2024 21:00;16,2;86
Landvik;SN38140;24.05.2024 22:00;14,8;90
Landvik;SN38140;24.05.2024 23:00;14,7;93
Landvik;SN38140;25.05.2024 00:00;15,3;93
Landvik;SN38140;25.05.2024 01:00;15,4;93
Landvik;SN38140;25.05.2024 02:00;15,5;93
Landvik;SN38140;25.05.2024 03:00;15,7;91
Landvik;SN38140;25.05.2024 04:00;15,5;90
Landvik;SN38140;25.05.2024 05:00;15,1;90
Landvik;SN38140;25.05.2024 06:00;15,2;88
Landvik;SN38140;25.05.2024 07:00;15,9;82
Landvik;SN38140;25.05.2024 08:00;17,4;75
Landvik;SN38140;25.05.2024 09:00;17,8;69
Landvik;SN38140;25.05.2024 10:00;18;69
Landvik;SN38140;25.05.2024 11:00;17,8;67
Landvik;SN38140;25.05.2024 12:00;17,5;67
Landvik;SN38140;25.05.2024 13:00;19,2;60
Landvik;SN38140;25.05.2024 14:00;19,3;62
Landvik;SN38140;25.05.2024 15:00;20,1;62
Landvik;SN38140;25.05.2024 16:00;20,1;64
Landvik;SN38140;25.05.2024 17:00;20,2;65
Landvik;SN38140;25.05.2024 18:00;20,5;64
Landvik;SN38140;25.05.2024 19:00;20,6;64
Landvik;SN38140;25.05.2024 20:00;19,7;67
Landvik;SN38140;25.05.2024 21:00;17,1;79
Landvik;SN38140;25.05.2024 22:00;16,6;84
Landvik;SN38140;25.05.2024 23:00;16,8;85
Landvik;SN38140;26.05.2024 00:00;16,6;88
Landvik;SN38140;26.05.2024 01:00;16,8;87
Landvik;SN38140;26.05.2024 02:00;16,6;87
Landvik;SN38140;26.05.2024 03:00;16;90
Landvik;SN38140;26.05.2024 04:00;15,9;93
Landvik;SN38140;26.05.2024 05:00;16,1;94
Landvik;SN38140;26.05.2024 06:00;16,4;92
Landvik;SN38140;26.05.2024 07:00;16,8;90
Landvik;SN38140;26.05.2024 08:00;16,9;89
Landvik;SN38140;26.05.2024 09:00;16,4;91
Landvik;SN38140;26.05.2024 10:00;17,3;87
Landvik;SN38140;26.05.2024 11:00;17,7;84
Landvik;SN38140;26.05.2024 12:00;17,5;86
Landvik;SN38140;26.05.2024 13:00;17,6;84
Landvik;SN38140;26.05.2024 14:00;17,1;91
Landvik;SN38140;26.05.2024 15:00;19,7;80
Landvik;SN38140;26.05.2024 16:00;21,3;71
Landvik;SN38140;26.05.2024 17:00;18,3;81
Landvik;SN38140;26.05.2024 18:00;16,3;88
Landvik;SN38140;26.05.2024 19:00;16,5;89
Landvik;SN38140;26.05.2024 20:00;16,8;87
Landvik;SN38140;26.05.2024 21:00;15,7;92
Landvik;SN38140;26.05.2024 22:00;15,7;93
Landvik;SN38140;26.05.2024 23:00;15,5;93
Landvik;SN38140;27.05.2024 00:00;15,3;94
Landvik;SN38140;27.05.2024 01:00;15,7;95
Landvik;SN38140;27.05.2024 02:00;15,9;94
Landvik;SN38140;27.05.2024 03:00;16;94
Landvik;SN38140;27.05.2024 04:00;16;92
Landvik;SN38140;27.05.2024 05:00;16,2;92
Landvik;SN38140;27.05.2024 06:00;16,3;91
Landvik;SN38140;27.05.2024 07:00;16,3;91
Landvik;SN38140;27.05.2024 08:00;16,4;91
Landvik;SN38140;27.05.2024 09:00;16,4;91
Landvik;SN38140;27.05.2024 10:00;16,4;92
Landvik;SN38140;27.05.2024 11:00;17,7;85
Landvik;SN38140;27.05.2024 12:00;18,1;80
Landvik;SN38140;27.05.2024 13:00;18,1;82
Landvik;SN38140;27.05.2024 14:00;18,2;81
Landvik;SN38140;27.05.2024 15:00;18,1;78
Landvik;SN38140;27.05.2024 16:00;17,6;81
Landvik;SN38140;27.05.2024 17:00;17;83
Landvik;SN38140;27.05.2024 18:00;17,2;77
Landvik;SN38140;27.05.2024 19:00;16,7;76
Landvik;SN38140;27.05.2024 20:00;15,9;81
Landvik;SN38140;27.05.2024 21:00;15,1;79
Landvik;SN38140;27.05.2024 22:00;13,7;85
Landvik;SN38140;27.05.2024 23:00;12;91
Landvik;SN38140;28.05.2024 00:00;10,6;94
Landvik;SN38140;28.05.2024 01:00;9,9;95
Landvik;SN38140;28.05.2024 02:00;10;96
Landvik;SN38140;28.05.2024 03:00;9,7;96
Landvik;SN38140;28.05.2024 04:00;9,5;96
Landvik;SN38140;28.05.2024 05:00;10;97
Landvik;SN38140;28.05.2024 06:00;11,6;97
Landvik;SN38140;28.05.2024 07:00;13,6;92
Landvik;SN38140;28.05.2024 08:00;15,3;76
Landvik;SN38140;28.05.2024 09:00;16,1;71
Landvik;SN38140;28.05.2024 10:00;16,5;71
Landvik;SN38140;28.05.2024 11:00;15,9;73
Landvik;SN38140;28.05.2024 12:00;15,5;77
Landvik;SN38140;28.05.2024 13:00;14,4;86
Landvik;SN38140;28.05.2024 14:00;14,2;90
Landvik;SN38140;28.05.2024 15:00;14,2;89
Landvik;SN38140;28.05.2024 16:00;13,5;87
Landvik;SN38140;28.05.2024 17:00;12,9;89
Landvik;SN38140;28.05.2024 18:00;12,7;87
Landvik;SN38140;28.05.2024 19:00;12,5;88
Landvik;SN38140;28.05.2024 20:00;12,4;90
Landvik;SN38140;28.05.2024 21:00;12;92
Landvik;SN38140;28.05.2024 22:00;11,6;93
Landvik;SN38140;28.05.2024 23:00;11,6;90
Landvik;SN38140;29.05.2024 00:00;11,7;90
Landvik;SN38140;29.05.2024 01:00;11,2;92
Landvik;SN38140;29.05.2024 02:00;10,2;95
Landvik;SN38140;29.05.2024 03:00;9,9;96
Landvik;SN38140;29.05.2024 04:00;9,4;96
Landvik;SN38140;29.05.2024 05:00;10,4;97
Landvik;SN38140;29.05.2024 06:00;11;97
Landvik;SN38140;29.05.2024 07:00;12,6;94
Landvik;SN38140;29.05.2024 08:00;14,6;79
Landvik;SN38140;29.05.2024 09:00;15,2;75
Landvik;SN38140;29.05.2024 10:00;15,7;74
Landvik;SN38140;29.05.2024 11:00;16,9;71
Landvik;SN38140;29.05.2024 12:00;17,4;70
Landvik;SN38140;29.05.2024 13:00;16,5;74
Landvik;SN38140;29.05.2024 14:00;16;76
Landvik;SN38140;29.05.2024 15:00;15,8;80
Landvik;SN38140;29.05.2024 16:00;15,4;82
Landvik;SN38140;29.05.2024 17:00;14,6;84
Landvik;SN38140;29.05.2024 18:00;13,6;90
Landvik;SN38140;29.05.2024 19:00;14,2;89
Landvik;SN38140;29.05.2024 20:00;15;87
Landvik;SN38140;29.05.2024 21:00;14,7;89
Landvik;SN38140;29.05.2024 22:00;14,4;91
Landvik;SN38140;29.05.2024 23:00;14,7;92
Landvik;SN38140;30.05.2024 00:00;14,4;92
Landvik;SN38140;30.05.2024 01:00;14,3;92
Landvik;SN38140;30.05.2024 02:00;14,3;93
Landvik;SN38140;30.05.2024 03:00;14,5;92
Landvik;SN38140;30.05.2024 04:00;14,4;90
Landvik;SN38140;30.05.2024 05:00;14,2;90
Landvik;SN38140;30.05.2024 06:00;14,3;89
Landvik;SN38140;30.05.2024 07:00;14,8;84
Landvik;SN38140;30.05.2024 08:00;15,7;80
Landvik;SN38140;30.05.2024 09:00;15,8;80
Landvik;SN38140;30.05.2024 10:00;17,2;74
Landvik;SN38140;30.05.2024 11:00;17,6;73
Landvik;SN38140;30.05.2024 12:00;18,1;65
Landvik;SN38140;30.05.2024 13:00;18,1;66
Landvik;SN38140;30.05.2024 14:00;18,5;66
Landvik;SN38140;30.05.2024 15:00;17,9;71
Landvik;SN38140;30.05.2024 16:00;18,3;72
Landvik;SN38140;30.05.2024 17:00;16,9;79
Landvik;SN38140;30.05.2024 18:00;16,8;80
Landvik;SN38140;30.05.2024 19:00;16,9;79
Landvik;SN38140;30.05.2024 20:00;16,2;82
Landvik;SN38140;30.05.2024 21:00;15,8;85
Landvik;SN38140;30.05.2024 22:00;14,4;89
Landvik;SN38140;30.05.2024 23:00;13,7;93
Landvik;SN38140;31.05.2024 00:00;14,4;91
Landvik;SN38140;31.05.2024 01:00;14,5;88
Landvik;SN38140;31.05.2024 02:00;14,4;88
Landvik;SN38140;31.05.2024 03:00;13,9;90
Landvik;SN38140;31.05.2024 04:00;13,5;91
Landvik;SN38140;31.05.2024 05:00;13,8;89
Landvik;SN38140;31.05.2024 06:00;15,3;81
Landvik;SN38140;31.05.2024 07:00;15,8;80
Landvik;SN38140;31.05.2024 08:00;17,4;74
Landvik;SN38140;31.05.2024 09:00;18,7;69
Landvik;SN38140;31.05.2024 10:00;19,8;66
Landvik;SN38140;31.05.2024 11:00;21,9;59
Landvik;SN38140;31.05.2024 12:00;22,4;56
Landvik;SN38140;31.05.2024 13:00;22,3;57
Landvik;SN38140;31.05.2024 14:00;22,2;57
Landvik;SN38140;31.05.2024 15:00;22,5;51
Landvik;SN38140;31.05.2024 16:00;22,4;53
Landvik;SN38140;31.05.2024 17:00;22,9;54
Landvik;SN38140;31.05.2024 18:00;23,6;53
Landvik;SN38140;31.05.2024 19:00;23,8;54
Landvik;SN38140;31.05.2024 20:00;21,7;63
Landvik;SN38140;31.05.2024 21:00;19,8;72
Landvik;SN38140;31.05.2024 22:00;18,3;79
Landvik;SN38140;31.05.2024 23:00;17,3;85
Landvik;SN38140;01.06.2024 00:00;16,9;88
Landvik;SN38140;01.06.2024 01:00;16,2;89
Landvik;SN38140;01.06.2024 02:00;16,2;86
Landvik;SN38140;01.06.2024 03:00;15,5;88
Landvik;SN38140;01.06.2024 04:00;15,5;88
Landvik;SN38140;01.06.2024 05:00;15,6;89
Landvik;SN38140;01.06.2024 06:00;16;89
Landvik;SN38140;01.06.2024 07:00;15,9;91
Landvik;SN38140;01.06.2024 08:00;16,6;90
Landvik;SN38140;01.06.2024 09:00;18,4;81
Landvik;SN38140;01.06.2024 10:00;21,2;70
Landvik;SN38140;01.06.2024 11:00;23,1;62
Landvik;SN38140;01.06.2024 12:00;21,8;67
Landvik;SN38140;01.06.2024 13:00;23,7;57
Landvik;SN38140;01.06.2024 14:00;24,8;55
Landvik;SN38140;01.06.2024 15:00;25,2;53
Landvik;SN38140;01.06.2024 16:00;24,7;57
Landvik;SN38140;01.06.2024 17:00;22,4;64
Landvik;SN38140;01.06.2024 18:00;19;88
Landvik;SN38140;01.06.2024 19:00;18,1;92
Landvik;SN38140;01.06.2024 20:00;18,8;89
Landvik;SN38140;01.06.2024 21:00;17,1;92
Landvik;SN38140;01.06.2024 22:00;15,9;94
Landvik;SN38140;01.06.2024 23:00;14,8;95
Landvik;SN38140;02.06.2024 00:00;14,1;95
Landvik;SN38140;02.06.2024 01:00;13,5;96
Landvik;SN38140;02.06.2024 02:00;13,2;96
Landvik;SN38140;02.06.2024 03:00;12,9;96
Landvik;SN38140;02.06.2024 04:00;12,9;96
Landvik;SN38140;02.06.2024 05:00;13,3;96
Landvik;SN38140;02.06.2024 06:00;15,4;93
Landvik;SN38140;02.06.2024 07:00;19;72
Landvik;SN38140;02.06.2024 08:00;20,8;61
Landvik;SN38140;02.06.2024 09:00;22,3;60
Landvik;SN38140;02.06.2024 10:00;23;60
Landvik;SN38140;02.06.2024 11:00;23,3;60
Landvik;SN38140;02.06.2024 12:00;22,8;61
Landvik;SN38140;02.06.2024 13:00;22,8;63
Landvik;SN38140;02.06.2024 14:00;22,9;63
Landvik;SN38140;02.06.2024 15:00;22,6;65
Landvik;SN38140;02.06.2024 16:00;22,1;69
Landvik;SN38140;02.06.2024 17:00;22,7;68
Landvik;SN38140;02.06.2024 18:00;22,9;64
Landvik;SN38140;02.06.2024 19:00;22,6;63
Landvik;SN38140;02.06.2024 20:00;21,2;70
Landvik;SN38140;02.06.2024 21:00;19,5;71
Landvik;SN38140;02.06.2024 22:00;16,7;80
Landvik;SN38140;02.06.2024 23:00;14,7;83
Landvik;SN38140;03.06.2024 00:00;18,5;42
Landvik;SN38140;03.06.2024 01:00;18,5;35
Landvik;SN38140;03.06.2024 02:00;18,6;32
Landvik;SN38140;03.06.2024 03:00;18,4;37
Landvik;SN38140;03.06.2024 04:00;18;39
Landvik;SN38140;03.06.2024 05:00;17,6;42
Landvik;SN38140;03.06.2024 06:00;16,9;51
Landvik;SN38140;03.06.2024 07:00;16,8;55
Landvik;SN38140;03.06.2024 08:00;15,9;68
Landvik;SN38140;03.06.2024 09:00;15,8;71
Landvik;SN38140;03.06.2024 10:00;17,4;66
Landvik;SN38140;03.06.2024 11:00;19,9;59
Landvik;SN38140;03.06.2024 12:00;22;43
Landvik;SN38140;03.06.2024 13:00;22,5;32
Landvik;SN38140;03.06.2024 14:00;22,5;27
Landvik;SN38140;03.06.2024 15:00;22,1;28
Landvik;SN38140;03.06.2024 16:00;22,1;30
Landvik;SN38140;03.06.2024 17:00;21,2;33
Landvik;SN38140;03.06.2024 18:00;19,8;36
Landvik;SN38140;03.06.2024 19:00;17,9;41
Landvik;SN38140;03.06.2024 20:00;16,3;45
Landvik;SN38140;03.06.2024 21:00;14,6;53
Landvik;SN38140;03.06.2024 22:00;13,4;59
Landvik;SN38140;03.06.2024 23:00;12,6;63
Landvik;SN38140;04.06.2024 00:00;11,9;67
Landvik;SN38140;04.06.2024 01:00;11,3;69
Landvik;SN38140;04.06.2024 02:00;10,7;74
Landvik;SN38140;04.06.2024 03:00;10,3;80
Landvik;SN38140;04.06.2024 04:00;10,1;84
Landvik;SN38140;04.06.2024 05:00;10,3;84
Landvik;SN38140;04.06.2024 06:00;11,5;80
Landvik;SN38140;04.06.2024 07:00;13,1;73
Landvik;SN38140;04.06.2024 08:00;14,6;63
Landvik;SN38140;04.06.2024 09:00;14,9;70
Landvik;SN38140;04.06.2024 10:00;15,3;71
Landvik;SN38140;04.06.2024 11:00;15,3;69
Landvik;SN38140;04.06.2024 12:00;15,6;69
Landvik;SN38140;04.06.2024 13:00;15,5;75
Landvik;SN38140;04.06.2024 14:00;15,4;78
Landvik;SN38140;04.06.2024 15:00;15,9;77
Landvik;SN38140;04.06.2024 16:00;15,9;77
Landvik;SN38140;04.06.2024 17:00;15,5;76
Landvik;SN38140;04.06.2024 18:00;14,7;85
Landvik;SN38140;04.06.2024 19:00;14,8;86
Landvik;SN38140;04.06.2024 20:00;14,7;88
Landvik;SN38140;04.06.2024 21:00;13,7;92
Landvik;SN38140;04.06.2024 22:00;13,2;92
Landvik;SN38140;04.06.2024 23:00;13,3;90
Landvik;SN38140;05.06.2024 00:00;12,8;92
Landvik;SN38140;05.06.2024 01:00;13,3;93
Landvik;SN38140;05.06.2024 02:00;12,9;92
Landvik;SN38140;05.06.2024 03:00;12,6;92
Landvik;SN38140;05.06.2024 04:00;12,5;93
Landvik;SN38140;05.06.2024 05:00;12,4;93
Landvik;SN38140;05.06.2024 06:00;11,1;89
Landvik;SN38140;05.06.2024 07:00;10,9;90
Landvik;SN38140;05.06.2024 08:00;11,6;85
Landvik;SN38140;05.06.2024 09:00;11,7;83
Landvik;SN38140;05.06.2024 10:00;9,5;84
Landvik;SN38140;05.06.2024 11:00;12;76
Landvik;SN38140;05.06.2024 12:00;14,2;60
Landvik;SN38140;05.06.2024 13:00;14,8;51
Landvik;SN38140;05.06.2024 14:00;14,8;50
Landvik;SN38140;05.06.2024 15:00;13,8;59
Landvik;SN38140;05.06.2024 16:00;13,9;56
Landvik;SN38140;05.06.2024 17:00;13,3;56
Landvik;SN38140;05.06.2024 18:00;11,8;66
Landvik;SN38140;05.06.2024 19:00;11,3;62
Landvik;SN38140;05.06.2024 20:00;10,1;71
Landvik;SN38140;05.06.2024 21:00;9,3;75
Landvik;SN38140;05.06.2024 22:00;8,5;74
Landvik;SN38140;05.06.2024 23:00;7,6;81
Landvik;SN38140;06.06.2024 00:00;7,1;86
Landvik;SN38140;06.06.2024 01:00;6,7;89
Landvik;SN38140;06.06.2024 02:00;6,5;90
Landvik;SN38140;06.06.2024 03:00;6;91
Landvik;SN38140;06.06.2024 04:00;5,5;90
Landvik;SN38140;06.06.2024 05:00;5,4;90
Landvik;SN38140;06.06.2024 06:00;7,6;79
Landvik;SN38140;06.06.2024 07:00;9,4;74
Landvik;SN38140;06.06.2024 08:00;11;69
Landvik;SN38140;06.06.2024 09:00;12,2;66
Landvik;SN38140;06.06.2024 10:00;9,1;77
Landvik;SN38140;06.06.2024 11:00;11,4;73
Landvik;SN38140;06.06.2024 12:00;11,6;71
Landvik;SN38140;06.06.2024 13:00;11,7;74
Landvik;SN38140;06.06.2024 14:00;11,2;78
Landvik;SN38140;06.06.2024 15:00;12,5;69
Landvik;SN38140;06.06.2024 16:00;12,8;68
Landvik;SN38140;06.06.2024 17:00;14,2;61
Landvik;SN38140;06.06.2024 18:00;14,2;54
Landvik;SN38140;06.06.2024 19:00;13,6;52
Landvik;SN38140;06.06.2024 20:00;12,6;56
Landvik;SN38140;06.06.2024 21:00;11,3;62
Landvik;SN38140;06.06.2024 22:00;10,6;65
Landvik;SN38140;06.06.2024 23:00;9;74
Landvik;SN38140;07.06.2024 00:00;7;85
Landvik;SN38140;07.06.2024 01:00;5,9;89
Landvik;SN38140;07.06.2024 02:00;5,1;93
Landvik;SN38140;07.06.2024 03:00;4,4;94
Landvik;SN38140;07.06.2024 04:00;4;95
Landvik;SN38140;07.06.2024 05:00;4,5;96
Landvik;SN38140;07.06.2024 06:00;6,5;96
Landvik;SN38140;07.06.2024 07:00;8,7;88
Landvik;SN38140;07.06.2024 08:00;10,3;78
Landvik;SN38140;07.06.2024 09:00;10,7;79
Landvik;SN38140;07.06.2024 10:00;10,8;79
Landvik;SN38140;07.06.2024 11:00;12;75
Landvik;SN38140;07.06.2024 12:00;12,4;74
Landvik;SN38140;07.06.2024 13:00;13,2;67
Landvik;SN38140;07.06.2024 14:00;13,8;66
Landvik;SN38140;07.06.2024 15:00;13,3;68
Landvik;SN38140;07.06.2024 16:00;13,3;65
Landvik;SN38140;07.06.2024 17:00;13,9;59
Landvik;SN38140;07.06.2024 18:00;13,6;63
Landvik;SN38140;07.06.2024 19:00;13,1;64
Landvik;SN38140;07.06.2024 20:00;12,5;64
Landvik;SN38140;07.06.2024 21:00;11,2;72
Landvik;SN38140;07.06.2024 22:00;9,5;81
Landvik;SN38140;07.06.2024 23:00;9,1;80
Landvik;SN38140;08.06.2024 00:00;8,2;85
Landvik;SN38140;08.06.2024 01:00;7,3;91
Landvik;SN38140;08.06.2024 02:00;7,5;93
Landvik;SN38140;08.06.2024 03:00;8,4;93
Landvik;SN38140;08.06.2024 04:00;9,2;89
Landvik;SN38140;08.06.2024 05:00;8,6;89
Landvik;SN38140;08.06.2024 06:00;9,5;90
Landvik;SN38140;08.06.2024 07:00;10,7;85
Landvik;SN38140;08.06.2024 08:00;12;76
Landvik;SN38140;08.06.2024 09:00;12,5;66
Landvik;SN38140;08.06.2024 10:00;12,5;72
Landvik;SN38140;08.06.2024 11:00;11,5;75
Landvik;SN38140;08.06.2024 12:00;11,4;75
Landvik;SN38140;08.06.2024 13:00;12,1;73
Landvik;SN38140;08.06.2024 14:00;12,1;73
Landvik;SN38140;08.06.2024 15:00;13,7;57
Landvik;SN38140;08.06.2024 16:00;11,8;66
Landvik;SN38140;08.06.2024 17:00;11,5;72
Landvik;SN38140;08.06.2024 18:00;10,6;77
Landvik;SN38140;08.06.2024 19:00;11,1;72
Landvik;SN38140;08.06.2024 20:00;10,6;67
Landvik;SN38140;08.06.2024 21:00;9,7;68
Landvik;SN38140;08.06.2024 22:00;8,9;71
Landvik;SN38140;08.06.2024 23:00;8;77
Landvik;SN38140;09.06.2024 00:00;7,5;81
Landvik;SN38140;09.06.2024 01:00;8,4;75
Landvik;SN38140;09.06.2024 02:00;8;78
Landvik;SN38140;09.06.2024 03:00;7,6;81
Landvik;SN38140;09.06.2024 04:00;7,8;81
Landvik;SN38140;09.06.2024 05:00;7,8;83
Landvik;SN38140;09.06.2024 06:00;8,5;79
Landvik;SN38140;09.06.2024 07:00;9,2;75
Landvik;SN38140;09.06.2024 08:00;9,4;71
Landvik;SN38140;09.06.2024 09:00;10,2;69
Landvik;SN38140;09.06.2024 10:00;11,6;68
Landvik;SN38140;09.06.2024 11:00;12,4;63
Landvik;SN38140;09.06.2024 12:00;14;57
Landvik;SN38140;09.06.2024 13:00;13,9;59
Landvik;SN38140;09.06.2024 14:00;14,6;59
Landvik;SN38140;09.06.2024 15:00;14,6;60
Landvik;SN38140;09.06.2024 16:00;15,1;55
Landvik;SN38140;09.06.2024 17:00;13,9;60
Landvik;SN38140;09.06.2024 18:00;14;56
Landvik;SN38140;09.06.2024 19:00;13,2;58
Landvik;SN38140;09.06.2024 20:00;12,4;62
Landvik;SN38140;09.06.2024 21:00;12,1;69
Landvik;SN38140;09.06.2024 22:00;11,5;71
Landvik;SN38140;09.06.2024 23:00;11;73
Landvik;SN38140;10.06.2024 00:00;11,1;74
Landvik;SN38140;10.06.2024 01:00;11,2;73
Landvik;SN38140;10.06.2024 02:00;11,3;71
Landvik;SN38140;10.06.2024 03:00;11,1;72
Landvik;SN38140;10.06.2024 04:00;10,6;73
Landvik;SN38140;10.06.2024 05:00;10,6;74
Landvik;SN38140;10.06.2024 06:00;11,3;74
Landvik;SN38140;10.06.2024 07:00;12,3;72
Landvik;SN38140;10.06.2024 08:00;14,7;59
Landvik;SN38140;10.06.2024 09:00;16,8;47
Landvik;SN38140;10.06.2024 10:00;17,6;45
Landvik;SN38140;10.06.2024 11:00;18,2;44
Landvik;SN38140;10.06.2024 12:00;18,8;45
Landvik;SN38140;10.06.2024 13:00;19,3;49
Landvik;SN38140;10.06.2024 14:00;19,4;48
Landvik;SN38140;10.06.2024 15:00;19,5;46
Landvik;SN38140;10.06.2024 16:00;19,6;47
Landvik;SN38140;10.06.2024 17:00;19,5;49
Landvik;SN38140;10.06.2024 18:00;19,6;49
Landvik;SN38140;10.06.2024 19:00;19,5;49
Landvik;SN38140;10.06.2024 20:00;17,2;58
Landvik;SN38140;10.06.2024 21:00;15,6;67
Landvik;SN38140;10.06.2024 22:00;13,9;79
Landvik;SN38140;10.06.2024 23:00;13,2;83
Landvik;SN38140;11.06.2024 00:00;11,8;88
Landvik;SN38140;11.06.2024 01:00;11,4;92
Landvik;SN38140;11.06.2024 02:00;11,4;90
Landvik;SN38140;11.06.2024 03:00;11,9;81
Landvik;SN38140;11.06.2024 04:00;12,3;82
Landvik;SN38140;11.06.2024 05:00;12,8;83
Landvik;SN38140;11.06.2024 06:00;12,9;85
Landvik;SN38140;11.06.2024 07:00;13,7;84
Landvik;SN38140;11.06.2024 08:00;14,3;82
Landvik;SN38140;11.06.2024 09:00;14,8;77
Landvik;SN38140;11.06.2024 10:00;15,8;71
Landvik;SN38140;11.06.2024 11:00;15,8;68
Landvik;SN38140;11.06.2024 12:00;16,2;65
Landvik;SN38140;11.06.2024 13:00;16,9;64
Landvik;SN38140;11.06.2024 14:00;17,3;62
Landvik;SN38140;11.06.2024 15:00;17,5;54
Landvik;SN38140;11.06.2024 16:00;16,5;60
Landvik;SN38140;11.06.2024 17:00;16,2;59
Landvik;SN38140;11.06.2024 18:00;16,3;55
Landvik;SN38140;11.06.2024 19:00;16,2;54
Landvik;SN38140;11.06.2024 20:00;16,1;60
Landvik;SN38140;11.06.2024 21:00;12,9;71
Landvik;SN38140;11.06.2024 22:00;11,2;80
Landvik;SN38140;11.06.2024 23:00;9,7;87
Landvik;SN38140;12.06.2024 00:00;8,8;91
Landvik;SN38140;12.06.2024 01:00;8,4;93
Landvik;SN38140;12.06.2024 02:00;8,4;94
Landvik;SN38140;12.06.2024 03:00;8,3;94
Landvik;SN38140;12.06.2024 04:00;8,7;95
Landvik;SN38140;12.06.2024 05:00;9,3;94
Landvik;SN38140;12.06.2024 06:00;10,3;93
Landvik;SN38140;12.06.2024 07:00;11,7;84
Landvik;SN38140;12.06.2024 08:00;14,6;70
Landvik;SN38140;12.06.2024 09:00;16,2;65
Landvik;SN38140;12.06.2024 10:00;17,1;59
Landvik;SN38140;12.06.2024 11:00;18,1;55
Landvik;SN38140;12.06.2024 12:00;16,7;64
Landvik;SN38140;12.06.2024 13:00;16,8;63
Landvik;SN38140;12.06.2024 14:00;16,8;61
Landvik;SN38140;12.06.2024 15:00;16,4;62
Landvik;SN38140;12.06.2024 16:00;16,5;57
Landvik;SN38140;12.06.2024 17:00;16,6;59
Landvik;SN38140;12.06.2024 18:00;16,2;62
Landvik;SN38140;12.06.2024 19:00;15,8;66
Landvik;SN38140;12.06.2024 20:00;14,7;68
Landvik;SN38140;12.06.2024 21:00;12,9;74
Landvik;SN38140;12.06.2024 22:00;11,8;81
Landvik;SN38140;12.06.2024 23:00;11,2;85
Landvik;SN38140;13.06.2024 00:00;12,3;79
Landvik;SN38140;13.06.2024 01:00;12,4;75
Landvik;SN38140;13.06.2024 02:00;12,3;72
Landvik;SN38140;13.06.2024 03:00;12,2;74
Landvik;SN38140;13.06.2024 04:00;12;76
Landvik;SN38140;13.06.2024 05:00;12,1;75
Landvik;SN38140;13.06.2024 06:00;12,4;74
Landvik;SN38140;13.06.2024 07:00;12,6;74
Landvik;SN38140;13.06.2024 08:00;12,2;76
Landvik;SN38140;13.06.2024 09:00;13;73
Landvik;SN38140;13.06.2024 10:00;13;75
Landvik;SN38140;13.06.2024 11:00;11,5;86
Landvik;SN38140;13.06.2024 12:00;12,4;84
Landvik;SN38140;13.06.2024 13:00;13,4;78
Landvik;SN38140;13.06.2024 14:00;14,9;69
Landvik;SN38140;13.06.2024 15:00;16,6;59
Landvik;SN38140;13.06.2024 16:00;16,7;54
Landvik;SN38140;13.06.2024 17:00;15,6;53
Landvik;SN38140;13.06.2024 18:00;15,3;56
Landvik;SN38140;13.06.2024 19:00;14,8;57
Landvik;SN38140;13.06.2024 20:00;14,1;47
Landvik;SN38140;13.06.2024 21:00;12,7;52
Landvik;SN38140;13.06.2024 22:00;11;59
Landvik;SN38140;13.06.2024 23:00;10,2;66
Landvik;SN38140;14.06.2024 00:00;9,3;67
Landvik;SN38140;14.06.2024 01:00;8,6;69
Landvik;SN38140;14.06.2024 02:00;8,6;71
Landvik;SN38140;14.06.2024 03:00;9,1;75
Landvik;SN38140;14.06.2024 04:00;8,8;85
Landvik;SN38140;14.06.2024 05:00;8,6;90
Landvik;SN38140;14.06.2024 06:00;8,8;90
Landvik;SN38140;14.06.2024 07:00;10,6;84
Landvik;SN38140;14.06.2024 08:00;11,1;85
Landvik;SN38140;14.06.2024 09:00;12,1;83
Landvik;SN38140;14.06.2024 10:00;11,4;87
Landvik;SN38140;14.06.2024 11:00;13,4;82
Landvik;SN38140;14.06.2024 12:00;13,7;78
Landvik;SN38140;14.06.2024 13:00;14;79
Landvik;SN38140;14.06.2024 14:00;14,1;80
Landvik;SN38140;14.06.2024 15:00;13,8;83
Landvik;SN38140;14.06.2024 16:00;13,9;82
Landvik;SN38140;14.06.2024 17:00;13,5;84
Landvik;SN38140;14.06.2024 18:00;13,4;88
Landvik;SN38140;14.06.2024 19:00;13,3;90
Landvik;SN38140;14.06.2024 20:00;13,4;90
Landvik;SN38140;14.06.2024 21:00;13,2;91
Landvik;SN38140;14.06.2024 22:00;13,2;91
Landvik;SN38140;14.06.2024 23:00;13,3;92
Landvik;SN38140;15.06.2024 00:00;13,3;92
Landvik;SN38140;15.06.2024 01:00;13,1;93
Landvik;SN38140;15.06.2024 02:00;13,2;93
Landvik;SN38140;15.06.2024 03:00;13,2;92
Landvik;SN38140;15.06.2024 04:00;13,2;90
Landvik;SN38140;15.06.2024 05:00;13,4;89
Landvik;SN38140;15.06.2024 06:00;13,7;89
Landvik;SN38140;15.06.2024 07:00;13,8;88
Landvik;SN38140;15.06.2024 08:00;13,9;86
Landvik;SN38140;15.06.2024 09:00;14;84
Landvik;SN38140;15.06.2024 10:00;14,2;80
Landvik;SN38140;15.06.2024 11:00;14,3;77
Landvik;SN38140;15.06.2024 12:00;14,8;76
Landvik;SN38140;15.06.2024 13:00;15,2;75
Landvik;SN38140;15.06.2024 14:00;15,1;72
Landvik;SN38140;15.06.2024 15:00;14,6;78
Landvik;SN38140;15.06.2024 16:00;13,8;84
Landvik;SN38140;15.06.2024 17:00;13,2;89
Landvik;SN38140;15.06.2024 18:00;13,3;91
Landvik;SN38140;15.06.2024 19:00;13,6;93
Landvik;SN38140;15.06.2024 20:00;13,6;93
Landvik;SN38140;15.06.2024 21:00;13,2;92
Landvik;SN38140;15.06.2024 22:00;12,8;92
Landvik;SN38140;15.06.2024 23:00;12,6;91
Landvik;SN38140;16.06.2024 00:00;12,3;92
Landvik;SN38140;16.06.2024 01:00;12,8;91
Landvik;SN38140;16.06.2024 02:00;12,9;88
Landvik;SN38140;16.06.2024 03:00;11,8;90
Landvik;SN38140;16.06.2024 04:00;11,9;94
Landvik;SN38140;16.06.2024 05:00;12,7;92
Landvik;SN38140;16.06.2024 06:00;13,2;89
Landvik;SN38140;16.06.2024 07:00;13,1;90
Landvik;SN38140;16.06.2024 08:00;13,4;88
Landvik;SN38140;16.06.2024 09:00;13,7;87
Landvik;SN38140;16.06.2024 10:00;14,4;84
Landvik;SN38140;16.06.2024 11:00;14,5;84
Landvik;SN38140;16.06.2024 12:00;14,2;85
Landvik;SN38140;16.06.2024 13:00;14,6;81
Landvik;SN38140;16.06.2024 14:00;16;74
Landvik;SN38140;16.06.2024 15:00;16;72
Landvik;SN38140;16.06.2024 16:00;14,8;78
Landvik;SN38140;16.06.2024 17:00;13,8;82
Landvik;SN38140;16.06.2024 18:00;13,7;78
Landvik;SN38140;16.06.2024 19:00;12,9;87
Landvik;SN38140;16.06.2024 20:00;12,7;91
Landvik;SN38140;16.06.2024 21:00;12,4;92
Landvik;SN38140;16.06.2024 22:00;12;93
Landvik;SN38140;16.06.2024 23:00;12,1;93
Landvik;SN38140;17.06.2024 00:00;12,3;93
Landvik;SN38140;17.06.2024 01:00;11,9;93
Landvik;SN38140;17.06.2024 02:00;12,3;93
Landvik;SN38140;17.06.2024 03:00;12,2;92
Landvik;SN38140;17.06.2024 04:00;12,6;92
Landvik;SN38140;17.06.2024 05:00;12,8;90
Landvik;SN38140;17.06.2024 06:00;13;89
Landvik;SN38140;17.06.2024 07:00;13,4;85
Landvik;SN38140;17.06.2024 08:00;13,5;84
Landvik;SN38140;17.06.2024 09:00;14,8;77
Landvik;SN38140;17.06.2024 10:00;15,3;73
Landvik;SN38140;17.06.2024 11:00;15,8;73
Landvik;SN38140;17.06.2024 12:00;15,2;78
Landvik;SN38140;17.06.2024 13:00;15,9;76
Landvik;SN38140;17.06.2024 14:00;17;72
Landvik;SN38140;17.06.2024 15:00;17;69
Landvik;SN38140;17.06.2024 16:00;17,2;66
Landvik;SN38140;17.06.2024 17:00;17,1;66
Landvik;SN38140;17.06.2024 18:00;16,2;73
Landvik;SN38140;17.06.2024 19:00;15,1;79
Landvik;SN38140;17.06.2024 20:00;14,9;78
Landvik;SN38140;17.06.2024 21:00;14,8;78
Landvik;SN38140;17.06.2024 22:00;14,3;85
Landvik;SN38140;17.06.2024 23:00;14;87
Landvik;SN38140;18.06.2024 00:00;13,8;86
Landvik;SN38140;18.06.2024 01:00;13,4;88
Landvik;SN38140;18.06.2024 02:00;12,4;92
Landvik;SN38140;18.06.2024 03:00;11,4;92
Landvik;SN38140;18.06.2024 04:00;11,2;94
Landvik;SN38140;18.06.2024 05:00;11,5;91
Landvik;SN38140;18.06.2024 06:00;12,2;89
Landvik;SN38140;18.06.2024 07:00;12;90
Landvik;SN38140;18.06.2024 08:00;13,4;88
Landvik;SN38140;18.06.2024 09:00;14,5;82
Landvik;SN38140;18.06.2024 10:00;15,5;75
Landvik;SN38140;18.06.2024 11:00;15,7;73
Landvik;SN38140;18.06.2024 12:00;15,7;73
Landvik;SN38140;18.06.2024 13:00;16,1;68
Landvik;SN38140;18.06.2024 14:00;16,1;69
Landvik;SN38140;18.06.2024 15:00;16,8;65
Landvik;SN38140;18.06.2024 16:00;16,9;64
Landvik;SN38140;18.06.2024 17:00;16,8;64
Landvik;SN38140;18.06.2024 18:00;17,1;63
Landvik;SN38140;18.06.2024 19:00;16,5;64
Landvik;SN38140;18.06.2024 20:00;15,5;64
Landvik;SN38140;18.06.2024 21:00;14,3;66
Landvik;SN38140;18.06.2024 22:00;13,3;72
Landvik;SN38140;18.06.2024 23:00;12,8;73
Landvik;SN38140;19.06.2024 00:00;12,1;76
Landvik;SN38140;19.06.2024 01:00;11,5;78
Landvik;SN38140;19.06.2024 02:00;11;81
Landvik;SN38140;19.06.2024 03:00;10,5;83
Landvik;SN38140;19.06.2024 05:00;10,3;82
Landvik;SN38140;19.06.2024 07:00;14,9;61
Landvik;SN38140;19.06.2024 08:00;16,8;54
Landvik;SN38140;19.06.2024 09:00;18,4;47
Landvik;SN38140;19.06.2024 10:00;19,7;44
Landvik;SN38140;19.06.2024 11:00;20,1;46
Landvik;SN38140;19.06.2024 12:00;19,7;49
Landvik;SN38140;19.06.2024 13:00;20,2;50
Landvik;SN38140;19.06.2024 14:00;21,2;47
Landvik;SN38140;19.06.2024 15:00;21,5;45
Landvik;SN38140;19.06.2024 16:00;21,4;46
Landvik;SN38140;19.06.2024 17:00;22,8;38
Landvik;SN38140;19.06.2024 18:00;22,1;38
Landvik;SN38140;19.06.2024 19:00;21,2;38
Landvik;SN38140;19.06.2024 20:00;20;35
Landvik;SN38140;19.06.2024 21:00;17,9;35
Landvik;SN38140;19.06.2024 22:00;15,8;46
Landvik;SN38140;19.06.2024 23:00;14,9;47
Landvik;SN38140;20.06.2024 09:00;14,8;65
Landvik;SN38140;20.06.2024 10:00;14,6;70
Landvik;SN38140;20.06.2024 11:00;15,2;71
Landvik;SN38140;20.06.2024 12:00;16,4;68
Landvik;SN38140;20.06.2024 13:00;17,6;64
Landvik;SN38140;20.06.2024 14:00;17,8;66
Landvik;SN38140;20.06.2024 15:00;18,9;59
Landvik;SN38140;20.06.2024 16:00;19;66
Landvik;SN38140;20.06.2024 17:00;18,6;67
Landvik;SN38140;20.06.2024 18:00;18,2;65
Landvik;SN38140;20.06.2024 19:00;18,4;64
Landvik;SN38140;20.06.2024 20:00;18,2;63
Landvik;SN38140;20.06.2024 21:00;16,3;69
Landvik;SN38140;20.06.2024 22:00;14,9;71
Landvik;SN38140;20.06.2024 23:00;13,4;75
Landvik;SN38140;21.06.2024 00:00;13;75
Landvik;SN38140;21.06.2024 01:00;10,7;86
Landvik;SN38140;21.06.2024 02:00;9,6;89
Landvik;SN38140;21.06.2024 03:00;8,4;92
Landvik;SN38140;21.06.2024 04:00;7,9;94
Landvik;SN38140;21.06.2024 05:00;8,3;95
Landvik;SN38140;21.06.2024 06:00;11,2;90
Landvik;SN38140;21.06.2024 07:00;14,8;73
Landvik;SN38140;21.06.2024 08:00;16,3;63
Landvik;SN38140;21.06.2024 09:00;17,8;58
Landvik;SN38140;21.06.2024 10:00;17,4;62
Landvik;SN38140;21.06.2024 11:00;17,6;64
Landvik;SN38140;21.06.2024 12:00;17,8;60
Landvik;SN38140;21.06.2024 13:00;17,9;60
Landvik;SN38140;21.06.2024 14:00;18,6;58
Landvik;SN38140;21.06.2024 15:00;17,9;65
Landvik;SN38140;21.06.2024 16:00;17,3;68
Landvik;SN38140;21.06.2024 17:00;17,4;69
Landvik;SN38140;21.06.2024 18:00;17,3;70
Landvik;SN38140;21.06.2024 19:00;16,6;70
Landvik;SN38140;21.06.2024 20:00;15,4;72
Landvik;SN38140;21.06.2024 21:00;14,4;79
Landvik;SN38140;21.06.2024 22:00;13,4;86
Landvik;SN38140;21.06.2024 23:00;12,2;90
Landvik;SN38140;22.06.2024 00:00;11,8;93
Landvik;SN38140;22.06.2024 01:00;12,1;94
Landvik;SN38140;22.06.2024 02:00;12,6;93
Landvik;SN38140;22.06.2024 03:00;12,7;93
Landvik;SN38140;22.06.2024 04:00;12,9;93
Landvik;SN38140;22.06.2024 05:00;13;94
Landvik;SN38140;22.06.2024 06:00;13,2;93
Landvik;SN38140;22.06.2024 07:00;13,3;91
Landvik;SN38140;22.06.2024 08:00;13,1;88
Landvik;SN38140;22.06.2024 09:00;13,4;87
Landvik;SN38140;22.06.2024 10:00;13,6;85
Landvik;SN38140;22.06.2024 11:00;12,8;87
Landvik;SN38140;22.06.2024 12:00;13,2;89
Landvik;SN38140;22.06.2024 13:00;13,7;88
Landvik;SN38140;22.06.2024 14:00;13,9;90
Landvik;SN38140;22.06.2024 15:00;14,4;89
Landvik;SN38140;22.06.2024 16:00;14,5;87
Landvik;SN38140;22.06.2024 17:00;14,2;86
Landvik;SN38140;22.06.2024 18:00;14,1;87
Landvik;SN38140;22.06.2024 19:00;13,9;88
Landvik;SN38140;22.06.2024 20:00;13,7;90
Landvik;SN38140;22.06.2024 21:00;13,8;88
Landvik;SN38140;22.06.2024 22:00;13,4;90
Landvik;SN38140;22.06.2024 23:00;13,2;92
Landvik;SN38140;23.06.2024 00:00;11,9;93
Landvik;SN38140;23.06.2024 01:00;11,5;95
Landvik;SN38140;23.06.2024 02:00;11,4;95
Landvik;SN38140;23.06.2024 03:00;11,3;96
Landvik;SN38140;23.06.2024 04:00;11,5;96
Landvik;SN38140;23.06.2024 05:00;11,4;96
Landvik;SN38140;23.06.2024 06:00;12,9;95
Landvik;SN38140;23.06.2024 07:00;14,6;88
Landvik;SN38140;23.06.2024 08:00;16,2;81
Landvik;SN38140;23.06.2024 09:00;17,5;73
Landvik;SN38140;23.06.2024 10:00;18,5;67
Landvik;SN38140;23.06.2024 11:00;19,7;60
Landvik;SN38140;23.06.2024 12:00;19,7;57
Landvik;SN38140;23.06.2024 13:00;20,4;52
Landvik;SN38140;23.06.2024 14:00;21,3;51
Landvik;SN38140;23.06.2024 15:00;22,6;49
Landvik;SN38140;23.06.2024 16:00;22,6;49
Landvik;SN38140;23.06.2024 17:00;22,5;49
Landvik;SN38140;23.06.2024 18:00;22,5;48
Landvik;SN38140;23.06.2024 19:00;22;49
Landvik;SN38140;23.06.2024 20:00;21,1;50
Landvik;SN38140;23.06.2024 21:00;18,3;61
Landvik;SN38140;23.06.2024 22:00;15,8;72
Landvik;SN38140;23.06.2024 23:00;14,7;75
Landvik;SN38140;24.06.2024 00:00;14;74
Landvik;SN38140;24.06.2024 01:00;12,9;77
Landvik;SN38140;24.06.2024 02:00;13,4;74
Landvik;SN38140;24.06.2024 03:00;13,6;69
Landvik;SN38140;24.06.2024 04:00;11,6;78
Landvik;SN38140;24.06.2024 05:00;10,6;86
Landvik;SN38140;24.06.2024 06:00;13,4;77
Landvik;SN38140;24.06.2024 07:00;16,9;61
Landvik;SN38140;24.06.2024 08:00;18,6;53
Landvik;SN38140;24.06.2024 09:00;20,2;49
Landvik;SN38140;24.06.2024 10:00;20,3;51
Landvik;SN38140;24.06.2024 11:00;20,5;49
Landvik;SN38140;24.06.2024 12:00;19,8;47
Landvik;SN38140;24.06.2024 13:00;20,6;49
Landvik;SN38140;24.06.2024 14:00;20,7;48
Landvik;SN38140;24.06.2024 15:00;20,6;54
Landvik;SN38140;24.06.2024 16:00;20,6;55
Landvik;SN38140;24.06.2024 17:00;20,7;57
Landvik;SN38140;24.06.2024 18:00;20,9;54
Landvik;SN38140;24.06.2024 19:00;20,6;51
Landvik;SN38140;24.06.2024 20:00;20,1;51
Landvik;SN38140;24.06.2024 21:00;16,9;64
Landvik;SN38140;24.06.2024 22:00;14,7;80
Landvik;SN38140;24.06.2024 23:00;13,3;87
Landvik;SN38140;25.06.2024 00:00;12,2;90
Landvik;SN38140;25.06.2024 01:00;11,5;92
Landvik;SN38140;25.06.2024 02:00;11;94
Landvik;SN38140;25.06.2024 03:00;10,4;94
Landvik;SN38140;25.06.2024 04:00;10;95
Landvik;SN38140;25.06.2024 05:00;10,3;96
Landvik;SN38140;25.06.2024 06:00;12,5;95
Landvik;SN38140;25.06.2024 07:00;15,1;80
Landvik;SN38140;25.06.2024 08:00;17,7;65
Landvik;SN38140;25.06.2024 09:00;20,2;61
Landvik;SN38140;25.06.2024 10:00;20,8;63
Landvik;SN38140;25.06.2024 11:00;20,7;71
Landvik;SN38140;25.06.2024 12:00;21,1;70
Landvik;SN38140;25.06.2024 13:00;20,8;71
Landvik;SN38140;25.06.2024 14:00;21,4;68
Landvik;SN38140;25.06.2024 15:00;22,2;67
Landvik;SN38140;25.06.2024 16:00;22,4;64
Landvik;SN38140;25.06.2024 17:00;21,8;63
Landvik;SN38140;25.06.2024 18:00;21,4;65
Landvik;SN38140;25.06.2024 19:00;21,1;63
Landvik;SN38140;25.06.2024 20:00;20,3;60
Landvik;SN38140;25.06.2024 21:00;18,8;63
Landvik;SN38140;25.06.2024 22:00;16,8;77
Landvik;SN38140;25.06.2024 23:00;15,7;83
Landvik;SN38140;26.06.2024 00:00;14,2;88
Landvik;SN38140;26.06.2024 01:00;13;92
Landvik;SN38140;26.06.2024 02:00;12,7;93
Landvik;SN38140;26.06.2024 03:00;13,8;96
Landvik;SN38140;26.06.2024 04:00;14,4;96
Landvik;SN38140;26.06.2024 05:00;14,4;96
Landvik;SN38140;26.06.2024 06:00;14,6;96
Landvik;SN38140;26.06.2024 07:00;15;96
Landvik;SN38140;26.06.2024 08:00;15,9;92
Landvik;SN38140;26.06.2024 09:00;19,1;79
Landvik;SN38140;26.06.2024 10:00;20,3;76
Landvik;SN38140;26.06.2024 11:00;19,7;80
Landvik;SN38140;26.06.2024 12:00;20,5;76
Landvik;SN38140;26.06.2024 13:00;21,3;73
Landvik;SN38140;26.06.2024 14:00;20,3;77
Landvik;SN38140;26.06.2024 15:00;20,5;76
Landvik;SN38140;26.06.2024 16:00;21,1;74
Landvik;SN38140;26.06.2024 17:00;21,4;72
Landvik;SN38140;26.06.2024 18:00;21,1;74
Landvik;SN38140;26.06.2024 19:00;20,4;76
Landvik;SN38140;26.06.2024 20:00;19,8;80
Landvik;SN38140;26.06.2024 21:00;18;85
Landvik;SN38140;26.06.2024 22:00;16,9;89
Landvik;SN38140;26.06.2024 23:00;15,6;93
Landvik;SN38140;27.06.2024 00:00;14,7;94
Landvik;SN38140;27.06.2024 01:00;14,3;95
Landvik;SN38140;27.06.2024 02:00;14,5;96
Landvik;SN38140;27.06.2024 03:00;15,1;95
Landvik;SN38140;27.06.2024 04:00;15,2;95
Landvik;SN38140;27.06.2024 05:00;15,6;94
Landvik;SN38140;27.06.2024 06:00;16;93
Landvik;SN38140;27.06.2024 07:00;16,5;91
Landvik;SN38140;27.06.2024 08:00;18;86
Landvik;SN38140;27.06.2024 09:00;19,9;75
Landvik;SN38140;27.06.2024 10:00;20,9;69
Landvik;SN38140;27.06.2024 11:00;21,9;64
Landvik;SN38140;27.06.2024 12:00;22,1;62
Landvik;SN38140;27.06.2024 13:00;22,9;60
Landvik;SN38140;27.06.2024 14:00;23;59
Landvik;SN38140;27.06.2024 15:00;23,4;60
Landvik;SN38140;27.06.2024 16:00;23,9;56
Landvik;SN38140;27.06.2024 17:00;23,1;55
Landvik;SN38140;27.06.2024 18:00;22,3;58
Landvik;SN38140;27.06.2024 19:00;21,7;60
Landvik;SN38140;27.06.2024 20:00;20,9;69
Landvik;SN38140;27.06.2024 21:00;18,8;91
Landvik;SN38140;27.06.2024 22:00;18,9;94
Landvik;SN38140;27.06.2024 23:00;18,7;94
Landvik;SN38140;28.06.2024 00:00;18,6;93
Landvik;SN38140;28.06.2024 01:00;18,4;93
Landvik;SN38140;28.06.2024 02:00;17,9;93
Landvik;SN38140;28.06.2024 03:00;17,5;94
Landvik;SN38140;28.06.2024 04:00;17,1;93
Landvik;SN38140;28.06.2024 05:00;16,9;91
Landvik;SN38140;28.06.2024 06:00;17;88
Landvik;SN38140;28.06.2024 07:00;18,3;73
Landvik;SN38140;28.06.2024 08:00;18,8;63
Landvik;SN38140;28.06.2024 09:00;19,7;61
Landvik;SN38140;28.06.2024 10:00;19,6;61
Landvik;SN38140;28.06.2024 11:00;19,6;69
Landvik;SN38140;28.06.2024 12:00;19,8;72
Landvik;SN38140;28.06.2024 13:00;20;71
Landvik;SN38140;28.06.2024 14:00;20;59
Landvik;SN38140;28.06.2024 15:00;19,2;62
Landvik;SN38140;28.06.2024 16:00;18,3;65
Landvik;SN38140;28.06.2024 17:00;17,7;66
Landvik;SN38140;28.06.2024 18:00;17,3;66
Landvik;SN38140;28.06.2024 19:00;16,4;67
Landvik;SN38140;28.06.2024 20:00;15,1;78
Landvik;SN38140;28.06.2024 21:00;14,3;77
Landvik;SN38140;28.06.2024 22:00;13,5;75
Landvik;SN38140;28.06.2024 23:00;12,6;73
Landvik;SN38140;29.06.2024 00:00;12;79
Landvik;SN38140;29.06.2024 01:00;11,7;80
Landvik;SN38140;29.06.2024 02:00;11,6;79
Landvik;SN38140;29.06.2024 03:00;10,7;85
Landvik;SN38140;29.06.2024 04:00;10,8;88
Landvik;SN38140;29.06.2024 05:00;11,6;87
Landvik;SN38140;29.06.2024 06:00;12,6;87
Landvik;SN38140;29.06.2024 07:00;13,6;81
Landvik;SN38140;29.06.2024 08:00;15;72
Landvik;SN38140;29.06.2024 09:00;15,8;63
Landvik;SN38140;29.06.2024 10:00;15,8;64
Landvik;SN38140;29.06.2024 11:00;14,6;77
Landvik;SN38140;29.06.2024 12:00;16,2;65
Landvik;SN38140;29.06.2024 13:00;16,6;56
Landvik;SN38140;29.06.2024 14:00;17,3;50
Landvik;SN38140;29.06.2024 15:00;17,4;46
Landvik;SN38140;29.06.2024 16:00;16,2;54
Landvik;SN38140;29.06.2024 17:00;16,8;57
Landvik;SN38140;29.06.2024 18:00;16,3;56
Landvik;SN38140;29.06.2024 19:00;16;53
Landvik;SN38140;29.06.2024 20:00;15,1;59
Landvik;SN38140;29.06.2024 21:00;14,1;62
Landvik;SN38140;29.06.2024 22:00;13,1;67
Landvik;SN38140;29.06.2024 23:00;11,4;79
Landvik;SN38140;30.06.2024 00:00;10,8;85
Landvik;SN38140;30.06.2024 01:00;10,9;89
Landvik;SN38140;30.06.2024 02:00;10,6;91
Landvik;SN38140;30.06.2024 03:00;10,1;93
Landvik;SN38140;30.06.2024 04:00;10;95
Landvik;SN38140;30.06.2024 05:00;11,1;96
Landvik;SN38140;30.06.2024 06:00;12;95
Landvik;SN38140;30.06.2024 07:00;12,9;94
Landvik;SN38140;30.06.2024 08:00;13,6;89
Landvik;SN38140;30.06.2024 09:00;15,4;75
Landvik;SN38140;30.06.2024 10:00;16,4;65
Landvik;SN38140;30.06.2024 11:00;17,9;50
Landvik;SN38140;30.06.2024 12:00;18,8;53
Landvik;SN38140;30.06.2024 13:00;18,7;55
Landvik;SN38140;30.06.2024 14:00;19;53
Landvik;SN38140;30.06.2024 15:00;18,5;57
Landvik;SN38140;30.06.2024 16:00;18,8;56
Landvik;SN38140;30.06.2024 17:00;18,4;54
Landvik;SN38140;30.06.2024 18:00;18,4;58
Landvik;SN38140;30.06.2024 19:00;18,9;55
Landvik;SN38140;30.06.2024 20:00;18,5;51
Landvik;SN38140;30.06.2024 21:00;16,5;57
Landvik;SN38140;30.06.2024 22:00;15,3;63
Landvik;SN38140;30.06.2024 23:00;13,7;72
Landvik;SN38140;01.07.2024 00:00;12,4;77
Landvik;SN38140;01.07.2024 01:00;10,9;82
Landvik;SN38140;01.07.2024 02:00;9,8;86
Landvik;SN38140;01.07.2024 03:00;9,3;86
Landvik;SN38140;01.07.2024 04:00;12,2;68
Landvik;SN38140;01.07.2024 05:00;12,7;67
Landvik;SN38140;01.07.2024 06:00;13,8;64
Landvik;SN38140;01.07.2024 07:00;15,3;58
Landvik;SN38140;01.07.2024 08:00;16,7;52
Landvik;SN38140;01.07.2024 09:00;18,2;49
Landvik;SN38140;01.07.2024 10:00;19,3;47
Landvik;SN38140;01.07.2024 11:00;20;46
Landvik;SN38140;01.07.2024 12:00;20,1;46
Landvik;SN38140;01.07.2024 13:00;20;49
Landvik;SN38140;01.07.2024 14:00;20,1;49
Landvik;SN38140;01.07.2024 15:00;19,8;49
Landvik;SN38140;01.07.2024 16:00;19,3;50
Landvik;SN38140;01.07.2024 17:00;18,7;53
Landvik;SN38140;01.07.2024 18:00;17,9;55
Landvik;SN38140;01.07.2024 19:00;17;59
Landvik;SN38140;01.07.2024 20:00;16,7;59
Landvik;SN38140;01.07.2024 21:00;16,4;57
Landvik;SN38140;01.07.2024 22:00;15,8;57
Landvik;SN38140;01.07.2024 23:00;14,3;63
Landvik;SN38140;02.07.2024 00:00;13,1;68
Landvik;SN38140;02.07.2024 01:00;12,5;72
Landvik;SN38140;02.07.2024 02:00;13,2;67
Landvik;SN38140;02.07.2024 03:00;13,1;67
Landvik;SN38140;02.07.2024 04:00;13,7;66
Landvik;SN38140;02.07.2024 05:00;13,9;67
Landvik;SN38140;02.07.2024 06:00;14,9;65
Landvik;SN38140;02.07.2024 07:00;16;63
Landvik;SN38140;02.07.2024 08:00;17,7;56
Landvik;SN38140;02.07.2024 09:00;18,4;54
Landvik;SN38140;02.07.2024 10:00;19,5;51
Landvik;SN38140;02.07.2024 11:00;20,1;50
Landvik;SN38140;02.07.2024 12:00;19,7;56
Landvik;SN38140;02.07.2024 13:00;20;60
Landvik;SN38140;02.07.2024 14:00;21,5;54
Landvik;SN38140;02.07.2024 15:00;19,7;60
Landvik;SN38140;02.07.2024 16:00;19,2;61
Landvik;SN38140;02.07.2024 17:00;20;56
Landvik;SN38140;02.07.2024 18:00;20,5;54
Landvik;SN38140;02.07.2024 19:00;20,1;53
Landvik;SN38140;02.07.2024 20:00;19,7;46
Landvik;SN38140;02.07.2024 21:00;18,4;47
Landvik;SN38140;02.07.2024 22:00;17,1;48
Landvik;SN38140;02.07.2024 23:00;16,1;50
Landvik;SN38140;03.07.2024 00:00;15,1;52
Landvik;SN38140;03.07.2024 01:00;14,6;52
Landvik;SN38140;03.07.2024 02:00;14,5;52
Landvik;SN38140;03.07.2024 03:00;14,4;53
Landvik;SN38140;03.07.2024 04:00;13,7;54
Landvik;SN38140;03.07.2024 05:00;13,2;55
Landvik;SN38140;03.07.2024 06:00;14,1;53
Landvik;SN38140;03.07.2024 07:00;14,7;54
Landvik;SN38140;03.07.2024 08:00;16;50
Landvik;SN38140;03.07.2024 09:00;17,2;48
Landvik;SN38140;03.07.2024 10:00;18;48
Landvik;SN38140;03.07.2024 11:00;18,8;47
Landvik;SN38140;03.07.2024 12:00;19,2;42
Landvik;SN38140;03.07.2024 13:00;19,5;44
Landvik;SN38140;03.07.2024 14:00;19,1;51
Landvik;SN38140;03.07.2024 15:00;18,9;54
Landvik;SN38140;03.07.2024 16:00;18;58
Landvik;SN38140;03.07.2024 17:00;17;61
Landvik;SN38140;03.07.2024 18:00;16,1;63
Landvik;SN38140;03.07.2024 19:00;15,4;63
Landvik;SN38140;03.07.2024 20:00;14,9;62
Landvik;SN38140;03.07.2024 21:00;13,6;74
Landvik;SN38140;03.07.2024 22:00;12,7;80
Landvik;SN38140;03.07.2024 23:00;12,2;82
Landvik;SN38140;04.07.2024 00:00;12,2;79
Landvik;SN38140;04.07.2024 01:00;11,8;83
Landvik;SN38140;04.07.2024 02:00;11,2;90
Landvik;SN38140;04.07.2024 03:00;11;92
Landvik;SN38140;04.07.2024 04:00;11,3;94
Landvik;SN38140;04.07.2024 05:00;11,6;91
Landvik;SN38140;04.07.2024 06:00;11,7;93
Landvik;SN38140;04.07.2024 07:00;12,8;92
Landvik;SN38140;04.07.2024 08:00;12,9;92
Landvik;SN38140;04.07.2024 09:00;12,3;90
Landvik;SN38140;04.07.2024 10:00;12,6;87
Landvik;SN38140;04.07.2024 11:00;13,3;83
Landvik;SN38140;04.07.2024 12:00;13,2;86
Landvik;SN38140;04.07.2024 13:00;14,9;73
Landvik;SN38140;04.07.2024 14:00;15,5;67
Landvik;SN38140;04.07.2024 15:00;15,5;64
Landvik;SN38140;04.07.2024 16:00;13,7;72
Landvik;SN38140;04.07.2024 17:00;15;60
Landvik;SN38140;04.07.2024 18:00;14,7;59
Landvik;SN38140;04.07.2024 19:00;14,6;57
Landvik;SN38140;04.07.2024 20:00;13,4;65
Landvik;SN38140;04.07.2024 21:00;12,3;69
Landvik;SN38140;04.07.2024 22:00;11,4;70
Landvik;SN38140;04.07.2024 23:00;9,6;83
Landvik;SN38140;05.07.2024 00:00;9,6;85
Landvik;SN38140;05.07.2024 01:00;9;87
Landvik;SN38140;05.07.2024 02:00;8,4;92
Landvik;SN38140;05.07.2024 03:00;9,2;91
Landvik;SN38140;05.07.2024 04:00;9,2;92
Landvik;SN38140;05.07.2024 05:00;8,9;93
Landvik;SN38140;05.07.2024 06:00;9,6;90
Landvik;SN38140;05.07.2024 07:00;11,2;82
Landvik;SN38140;05.07.2024 08:00;12,1;78
Landvik;SN38140;05.07.2024 09:00;11,3;87
Landvik;SN38140;05.07.2024 10:00;11,9;88
Landvik;SN38140;05.07.2024 11:00;12,9;84
Landvik;SN38140;05.07.2024 12:00;11,6;89
Landvik;SN38140;05.07.2024 13:00;12,7;88
Landvik;SN38140;05.07.2024 14:00;13,8;78
Landvik;SN38140;05.07.2024 15:00;12,5;81
Landvik;SN38140;05.07.2024 16:00;12,4;87
Landvik;SN38140;05.07.2024 17:00;12;87
Landvik;SN38140;05.07.2024 18:00;12,9;87
Landvik;SN38140;05.07.2024 19:00;13,6;83
Landvik;SN38140;05.07.2024 20:00;12,7;85
Landvik;SN38140;05.07.2024 21:00;12,3;89
Landvik;SN38140;05.07.2024 22:00;11,7;92
Landvik;SN38140;05.07.2024 23:00;11,3;92
Landvik;SN38140;06.07.2024 00:00;10,2;93
Landvik;SN38140;06.07.2024 01:00;9,2;95
Landvik;SN38140;06.07.2024 02:00;10;95
Landvik;SN38140;06.07.2024 03:00;9,9;93
Landvik;SN38140;06.07.2024 04:00;9,5;92
Landvik;SN38140;06.07.2024 05:00;9,2;93
Landvik;SN38140;06.07.2024 06:00;10,3;92
Landvik;SN38140;06.07.2024 07:00;12;86
Landvik;SN38140;06.07.2024 08:00;12,9;83
Landvik;SN38140;06.07.2024 09:00;13,2;82
Landvik;SN38140;06.07.2024 10:00;13,6;83
Landvik;SN38140;06.07.2024 11:00;13,5;82
Landvik;SN38140;06.07.2024 12:00;13,6;81
Landvik;SN38140;06.07.2024 13:00;14,1;75
Landvik;SN38140;06.07.2024 14:00;13,8;76
Landvik;SN38140;06.07.2024 15:00;13,3;83
Landvik;SN38140;06.07.2024 16:00;13;88
Landvik;SN38140;06.07.2024 17:00;12,3;90
Landvik;SN38140;06.07.2024 18:00;12,3;92
Landvik;SN38140;06.07.2024 19:00;12,3;92
Landvik;SN38140;06.07.2024 20:00;12,4;93
Landvik;SN38140;06.07.2024 21:00;12,4;92
Landvik;SN38140;06.07.2024 22:00;12,4;93
Landvik;SN38140;06.07.2024 23:00;12,3;94
Landvik;SN38140;07.07.2024 00:00;12,6;94
Landvik;SN38140;07.07.2024 01:00;12,7;94
Landvik;SN38140;07.07.2024 02:00;12,5;94
Landvik;SN38140;07.07.2024 03:00;12,2;92
Landvik;SN38140;07.07.2024 04:00;11,9;89
Landvik;SN38140;07.07.2024 05:00;11,7;89
Landvik;SN38140;07.07.2024 06:00;11,9;91
Landvik;SN38140;07.07.2024 07:00;12,1;87
Landvik;SN38140;07.07.2024 08:00;12,4;83
Landvik;SN38140;07.07.2024 09:00;13,5;76
Landvik;SN38140;07.07.2024 10:00;14,7;72
Landvik;SN38140;07.07.2024 11:00;15,3;70
Landvik;SN38140;07.07.2024 12:00;16,7;63
Landvik;SN38140;07.07.2024 13:00;16,7;60
Landvik;SN38140;07.07.2024 14:00;17,5;55
Landvik;SN38140;07.07.2024 15:00;17,2;56
Landvik;SN38140;07.07.2024 16:00;16,3;59
Landvik;SN38140;07.07.2024 17:00;15,6;60
Landvik;SN38140;07.07.2024 18:00;15,4;63
Landvik;SN38140;07.07.2024 19:00;15;62
Landvik;SN38140;07.07.2024 20:00;14,1;67
Landvik;SN38140;07.07.2024 21:00;13,4;71
Landvik;SN38140;07.07.2024 22:00;11,8;79
Landvik;SN38140;07.07.2024 23:00;10,1;87
Landvik;SN38140;08.07.2024 00:00;8,8;92
Landvik;SN38140;08.07.2024 01:00;8,4;94
Landvik;SN38140;08.07.2024 02:00;8;94
Landvik;SN38140;08.07.2024 03:00;7,4;95
Landvik;SN38140;08.07.2024 04:00;6,8;96
Landvik;SN38140;08.07.2024 05:00;6,9;96
Landvik;SN38140;08.07.2024 06:00;9,3;97
Landvik;SN38140;08.07.2024 07:00;11,4;93
Landvik;SN38140;08.07.2024 08:00;12,9;85
Landvik;SN38140;08.07.2024 09:00;14,7;71
Landvik;SN38140;08.07.2024 10:00;15,5;70
Landvik;SN38140;08.07.2024 11:00;16;68
Landvik;SN38140;08.07.2024 12:00;16,2;67
Landvik;SN38140;08.07.2024 13:00;15,4;71
Landvik;SN38140;08.07.2024 14:00;15,8;74
Landvik;SN38140;08.07.2024 15:00;15,6;78
Landvik;SN38140;08.07.2024 16:00;17,1;65
Landvik;SN38140;08.07.2024 17:00;16,7;62
Landvik;SN38140;08.07.2024 18:00;17,7;62
Landvik;SN38140;08.07.2024 19:00;18,1;61
Landvik;SN38140;08.07.2024 20:00;17,2;62
Landvik;SN38140;08.07.2024 21:00;15,5;62
Landvik;SN38140;08.07.2024 22:00;13,3;70
Landvik;SN38140;08.07.2024 23:00;10,5;84
Landvik;SN38140;09.07.2024 00:00;9,5;87
Landvik;SN38140;09.07.2024 01:00;8,6;89
Landvik;SN38140;09.07.2024 02:00;7,7;92
Landvik;SN38140;09.07.2024 03:00;7,2;93
Landvik;SN38140;09.07.2024 04:00;6,8;94
Landvik;SN38140;09.07.2024 05:00;6,8;95
Landvik;SN38140;09.07.2024 06:00;9,3;95
Landvik;SN38140;09.07.2024 07:00;12,3;83
Landvik;SN38140;09.07.2024 08:00;15,1;68
Landvik;SN38140;09.07.2024 09:00;17,1;55
Landvik;SN38140;09.07.2024 10:00;18,4;51
Landvik;SN38140;09.07.2024 11:00;18,3;51
Landvik;SN38140;09.07.2024 12:00;18,6;49
Landvik;SN38140;09.07.2024 13:00;18;47
Landvik;SN38140;09.07.2024 14:00;17,6;56
Landvik;SN38140;09.07.2024 15:00;17,9;62
Landvik;SN38140;09.07.2024 16:00;18,1;64
Landvik;SN38140;09.07.2024 17:00;17,5;59
Landvik;SN38140;09.07.2024 18:00;16,7;65
Landvik;SN38140;09.07.2024 19:00;15,9;73
Landvik;SN38140;09.07.2024 20:00;15,6;76
Landvik;SN38140;09.07.2024 21:00;15,3;79
Landvik;SN38140;09.07.2024 22:00;15,2;85
Landvik;SN38140;09.07.2024 23:00;15,2;87
Landvik;SN38140;10.07.2024 00:00;15,1;88
Landvik;SN38140;10.07.2024 01:00;15;90
Landvik;SN38140;10.07.2024 02:00;14,4;90
Landvik;SN38140;10.07.2024 03:00;13,7;88
Landvik;SN38140;10.07.2024 04:00;13,1;90
Landvik;SN38140;10.07.2024 05:00;13,6;92
Landvik;SN38140;10.07.2024 06:00;14,1;93
Landvik;SN38140;10.07.2024 07:00;14;93
Landvik;SN38140;10.07.2024 08:00;14,1;93
Landvik;SN38140;10.07.2024 09:00;14,5;91
Landvik;SN38140;10.07.2024 10:00;14,9;90
Landvik;SN38140;10.07.2024 11:00;15,3;90
Landvik;SN38140;10.07.2024 12:00;15,5;90
Landvik;SN38140;10.07.2024 13:00;15,4;92
Landvik;SN38140;10.07.2024 14:00;15,4;94
Landvik;SN38140;10.07.2024 15:00;16,3;95
Landvik;SN38140;10.07.2024 16:00;16,2;95
Landvik;SN38140;10.07.2024 17:00;16,3;95
Landvik;SN38140;10.07.2024 18:00;16,6;93
Landvik;SN38140;10.07.2024 19:00;17;92
Landvik;SN38140;10.07.2024 20:00;16,5;92
Landvik;SN38140;10.07.2024 21:00;16;93
Landvik;SN38140;10.07.2024 22:00;15,6;95
Landvik;SN38140;10.07.2024 23:00;15,3;96
Landvik;SN38140;11.07.2024 00:00;15,1;95
Landvik;SN38140;11.07.2024 01:00;14,9;95
Landvik;SN38140;11.07.2024 02:00;14,7;95
Landvik;SN38140;11.07.2024 03:00;14,4;96
Landvik;SN38140;11.07.2024 04:00;14,6;96
Landvik;SN38140;11.07.2024 05:00;14,8;96
Landvik;SN38140;11.07.2024 06:00;15,1;96
Landvik;SN38140;11.07.2024 07:00;15,4;95
Landvik;SN38140;11.07.2024 08:00;16,1;92
Landvik;SN38140;11.07.2024 09:00;16,9;88
Landvik;SN38140;11.07.2024 10:00;16,8;86
Landvik;SN38140;11.07.2024 11:00;16,2;89
Landvik;SN38140;11.07.2024 12:00;16,6;90
Landvik;SN38140;11.07.2024 13:00;16,9;86
Landvik;SN38140;11.07.2024 14:00;17,8;79
Landvik;SN38140;11.07.2024 15:00;18,6;75
Landvik;SN38140;11.07.2024 16:00;19,5;71
Landvik;SN38140;11.07.2024 17:00;18,9;73
Landvik;SN38140;11.07.2024 18:00;17,7;77
Landvik;SN38140;11.07.2024 19:00;17,1;74
Landvik;SN38140;11.07.2024 20:00;16;79
Landvik;SN38140;11.07.2024 21:00;15,5;81
Landvik;SN38140;11.07.2024 22:00;15;81
Landvik;SN38140;11.07.2024 23:00;14,8;76
Landvik;SN38140;12.07.2024 00:00;14,5;79
Landvik;SN38140;12.07.2024 01:00;14,3;83
Landvik;SN38140;12.07.2024 02:00;14,1;87
Landvik;SN38140;12.07.2024 03:00;13,8;91
Landvik;SN38140;12.07.2024 04:00;13,7;92
Landvik;SN38140;12.07.2024 05:00;13,6;93
Landvik;SN38140;12.07.2024 06:00;13,6;93
Landvik;SN38140;12.07.2024 07:00;14,2;90
Landvik;SN38140;12.07.2024 08:00;15,3;82
Landvik;SN38140;12.07.2024 09:00;16,1;78
Landvik;SN38140;12.07.2024 10:00;15;83
Landvik;SN38140;12.07.2024 11:00;16,3;75
Landvik;SN38140;12.07.2024 12:00;16,1;78
Landvik;SN38140;12.07.2024 13:00;17,8;68
Landvik;SN38140;12.07.2024 14:00;19;62
Landvik;SN38140;12.07.2024 15:00;18,8;62
Landvik;SN38140;12.07.2024 16:00;18,7;63
Landvik;SN38140;12.07.2024 17:00;19;61
Landvik;SN38140;12.07.2024 18:00;18,2;63
Landvik;SN38140;12.07.2024 19:00;18,2;61
Landvik;SN38140;12.07.2024 20:00;17,4;67
Landvik;SN38140;12.07.2024 21:00;15,1;76
Landvik;SN38140;12.07.2024 22:00;13;88
Landvik;SN38140;12.07.2024 23:00;12,3;92
Landvik;SN38140;13.07.2024 00:00;13,5;90
Landvik;SN38140;13.07.2024 01:00;13,7;87
Landvik;SN38140;13.07.2024 02:00;13,8;82
Landvik;SN38140;13.07.2024 03:00;14,7;75
Landvik;SN38140;13.07.2024 04:00;15,3;73
Landvik;SN38140;13.07.2024 05:00;15,8;71
Landvik;SN38140;13.07.2024 06:00;16,5;68
Landvik;SN38140;13.07.2024 07:00;17,7;64
Landvik;SN38140;13.07.2024 08:00;18,8;62
Landvik;SN38140;13.07.2024 09:00;19,8;61
Landvik;SN38140;13.07.2024 10:00;20,5;58
Landvik;SN38140;13.07.2024 11:00;19,9;60
Landvik;SN38140;13.07.2024 12:00;20,1;60
Landvik;SN38140;13.07.2024 13:00;20,8;59
Landvik;SN38140;13.07.2024 14:00;22,1;54
Landvik;SN38140;13.07.2024 15:00;22,4;55
Landvik;SN38140;13.07.2024 16:00;22,7;60
Landvik;SN38140;13.07.2024 17:00;21,3;65
Landvik;SN38140;13.07.2024 18:00;20,4;70
Landvik;SN38140;13.07.2024 19:00;18,5;80
Landvik;SN38140;13.07.2024 20:00;17,6;83
Landvik;SN38140;13.07.2024 21:00;16,2;92
Landvik;SN38140;13.07.2024 22:00;15,7;94
Landvik;SN38140;13.07.2024 23:00;14,9;92
Landvik;SN38140;14.07.2024 00:00;14,5;94
Landvik;SN38140;14.07.2024 01:00;14,4;94
Landvik;SN38140;14.07.2024 02:00;14,4;94
Landvik;SN38140;14.07.2024 03:00;14,5;93
Landvik;SN38140;14.07.2024 04:00;14,5;93
Landvik;SN38140;14.07.2024 05:00;14,5;93
Landvik;SN38140;14.07.2024 06:00;14,6;94
Landvik;SN38140;14.07.2024 07:00;14,9;93
Landvik;SN38140;14.07.2024 08:00;15,3;92
Landvik;SN38140;14.07.2024 09:00;15,7;92
Landvik;SN38140;14.07.2024 10:00;16;91
Landvik;SN38140;14.07.2024 11:00;16,4;91
Landvik;SN38140;14.07.2024 12:00;15,4;91
Landvik;SN38140;14.07.2024 13:00;15,6;91
Landvik;SN38140;14.07.2024 14:00;17;86
Landvik;SN38140;14.07.2024 15:00;18,2;80
Landvik;SN38140;14.07.2024 16:00;18,7;77
Landvik;SN38140;14.07.2024 17:00;18,8;74
Landvik;SN38140;14.07.2024 18:00;18,3;75
Landvik;SN38140;14.07.2024 19:00;17,7;76
Landvik;SN38140;14.07.2024 20:00;16,7;80
Landvik;SN38140;14.07.2024 21:00;15,4;85
Landvik;SN38140;14.07.2024 22:00;14;91
Landvik;SN38140;14.07.2024 23:00;14,2;94
Landvik;SN38140;15.07.2024 00:00;14,6;92
Landvik;SN38140;15.07.2024 01:00;14,9;88
Landvik;SN38140;15.07.2024 02:00;15;92
Landvik;SN38140;15.07.2024 03:00;14,9;93
Landvik;SN38140;15.07.2024 04:00;14,8;94
Landvik;SN38140;15.07.2024 05:00;14,9;94
Landvik;SN38140;15.07.2024 06:00;15,2;94
Landvik;SN38140;15.07.2024 07:00;15,2;93
Landvik;SN38140;15.07.2024 08:00;15,4;92
Landvik;SN38140;15.07.2024 09:00;16;89
Landvik;SN38140;15.07.2024 10:00;15,9;91
Landvik;SN38140;15.07.2024 11:00;16,7;87
Landvik;SN38140;15.07.2024 12:00;17,8;80
Landvik;SN38140;15.07.2024 13:00;18,1;78
Landvik;SN38140;15.07.2024 14:00;19;74
Landvik;SN38140;15.07.2024 15:00;19,3;73
Landvik;SN38140;15.07.2024 16:00;18,7;73
Landvik;SN38140;15.07.2024 17:00;18,7;74
Landvik;SN38140;15.07.2024 18:00;17,6;77
Landvik;SN38140;15.07.2024 19:00;17,6;80
Landvik;SN38140;15.07.2024 20:00;17,4;82
Landvik;SN38140;15.07.2024 21:00;15,7;89
Landvik;SN38140;15.07.2024 22:00;14,1;93
Landvik;SN38140;15.07.2024 23:00;13,1;94
Landvik;SN38140;16.07.2024 00:00;13,4;95
Landvik;SN38140;16.07.2024 01:00;13,3;92
Landvik;SN38140;16.07.2024 02:00;12,4;94
Landvik;SN38140;16.07.2024 03:00;13;95
Landvik;SN38140;16.07.2024 04:00;13,5;95
Landvik;SN38140;16.07.2024 05:00;13,8;94
Landvik;SN38140;16.07.2024 06:00;14,3;94
Landvik;SN38140;16.07.2024 07:00;14,3;91
Landvik;SN38140;16.07.2024 08:00;15,6;83
Landvik;SN38140;16.07.2024 09:00;16,5;77
Landvik;SN38140;16.07.2024 10:00;16,5;77
Landvik;SN38140;16.07.2024 11:00;15,7;85
Landvik;SN38140;16.07.2024 12:00;15,2;90
Landvik;SN38140;16.07.2024 13:00;15,5;90
Landvik;SN38140;16.07.2024 14:00;15,7;90
Landvik;SN38140;16.07.2024 15:00;16,2;91
Landvik;SN38140;16.07.2024 16:00;16,5;86
Landvik;SN38140;16.07.2024 17:00;16,3;84
Landvik;SN38140;16.07.2024 18:00;16,5;83
Landvik;SN38140;16.07.2024 19:00;15,8;86
Landvik;SN38140;16.07.2024 20:00;15,4;89
Landvik;SN38140;16.07.2024 21:00;15,4;90
Landvik;SN38140;16.07.2024 22:00;15;91
Landvik;SN38140;16.07.2024 23:00;14,5;92
Landvik;SN38140;17.07.2024 00:00;14,4;92
Landvik;SN38140;17.07.2024 01:00;14,6;92
Landvik;SN38140;17.07.2024 02:00;14,6;93
Landvik;SN38140;17.07.2024 03:00;14,6;93
Landvik;SN38140;17.07.2024 04:00;14,7;93
Landvik;SN38140;17.07.2024 05:00;14,6;93
Landvik;SN38140;17.07.2024 06:00;14,5;92
Landvik;SN38140;17.07.2024 07:00;14,8;92
Landvik;SN38140;17.07.2024 08:00;15;91
Landvik;SN38140;17.07.2024 09:00;15,4;90
Landvik;SN38140;17.07.2024 10:00;16,5;86
Landvik;SN38140;17.07.2024 11:00;17,4;83
Landvik;SN38140;17.07.2024 12:00;18,6;78
Landvik;SN38140;17.07.2024 13:00;18,3;83
Landvik;SN38140;17.07.2024 14:00;19,4;80
Landvik;SN38140;17.07.2024 15:00;20,3;76
Landvik;SN38140;17.07.2024 16:00;20,8;76
Landvik;SN38140;17.07.2024 17:00;21,3;76
Landvik;SN38140;17.07.2024 18:00;22,9;60
Landvik;SN38140;17.07.2024 19:00;22,7;57
Landvik;SN38140;17.07.2024 20:00;20,5;64
Landvik;SN38140;17.07.2024 21:00;18,2;71
Landvik;SN38140;17.07.2024 22:00;17,7;66
Landvik;SN38140;17.07.2024 23:00;16,5;69
Landvik;SN38140;18.07.2024 00:00;16,8;65
Landvik;SN38140;18.07.2024 01:00;16,4;64
Landvik;SN38140;18.07.2024 02:00;15,7;67
Landvik;SN38140;18.07.2024 03:00;15,3;67
Landvik;SN38140;18.07.2024 04:00;15;66
Landvik;SN38140;18.07.2024 05:00;14,6;67
Landvik;SN38140;18.07.2024 06:00;15;65
Landvik;SN38140;18.07.2024 07:00;16,5;60
Landvik;SN38140;18.07.2024 08:00;18,1;56
Landvik;SN38140;18.07.2024 09:00;19,2;53
Landvik;SN38140;18.07.2024 10:00;20,6;51
Landvik;SN38140;18.07.2024 11:00;21,7;49
Landvik;SN38140;18.07.2024 12:00;22,3;49
Landvik;SN38140;18.07.2024 13:00;22,5;49
Landvik;SN38140;18.07.2024 14:00;23,2;49
Landvik;SN38140;18.07.2024 15:00;22,9;50
Landvik;SN38140;18.07.2024 16:00;23;50
Landvik;SN38140;18.07.2024 17:00;23,9;48
Landvik;SN38140;18.07.2024 18:00;23,8;43
Landvik;SN38140;18.07.2024 19:00;23,2;46
Landvik;SN38140;18.07.2024 20:00;20,5;57
Landvik;SN38140;18.07.2024 21:00;18,5;59
Landvik;SN38140;18.07.2024 22:00;17,7;62
Landvik;SN38140;18.07.2024 23:00;16,9;65
Landvik;SN38140;19.07.2024 00:00;15,6;71
Landvik;SN38140;19.07.2024 01:00;14,5;75
Landvik;SN38140;19.07.2024 02:00;16,5;63
Landvik;SN38140;19.07.2024 03:00;17,4;56
Landvik;SN38140;19.07.2024 04:00;14,2;74
Landvik;SN38140;19.07.2024 05:00;16,3;64
Landvik;SN38140;19.07.2024 06:00;18,1;58
Landvik;SN38140;19.07.2024 07:00;18,3;68
Landvik;SN38140;19.07.2024 08:00;18,1;73
Landvik;SN38140;19.07.2024 09:00;19,8;63
Landvik;SN38140;19.07.2024 10:00;21,9;56
Landvik;SN38140;19.07.2024 11:00;23,1;49
Landvik;SN38140;19.07.2024 12:00;23,1;53
Landvik;SN38140;19.07.2024 13:00;24;48
Landvik;SN38140;19.07.2024 14:00;23,7;53
Landvik;SN38140;19.07.2024 15:00;23,1;55
Landvik;SN38140;19.07.2024 16:00;23,1;55
Landvik;SN38140;19.07.2024 17:00;22,7;56
Landvik;SN38140;19.07.2024 18:00;22,5;60
Landvik;SN38140;19.07.2024 19:00;22,3;61
Landvik;SN38140;19.07.2024 20:00;21,4;65
Landvik;SN38140;19.07.2024 21:00;19,9;72
Landvik;SN38140;19.07.2024 22:00;17,8;80
Landvik;SN38140;19.07.2024 23:00;16,1;88
Landvik;SN38140;20.07.2024 00:00;15,1;91
Landvik;SN38140;20.07.2024 01:00;14,9;92
Landvik;SN38140;20.07.2024 02:00;14,2;92
Landvik;SN38140;20.07.2024 03:00;13,5;94
Landvik;SN38140;20.07.2024 04:00;13;94
Landvik;SN38140;20.07.2024 05:00;12,8;95
Landvik;SN38140;20.07.2024 06:00;14;96
Landvik;SN38140;20.07.2024 07:00;16,4;90
Landvik;SN38140;20.07.2024 08:00;19,1;76
Landvik;SN38140;20.07.2024 09:00;21,3;65
Landvik;SN38140;20.07.2024 10:00;22,6;59
Landvik;SN38140;20.07.2024 11:00;22,9;52
Landvik;SN38140;20.07.2024 12:00;23,5;45
Landvik;SN38140;20.07.2024 13:00;23,8;53
Landvik;SN38140;20.07.2024 14:00;23,2;59
Landvik;SN38140;20.07.2024 15:00;23,1;58
Landvik;SN38140;20.07.2024 16:00;23,2;58
Landvik;SN38140;20.07.2024 17:00;23,1;57
Landvik;SN38140;20.07.2024 18:00;21,9;65
Landvik;SN38140;20.07.2024 19:00;21,2;68
Landvik;SN38140;20.07.2024 20:00;20,4;69
Landvik;SN38140;20.07.2024 21:00;17,6;81
Landvik;SN38140;20.07.2024 22:00;16,3;88
Landvik;SN38140;20.07.2024 23:00;15,4;91
Landvik;SN38140;21.07.2024 00:00;14,9;93
Landvik;SN38140;21.07.2024 01:00;14,4;94
Landvik;SN38140;21.07.2024 02:00;14,5;95
Landvik;SN38140;21.07.2024 03:00;14,1;95
Landvik;SN38140;21.07.2024 04:00;13,8;96
Landvik;SN38140;21.07.2024 05:00;13,7;96
Landvik;SN38140;21.07.2024 06:00;15,3;94
Landvik;SN38140;21.07.2024 07:00;17,7;78
Landvik;SN38140;21.07.2024 08:00;19,6;71
Landvik;SN38140;21.07.2024 09:00;21;70
Landvik;SN38140;21.07.2024 10:00;21,9;70
Landvik;SN38140;21.07.2024 11:00;22,9;63
Landvik;SN38140;21.07.2024 12:00;22,9;61
Landvik;SN38140;21.07.2024 13:00;23,9;55
Landvik;SN38140;21.07.2024 14:00;22,4;61
Landvik;SN38140;21.07.2024 15:00;21,9;67
Landvik;SN38140;21.07.2024 16:00;21,2;78
Landvik;SN38140;21.07.2024 17:00;21,4;76
Landvik;SN38140;21.07.2024 18:00;20,6;77
Landvik;SN38140;21.07.2024 19:00;19,4;86
Landvik;SN38140;21.07.2024 20:00;18,4;92
Landvik;SN38140;21.07.2024 21:00;18;94
Landvik;SN38140;21.07.2024 22:00;18;94
Landvik;SN38140;21.07.2024 23:00;17,8;94
Landvik;SN38140;22.07.2024 00:00;17,6;95
Landvik;SN38140;22.07.2024 01:00;17,4;95
Landvik;SN38140;22.07.2024 02:00;17,1;95
Landvik;SN38140;22.07.2024 03:00;17,1;95
Landvik;SN38140;22.07.2024 04:00;17,4;96
Landvik;SN38140;22.07.2024 05:00;17,9;96
Landvik;SN38140;22.07.2024 06:00;18,1;96
Landvik;SN38140;22.07.2024 07:00;18,3;96
Landvik;SN38140;22.07.2024 08:00;18,6;95
Landvik;SN38140;22.07.2024 09:00;18,8;93
Landvik;SN38140;22.07.2024 10:00;19,4;89
Landvik;SN38140;22.07.2024 11:00;19,5;91
Landvik;SN38140;22.07.2024 12:00;20,4;86
Landvik;SN38140;22.07.2024 13:00;21,5;81
Landvik;SN38140;22.07.2024 14:00;21,7;78
Landvik;SN38140;22.07.2024 15:00;22,8;73
Landvik;SN38140;22.07.2024 16:00;23,9;65
Landvik;SN38140;22.07.2024 17:00;24,4;62
Landvik;SN38140;22.07.2024 18:00;24,5;56
Landvik;SN38140;22.07.2024 19:00;23,9;50
Landvik;SN38140;22.07.2024 20:00;21,7;58
Landvik;SN38140;22.07.2024 21:00;19;70
Landvik;SN38140;22.07.2024 22:00;17,3;74
Landvik;SN38140;22.07.2024 23:00;16,9;71
Landvik;SN38140;23.07.2024 00:00;15,7;76
Landvik;SN38140;23.07.2024 01:00;14,8;78
Landvik;SN38140;23.07.2024 02:00;12,8;86
Landvik;SN38140;23.07.2024 03:00;11,7;91
Landvik;SN38140;23.07.2024 04:00;11,2;92
Landvik;SN38140;23.07.2024 05:00;11,8;90
Landvik;SN38140;23.07.2024 06:00;13,4;87
Landvik;SN38140;23.07.2024 07:00;16;77
Landvik;SN38140;23.07.2024 08:00;17,6;71
Landvik;SN38140;23.07.2024 09:00;19,1;65
Landvik;SN38140;23.07.2024 10:00;20,4;56
Landvik;SN38140;23.07.2024 11:00;20,5;52
Landvik;SN38140;23.07.2024 12:00;20,8;57
Landvik;SN38140;23.07.2024 13:00;20;65
Landvik;SN38140;23.07.2024 14:00;20,1;70
Landvik;SN38140;23.07.2024 15:00;20;73
Landvik;SN38140;23.07.2024 16:00;20;75
Landvik;SN38140;23.07.2024 17:00;19,3;79
Landvik;SN38140;23.07.2024 18:00;18,8;78
Landvik;SN38140;23.07.2024 19:00;18,7;79
Landvik;SN38140;23.07.2024 20:00;18,2;78
Landvik;SN38140;23.07.2024 21:00;16,5;83
Landvik;SN38140;23.07.2024 22:00;14,9;89
Landvik;SN38140;23.07.2024 23:00;14,2;92
Landvik;SN38140;24.07.2024 00:00;14,1;94
Landvik;SN38140;24.07.2024 01:00;13,8;94
Landvik;SN38140;24.07.2024 02:00;13;95
Landvik;SN38140;24.07.2024 03:00;13,1;96
Landvik;SN38140;24.07.2024 04:00;13,8;94
Landvik;SN38140;24.07.2024 05:00;13,1;94
Landvik;SN38140;24.07.2024 06:00;14,1;91
Landvik;SN38140;24.07.2024 07:00;17,6;72
Landvik;SN38140;24.07.2024 08:00;18,3;71
Landvik;SN38140;24.07.2024 09:00;18,6;73
Landvik;SN38140;24.07.2024 10:00;19,1;72
Landvik;SN38140;24.07.2024 11:00;20,6;69
Landvik;SN38140;24.07.2024 12:00;20,8;69
Landvik;SN38140;24.07.2024 13:00;19,5;74
Landvik;SN38140;24.07.2024 14:00;19,9;73
Landvik;SN38140;24.07.2024 15:00;20,5;69
Landvik;SN38140;24.07.2024 16:00;19,1;74
Landvik;SN38140;24.07.2024 17:00;19,4;77
Landvik;SN38140;24.07.2024 18:00;19,3;76
Landvik;SN38140;24.07.2024 19:00;18,3;83
Landvik;SN38140;24.07.2024 20:00;17,7;88
Landvik;SN38140;24.07.2024 21:00;17,2;92
Landvik;SN38140;24.07.2024 22:00;16,6;94
Landvik;SN38140;24.07.2024 23:00;16,2;95
Landvik;SN38140;25.07.2024 00:00;15,2;95
Landvik;SN38140;25.07.2024 01:00;14,5;96
Landvik;SN38140;25.07.2024 02:00;14,1;96
Landvik;SN38140;25.07.2024 03:00;13,6;96
Landvik;SN38140;25.07.2024 04:00;13,3;97
Landvik;SN38140;25.07.2024 05:00;14,1;97
Landvik;SN38140;25.07.2024 06:00;14,5;97
Landvik;SN38140;25.07.2024 07:00;15,5;93
Landvik;SN38140;25.07.2024 08:00;17,4;85
Landvik;SN38140;25.07.2024 09:00;18,8;77
Landvik;SN38140;25.07.2024 10:00;19,9;72
Landvik;SN38140;25.07.2024 11:00;21;65
Landvik;SN38140;25.07.2024 12:00;20,8;64
Landvik;SN38140;25.07.2024 13:00;20,5;67
Landvik;SN38140;25.07.2024 14:00;20,3;54
Landvik;SN38140;25.07.2024 15:00;18,5;62
Landvik;SN38140;25.07.2024 16:00;17,8;73
Landvik;SN38140;25.07.2024 17:00;16;80
Landvik;SN38140;25.07.2024 18:00;14,9;92
Landvik;SN38140;25.07.2024 19:00;15,3;93
Landvik;SN38140;25.07.2024 20:00;15,7;89
Landvik;SN38140;25.07.2024 21:00;15,7;91
Landvik;SN38140;25.07.2024 22:00;16,3;88
Landvik;SN38140;25.07.2024 23:00;15,6;93
Landvik;SN38140;26.07.2024 00:00;15,6;92
Landvik;SN38140;26.07.2024 01:00;16;90
Landvik;SN38140;26.07.2024 02:00;16;89
Landvik;SN38140;26.07.2024 03:00;15,5;93
Landvik;SN38140;26.07.2024 04:00;15,4;94
Landvik;SN38140;26.07.2024 05:00;15,8;95
Landvik;SN38140;26.07.2024 06:00;16,3;95
Landvik;SN38140;26.07.2024 07:00;16,7;94
Landvik;SN38140;26.07.2024 08:00;16,9;94
Landvik;SN38140;26.07.2024 09:00;17,4;94
Landvik;SN38140;26.07.2024 10:00;17,7;93
Landvik;SN38140;26.07.2024 11:00;17,9;92
Landvik;SN38140;26.07.2024 12:00;18,5;88
Landvik;SN38140;26.07.2024 13:00;19,5;83
Landvik;SN38140;26.07.2024 14:00;19,6;82
Landvik;SN38140;26.07.2024 15:00;20,1;79
Landvik;SN38140;26.07.2024 16:00;19,8;80
Landvik;SN38140;26.07.2024 17:00;19,4;80
Landvik;SN38140;26.07.2024 18:00;19,7;78
Landvik;SN38140;26.07.2024 19:00;20,4;75
Landvik;SN38140;26.07.2024 20:00;19,1;78
Landvik;SN38140;26.07.2024 21:00;17,2;80
Landvik;SN38140;26.07.2024 22:00;15,8;82
Landvik;SN38140;26.07.2024 23:00;15,2;85
Landvik;SN38140;27.07.2024 00:00;15,1;84
Landvik;SN38140;27.07.2024 01:00;14,5;86
Landvik;SN38140;27.07.2024 02:00;13,8;88
Landvik;SN38140;27.07.2024 03:00;13,7;87
Landvik;SN38140;27.07.2024 04:00;13,2;87
Landvik;SN38140;27.07.2024 05:00;13,2;86
Landvik;SN38140;27.07.2024 06:00;13,8;82
Landvik;SN38140;27.07.2024 07:00;15,2;76
Landvik;SN38140;27.07.2024 08:00;17,1;68
Landvik;SN38140;27.07.2024 09:00;18,7;62
Landvik;SN38140;27.07.2024 10:00;19,8;58
Landvik;SN38140;27.07.2024 11:00;20,5;53
Landvik;SN38140;27.07.2024 12:00;21;48
Landvik;SN38140;27.07.2024 13:00;21,5;45
Landvik;SN38140;27.07.2024 14:00;22;44
Landvik;SN38140;27.07.2024 15:00;21,8;46
Landvik;SN38140;27.07.2024 16:00;21,9;47
Landvik;SN38140;27.07.2024 17:00;21,6;49
Landvik;SN38140;27.07.2024 18:00;20,3;54
Landvik;SN38140;27.07.2024 19:00;20,2;54
Landvik;SN38140;27.07.2024 20:00;19,1;55
Landvik;SN38140;27.07.2024 21:00;17,6;65
Landvik;SN38140;27.07.2024 22:00;16,5;70
Landvik;SN38140;27.07.2024 23:00;15,7;73
Landvik;SN38140;28.07.2024 00:00;15,4;71
Landvik;SN38140;28.07.2024 01:00;15;66
Landvik;SN38140;28.07.2024 02:00;14,5;65
Landvik;SN38140;28.07.2024 03:00;14,7;63
Landvik;SN38140;28.07.2024 04:00;14,5;64
Landvik;SN38140;28.07.2024 05:00;15;60
Landvik;SN38140;28.07.2024 06:00;15,6;58
Landvik;SN38140;28.07.2024 07:00;16,9;54
Landvik;SN38140;28.07.2024 08:00;18,3;51
Landvik;SN38140;28.07.2024 09:00;19,8;47
Landvik;SN38140;28.07.2024 10:00;20,9;42
Landvik;SN38140;28.07.2024 11:00;21,8;40
Landvik;SN38140;28.07.2024 12:00;23;37
Landvik;SN38140;28.07.2024 13:00;23,9;36
Landvik;SN38140;28.07.2024 14:00;23,9;35
Landvik;SN38140;28.07.2024 15:00;24,4;33
Landvik;SN38140;28.07.2024 16:00;23,7;37
Landvik;SN38140;28.07.2024 17:00;23,4;40
Landvik;SN38140;28.07.2024 18:00;22,6;40
Landvik;SN38140;28.07.2024 19:00;21,9;42
Landvik;SN38140;28.07.2024 20:00;20;48
Landvik;SN38140;28.07.2024 21:00;18,5;51
Landvik;SN38140;28.07.2024 22:00;17,6;53
Landvik;SN38140;28.07.2024 23:00;17,4;52
Landvik;SN38140;29.07.2024 00:00;17;52
Landvik;SN38140;29.07.2024 01:00;16,2;55
Landvik;SN38140;29.07.2024 02:00;14,8;61
Landvik;SN38140;29.07.2024 03:00;12,6;72
Landvik;SN38140;29.07.2024 04:00;11,6;77
Landvik;SN38140;29.07.2024 05:00;10,8;82
Landvik;SN38140;29.07.2024 06:00;12,1;80
Landvik;SN38140;29.07.2024 07:00;15,9;63
Landvik;SN38140;29.07.2024 08:00;18,2;56
Landvik;SN38140;29.07.2024 09:00;19,1;53
Landvik;SN38140;29.07.2024 10:00;19,9;53
Landvik;SN38140;29.07.2024 11:00;20,5;54
Landvik;SN38140;29.07.2024 12:00;20,6;55
Landvik;SN38140;29.07.2024 13:00;20,4;58
Landvik;SN38140;29.07.2024 14:00;20,7;58
Landvik;SN38140;29.07.2024 15:00;20,7;57
Landvik;SN38140;29.07.2024 16:00;21,1;53
Landvik;SN38140;29.07.2024 17:00;20,8;56
Landvik;SN38140;29.07.2024 18:00;20,9;62
Landvik;SN38140;29.07.2024 19:00;20,4;70
Landvik;SN38140;29.07.2024 20:00;19,5;72
Landvik;SN38140;29.07.2024 21:00;18,7;70
Landvik;SN38140;29.07.2024 22:00;18;72
Landvik;SN38140;29.07.2024 23:00;17,7;70
Landvik;SN38140;30.07.2024 00:00;16,6;74
Landvik;SN38140;30.07.2024 01:00;17,4;67
Landvik;SN38140;30.07.2024 02:00;16,4;71
Landvik;SN38140;30.07.2024 03:00;15,6;73
Landvik;SN38140;30.07.2024 04:00;13,9;82
Landvik;SN38140;30.07.2024 05:00;13,4;86
Landvik;SN38140;30.07.2024 06:00;15,3;76
Landvik;SN38140;30.07.2024 07:00;16,9;69
Landvik;SN38140;30.07.2024 08:00;18,3;68
Landvik;SN38140;30.07.2024 09:00;19;69
Landvik;SN38140;30.07.2024 10:00;20,2;64
Landvik;SN38140;30.07.2024 11:00;21,7;59
Landvik;SN38140;30.07.2024 12:00;22,5;62
Landvik;SN38140;30.07.2024 13:00;22,7;60
Landvik;SN38140;30.07.2024 14:00;22,7;59
Landvik;SN38140;30.07.2024 15:00;21,1;64
Landvik;SN38140;30.07.2024 16:00;21,1;65
Landvik;SN38140;30.07.2024 17:00;21,9;62
Landvik;SN38140;30.07.2024 18:00;21,4;63
Landvik;SN38140;30.07.2024 19:00;20,4;65
Landvik;SN38140;30.07.2024 20:00;18,7;77
Landvik;SN38140;30.07.2024 21:00;17,3;83
Landvik;SN38140;30.07.2024 22:00;16,5;88
Landvik;SN38140;30.07.2024 23:00;15,8;88
Landvik;SN38140;31.07.2024 00:00;15,5;85
Landvik;SN38140;31.07.2024 01:00;15,2;81
Landvik;SN38140;31.07.2024 02:00;14,6;80
Landvik;SN38140;31.07.2024 03:00;13,3;77
Landvik;SN38140;31.07.2024 04:00;12,9;76
Landvik;SN38140;31.07.2024 05:00;12,5;68
Landvik;SN38140;31.07.2024 06:00;12,6;71
Landvik;SN38140;31.07.2024 07:00;13,8;68
Landvik;SN38140;31.07.2024 08:00;15,2;64
Landvik;SN38140;31.07.2024 09:00;17,5;55
Landvik;SN38140;31.07.2024 10:00;19,6;44
Landvik;SN38140;31.07.2024 11:00;20,8;41
Landvik;SN38140;31.07.2024 12:00;21,9;39
Landvik;SN38140;31.07.2024 13:00;22,5;36
Landvik;SN38140;31.07.2024 14:00;23,2;36
Landvik;SN38140;31.07.2024 15:00;23,2;43
Landvik;SN38140;31.07.2024 16:00;23,2;42
Landvik;SN38140;31.07.2024 17:00;23;42
Landvik;SN38140;31.07.2024 18:00;22,2;49
Landvik;SN38140;31.07.2024 19:00;21,9;52
Landvik;SN38140;31.07.2024 20:00;19,9;61
Landvik;SN38140;31.07.2024 21:00;16,8;77
Landvik;SN38140;31.07.2024 22:00;14,5;84
Landvik;SN38140;31.07.2024 23:00;13,3;86
Landvik;SN38140;01.08.2024 00:00;12,6;85
Landvik;SN38140;01.08.2024 01:00;13,1;77
Landvik;SN38140;01.08.2024 02:00;12,4;80
Landvik;SN38140;01.08.2024 03:00;11,9;85
Landvik;SN38140;01.08.2024 04:00;11,4;88
Landvik;SN38140;01.08.2024 05:00;10,7;91
Landvik;SN38140;01.08.2024 06:00;11,4;89
Landvik;SN38140;01.08.2024 07:00;14,1;81
Landvik;SN38140;01.08.2024 08:00;17,4;60
Landvik;SN38140;01.08.2024 09:00;19,2;55
Landvik;SN38140;01.08.2024 10:00;19,6;56
Landvik;SN38140;01.08.2024 11:00;19,9;61
Landvik;SN38140;01.08.2024 12:00;20,3;63
Landvik;SN38140;01.08.2024 13:00;20,7;66
Landvik;SN38140;01.08.2024 14:00;21;66
Landvik;SN38140;01.08.2024 15:00;21,3;64
Landvik;SN38140;01.08.2024 16:00;21,2;63
Landvik;SN38140;01.08.2024 17:00;20,6;64
Landvik;SN38140;01.08.2024 18:00;20,5;57
Landvik;SN38140;01.08.2024 19:00;19,5;66
Landvik;SN38140;01.08.2024 20:00;17,6;75
Landvik;SN38140;01.08.2024 21:00;15,3;86
Landvik;SN38140;01.08.2024 22:00;13,9;91
Landvik;SN38140;01.08.2024 23:00;12,9;93
Landvik;SN38140;02.08.2024 00:00;12,3;94
Landvik;SN38140;02.08.2024 01:00;12,6;95
Landvik;SN38140;02.08.2024 02:00;12,5;95
Landvik;SN38140;02.08.2024 03:00;12;95
Landvik;SN38140;02.08.2024 04:00;11,3;95
Landvik;SN38140;02.08.2024 05:00;10,7;96
Landvik;SN38140;02.08.2024 06:00;11,5;97
Landvik;SN38140;02.08.2024 07:00;14,1;93
Landvik;SN38140;02.08.2024 08:00;17,2;81
Landvik;SN38140;02.08.2024 09:00;18,4;77
Landvik;SN38140;02.08.2024 10:00;20,1;69
Landvik;SN38140;02.08.2024 11:00;21,1;63
Landvik;SN38140;02.08.2024 12:00;20,6;66
Landvik;SN38140;02.08.2024 13:00;21;64
Landvik;SN38140;02.08.2024 14:00;21,6;63
Landvik;SN38140;02.08.2024 15:00;21,6;64
Landvik;SN38140;02.08.2024 16:00;21,6;63
Landvik;SN38140;02.08.2024 17:00;20,9;65
Landvik;SN38140;02.08.2024 18:00;19,5;70
Landvik;SN38140;02.08.2024 19:00;19,5;68
Landvik;SN38140;02.08.2024 20:00;18,7;71
Landvik;SN38140;02.08.2024 21:00;16,4;82
Landvik;SN38140;02.08.2024 22:00;14,7;88
Landvik;SN38140;02.08.2024 23:00;13,6;91
Landvik;SN38140;03.08.2024 00:00;12,8;93
Landvik;SN38140;03.08.2024 01:00;12,2;94
Landvik;SN38140;03.08.2024 02:00;11,8;95
Landvik;SN38140;03.08.2024 03:00;11,3;95
Landvik;SN38140;03.08.2024 04:00;10,9;95
Landvik;SN38140;03.08.2024 05:00;10,5;96
Landvik;SN38140;03.08.2024 06:00;11;96
Landvik;SN38140;03.08.2024 07:00;13,3;97
Landvik;SN38140;03.08.2024 08:00;15,9;87
Landvik;SN38140;03.08.2024 09:00;18,8;75
Landvik;SN38140;03.08.2024 10:00;21;64
Landvik;SN38140;03.08.2024 11:00;22,1;60
Landvik;SN38140;03.08.2024 12:00;22,9;60
Landvik;SN38140;03.08.2024 13:00;23,3;62
Landvik;SN38140;03.08.2024 14:00;21,4;65
Landvik;SN38140;03.08.2024 15:00;17,6;85
Landvik;SN38140;03.08.2024 16:00;17,8;89
Landvik;SN38140;03.08.2024 17:00;18,5;84
Landvik;SN38140;03.08.2024 18:00;18,7;82
Landvik;SN38140;03.08.2024 19:00;18,5;83
Landvik;SN38140;03.08.2024 20:00;18,2;89
Landvik;SN38140;03.08.2024 21:00;18,1;91
Landvik;SN38140;03.08.2024 22:00;17,9;94
Landvik;SN38140;03.08.2024 23:00;18;94
Landvik;SN38140;04.08.2024 00:00;17,8;94
Landvik;SN38140;04.08.2024 01:00;17,1;95
Landvik;SN38140;04.08.2024 02:00;16,8;96
Landvik;SN38140;04.08.2024 03:00;16,2;95
Landvik;SN38140;04.08.2024 04:00;15,3;95
Landvik;SN38140;04.08.2024 05:00;14,1;96
Landvik;SN38140;04.08.2024 06:00;14,2;97
Landvik;SN38140;04.08.2024 07:00;16;96
Landvik;SN38140;04.08.2024 08:00;16,7;91
Landvik;SN38140;04.08.2024 09:00;18,6;82
Landvik;SN38140;04.08.2024 10:00;19,7;80
Landvik;SN38140;04.08.2024 11:00;21,2;71
Landvik;SN38140;04.08.2024 12:00;21,7;70
Landvik;SN38140;04.08.2024 13:00;22,4;65
Landvik;SN38140;04.08.2024 14:00;22,2;65
Landvik;SN38140;04.08.2024 15:00;21,5;66
Landvik;SN38140;04.08.2024 16:00;23,4;60
Landvik;SN38140;04.08.2024 17:00;23,1;58
Landvik;SN38140;04.08.2024 18:00;23,2;56
Landvik;SN38140;04.08.2024 19:00;22,3;56
Landvik;SN38140;04.08.2024 20:00;20,2;64
Landvik;SN38140;04.08.2024 21:00;17,3;76
Landvik;SN38140;04.08.2024 22:00;15,5;84
Landvik;SN38140;04.08.2024 23:00;14,7;90
Landvik;SN38140;05.08.2024 00:00;14,6;93
Landvik;SN38140;05.08.2024 01:00;14;94
Landvik;SN38140;05.08.2024 02:00;13,9;96
Landvik;SN38140;05.08.2024 03:00;13,4;95
Landvik;SN38140;05.08.2024 04:00;12,9;96
Landvik;SN38140;05.08.2024 05:00;12,6;96
Landvik;SN38140;05.08.2024 06:00;14,2;97
Landvik;SN38140;05.08.2024 07:00;16,6;89
Landvik;SN38140;05.08.2024 08:00;17,8;84
Landvik;SN38140;05.08.2024 09:00;18,9;80
Landvik;SN38140;05.08.2024 10:00;19,8;76
Landvik;SN38140;05.08.2024 11:00;20,6;73
Landvik;SN38140;05.08.2024 12:00;21,5;69
Landvik;SN38140;05.08.2024 13:00;20,9;71
Landvik;SN38140;05.08.2024 14:00;20,1;76
Landvik;SN38140;05.08.2024 15:00;19,7;75
Landvik;SN38140;05.08.2024 16:00;19,8;71
Landvik;SN38140;05.08.2024 17:00;19,9;71
Landvik;SN38140;05.08.2024 18:00;19,1;72
Landvik;SN38140;05.08.2024 19:00;18;72
Landvik;SN38140;05.08.2024 20:00;17,7;73
Landvik;SN38140;05.08.2024 21:00;17,3;75
Landvik;SN38140;05.08.2024 22:00;16,9;80
Landvik;SN38140;05.08.2024 23:00;16,7;84
Landvik;SN38140;06.08.2024 00:00;16;89
Landvik;SN38140;06.08.2024 01:00;15,3;92
Landvik;SN38140;06.08.2024 02:00;15,2;93
Landvik;SN38140;06.08.2024 03:00;15,2;94
Landvik;SN38140;06.08.2024 04:00;15,6;95
Landvik;SN38140;06.08.2024 05:00;15,9;95
Landvik;SN38140;06.08.2024 06:00;16,2;94
Landvik;SN38140;06.08.2024 07:00;17,9;87
Landvik;SN38140;06.08.2024 08:00;19,2;75
Landvik;SN38140;06.08.2024 09:00;19,5;74
Landvik;SN38140;06.08.2024 10:00;20;74
Landvik;SN38140;06.08.2024 11:00;20,8;74
Landvik;SN38140;06.08.2024 12:00;21,5;67
Landvik;SN38140;06.08.2024 13:00;21,6;63
Landvik;SN38140;06.08.2024 14:00;21,1;63
Landvik;SN38140;06.08.2024 15:00;20,8;65
Landvik;SN38140;06.08.2024 16:00;20;72
Landvik;SN38140;06.08.2024 17:00;19,7;75
Landvik;SN38140;06.08.2024 18:00;19,6;78
Landvik;SN38140;06.08.2024 19:00;19,7;79
Landvik;SN38140;06.08.2024 20:00;19,4;82
Landvik;SN38140;06.08.2024 21:00;19,2;83
Landvik;SN38140;06.08.2024 22:00;19;85
Landvik;SN38140;06.08.2024 23:00;18,5;88
Landvik;SN38140;07.08.2024 00:00;18,4;87
Landvik;SN38140;07.08.2024 01:00;18,5;86
Landvik;SN38140;07.08.2024 02:00;18,3;87
Landvik;SN38140;07.08.2024 03:00;18,1;89
Landvik;SN38140;07.08.2024 04:00;18,1;88
Landvik;SN38140;07.08.2024 05:00;18;88
Landvik;SN38140;07.08.2024 06:00;18,3;87
Landvik;SN38140;07.08.2024 07:00;18,4;88
Landvik;SN38140;07.08.2024 08:00;18,6;87
Landvik;SN38140;07.08.2024 09:00;19;89
Landvik;SN38140;07.08.2024 10:00;19,5;85
Landvik;SN38140;07.08.2024 11:00;19;87
Landvik;SN38140;07.08.2024 12:00;19,8;86
Landvik;SN38140;07.08.2024 13:00;19,5;87
Landvik;SN38140;07.08.2024 14:00;18,2;94
Landvik;SN38140;07.08.2024 15:00;18,5;94
Landvik;SN38140;07.08.2024 16:00;19,3;92
Landvik;SN38140;07.08.2024 17:00;19,8;84
Landvik;SN38140;07.08.2024 18:00;19,3;83
Landvik;SN38140;07.08.2024 19:00;20,4;76
Landvik;SN38140;07.08.2024 20:00;18;73
Landvik;SN38140;07.08.2024 21:00;15,6;80
Landvik;SN38140;07.08.2024 22:00;13,1;91
Landvik;SN38140;07.08.2024 23:00;12,1;94
Landvik;SN38140;08.08.2024 00:00;11,7;95
Landvik;SN38140;08.08.2024 01:00;12,6;97
Landvik;SN38140;08.08.2024 02:00;12,7;96
Landvik;SN38140;08.08.2024 03:00;12,5;96
Landvik;SN38140;08.08.2024 04:00;11,8;97
Landvik;SN38140;08.08.2024 05:00;11,6;97
Landvik;SN38140;08.08.2024 06:00;12,7;97
Landvik;SN38140;08.08.2024 07:00;13,8;98
Landvik;SN38140;08.08.2024 08:00;14,8;97
Landvik;SN38140;08.08.2024 09:00;15,4;95
Landvik;SN38140;08.08.2024 10:00;16,6;88
Landvik;SN38140;08.08.2024 11:00;19,2;73
Landvik;SN38140;08.08.2024 12:00;19,5;68
Landvik;SN38140;08.08.2024 13:00;19,4;65
Landvik;SN38140;08.08.2024 14:00;20,7;51
Landvik;SN38140;08.08.2024 15:00;20,8;46
Landvik;SN38140;08.08.2024 16:00;20,6;46
Landvik;SN38140;08.08.2024 17:00;20,1;50
Landvik;SN38140;08.08.2024 18:00;19;59
Landvik;SN38140;08.08.2024 19:00;17,7;63
Landvik;SN38140;08.08.2024 20:00;16,4;68
Landvik;SN38140;08.08.2024 21:00;14,1;81
Landvik;SN38140;08.08.2024 22:00;14,1;84
Landvik;SN38140;08.08.2024 23:00;13,4;88
Landvik;SN38140;09.08.2024 00:00;13,9;90
Landvik;SN38140;09.08.2024 01:00;14,5;93
Landvik;SN38140;09.08.2024 02:00;15,4;93
Landvik;SN38140;09.08.2024 03:00;16,2;89
Landvik;SN38140;09.08.2024 04:00;16,1;90
Landvik;SN38140;09.08.2024 05:00;14,8;89
Landvik;SN38140;09.08.2024 06:00;15,1;93
Landvik;SN38140;09.08.2024 07:00;15,7;93
Landvik;SN38140;09.08.2024 08:00;16;94
Landvik;SN38140;09.08.2024 09:00;16,6;94
Landvik;SN38140;09.08.2024 10:00;17,6;94
Landvik;SN38140;09.08.2024 11:00;18,5;90
Landvik;SN38140;09.08.2024 12:00;18,7;88
Landvik;SN38140;09.08.2024 13:00;18,6;89
Landvik;SN38140;09.08.2024 14:00;20;82
Landvik;SN38140;09.08.2024 15:00;21,4;71
Landvik;SN38140;09.08.2024 16:00;21,3;66
Landvik;SN38140;09.08.2024 17:00;20,4;65
Landvik;SN38140;09.08.2024 18:00;19,4;65
Landvik;SN38140;09.08.2024 19:00;18,2;62
Landvik;SN38140;09.08.2024 20:00;16,4;69
Landvik;SN38140;09.08.2024 21:00;15,3;73
Landvik;SN38140;09.08.2024 22:00;14,9;76
Landvik;SN38140;09.08.2024 23:00;13,9;81
Landvik;SN38140;10.08.2024 00:00;13,8;86
Landvik;SN38140;10.08.2024 01:00;13,4;89
Landvik;SN38140;10.08.2024 02:00;12,5;89
Landvik;SN38140;10.08.2024 03:00;12;93
Landvik;SN38140;10.08.2024 04:00;11,2;94
Landvik;SN38140;10.08.2024 05:00;10,5;96
Landvik;SN38140;10.08.2024 06:00;11,5;97
Landvik;SN38140;10.08.2024 07:00;14,1;93
Landvik;SN38140;10.08.2024 08:00;16,2;80
Landvik;SN38140;10.08.2024 09:00;17,1;69
Landvik;SN38140;10.08.2024 10:00;18,2;63
Landvik;SN38140;10.08.2024 11:00;19;58
Landvik;SN38140;10.08.2024 12:00;19,5;53
Landvik;SN38140;10.08.2024 13:00;19,6;53
Landvik;SN38140;10.08.2024 14:00;19,5;56
Landvik;SN38140;10.08.2024 15:00;19,5;57
Landvik;SN38140;10.08.2024 16:00;18,3;69
Landvik;SN38140;10.08.2024 17:00;18,9;64
Landvik;SN38140;10.08.2024 18:00;17,4;70
Landvik;SN38140;10.08.2024 19:00;17,2;64
Landvik;SN38140;10.08.2024 20:00;16,2;67
Landvik;SN38140;10.08.2024 21:00;15,3;68
Landvik;SN38140;10.08.2024 22:00;14,5;72
Landvik;SN38140;10.08.2024 23:00;13,4;84
Landvik;SN38140;11.08.2024 00:00;12,9;85
Landvik;SN38140;11.08.2024 01:00;12,4;83
Landvik;SN38140;11.08.2024 02:00;12,6;83
Landvik;SN38140;11.08.2024 03:00;12,9;82
Landvik;SN38140;11.08.2024 04:00;13;81
Landvik;SN38140;11.08.2024 05:00;12,7;83
Landvik;SN38140;11.08.2024 06:00;12,8;80
Landvik;SN38140;11.08.2024 07:00;14;72
Landvik;SN38140;11.08.2024 08:00;15,3;67
Landvik;SN38140;11.08.2024 09:00;16,8;55
Landvik;SN38140;11.08.2024 10:00;18;49
Landvik;SN38140;11.08.2024 11:00;19,1;44
Landvik;SN38140;11.08.2024 12:00;19,7;42
Landvik;SN38140;11.08.2024 13:00;20,5;40
Landvik;SN38140;11.08.2024 14:00;21;39
Landvik;SN38140;11.08.2024 15:00;21,5;39
Landvik;SN38140;11.08.2024 16:00;21,6;39
Landvik;SN38140;11.08.2024 17:00;21,1;37
Landvik;SN38140;11.08.2024 18:00;20,7;38
Landvik;SN38140;11.08.2024 19:00;19,8;41
Landvik;SN38140;11.08.2024 20:00;17,8;47
Landvik;SN38140;11.08.2024 21:00;16,1;52
Landvik;SN38140;11.08.2024 22:00;13,1;67
Landvik;SN38140;11.08.2024 23:00;12;72
Landvik;SN38140;12.08.2024 00:00;11,4;75
Landvik;SN38140;12.08.2024 01:00;10,2;82
Landvik;SN38140;12.08.2024 02:00;10,2;80
Landvik;SN38140;12.08.2024 03:00;8,4;89
Landvik;SN38140;12.08.2024 04:00;9,5;83
Landvik;SN38140;12.08.2024 05:00;9,5;81
Landvik;SN38140;12.08.2024 06:00;9,5;83
Landvik;SN38140;12.08.2024 07:00;13,3;68
Landvik;SN38140;12.08.2024 08:00;16,2;58
Landvik;SN38140;12.08.2024 09:00;17,5;49
Landvik;SN38140;12.08.2024 10:00;18,6;44
Landvik;SN38140;12.08.2024 11:00;18,6;47
Landvik;SN38140;12.08.2024 12:00;18,9;52
Landvik;SN38140;12.08.2024 13:00;19,1;52
Landvik;SN38140;12.08.2024 14:00;19,2;55
Landvik;SN38140;12.08.2024 15:00;19,3;55
Landvik;SN38140;12.08.2024 16:00;19,4;55
Landvik;SN38140;12.08.2024 17:00;19,6;55
Landvik;SN38140;12.08.2024 18:00;18,6;59
Landvik;SN38140;12.08.2024 19:00;17,8;62
Landvik;SN38140;12.08.2024 20:00;15,5;75
Landvik;SN38140;12.08.2024 21:00;13,5;84
Landvik;SN38140;12.08.2024 22:00;12,3;90
Landvik;SN38140;12.08.2024 23:00;12,4;92
Landvik;SN38140;13.08.2024 00:00;12,9;91
Landvik;SN38140;13.08.2024 01:00;12,5;92
Landvik;SN38140;13.08.2024 02:00;12,6;92
Landvik;SN38140;13.08.2024 03:00;12,2;92
Landvik;SN38140;13.08.2024 04:00;12,5;92
Landvik;SN38140;13.08.2024 05:00;12,6;91
Landvik;SN38140;13.08.2024 06:00;13,4;90
Landvik;SN38140;13.08.2024 07:00;14,1;88
Landvik;SN38140;13.08.2024 08:00;15,4;83
Landvik;SN38140;13.08.2024 09:00;16,5;80
Landvik;SN38140;13.08.2024 10:00;17,6;80
Landvik;SN38140;13.08.2024 11:00;18,1;79
Landvik;SN38140;13.08.2024 12:00;19,2;75
Landvik;SN38140;13.08.2024 13:00;19,5;73
Landvik;SN38140;13.08.2024 14:00;20,8;70
Landvik;SN38140;13.08.2024 15:00;20,6;69
Landvik;SN38140;13.08.2024 16:00;20,1;74
Landvik;SN38140;13.08.2024 17:00;19,6;77
Landvik;SN38140;13.08.2024 18:00;19,1;79
Landvik;SN38140;13.08.2024 19:00;18,7;81
Landvik;SN38140;13.08.2024 20:00;18,5;82
Landvik;SN38140;13.08.2024 21:00;18,3;81
Landvik;SN38140;13.08.2024 22:00;18,1;83
Landvik;SN38140;13.08.2024 23:00;17,5;85
Landvik;SN38140;14.08.2024 00:00;16,5;89
Landvik;SN38140;14.08.2024 01:00;15,9;92
Landvik;SN38140;14.08.2024 02:00;15,8;93
Landvik;SN38140;14.08.2024 03:00;15,6;94
Landvik;SN38140;14.08.2024 04:00;15,7;94
Landvik;SN38140;14.08.2024 05:00;15,7;94
Landvik;SN38140;14.08.2024 06:00;15,8;94
Landvik;SN38140;14.08.2024 07:00;16,2;93
Landvik;SN38140;14.08.2024 08:00;16,6;91
Landvik;SN38140;14.08.2024 09:00;17;92
Landvik;SN38140;14.08.2024 10:00;17,5;92
Landvik;SN38140;14.08.2024 11:00;18,1;91
Landvik;SN38140;14.08.2024 12:00;19,3;88
Landvik;SN38140;14.08.2024 13:00;20;85
Landvik;SN38140;14.08.2024 14:00;19,9;86
Landvik;SN38140;14.08.2024 15:00;19,4;87
Landvik;SN38140;14.08.2024 16:00;19,1;87
Landvik;SN38140;14.08.2024 17:00;18,9;88
Landvik;SN38140;14.08.2024 18:00;18,8;91
Landvik;SN38140;14.08.2024 19:00;18,7;92
Landvik;SN38140;14.08.2024 20:00;18,4;93
Landvik;SN38140;14.08.2024 21:00;18;95
Landvik;SN38140;14.08.2024 22:00;18;96
Landvik;SN38140;14.08.2024 23:00;18;96
Landvik;SN38140;15.08.2024 00:00;17,9;96
Landvik;SN38140;15.08.2024 01:00;17,9;96
Landvik;SN38140;15.08.2024 02:00;17,9;96
Landvik;SN38140;15.08.2024 03:00;17,7;96
Landvik;SN38140;15.08.2024 04:00;16,6;95
Landvik;SN38140;15.08.2024 05:00;15,5;96
Landvik;SN38140;15.08.2024 06:00;15,7;95
Landvik;SN38140;15.08.2024 07:00;16,1;94
Landvik;SN38140;15.08.2024 08:00;16,8;89
Landvik;SN38140;15.08.2024 09:00;17,5;85
Landvik;SN38140;15.08.2024 10:00;18,3;74
Landvik;SN38140;15.08.2024 11:00;19,1;69
Landvik;SN38140;15.08.2024 12:00;18,6;69
Landvik;SN38140;15.08.2024 13:00;18,4;71
Landvik;SN38140;15.08.2024 14:00;17,9;76
Landvik;SN38140;15.08.2024 15:00;17,6;79
Landvik;SN38140;15.08.2024 16:00;17,6;83
Landvik;SN38140;15.08.2024 17:00;17,1;86
Landvik;SN38140;15.08.2024 18:00;16,7;91
Landvik;SN38140;15.08.2024 19:00;17,4;93
Landvik;SN38140;15.08.2024 20:00;16,2;89
Landvik;SN38140;15.08.2024 21:00;15,3;92
Landvik;SN38140;15.08.2024 22:00;15,3;92
Landvik;SN38140;15.08.2024 23:00;16,2;94
Landvik;SN38140;16.08.2024 00:00;16,8;93
Landvik;SN38140;16.08.2024 01:00;16,3;92
Landvik;SN38140;16.08.2024 02:00;14,9;91
Landvik;SN38140;16.08.2024 03:00;13,9;92
Landvik;SN38140;16.08.2024 04:00;13,2;94
Landvik;SN38140;16.08.2024 05:00;12,4;93
Landvik;SN38140;16.08.2024 06:00;11,5;93
Landvik;SN38140;16.08.2024 07:00;12,5;91
Landvik;SN38140;16.08.2024 08:00;14,6;80
Landvik;SN38140;16.08.2024 09:00;16,2;68
Landvik;SN38140;16.08.2024 10:00;17,4;59
Landvik;SN38140;16.08.2024 11:00;18,2;56
Landvik;SN38140;16.08.2024 12:00;19,4;52
Landvik;SN38140;16.08.2024 13:00;20,2;48
Landvik;SN38140;16.08.2024 14:00;21,2;44
Landvik;SN38140;16.08.2024 15:00;21,1;42
Landvik;SN38140;16.08.2024 16:00;21;43
Landvik;SN38140;16.08.2024 17:00;20,7;46
Landvik;SN38140;16.08.2024 18:00;19,5;50
Landvik;SN38140;16.08.2024 19:00;17,9;56
Landvik;SN38140;16.08.2024 20:00;16;67
Landvik;SN38140;16.08.2024 21:00;14,3;74
Landvik;SN38140;16.08.2024 22:00;13,3;81
Landvik;SN38140;16.08.2024 23:00;12,1;86
Landvik;SN38140;17.08.2024 00:00;10,5;92
Landvik;SN38140;17.08.2024 01:00;9,7;94
Landvik;SN38140;17.08.2024 02:00;9,1;95
Landvik;SN38140;17.08.2024 03:00;9;96
Landvik;SN38140;17.08.2024 04:00;8,9;96
Landvik;SN38140;17.08.2024 05:00;8,2;95
Landvik;SN38140;17.08.2024 06:00;8,5;96
Landvik;SN38140;17.08.2024 07:00;10;97
Landvik;SN38140;17.08.2024 08:00;12,3;93
Landvik;SN38140;17.08.2024 09:00;15,6;79
Landvik;SN38140;17.08.2024 10:00;16,6;69
Landvik;SN38140;17.08.2024 11:00;17,8;60
Landvik;SN38140;17.08.2024 12:00;19,1;50
Landvik;SN38140;17.08.2024 13:00;18,1;56
Landvik;SN38140;17.08.2024 14:00;18,6;58
Landvik;SN38140;17.08.2024 15:00;19,5;54
Landvik;SN38140;17.08.2024 16:00;18,5;57
Landvik;SN38140;17.08.2024 17:00;18;61
Landvik;SN38140;17.08.2024 18:00;17,6;65
Landvik;SN38140;17.08.2024 19:00;17,1;66
Landvik;SN38140;17.08.2024 20:00;15,6;75
Landvik;SN38140;17.08.2024 21:00;14,1;79
Landvik;SN38140;17.08.2024 22:00;12,9;86
Landvik;SN38140;17.08.2024 23:00;12,3;89
Landvik;SN38140;18.08.2024 00:00;11,9;91
Landvik;SN38140;18.08.2024 01:00;12,7;88
Landvik;SN38140;18.08.2024 02:00;11,7;91
Landvik;SN38140;18.08.2024 03:00;10,1;93
Landvik;SN38140;18.08.2024 04:00;9,3;95
Landvik;SN38140;18.08.2024 05:00;9,5;96
Landvik;SN38140;18.08.2024 06:00;10,1;96
Landvik;SN38140;18.08.2024 07:00;11,4;97
Landvik;SN38140;18.08.2024 08:00;12,8;96
Landvik;SN38140;18.08.2024 09:00;14;92
Landvik;SN38140;18.08.2024 10:00;15,7;83
Landvik;SN38140;18.08.2024 11:00;16,9;72
Landvik;SN38140;18.08.2024 12:00;17,8;66
Landvik;SN38140;18.08.2024 13:00;17,8;64
Landvik;SN38140;18.08.2024 14:00;15,9;78
Landvik;SN38140;18.08.2024 15:00;14,8;87
Landvik;SN38140;18.08.2024 16:00;16,8;71
Landvik;SN38140;18.08.2024 17:00;17,9;67
Landvik;SN38140;18.08.2024 18:00;17,5;59
Landvik;SN38140;18.08.2024 19:00;16,6;64
Landvik;SN38140;18.08.2024 20:00;14,7;74
Landvik;SN38140;18.08.2024 21:00;13;83
Landvik;SN38140;18.08.2024 22:00;12,2;87
Landvik;SN38140;18.08.2024 23:00;11,8;91
Landvik;SN38140;19.08.2024 00:00;11,7;88
Landvik;SN38140;19.08.2024 01:00;11,3;86
Landvik;SN38140;19.08.2024 02:00;10,4;87
Landvik;SN38140;19.08.2024 03:00;8,9;90
Landvik;SN38140;19.08.2024 04:00;7,5;93
Landvik;SN38140;19.08.2024 05:00;8,8;94
Landvik;SN38140;19.08.2024 06:00;9,2;91
Landvik;SN38140;19.08.2024 07:00;10,6;91
Landvik;SN38140;19.08.2024 08:00;13,6;77
Landvik;SN38140;19.08.2024 09:00;15,2;70
Landvik;SN38140;19.08.2024 10:00;16,2;63
Landvik;SN38140;19.08.2024 11:00;17,9;56
Landvik;SN38140;19.08.2024 12:00;17,8;62
Landvik;SN38140;19.08.2024 13:00;17,5;65
Landvik;SN38140;19.08.2024 14:00;17,9;66
Landvik;SN38140;19.08.2024 15:00;18,8;61
Landvik;SN38140;19.08.2024 16:00;18,5;61
Landvik;SN38140;19.08.2024 17:00;18,1;61
Landvik;SN38140;19.08.2024 18:00;17;63
Landvik;SN38140;19.08.2024 19:00;16,1;70
Landvik;SN38140;19.08.2024 20:00;15,3;73
Landvik;SN38140;19.08.2024 21:00;14,3;79
Landvik;SN38140;19.08.2024 22:00;13,1;85
Landvik;SN38140;19.08.2024 23:00;12,5;90
Landvik;SN38140;20.08.2024 00:00;12,1;92
Landvik;SN38140;20.08.2024 01:00;12,7;92
Landvik;SN38140;20.08.2024 02:00;14,8;89
Landvik;SN38140;20.08.2024 03:00;16,4;82
Landvik;SN38140;20.08.2024 04:00;16,7;82
Landvik;SN38140;20.08.2024 05:00;16,9;79
Landvik;SN38140;20.08.2024 06:00;17;80
Landvik;SN38140;20.08.2024 07:00;17,1;79
Landvik;SN38140;20.08.2024 08:00;17,2;78
Landvik;SN38140;20.08.2024 09:00;17,3;78
Landvik;SN38140;20.08.2024 10:00;17,3;80
Landvik;SN38140;20.08.2024 11:00;16,8;87
Landvik;SN38140;20.08.2024 12:00;16,3;91
Landvik;SN38140;20.08.2024 13:00;16,3;92
Landvik;SN38140;20.08.2024 14:00;16,4;92
Landvik;SN38140;20.08.2024 15:00;16,4;93
Landvik;SN38140;20.08.2024 16:00;16,6;93
Landvik;SN38140;20.08.2024 17:00;16,2;91
Landvik;SN38140;20.08.2024 18:00;16,4;93
Landvik;SN38140;20.08.2024 19:00;16,4;94
Landvik;SN38140;20.08.2024 20:00;16,3;94
Landvik;SN38140;20.08.2024 21:00;16,2;94
Landvik;SN38140;20.08.2024 22:00;16,3;94
Landvik;SN38140;20.08.2024 23:00;16,3;94
Landvik;SN38140;21.08.2024 00:00;15,8;95
Landvik;SN38140;21.08.2024 01:00;15,6;95
Landvik;SN38140;21.08.2024 02:00;15,6;96
Landvik;SN38140;21.08.2024 03:00;15,4;96
Landvik;SN38140;21.08.2024 04:00;15,2;96
Landvik;SN38140;21.08.2024 05:00;14,7;96
Landvik;SN38140;21.08.2024 06:00;14,3;95
Landvik;SN38140;21.08.2024 07:00;14,1;94
Landvik;SN38140;21.08.2024 08:00;14,2;92
Landvik;SN38140;21.08.2024 09:00;14,3;81
Landvik;SN38140;21.08.2024 10:00;15,7;76
Landvik;SN38140;21.08.2024 11:00;17,2;65
Landvik;SN38140;21.08.2024 12:00;18,5;58
Landvik;SN38140;21.08.2024 13:00;18,1;60
Landvik;SN38140;21.08.2024 14:00;19,1;55
Landvik;SN38140;21.08.2024 15:00;18,8;51
Landvik;SN38140;21.08.2024 16:00;19,4;55
Landvik;SN38140;21.08.2024 17:00;19,4;55
Landvik;SN38140;21.08.2024 18:00;18,6;57
Landvik;SN38140;21.08.2024 19:00;17,2;61
Landvik;SN38140;21.08.2024 20:00;15,4;68
Landvik;SN38140;21.08.2024 21:00;14;72
Landvik;SN38140;21.08.2024 22:00;13,3;76
Landvik;SN38140;21.08.2024 23:00;12,7;80
Landvik;SN38140;22.08.2024 00:00;11,9;83
Landvik;SN38140;22.08.2024 01:00;11,5;86
Landvik;SN38140;22.08.2024 02:00;10,7;90
Landvik;SN38140;22.08.2024 03:00;10,9;93
Landvik;SN38140;22.08.2024 04:00;11,2;93
Landvik;SN38140;22.08.2024 05:00;12;93
Landvik;SN38140;22.08.2024 06:00;14,3;95
Landvik;SN38140;22.08.2024 07:00;14,8;94
Landvik;SN38140;22.08.2024 08:00;15,2;93
Landvik;SN38140;22.08.2024 09:00;15,4;93
Landvik;SN38140;22.08.2024 10:00;16,1;90
Landvik;SN38140;22.08.2024 11:00;16,2;90
Landvik;SN38140;22.08.2024 12:00;16,2;91
Landvik;SN38140;22.08.2024 13:00;16,3;91
Landvik;SN38140;22.08.2024 14:00;16,4;92
Landvik;SN38140;22.08.2024 15:00;16,2;90
Landvik;SN38140;22.08.2024 16:00;15,8;92
Landvik;SN38140;22.08.2024 17:00;16,1;93
Landvik;SN38140;22.08.2024 18:00;16,2;93
Landvik;SN38140;22.08.2024 19:00;16,3;93
Landvik;SN38140;22.08.2024 20:00;16,2;94
Landvik;SN38140;22.08.2024 21:00;16;94
Landvik;SN38140;22.08.2024 22:00;15,4;94
Landvik;SN38140;22.08.2024 23:00;15;95
Landvik;SN38140;23.08.2024 00:00;14,8;95
Landvik;SN38140;23.08.2024 01:00;14,1;95
Landvik;SN38140;23.08.2024 02:00;13,7;95
Landvik;SN38140;23.08.2024 03:00;13,3;95
Landvik;SN38140;23.08.2024 04:00;13;95
Landvik;SN38140;23.08.2024 05:00;12,6;95
Landvik;SN38140;23.08.2024 06:00;12,3;96
Landvik;SN38140;23.08.2024 07:00;12,5;96
Landvik;SN38140;23.08.2024 08:00;12,9;95
Landvik;SN38140;23.08.2024 09:00;13,3;92
Landvik;SN38140;23.08.2024 10:00;13,7;90
Landvik;SN38140;23.08.2024 11:00;13,9;91
Landvik;SN38140;23.08.2024 12:00;14;93
Landvik;SN38140;23.08.2024 13:00;15,4;95
Landvik;SN38140;23.08.2024 14:00;16,4;94
Landvik;SN38140;23.08.2024 15:00;17,1;92
Landvik;SN38140;23.08.2024 16:00;16,9;81
Landvik;SN38140;23.08.2024 17:00;15,7;89
Landvik;SN38140;23.08.2024 18:00;16,1;87
Landvik;SN38140;23.08.2024 19:00;16,4;79
Landvik;SN38140;23.08.2024 20:00;15,2;78
Landvik;SN38140;23.08.2024 21:00;14,1;76
Landvik;SN38140;23.08.2024 22:00;13,3;76
Landvik;SN38140;23.08.2024 23:00;12,6;78
Landvik;SN38140;24.08.2024 00:00;12;81
Landvik;SN38140;24.08.2024 01:00;11,4;84
Landvik;SN38140;24.08.2024 02:00;10,4;90
Landvik;SN38140;24.08.2024 03:00;9,4;93
Landvik;SN38140;24.08.2024 04:00;8,9;94
Landvik;SN38140;24.08.2024 05:00;8,5;95
Landvik;SN38140;24.08.2024 06:00;8,3;96
Landvik;SN38140;24.08.2024 07:00;9,1;97
Landvik;SN38140;24.08.2024 08:00;11,6;96
Landvik;SN38140;24.08.2024 09:00;15,2;82
Landvik;SN38140;24.08.2024 10:00;16,4;75
Landvik;SN38140;24.08.2024 11:00;16,3;79
Landvik;SN38140;24.08.2024 12:00;16,7;81
Landvik;SN38140;24.08.2024 13:00;15,7;82
Landvik;SN38140;24.08.2024 14:00;15;87
Landvik;SN38140;24.08.2024 15:00;14,9;89
Landvik;SN38140;24.08.2024 16:00;13,9;93
Landvik;SN38140;24.08.2024 17:00;13,5;91
Landvik;SN38140;24.08.2024 18:00;13,3;92
Landvik;SN38140;24.08.2024 19:00;13;93
Landvik;SN38140;24.08.2024 20:00;12,8;94
Landvik;SN38140;24.08.2024 21:00;12,6;95
Landvik;SN38140;24.08.2024 22:00;12,5;96
Landvik;SN38140;24.08.2024 23:00;12,5;96
Landvik;SN38140;25.08.2024 00:00;12,3;96
Landvik;SN38140;25.08.2024 01:00;12,4;96
Landvik;SN38140;25.08.2024 02:00;12,6;96
Landvik;SN38140;25.08.2024 03:00;12,5;96
Landvik;SN38140;25.08.2024 04:00;12,3;96
Landvik;SN38140;25.08.2024 05:00;11,6;95
Landvik;SN38140;25.08.2024 06:00;10,7;96
Landvik;SN38140;25.08.2024 07:00;12;97
Landvik;SN38140;25.08.2024 08:00;13,1;93
Landvik;SN38140;25.08.2024 09:00;14,6;83
Landvik;SN38140;25.08.2024 10:00;15,7;76
Landvik;SN38140;25.08.2024 11:00;15,7;73
Landvik;SN38140;25.08.2024 12:00;16,1;72
Landvik;SN38140;25.08.2024 13:00;16,3;72
Landvik;SN38140;25.08.2024 14:00;14,9;76
Landvik;SN38140;25.08.2024 15:00;16,8;62
Landvik;SN38140;25.08.2024 16:00;16,5;62
Landvik;SN38140;25.08.2024 17:00;16,6;59
Landvik;SN38140;25.08.2024 18:00;15,3;64
Landvik;SN38140;25.08.2024 19:00;14,2;72
Landvik;SN38140;25.08.2024 20:00;13,4;74
Landvik;SN38140;25.08.2024 21:00;12;82
Landvik;SN38140;25.08.2024 22:00;10;92
Landvik;SN38140;25.08.2024 23:00;9,8;95
Landvik;SN38140;26.08.2024 00:00;10,1;95
Landvik;SN38140;26.08.2024 01:00;13,7;84
Landvik;SN38140;26.08.2024 02:00;13,8;91
Landvik;SN38140;26.08.2024 03:00;14,3;90
Landvik;SN38140;26.08.2024 04:00;15,1;87
Landvik;SN38140;26.08.2024 05:00;15,3;87
Landvik;SN38140;26.08.2024 06:00;14,7;91
Landvik;SN38140;26.08.2024 07:00;14,6;89
Landvik;SN38140;26.08.2024 08:00;14,6;91
Landvik;SN38140;26.08.2024 09:00;14,7;90
Landvik;SN38140;26.08.2024 10:00;16;83
Landvik;SN38140;26.08.2024 11:00;15,4;85
Landvik;SN38140;26.08.2024 12:00;17,3;77
Landvik;SN38140;26.08.2024 13:00;17,9;73
Landvik;SN38140;26.08.2024 14:00;17,6;73
Landvik;SN38140;26.08.2024 15:00;18,5;70
Landvik;SN38140;26.08.2024 16:00;18,5;65
Landvik;SN38140;26.08.2024 17:00;18,3;62
Landvik;SN38140;26.08.2024 18:00;17,3;65
Landvik;SN38140;26.08.2024 19:00;16,1;69
Landvik;SN38140;26.08.2024 20:00;14,8;73
Landvik;SN38140;26.08.2024 21:00;13,7;80
Landvik;SN38140;26.08.2024 22:00;12,5;85
Landvik;SN38140;26.08.2024 23:00;11;93
Landvik;SN38140;27.08.2024 00:00;11,3;94
Landvik;SN38140;27.08.2024 01:00;11,8;94
Landvik;SN38140;27.08.2024 02:00;11,5;94
Landvik;SN38140;27.08.2024 03:00;11;95
Landvik;SN38140;27.08.2024 04:00;10,2;95
Landvik;SN38140;27.08.2024 05:00;9,1;96
Landvik;SN38140;27.08.2024 06:00;8,7;96
Landvik;SN38140;27.08.2024 07:00;9,7;97
Landvik;SN38140;27.08.2024 08:00;12;94
Landvik;SN38140;27.08.2024 09:00;15,1;78
Landvik;SN38140;27.08.2024 10:00;16,6;73
Landvik;SN38140;27.08.2024 11:00;16,1;76
Landvik;SN38140;27.08.2024 12:00;16,7;80
Landvik;SN38140;27.08.2024 13:00;17,7;79
Landvik;SN38140;27.08.2024 14:00;16,7;87
Landvik;SN38140;27.08.2024 15:00;16,7;92
Landvik;SN38140;27.08.2024 16:00;17,7;89
Landvik;SN38140;27.08.2024 17:00;17,7;88
Landvik;SN38140;27.08.2024 18:00;17,7;88
Landvik;SN38140;27.08.2024 19:00;17,4;88
Landvik;SN38140;27.08.2024 20:00;17,2;88
Landvik;SN38140;27.08.2024 21:00;17,1;88
Landvik;SN38140;27.08.2024 22:00;17;87
Landvik;SN38140;27.08.2024 23:00;16,9;88
Landvik;SN38140;28.08.2024 00:00;16,5;89
Landvik;SN38140;28.08.2024 01:00;16,1;91
Landvik;SN38140;28.08.2024 02:00;16,3;92
Landvik;SN38140;28.08.2024 03:00;16,9;91
Landvik;SN38140;28.08.2024 04:00;16,9;91
Landvik;SN38140;28.08.2024 05:00;16,2;93
Landvik;SN38140;28.08.2024 06:00;15,3;94
Landvik;SN38140;28.08.2024 07:00;15,2;96
Landvik;SN38140;28.08.2024 08:00;16,1;96
Landvik;SN38140;28.08.2024 09:00;17,1;90
Landvik;SN38140;28.08.2024 10:00;18,6;80
Landvik;SN38140;28.08.2024 11:00;19,5;77
Landvik;SN38140;28.08.2024 12:00;20,4;73
Landvik;SN38140;28.08.2024 13:00;20;75
Landvik;SN38140;28.08.2024 14:00;20,3;74
Landvik;SN38140;28.08.2024 15:00;21,2;69
Landvik;SN38140;28.08.2024 16:00;21,3;69
Landvik;SN38140;28.08.2024 17:00;20,9;71
Landvik;SN38140;28.08.2024 18:00;20,7;76
Landvik;SN38140;28.08.2024 19:00;19;85
Landvik;SN38140;28.08.2024 20:00;17,6;88
Landvik;SN38140;28.08.2024 21:00;16,7;91
Landvik;SN38140;28.08.2024 22:00;16,2;91
Landvik;SN38140;28.08.2024 23:00;17,1;83
Landvik;SN38140;29.08.2024 00:00;18,1;80
Landvik;SN38140;29.08.2024 01:00;18,1;80
Landvik;SN38140;29.08.2024 02:00;17,9;81
Landvik;SN38140;29.08.2024 03:00;17,4;82
Landvik;SN38140;29.08.2024 04:00;16,9;85
Landvik;SN38140;29.08.2024 05:00;16,6;88
Landvik;SN38140;29.08.2024 06:00;16,8;89
Landvik;SN38140;29.08.2024 07:00;17,1;89
Landvik;SN38140;29.08.2024 08:00;17,4;88
Landvik;SN38140;29.08.2024 09:00;17,5;87
Landvik;SN38140;29.08.2024 10:00;17,7;88
Landvik;SN38140;29.08.2024 11:00;17,8;89
Landvik;SN38140;29.08.2024 12:00;18;92
Landvik;SN38140;29.08.2024 13:00;18,4;90
Landvik;SN38140;29.08.2024 14:00;18,7;90
Landvik;SN38140;29.08.2024 15:00;19,4;87
Landvik;SN38140;29.08.2024 16:00;20;85
Landvik;SN38140;29.08.2024 17:00;20;86
Landvik;SN38140;29.08.2024 18:00;19,7;86
Landvik;SN38140;29.08.2024 19:00;18,7;87
Landvik;SN38140;29.08.2024 20:00;17,5;74
Landvik;SN38140;29.08.2024 21:00;15,9;74
Landvik;SN38140;29.08.2024 22:00;14,2;78
Landvik;SN38140;29.08.2024 23:00;13;83
Landvik;SN38140;30.08.2024 00:00;12,7;85
Landvik;SN38140;30.08.2024 01:00;12,2;89
Landvik;SN38140;30.08.2024 02:00;11,8;90
Landvik;SN38140;30.08.2024 03:00;11;92
Landvik;SN38140;30.08.2024 04:00;10,9;93
Landvik;SN38140;30.08.2024 05:00;10,5;94
Landvik;SN38140;30.08.2024 06:00;10;94
Landvik;SN38140;30.08.2024 07:00;11,2;95
Landvik;SN38140;30.08.2024 08:00;13;91
Landvik;SN38140;30.08.2024 09:00;14,6;87
Landvik;SN38140;30.08.2024 10:00;16,4;80
Landvik;SN38140;30.08.2024 11:00;17,1;67
Landvik;SN38140;30.08.2024 12:00;17,1;65
Landvik;SN38140;30.08.2024 13:00;17;64
Landvik;SN38140;30.08.2024 14:00;17,1;65
Landvik;SN38140;30.08.2024 15:00;16,8;65
Landvik;SN38140;30.08.2024 16:00;18,2;54
Landvik;SN38140;30.08.2024 17:00;17;56
Landvik;SN38140;30.08.2024 18:00;16,8;56
Landvik;SN38140;30.08.2024 19:00;15,2;65
Landvik;SN38140;30.08.2024 20:00;13,9;69
Landvik;SN38140;30.08.2024 21:00;13,1;73
Landvik;SN38140;30.08.2024 22:00;12,7;75
Landvik;SN38140;30.08.2024 23:00;12,2;78
Landvik;SN38140;31.08.2024 00:00;11;84
Landvik;SN38140;31.08.2024 01:00;10,5;86
Landvik;SN38140;31.08.2024 02:00;9,5;91
Landvik;SN38140;31.08.2024 03:00;10,1;90
Landvik;SN38140;31.08.2024 04:00;9,1;91
Landvik;SN38140;31.08.2024 05:00;7,4;94
Landvik;SN38140;31.08.2024 06:00;7,4;94
Landvik;SN38140;31.08.2024 07:00;10,9;74
Landvik;SN38140;31.08.2024 08:00;13,6;64
Landvik;SN38140;31.08.2024 09:00;15,8;53
Landvik;SN38140;31.08.2024 10:00;17,3;49
Landvik;SN38140;31.08.2024 11:00;18,8;45
Landvik;SN38140;31.08.2024 12:00;19,2;42
Landvik;SN38140;31.08.2024 13:00;18,9;46
Landvik;SN38140;31.08.2024 14:00;18,8;49
Landvik;SN38140;31.08.2024 15:00;18,8;51
Landvik;SN38140;31.08.2024 16:00;18,7;53
Landvik;SN38140;31.08.2024 17:00;18,3;53
Landvik;SN38140;31.08.2024 18:00;17,5;58
Landvik;SN38140;31.08.2024 19:00;15,1;70
Landvik;SN38140;31.08.2024 20:00;12,4;84
Landvik;SN38140;31.08.2024 21:00;10,8;90
Landvik;SN38140;31.08.2024 22:00;10;92
Landvik;SN38140;31.08.2024 23:00;9,7;93
Landvik;SN38140;01.09.2024 00:00;9,6;93
Landvik;SN38140;01.09.2024 01:00;9,3;93
Landvik;SN38140;01.09.2024 02:00;9,1;93
Landvik;SN38140;01.09.2024 03:00;8,8;94
Landvik;SN38140;01.09.2024 04:00;8,7;94
Landvik;SN38140;01.09.2024 05:00;8,6;94
Landvik;SN38140;01.09.2024 06:00;8,8;94
Landvik;SN38140;01.09.2024 07:00;9,7;94
Landvik;SN38140;01.09.2024 08:00;11,1;91
Landvik;SN38140;01.09.2024 09:00;13,1;85
Landvik;SN38140;01.09.2024 10:00;15,1;76
Landvik;SN38140;01.09.2024 11:00;16,7;67
Landvik;SN38140;01.09.2024 12:00;18,7;58
Landvik;SN38140;01.09.2024 13:00;20,5;48
Landvik;SN38140;01.09.2024 14:00;20,6;46
Landvik;SN38140;01.09.2024 15:00;20,4;49
Landvik;SN38140;01.09.2024 16:00;20,3;48
Landvik;SN38140;01.09.2024 17:00;20,2;49
Landvik;SN38140;01.09.2024 18:00;18,9;54
Landvik;SN38140;01.09.2024 19:00;16;66
Landvik;SN38140;01.09.2024 20:00;13,1;83
Landvik;SN38140;01.09.2024 21:00;11,4;90
Landvik;SN38140;01.09.2024 22:00;10,4;92
Landvik;SN38140;01.09.2024 23:00;9,6;92
Landvik;SN38140;02.09.2024 00:00;9,1;92
Landvik;SN38140;02.09.2024 01:00;9,3;91
Landvik;SN38140;02.09.2024 02:00;9,5;91
Landvik;SN38140;02.09.2024 03:00;9,6;91
Landvik;SN38140;02.09.2024 04:00;9,9;91
Landvik;SN38140;02.09.2024 05:00;9,1;93
Landvik;SN38140;02.09.2024 06:00;8,9;95
Landvik;SN38140;02.09.2024 07:00;10,4;95
Landvik;SN38140;02.09.2024 08:00;12,7;89
Landvik;SN38140;02.09.2024 09:00;14,2;85
Landvik;SN38140;02.09.2024 10:00;14,6;87
Landvik;SN38140;02.09.2024 11:00;15,7;84
Landvik;SN38140;02.09.2024 12:00;16,8;79
Landvik;SN38140;02.09.2024 13:00;17;77
Landvik;SN38140;02.09.2024 14:00;17,4;76
Landvik;SN38140;02.09.2024 15:00;17,6;75
Landvik;SN38140;02.09.2024 16:00;17,2;78
Landvik;SN38140;02.09.2024 17:00;17,1;74
Landvik;SN38140;02.09.2024 18:00;16,4;78
Landvik;SN38140;02.09.2024 19:00;16;84
Landvik;SN38140;02.09.2024 20:00;15,6;86
Landvik;SN38140;02.09.2024 21:00;15,5;88
Landvik;SN38140;02.09.2024 22:00;15,3;90
Landvik;SN38140;02.09.2024 23:00;15,1;92
Landvik;SN38140;03.09.2024 00:00;15,2;93
Landvik;SN38140;03.09.2024 01:00;15,5;91
Landvik;SN38140;03.09.2024 02:00;15,6;91
Landvik;SN38140;03.09.2024 03:00;15,6;92
Landvik;SN38140;03.09.2024 04:00;15,2;93
Landvik;SN38140;03.09.2024 05:00;15,7;94
Landvik;SN38140;03.09.2024 06:00;16;91
Landvik;SN38140;03.09.2024 07:00;16;92
Landvik;SN38140;03.09.2024 08:00;16,1;93
Landvik;SN38140;03.09.2024 09:00;16,5;94
Landvik;SN38140;03.09.2024 10:00;16,9;93
Landvik;SN38140;03.09.2024 11:00;17,1;93
Landvik;SN38140;03.09.2024 12:00;16,9;93
Landvik;SN38140;03.09.2024 13:00;17;94
Landvik;SN38140;03.09.2024 14:00;17,1;94
Landvik;SN38140;03.09.2024 15:00;17,5;95
Landvik;SN38140;03.09.2024 16:00;17,5;94
Landvik;SN38140;03.09.2024 17:00;17,3;95
Landvik;SN38140;03.09.2024 18:00;17,2;95
Landvik;SN38140;03.09.2024 19:00;17,2;95
Landvik;SN38140;03.09.2024 20:00;17,1;96
Landvik;SN38140;03.09.2024 21:00;17,1;96
Landvik;SN38140;03.09.2024 22:00;17,2;96
Landvik;SN38140;03.09.2024 23:00;17,2;96
Landvik;SN38140;04.09.2024 00:00;17,3;97
Landvik;SN38140;04.09.2024 01:00;17,4;97
Landvik;SN38140;04.09.2024 02:00;17,7;97
Landvik;SN38140;04.09.2024 03:00;17,7;97
Landvik;SN38140;04.09.2024 04:00;17,6;97
Landvik;SN38140;04.09.2024 05:00;17,6;97
Landvik;SN38140;04.09.2024 06:00;17,5;97
Landvik;SN38140;04.09.2024 07:00;17,5;97
Landvik;SN38140;04.09.2024 08:00;17,7;97
Landvik;SN38140;04.09.2024 09:00;17,8;97
Landvik;SN38140;04.09.2024 10:00;17,9;97
Landvik;SN38140;04.09.2024 11:00;17,9;97
Landvik;SN38140;04.09.2024 12:00;17,9;96
Landvik;SN38140;04.09.2024 13:00;18;96
Landvik;SN38140;04.09.2024 14:00;17,7;95
Landvik;SN38140;04.09.2024 15:00;17,5;94
Landvik;SN38140;04.09.2024 16:00;17,6;92
Landvik;SN38140;04.09.2024 17:00;17,6;92
Landvik;SN38140;04.09.2024 18:00;17,7;92
Landvik;SN38140;04.09.2024 19:00;17,9;91
Landvik;SN38140;04.09.2024 20:00;18;91
Landvik;SN38140;04.09.2024 21:00;18;91
Landvik;SN38140;04.09.2024 22:00;18,1;90
Landvik;SN38140;04.09.2024 23:00;18,5;89
Landvik;SN38140;05.09.2024 00:00;18,7;88
Landvik;SN38140;05.09.2024 01:00;19;87
Landvik;SN38140;05.09.2024 02:00;19;86
Landvik;SN38140;05.09.2024 03:00;18,7;88
Landvik;SN38140;05.09.2024 04:00;18,3;88
Landvik;SN38140;05.09.2024 05:00;18,1;88
Landvik;SN38140;05.09.2024 06:00;17,8;89
Landvik;SN38140;05.09.2024 07:00;17,8;89
Landvik;SN38140;05.09.2024 08:00;18,8;84
Landvik;SN38140;05.09.2024 09:00;20,1;79
Landvik;SN38140;05.09.2024 10:00;21,3;73
Landvik;SN38140;05.09.2024 11:00;22,3;67
Landvik;SN38140;05.09.2024 12:00;23,6;65
Landvik;SN38140;05.09.2024 13:00;24,4;63
Landvik;SN38140;05.09.2024 14:00;24,9;59
Landvik;SN38140;05.09.2024 15:00;25,2;58
Landvik;SN38140;05.09.2024 16:00;25,3;58
Landvik;SN38140;05.09.2024 17:00;25,2;59
Landvik;SN38140;05.09.2024 18:00;24,4;62
Landvik;SN38140;05.09.2024 19:00;22,9;67
Landvik;SN38140;05.09.2024 20:00;21,4;74
Landvik;SN38140;05.09.2024 21:00;20,2;80
Landvik;SN38140;05.09.2024 22:00;20;82
Landvik;SN38140;05.09.2024 23:00;19,9;82
Landvik;SN38140;06.09.2024 00:00;20;80
Landvik;SN38140;06.09.2024 01:00;19,2;81
Landvik;SN38140;06.09.2024 02:00;19,2;80
Landvik;SN38140;06.09.2024 03:00;18,8;81
Landvik;SN38140;06.09.2024 04:00;18,2;82
Landvik;SN38140;06.09.2024 05:00;18,1;81
Landvik;SN38140;06.09.2024 06:00;17,9;81
Landvik;SN38140;06.09.2024 07:00;17,6;82
Landvik;SN38140;06.09.2024 08:00;18,8;77
Landvik;SN38140;06.09.2024 09:00;20,1;73
Landvik;SN38140;06.09.2024 10:00;21,6;68
Landvik;SN38140;06.09.2024 11:00;22,8;61
Landvik;SN38140;06.09.2024 12:00;23,5;58
Landvik;SN38140;06.09.2024 13:00;23,4;58
Landvik;SN38140;06.09.2024 14:00;23,5;58
Landvik;SN38140;06.09.2024 15:00;23,7;53
Landvik;SN38140;06.09.2024 16:00;23,8;55
Landvik;SN38140;06.09.2024 17:00;23,6;56
Landvik;SN38140;06.09.2024 18:00;22,6;59
Landvik;SN38140;06.09.2024 19:00;20,3;71
Landvik;SN38140;06.09.2024 20:00;18,1;82
Landvik;SN38140;06.09.2024 21:00;16,8;87
Landvik;SN38140;06.09.2024 22:00;16,4;89
Landvik;SN38140;06.09.2024 23:00;16,1;90
Landvik;SN38140;07.09.2024 00:00;15,8;90
Landvik;SN38140;07.09.2024 01:00;15,7;90
Landvik;SN38140;07.09.2024 02:00;16,4;85
Landvik;SN38140;07.09.2024 03:00;16,4;84
Landvik;SN38140;07.09.2024 04:00;15,9;85
Landvik;SN38140;07.09.2024 05:00;16;84
Landvik;SN38140;07.09.2024 06:00;15,7;85
Landvik;SN38140;07.09.2024 07:00;16,1;84
Landvik;SN38140;07.09.2024 08:00;17,7;77
Landvik;SN38140;07.09.2024 09:00;19;73
Landvik;SN38140;07.09.2024 10:00;20,2;71
Landvik;SN38140;07.09.2024 11:00;21,2;68
Landvik;SN38140;07.09.2024 12:00;21,5;67
Landvik;SN38140;07.09.2024 13:00;20,9;66
Landvik;SN38140;07.09.2024 14:00;21,6;62
Landvik;SN38140;07.09.2024 15:00;21,8;59
Landvik;SN38140;07.09.2024 16:00;21,9;58
Landvik;SN38140;07.09.2024 17:00;21,7;58
Landvik;SN38140;07.09.2024 18:00;21,3;62
Landvik;SN38140;07.09.2024 19:00;20,2;66
Landvik;SN38140;07.09.2024 20:00;19,4;68
Landvik;SN38140;07.09.2024 21:00;18,9;71
Landvik;SN38140;07.09.2024 22:00;18,8;73
Landvik;SN38140;07.09.2024 23:00;18,5;74
Landvik;SN38140;08.09.2024 00:00;18,4;74
Landvik;SN38140;08.09.2024 01:00;18,4;75
Landvik;SN38140;08.09.2024 02:00;18,2;77
Landvik;SN38140;08.09.2024 03:00;17,9;79
Landvik;SN38140;08.09.2024 04:00;17,9;79
Landvik;SN38140;08.09.2024 05:00;17,9;81
Landvik;SN38140;08.09.2024 06:00;17,7;83
Landvik;SN38140;08.09.2024 07:00;17,7;85
Landvik;SN38140;08.09.2024 08:00;17,5;88
Landvik;SN38140;08.09.2024 09:00;17,6;90
Landvik;SN38140;08.09.2024 10:00;18,6;88
Landvik;SN38140;08.09.2024 11:00;19,9;80
Landvik;SN38140;08.09.2024 12:00;20,4;76
Landvik;SN38140;08.09.2024 13:00;21,3;73
Landvik;SN38140;08.09.2024 14:00;22,2;68
Landvik;SN38140;08.09.2024 15:00;21,5;68
Landvik;SN38140;08.09.2024 16:00;20,6;70
Landvik;SN38140;08.09.2024 17:00;20,3;72
Landvik;SN38140;08.09.2024 18:00;20,1;74
Landvik;SN38140;08.09.2024 19:00;19,8;75
Landvik;SN38140;08.09.2024 20:00;19,6;78
Landvik;SN38140;08.09.2024 21:00;19;83
Landvik;SN38140;08.09.2024 22:00;18,5;90
Landvik;SN38140;08.09.2024 23:00;18,2;92
Landvik;SN38140;09.09.2024 00:00;17,4;94
Landvik;SN38140;09.09.2024 01:00;17,4;95
Landvik;SN38140;09.09.2024 02:00;17,4;95
Landvik;SN38140;09.09.2024 03:00;17,1;96
Landvik;SN38140;09.09.2024 04:00;17,1;96
Landvik;SN38140;09.09.2024 05:00;17;96
Landvik;SN38140;09.09.2024 06:00;16,5;96
Landvik;SN38140;09.09.2024 07:00;16,7;97
Landvik;SN38140;09.09.2024 08:00;17,1;97
Landvik;SN38140;09.09.2024 09:00;17,2;96
Landvik;SN38140;09.09.2024 10:00;17,3;96
Landvik;SN38140;09.09.2024 11:00;17,6;95
Landvik;SN38140;09.09.2024 12:00;18,1;90
Landvik;SN38140;09.09.2024 13:00;18,5;87
Landvik;SN38140;09.09.2024 14:00;18,5;85
Landvik;SN38140;09.09.2024 15:00;18,2;85
Landvik;SN38140;09.09.2024 16:00;18,1;82
Landvik;SN38140;09.09.2024 17:00;18,3;79
Landvik;SN38140;09.09.2024 18:00;17,4;80
Landvik;SN38140;09.09.2024 19:00;16,6;83
Landvik;SN38140;09.09.2024 20:00;15,5;88
Landvik;SN38140;09.09.2024 21:00;14,9;90
Landvik;SN38140;09.09.2024 22:00;15,2;81
Landvik;SN38140;09.09.2024 23:00;14,4;74
Landvik;SN38140;10.09.2024 00:00;13,3;75
Landvik;SN38140;10.09.2024 01:00;12,6;71
Landvik;SN38140;10.09.2024 02:00;11,7;68
Landvik;SN38140;10.09.2024 03:00;11,2;66
Landvik;SN38140;10.09.2024 04:00;10,4;64
Landvik;SN38140;10.09.2024 05:00;10,1;65
Landvik;SN38140;10.09.2024 06:00;9,7;67
Landvik;SN38140;10.09.2024 07:00;9,7;70
Landvik;SN38140;10.09.2024 08:00;11,2;67
Landvik;SN38140;10.09.2024 09:00;13;64
Landvik;SN38140;10.09.2024 10:00;14,5;61
Landvik;SN38140;10.09.2024 11:00;15;63
Landvik;SN38140;10.09.2024 12:00;13,7;85
Landvik;SN38140;10.09.2024 13:00;14,5;89
Landvik;SN38140;10.09.2024 14:00;14,8;86
Landvik;SN38140;10.09.2024 15:00;14,6;89
Landvik;SN38140;10.09.2024 16:00;14,1;88
Landvik;SN38140;10.09.2024 17:00;12,5;91
Landvik;SN38140;10.09.2024 18:00;12,1;90
Landvik;SN38140;10.09.2024 19:00;11,6;90
Landvik;SN38140;10.09.2024 20:00;10,5;91
Landvik;SN38140;10.09.2024 21:00;9,7;90
Landvik;SN38140;10.09.2024 22:00;9,3;91
Landvik;SN38140;10.09.2024 23:00;9,1;92
Landvik;SN38140;11.09.2024 00:00;9,5;89
Landvik;SN38140;11.09.2024 01:00;9,9;86
Landvik;SN38140;11.09.2024 02:00;9,4;88
Landvik;SN38140;11.09.2024 03:00;10,3;83
Landvik;SN38140;11.09.2024 04:00;10;84
Landvik;SN38140;11.09.2024 05:00;9,7;87
Landvik;SN38140;11.09.2024 06:00;8,9;89
Landvik;SN38140;11.09.2024 07:00;9;88
Landvik;SN38140;11.09.2024 08:00;9,2;88
Landvik;SN38140;11.09.2024 09:00;10,9;78
Landvik;SN38140;11.09.2024 10:00;11,8;75
Landvik;SN38140;11.09.2024 11:00;13,8;65
Landvik;SN38140;11.09.2024 12:00;13,8;60
Landvik;SN38140;11.09.2024 13:00;12,7;69
Landvik;SN38140;11.09.2024 14:00;14;61
Landvik;SN38140;11.09.2024 15:00;14,3;57
Landvik;SN38140;11.09.2024 16:00;14,3;57
Landvik;SN38140;11.09.2024 17:00;13,4;62
Landvik;SN38140;11.09.2024 18:00;11,3;77
Landvik;SN38140;11.09.2024 19:00;10,3;85
Landvik;SN38140;11.09.2024 20:00;9,7;89
Landvik;SN38140;11.09.2024 21:00;9,6;89
Landvik;SN38140;11.09.2024 22:00;8,4;92
Landvik;SN38140;11.09.2024 23:00;7,7;94
Landvik;SN38140;12.09.2024 00:00;8,1;92
Landvik;SN38140;12.09.2024 01:00;7,3;90
Landvik;SN38140;12.09.2024 02:00;6,2;93
Landvik;SN38140;12.09.2024 03:00;6,2;95
Landvik;SN38140;12.09.2024 04:00;5,7;94
Landvik;SN38140;12.09.2024 05:00;5,5;96
Landvik;SN38140;12.09.2024 06:00;5,7;96
Landvik;SN38140;12.09.2024 07:00;8,1;93
Landvik;SN38140;12.09.2024 08:00;8,5;91
Landvik;SN38140;12.09.2024 09:00;11,1;80
Landvik;SN38140;12.09.2024 10:00;12,9;71
Landvik;SN38140;12.09.2024 11:00;14,3;64
Landvik;SN38140;12.09.2024 12:00;15,7;58
Landvik;SN38140;12.09.2024 13:00;16,2;51
Landvik;SN38140;12.09.2024 14:00;17,3;48
Landvik;SN38140;12.09.2024 15:00;17,2;47
Landvik;SN38140;12.09.2024 16:00;17;47
Landvik;SN38140;12.09.2024 17:00;16;47
Landvik;SN38140;12.09.2024 18:00;14,8;53
Landvik;SN38140;12.09.2024 19:00;12,9;65
Landvik;SN38140;12.09.2024 20:00;9,9;79
Landvik;SN38140;12.09.2024 21:00;8,1;86
Landvik;SN38140;12.09.2024 22:00;7,2;88
Landvik;SN38140;12.09.2024 23:00;8;81
Landvik;SN38140;13.09.2024 00:00;8;78
Landvik;SN38140;13.09.2024 01:00;8,3;73
Landvik;SN38140;13.09.2024 02:00;8,6;70
Landvik;SN38140;13.09.2024 03:00;8;71
Landvik;SN38140;13.09.2024 04:00;6,7;78
Landvik;SN38140;13.09.2024 05:00;7;76
Landvik;SN38140;13.09.2024 06:00;8,3;67
Landvik;SN38140;13.09.2024 07:00;8,1;68
Landvik;SN38140;13.09.2024 08:00;9,7;60
Landvik;SN38140;13.09.2024 09:00;11,1;54
Landvik;SN38140;13.09.2024 10:00;12,8;48
Landvik;SN38140;13.09.2024 11:00;14,5;43
Landvik;SN38140;13.09.2024 12:00;15,4;39
Landvik;SN38140;13.09.2024 13:00;16,1;36
Landvik;SN38140;13.09.2024 14:00;16,6;35
Landvik;SN38140;13.09.2024 15:00;17;35
Landvik;SN38140;13.09.2024 16:00;17,2;34
Landvik;SN38140;13.09.2024 17:00;16,5;36
Landvik;SN38140;13.09.2024 18:00;14,9;39
Landvik;SN38140;13.09.2024 19:00;12,9;46
Landvik;SN38140;13.09.2024 20:00;11,6;51
Landvik;SN38140;13.09.2024 21:00;11,1;52
Landvik;SN38140;13.09.2024 22:00;10,3;55
Landvik;SN38140;13.09.2024 23:00;9,6;58
Landvik;SN38140;14.09.2024 00:00;9,1;62
Landvik;SN38140;14.09.2024 01:00;8,5;65
Landvik;SN38140;14.09.2024 02:00;6,8;74
Landvik;SN38140;14.09.2024 03:00;6,8;75
Landvik;SN38140;14.09.2024 04:00;8;67
Landvik;SN38140;14.09.2024 05:00;7,8;67
Landvik;SN38140;14.09.2024 06:00;5,6;79
Landvik;SN38140;14.09.2024 07:00;5,6;81
Landvik;SN38140;14.09.2024 08:00;9,2;69
Landvik;SN38140;14.09.2024 09:00;11,5;58
Landvik;SN38140;14.09.2024 10:00;13,4;53
Landvik;SN38140;14.09.2024 11:00;14,5;49
Landvik;SN38140;14.09.2024 12:00;15,5;46
Landvik;SN38140;14.09.2024 13:00;16,1;47
Landvik;SN38140;14.09.2024 14:00;16,6;46
Landvik;SN38140;14.09.2024 15:00;16,8;46
Landvik;SN38140;14.09.2024 16:00;16,7;46
Landvik;SN38140;14.09.2024 17:00;15,8;54
Landvik;SN38140;14.09.2024 18:00;14,2;61
Landvik;SN38140;14.09.2024 19:00;12,4;68
Landvik;SN38140;14.09.2024 20:00;11,1;74
Landvik;SN38140;14.09.2024 21:00;9,6;80
Landvik;SN38140;14.09.2024 22:00;8,4;85
Landvik;SN38140;14.09.2024 23:00;8,4;87
Landvik;SN38140;15.09.2024 00:00;10,9;77
Landvik;SN38140;15.09.2024 01:00;10,8;80
Landvik;SN38140;15.09.2024 02:00;10;88
Landvik;SN38140;15.09.2024 03:00;9;91
Landvik;SN38140;15.09.2024 04:00;9,3;92
Landvik;SN38140;15.09.2024 05:00;9,9;92
Landvik;SN38140;15.09.2024 06:00;10,5;91
Landvik;SN38140;15.09.2024 07:00;10,9;91
Landvik;SN38140;15.09.2024 08:00;11,4;90
Landvik;SN38140;15.09.2024 09:00;12,1;91
Landvik;SN38140;15.09.2024 10:00;13;92
Landvik;SN38140;15.09.2024 11:00;13,8;92
Landvik;SN38140;15.09.2024 12:00;14,5;92
Landvik;SN38140;15.09.2024 13:00;15,3;88
Landvik;SN38140;15.09.2024 14:00;15,6;86
Landvik;SN38140;15.09.2024 15:00;15,7;86
Landvik;SN38140;15.09.2024 16:00;15,9;86
Landvik;SN38140;15.09.2024 17:00;16;86
Landvik;SN38140;15.09.2024 18:00;15,7;88
Landvik;SN38140;15.09.2024 19:00;15,6;89
Landvik;SN38140;15.09.2024 20:00;15,6;90
Landvik;SN38140;15.09.2024 21:00;15,5;91
Landvik;SN38140;15.09.2024 22:00;15,1;93
Landvik;SN38140;15.09.2024 23:00;14,5;93
Landvik;SN38140;16.09.2024 00:00;13,7;94
Landvik;SN38140;16.09.2024 01:00;13,5;95
Landvik;SN38140;16.09.2024 02:00;13,5;95
Landvik;SN38140;16.09.2024 03:00;13,5;96
Landvik;SN38140;16.09.2024 04:00;13,6;96
Landvik;SN38140;16.09.2024 05:00;13,4;96
Landvik;SN38140;16.09.2024 06:00;12,9;96
Landvik;SN38140;16.09.2024 07:00;12,8;96
Landvik;SN38140;16.09.2024 08:00;12,8;96
Landvik;SN38140;16.09.2024 09:00;13,5;96
Landvik;SN38140;16.09.2024 10:00;14,8;89
Landvik;SN38140;16.09.2024 11:00;16,6;76
Landvik;SN38140;16.09.2024 12:00;17,8;73
Landvik;SN38140;16.09.2024 13:00;18,2;70
Landvik;SN38140;16.09.2024 14:00;18,4;67
Landvik;SN38140;16.09.2024 15:00;19,3;66
Landvik;SN38140;16.09.2024 16:00;19,3;69
Landvik;SN38140;16.09.2024 17:00;18,2;75
Landvik;SN38140;16.09.2024 18:00;17,2;77
Landvik;SN38140;16.09.2024 19:00;14,5;88
Landvik;SN38140;16.09.2024 20:00;12,6;93
Landvik;SN38140;16.09.2024 21:00;11,5;95
Landvik;SN38140;16.09.2024 22:00;11,2;96
Landvik;SN38140;16.09.2024 23:00;10,9;96
Landvik;SN38140;17.09.2024 00:00;10;96
Landvik;SN38140;17.09.2024 01:00;9,2;96
Landvik;SN38140;17.09.2024 02:00;8,8;96
Landvik;SN38140;17.09.2024 03:00;8,5;96
Landvik;SN38140;17.09.2024 04:00;9,3;95
Landvik;SN38140;17.09.2024 05:00;10,6;93
Landvik;SN38140;17.09.2024 06:00;10,2;93
Landvik;SN38140;17.09.2024 07:00;10,4;93
Landvik;SN38140;17.09.2024 08:00;11,6;91
Landvik;SN38140;17.09.2024 09:00;12,7;86
Landvik;SN38140;17.09.2024 10:00;13,8;78
Landvik;SN38140;17.09.2024 11:00;14,9;72
Landvik;SN38140;17.09.2024 12:00;16,7;67
Landvik;SN38140;17.09.2024 13:00;17,4;72
Landvik;SN38140;17.09.2024 14:00;17,6;74
Landvik;SN38140;17.09.2024 15:00;18,8;71
Landvik;SN38140;17.09.2024 16:00;18,6;73
Landvik;SN38140;17.09.2024 17:00;17,3;79
Landvik;SN38140;17.09.2024 18:00;16,2;84
Landvik;SN38140;17.09.2024 19:00;15,1;89
Landvik;SN38140;17.09.2024 20:00;14,2;92
Landvik;SN38140;17.09.2024 21:00;13,6;94
Landvik;SN38140;17.09.2024 22:00;12,8;95
Landvik;SN38140;17.09.2024 23:00;11,7;95
Landvik;SN38140;18.09.2024 00:00;10,7;96
Landvik;SN38140;18.09.2024 01:00;10,2;96
Landvik;SN38140;18.09.2024 02:00;9,7;96
Landvik;SN38140;18.09.2024 03:00;9,2;97
Landvik;SN38140;18.09.2024 04:00;8,9;97
Landvik;SN38140;18.09.2024 05:00;8,9;97
Landvik;SN38140;18.09.2024 06:00;8,9;97
Landvik;SN38140;18.09.2024 07:00;8,8;97
Landvik;SN38140;18.09.2024 08:00;10,7;98
Landvik;SN38140;18.09.2024 09:00;13,2;95
Landvik;SN38140;18.09.2024 10:00;15,2;83
Landvik;SN38140;18.09.2024 11:00;17,7;74
Landvik;SN38140;18.09.2024 12:00;17,7;78
Landvik;SN38140;18.09.2024 13:00;17,9;77
Landvik;SN38140;18.09.2024 14:00;18,5;74
Landvik;SN38140;18.09.2024 15:00;18,3;73
Landvik;SN38140;18.09.2024 16:00;17,9;75
Landvik;SN38140;18.09.2024 17:00;16,5;81
Landvik;SN38140;18.09.2024 18:00;15,4;85
Landvik;SN38140;18.09.2024 19:00;13,8;91
Landvik;SN38140;18.09.2024 20:00;12,4;94
Landvik;SN38140;18.09.2024 21:00;11,9;95
Landvik;SN38140;18.09.2024 22:00;11,1;95
Landvik;SN38140;18.09.2024 23:00;10,4;96
Landvik;SN38140;19.09.2024 00:00;10,1;96
Landvik;SN38140;19.09.2024 01:00;9,8;96
Landvik;SN38140;19.09.2024 02:00;9,4;96
Landvik;SN38140;19.09.2024 03:00;9;97
Landvik;SN38140;19.09.2024 04:00;8,6;97
Landvik;SN38140;19.09.2024 05:00;8,8;97
Landvik;SN38140;19.09.2024 06:00;9,1;97
Landvik;SN38140;19.09.2024 07:00;9,1;97
Landvik;SN38140;19.09.2024 08:00;11,1;98
Landvik;SN38140;19.09.2024 09:00;13,2;96
Landvik;SN38140;19.09.2024 10:00;15,6;85
Landvik;SN38140;19.09.2024 11:00;17,9;73
Landvik;SN38140;19.09.2024 12:00;18,7;75
Landvik;SN38140;19.09.2024 13:00;18,2;76
Landvik;SN38140;19.09.2024 14:00;18,3;74
Landvik;SN38140;19.09.2024 15:00;18,4;72
Landvik;SN38140;19.09.2024 16:00;18,2;70
Landvik;SN38140;19.09.2024 17:00;18,3;70
Landvik;SN38140;19.09.2024 18:00;16,2;81
Landvik;SN38140;19.09.2024 19:00;13,5;89
Landvik;SN38140;19.09.2024 20:00;11,8;93
Landvik;SN38140;19.09.2024 21:00;10,9;95
Landvik;SN38140;19.09.2024 22:00;10,2;95
Landvik;SN38140;19.09.2024 23:00;9,5;96
Landvik;SN38140;20.09.2024 00:00;9;96
Landvik;SN38140;20.09.2024 01:00;8,7;96
Landvik;SN38140;20.09.2024 02:00;8,4;97
Landvik;SN38140;20.09.2024 03:00;8,1;97
Landvik;SN38140;20.09.2024 04:00;8;97
Landvik;SN38140;20.09.2024 05:00;7,8;97
Landvik;SN38140;20.09.2024 06:00;7,3;97
Landvik;SN38140;20.09.2024 07:00;7,3;97
Landvik;SN38140;20.09.2024 08:00;9,1;97
Landvik;SN38140;20.09.2024 09:00;11,9;96
Landvik;SN38140;20.09.2024 10:00;13,8;88
Landvik;SN38140;20.09.2024 11:00;17,2;71
Landvik;SN38140;20.09.2024 12:00;19;69
Landvik;SN38140;20.09.2024 13:00;19,7;64
Landvik;SN38140;20.09.2024 14:00;19,4;66
Landvik;SN38140;20.09.2024 15:00;19,5;65
Landvik;SN38140;20.09.2024 16:00;19,1;67
Landvik;SN38140;20.09.2024 17:00;18,6;72
Landvik;SN38140;20.09.2024 18:00;16,5;78
Landvik;SN38140;20.09.2024 19:00;13,8;89
Landvik;SN38140;20.09.2024 20:00;11,7;93
Landvik;SN38140;20.09.2024 21:00;10,5;94
Landvik;SN38140;20.09.2024 22:00;9,7;95
Landvik;SN38140;20.09.2024 23:00;9;95
Landvik;SN38140;21.09.2024 00:00;8,7;96
Landvik;SN38140;21.09.2024 01:00;8,8;97
Landvik;SN38140;21.09.2024 02:00;8,1;97
Landvik;SN38140;21.09.2024 03:00;7,5;97
Landvik;SN38140;21.09.2024 04:00;7,6;97
Landvik;SN38140;21.09.2024 05:00;6,7;97
Landvik;SN38140;21.09.2024 06:00;6,3;97
Landvik;SN38140;21.09.2024 07:00;6,4;97
Landvik;SN38140;21.09.2024 08:00;8,2;98
Landvik;SN38140;21.09.2024 09:00;11,9;98
Landvik;SN38140;21.09.2024 10:00;14,4;92
Landvik;SN38140;21.09.2024 11:00;17,7;73
Landvik;SN38140;21.09.2024 12:00;20,2;65
Landvik;SN38140;21.09.2024 13:00;20,8;65
Landvik;SN38140;21.09.2024 14:00;20,8;66
Landvik;SN38140;21.09.2024 15:00;19,1;74
Landvik;SN38140;21.09.2024 16:00;16,7;86
Landvik;SN38140;21.09.2024 17:00;15,6;88
Landvik;SN38140;21.09.2024 18:00;14,4;90
Landvik;SN38140;21.09.2024 19:00;13,9;90
Landvik;SN38140;21.09.2024 20:00;13,8;90
Landvik;SN38140;21.09.2024 21:00;13,7;88
Landvik;SN38140;21.09.2024 22:00;13,5;87
Landvik;SN38140;21.09.2024 23:00;13,2;88
Landvik;SN38140;22.09.2024 00:00;13;89
Landvik;SN38140;22.09.2024 01:00;13;89
Landvik;SN38140;22.09.2024 02:00;13,2;88
Landvik;SN38140;22.09.2024 03:00;13,3;87
Landvik;SN38140;22.09.2024 04:00;13,2;86
Landvik;SN38140;22.09.2024 05:00;13,1;86
Landvik;SN38140;22.09.2024 06:00;12,6;86
Landvik;SN38140;22.09.2024 07:00;11,9;86
Landvik;SN38140;22.09.2024 08:00;11,7;87
Landvik;SN38140;22.09.2024 09:00;12,9;83
Landvik;SN38140;22.09.2024 10:00;14,3;77
Landvik;SN38140;22.09.2024 11:00;15,2;73
Landvik;SN38140;22.09.2024 12:00;16,7;69
Landvik;SN38140;22.09.2024 13:00;17;71
Landvik;SN38140;22.09.2024 14:00;17,2;71
Landvik;SN38140;22.09.2024 15:00;16,6;74
Landvik;SN38140;22.09.2024 16:00;16,5;75
Landvik;SN38140;22.09.2024 17:00;15,8;79
Landvik;SN38140;22.09.2024 18:00;14;85
Landvik;SN38140;22.09.2024 19:00;12,6;90
Landvik;SN38140;22.09.2024 20:00;11,5;94
Landvik;SN38140;22.09.2024 21:00;12,3;94
Landvik;SN38140;22.09.2024 22:00;12,8;92
Landvik;SN38140;22.09.2024 23:00;12,8;92
Landvik;SN38140;23.09.2024 00:00;12,3;93
Landvik;SN38140;23.09.2024 01:00;12,1;94
Landvik;SN38140;23.09.2024 03:00;12,2;94
Landvik;SN38140;23.09.2024 04:00;12,3;94
Landvik;SN38140;23.09.2024 05:00;12,1;94
Landvik;SN38140;23.09.2024 06:00;12,3;95
Landvik;SN38140;23.09.2024 07:00;12,6;95
Landvik;SN38140;23.09.2024 08:00;12,6;94
Landvik;SN38140;23.09.2024 09:00;12,7;92
Landvik;SN38140;23.09.2024 10:00;13,4;89
Landvik;SN38140;23.09.2024 11:00;14,2;85
Landvik;SN38140;23.09.2024 12:00;14,7;84
Landvik;SN38140;23.09.2024 13:00;15,2;82
Landvik;SN38140;23.09.2024 14:00;15,3;83
Landvik;SN38140;23.09.2024 15:00;15,1;85
Landvik;SN38140;23.09.2024 16:00;15,4;84
Landvik;SN38140;23.09.2024 17:00;15,2;84
Landvik;SN38140;23.09.2024 18:00;14,3;87
Landvik;SN38140;23.09.2024 19:00;13,1;91
Landvik;SN38140;23.09.2024 20:00;12,8;94
Landvik;SN38140;23.09.2024 21:00;13;94
Landvik;SN38140;23.09.2024 22:00;13,3;94
Landvik;SN38140;23.09.2024 23:00;13,4;93
Landvik;SN38140;24.09.2024 00:00;13,4;93
Landvik;SN38140;24.09.2024 01:00;13,2;94
Landvik;SN38140;24.09.2024 02:00;13;94
Landvik;SN38140;24.09.2024 03:00;13,1;95
Landvik;SN38140;24.09.2024 04:00;13,1;95
Landvik;SN38140;24.09.2024 05:00;13,3;95
Landvik;SN38140;24.09.2024 06:00;13,5;94
Landvik;SN38140;24.09.2024 07:00;13,4;95
Landvik;SN38140;24.09.2024 08:00;13,6;95
Landvik;SN38140;24.09.2024 09:00;14;96
Landvik;SN38140;24.09.2024 10:00;15,3;93
Landvik;SN38140;24.09.2024 11:00;16,1;89
Landvik;SN38140;24.09.2024 12:00;16,4;88
Landvik;SN38140;24.09.2024 13:00;17,2;82
Landvik;SN38140;24.09.2024 14:00;17,4;82
Landvik;SN38140;24.09.2024 15:00;17,7;80
Landvik;SN38140;24.09.2024 16:00;17,3;82
Landvik;SN38140;24.09.2024 17:00;16,7;83
Landvik;SN38140;24.09.2024 18:00;15,7;88
Landvik;SN38140;24.09.2024 19:00;14,8;91
Landvik;SN38140;24.09.2024 20:00;13,3;94
Landvik;SN38140;24.09.2024 21:00;12,3;95
Landvik;SN38140;24.09.2024 22:00;12,5;96
Landvik;SN38140;24.09.2024 23:00;12,1;96
Landvik;SN38140;25.09.2024 00:00;12,9;97
Landvik;SN38140;25.09.2024 01:00;13,1;97
Landvik;SN38140;25.09.2024 02:00;13,2;96
Landvik;SN38140;25.09.2024 03:00;12,9;95
Landvik;SN38140;25.09.2024 04:00;12,3;95
Landvik;SN38140;25.09.2024 05:00;11,6;95
Landvik;SN38140;25.09.2024 06:00;11,5;94
Landvik;SN38140;25.09.2024 07:00;11;94
Landvik;SN38140;25.09.2024 08:00;11,4;92
Landvik;SN38140;25.09.2024 09:00;12,3;83
Landvik;SN38140;25.09.2024 10:00;13,3;73
Landvik;SN38140;25.09.2024 11:00;13,9;70
Landvik;SN38140;25.09.2024 12:00;14,3;69
Landvik;SN38140;25.09.2024 13:00;15,8;60
Landvik;SN38140;25.09.2024 14:00;15,2;57
Landvik;SN38140;25.09.2024 15:00;14,4;66
Landvik;SN38140;25.09.2024 16:00;14,7;60
Landvik;SN38140;25.09.2024 17:00;14,1;65
Landvik;SN38140;25.09.2024 18:00;13;71
Landvik;SN38140;25.09.2024 19:00;11,2;79
Landvik;SN38140;25.09.2024 20:00;9,5;84
Landvik;SN38140;25.09.2024 21:00;9,6;81
Landvik;SN38140;25.09.2024 22:00;9,8;76
Landvik;SN38140;25.09.2024 23:00;9;79
Landvik;SN38140;26.09.2024 00:00;8,4;81
Landvik;SN38140;26.09.2024 01:00;7;87
Landvik;SN38140;26.09.2024 02:00;6,4;88
Landvik;SN38140;26.09.2024 03:00;5,2;92
Landvik;SN38140;26.09.2024 04:00;4,9;92
Landvik;SN38140;26.09.2024 05:00;4,1;93
Landvik;SN38140;26.09.2024 06:00;3,3;94
Landvik;SN38140;26.09.2024 07:00;3,1;95
Landvik;SN38140;26.09.2024 08:00;4,5;96
Landvik;SN38140;26.09.2024 09:00;8,1;86
Landvik;SN38140;26.09.2024 10:00;10,1;68
Landvik;SN38140;26.09.2024 11:00;11,2;68
Landvik;SN38140;26.09.2024 12:00;12,5;65
Landvik;SN38140;26.09.2024 13:00;13,7;61
Landvik;SN38140;26.09.2024 14:00;13,5;62
Landvik;SN38140;26.09.2024 15:00;13,5;59
Landvik;SN38140;26.09.2024 16:00;13;63
Landvik;SN38140;26.09.2024 17:00;12,7;65
Landvik;SN38140;26.09.2024 18:00;12,1;64
Landvik;SN38140;26.09.2024 19:00;11,5;64
Landvik;SN38140;26.09.2024 20:00;11,5;64
Landvik;SN38140;26.09.2024 21:00;11,4;61
Landvik;SN38140;26.09.2024 22:00;11;60
Landvik;SN38140;26.09.2024 23:00;10,5;62
Landvik;SN38140;27.09.2024 00:00;10;63
Landvik;SN38140;27.09.2024 01:00;9,9;62
Landvik;SN38140;27.09.2024 02:00;9,8;61
Landvik;SN38140;27.09.2024 03:00;9,8;60
Landvik;SN38140;27.09.2024 04:00;9,8;60
Landvik;SN38140;27.09.2024 05:00;9,7;59
Landvik;SN38140;27.09.2024 06:00;9,6;59
Landvik;SN38140;27.09.2024 07:00;9,6;57
Landvik;SN38140;27.09.2024 08:00;9,7;56
Landvik;SN38140;27.09.2024 09:00;9,8;56
Landvik;SN38140;27.09.2024 10:00;10,9;54
Landvik;SN38140;27.09.2024 11:00;11,4;53
Landvik;SN38140;27.09.2024 12:00;13,1;49
Landvik;SN38140;27.09.2024 13:00;14;45
Landvik;SN38140;27.09.2024 14:00;14,5;43
Landvik;SN38140;27.09.2024 15:00;14,2;41
Landvik;SN38140;27.09.2024 16:00;13,6;46
Landvik;SN38140;27.09.2024 17:00;12,4;57
Landvik;SN38140;27.09.2024 18:00;10,6;72
Landvik;SN38140;27.09.2024 19:00;8,3;83
Landvik;SN38140;27.09.2024 20:00;7,5;89
Landvik;SN38140;27.09.2024 21:00;7,5;90
Landvik;SN38140;27.09.2024 22:00;7,5;90
Landvik;SN38140;27.09.2024 23:00;5,8;92
Landvik;SN38140;28.09.2024 00:00;6,8;82
Landvik;SN38140;28.09.2024 01:00;7,4;71
Landvik;SN38140;28.09.2024 02:00;7,4;72
Landvik;SN38140;28.09.2024 03:00;6,2;78
Landvik;SN38140;28.09.2024 04:00;7,7;58
Landvik;SN38140;28.09.2024 05:00;7,5;56
Landvik;SN38140;28.09.2024 06:00;7,1;56
Landvik;SN38140;28.09.2024 07:00;6,7;55
Landvik;SN38140;28.09.2024 08:00;7;51
Landvik;SN38140;28.09.2024 09:00;8,3;45
Landvik;SN38140;28.09.2024 10:00;9,8;41
Landvik;SN38140;28.09.2024 11:00;11,2;39
Landvik;SN38140;28.09.2024 12:00;12,6;37
Landvik;SN38140;28.09.2024 13:00;13,6;37
Landvik;SN38140;28.09.2024 14:00;13,1;38
Landvik;SN38140;28.09.2024 15:00;13,8;37
Landvik;SN38140;28.09.2024 16:00;13,7;35
Landvik;SN38140;28.09.2024 17:00;12,3;38
Landvik;SN38140;28.09.2024 18:00;10,2;45
Landvik;SN38140;28.09.2024 19:00;8,5;50
Landvik;SN38140;28.09.2024 20:00;7,6;56
Landvik;SN38140;28.09.2024 21:00;6,5;63
Landvik;SN38140;28.09.2024 22:00;6,3;61
Landvik;SN38140;28.09.2024 23:00;5,8;61
Landvik;SN38140;29.09.2024 00:00;5;63
Landvik;SN38140;29.09.2024 01:00;6,2;56
Landvik;SN38140;29.09.2024 02:00;6,6;55
Landvik;SN38140;29.09.2024 03:00;6,5;58
Landvik;SN38140;29.09.2024 04:00;6,5;59
Landvik;SN38140;29.09.2024 05:00;6,7;56
Landvik;SN38140;29.09.2024 06:00;6,7;56
Landvik;SN38140;29.09.2024 07:00;6,8;59
Landvik;SN38140;29.09.2024 08:00;6,2;66
Landvik;SN38140;29.09.2024 09:00;6,5;69
Landvik;SN38140;29.09.2024 10:00;7,9;63
Landvik;SN38140;29.09.2024 11:00;9,1;58
Landvik;SN38140;29.09.2024 12:00;10,8;54
Landvik;SN38140;29.09.2024 13:00;11,4;55
Landvik;SN38140;29.09.2024 14:00;12,2;57
Landvik;SN38140;29.09.2024 15:00;12,1;61
Landvik;SN38140;29.09.2024 16:00;11,8;68
Landvik;SN38140;29.09.2024 17:00;11;79
Landvik;SN38140;29.09.2024 18:00;10,6;84
Landvik;SN38140;29.09.2024 19:00;9,9;89
Landvik;SN38140;29.09.2024 20:00;8,8;93
Landvik;SN38140;29.09.2024 21:00;8;95
Landvik;SN38140;29.09.2024 22:00;7,8;95
Landvik;SN38140;29.09.2024 23:00;7,8;96
Landvik;SN38140;30.09.2024 00:00;6,8;95
Landvik;SN38140;30.09.2024 01:00;6;96
Landvik;SN38140;30.09.2024 02:00;6,6;97
Landvik;SN38140;30.09.2024 03:00;6;96
Landvik;SN38140;30.09.2024 04:00;6,3;97
Landvik;SN38140;30.09.2024 05:00;7,4;97
Landvik;SN38140;30.09.2024 06:00;7,6;96
Landvik;SN38140;30.09.2024 07:00;8,1;96
Landvik;SN38140;30.09.2024 08:00;8,2;95
Landvik;SN38140;30.09.2024 09:00;8,9;94
Landvik;SN38140;30.09.2024 10:00;10,2;92
Landvik;SN38140;30.09.2024 11:00;12,2;83
Landvik;SN38140;30.09.2024 12:00;13,3;75
Landvik;SN38140;30.09.2024 13:00;14,2;65
Landvik;SN38140;30.09.2024 14:00;14;62
Landvik;SN38140;30.09.2024 15:00;14;65
Landvik;SN38140;30.09.2024 16:00;13,9;67
Landvik;SN38140;30.09.2024 17:00;13,2;67
Landvik;SN38140;30.09.2024 18:00;12,7;66
Landvik;SN38140;30.09.2024 19:00;12,6;69
Landvik;SN38140;30.09.2024 20:00;12,8;67
Landvik;SN38140;30.09.2024 21:00;13;64
Landvik;SN38140;30.09.2024 22:00;13,2;67
Landvik;SN38140;30.09.2024 23:00;12,9;68
Landvik;SN38140;01.10.2024 00:00;13,1;60
Landvik;SN38140;01.10.2024 01:00;13;63
Landvik;SN38140;01.10.2024 02:00;12,7;66
Landvik;SN38140;01.10.2024 03:00;12,3;67
Landvik;SN38140;01.10.2024 04:00;12,2;70
Landvik;SN38140;01.10.2024 05:00;12;74
Landvik;SN38140;01.10.2024 06:00;12;72
Landvik;SN38140;01.10.2024 07:00;11,8;73
Landvik;SN38140;01.10.2024 08:00;11,9;73
Landvik;SN38140;01.10.2024 09:00;12,6;67
Landvik;SN38140;01.10.2024 10:00;12,6;68
Landvik;SN38140;01.10.2024 11:00;12,5;70
Landvik;SN38140;01.10.2024 12:00;12,9;68
Landvik;SN38140;01.10.2024 13:00;13;67
Landvik;SN38140;01.10.2024 14:00;13,3;67
Landvik;SN38140;01.10.2024 15:00;13;67
Landvik;SN38140;01.10.2024 16:00;12,5;72
Landvik;SN38140;01.10.2024 17:00;11,1;80
Landvik;SN38140;01.10.2024 18:00;10,3;83
Landvik;SN38140;01.10.2024 19:00;10,6;82
Landvik;SN38140;01.10.2024 20:00;10,1;79
Landvik;SN38140;01.10.2024 21:00;10,2;76
Landvik;SN38140;01.10.2024 22:00;10,4;74
Landvik;SN38140;01.10.2024 23:00;10,2;74
Landvik;SN38140;02.10.2024 00:00;10,1;74
Landvik;SN38140;02.10.2024 01:00;9,5;77
Landvik;SN38140;02.10.2024 02:00;8,8;79
Landvik;SN38140;02.10.2024 03:00;7,9;85
Landvik;SN38140;02.10.2024 04:00;7,6;81
Landvik;SN38140;02.10.2024 05:00;7,8;77
Landvik;SN38140;02.10.2024 06:00;7,9;77
Landvik;SN38140;02.10.2024 07:00;8,4;76
Landvik;SN38140;02.10.2024 08:00;9,2;73
Landvik;SN38140;02.10.2024 09:00;10,8;67
Landvik;SN38140;02.10.2024 10:00;11,7;63
Landvik;SN38140;02.10.2024 11:00;12,8;59
Landvik;SN38140;02.10.2024 12:00;14,3;53
Landvik;SN38140;02.10.2024 13:00;15,2;50
Landvik;SN38140;02.10.2024 14:00;15,7;49
Landvik;SN38140;02.10.2024 15:00;15,3;51
Landvik;SN38140;02.10.2024 16:00;15,2;49
Landvik;SN38140;02.10.2024 17:00;14;58
Landvik;SN38140;02.10.2024 18:00;10;77
Landvik;SN38140;02.10.2024 19:00;7,4;88
Landvik;SN38140;02.10.2024 20:00;5,9;92
Landvik;SN38140;02.10.2024 21:00;5,1;94
Landvik;SN38140;02.10.2024 22:00;4,5;94
Landvik;SN38140;02.10.2024 23:00;4,3;95
Landvik;SN38140;03.10.2024 00:00;4,2;95
Landvik;SN38140;03.10.2024 01:00;3,9;96
Landvik;SN38140;03.10.2024 02:00;3,8;96
Landvik;SN38140;03.10.2024 03:00;3,9;95
Landvik;SN38140;03.10.2024 04:00;3,1;95
Landvik;SN38140;03.10.2024 05:00;3;96
Landvik;SN38140;03.10.2024 06:00;3,1;96
Landvik;SN38140;03.10.2024 07:00;2,8;95
Landvik;SN38140;03.10.2024 08:00;3,5;96
Landvik;SN38140;03.10.2024 09:00;7;92
Landvik;SN38140;03.10.2024 10:00;10,6;74
Landvik;SN38140;03.10.2024 11:00;12,9;61
Landvik;SN38140;03.10.2024 12:00;14,1;60
Landvik;SN38140;03.10.2024 13:00;14,5;64
Landvik;SN38140;03.10.2024 14:00;14,6;68
Landvik;SN38140;03.10.2024 15:00;14,2;71
Landvik;SN38140;03.10.2024 16:00;13,9;74
Landvik;SN38140;03.10.2024 17:00;13,2;76
Landvik;SN38140;03.10.2024 18:00;10,4;86
Landvik;SN38140;03.10.2024 19:00;7,9;92
Landvik;SN38140;03.10.2024 20:00;6,5;94
Landvik;SN38140;03.10.2024 21:00;5,6;95
Landvik;SN38140;03.10.2024 22:00;5,1;96
Landvik;SN38140;03.10.2024 23:00;4,9;96
Landvik;SN38140;04.10.2024 00:00;4,6;96
Landvik;SN38140;04.10.2024 01:00;4,5;97
Landvik;SN38140;04.10.2024 02:00;4,5;97
Landvik;SN38140;04.10.2024 03:00;6;97
Landvik;SN38140;04.10.2024 04:00;5,9;97
Landvik;SN38140;04.10.2024 05:00;5,9;97
Landvik;SN38140;04.10.2024 06:00;6;97
Landvik;SN38140;04.10.2024 07:00;6,4;97
Landvik;SN38140;04.10.2024 08:00;6,7;97
Landvik;SN38140;04.10.2024 09:00;7,5;96
Landvik;SN38140;04.10.2024 10:00;8,8;95
Landvik;SN38140;04.10.2024 11:00;9,8;91
Landvik;SN38140;04.10.2024 12:00;11,7;83
Landvik;SN38140;04.10.2024 13:00;12,9;74
Landvik;SN38140;04.10.2024 14:00;13,9;67
Landvik;SN38140;04.10.2024 15:00;14,9;66
Landvik;SN38140;04.10.2024 16:00;13;77
Landvik;SN38140;04.10.2024 17:00;11,9;82
Landvik;SN38140;04.10.2024 18:00;10;86
Landvik;SN38140;04.10.2024 19:00;7,5;92
Landvik;SN38140;04.10.2024 20:00;6,2;94
Landvik;SN38140;04.10.2024 21:00;5,3;95
Landvik;SN38140;04.10.2024 22:00;5,1;96
Landvik;SN38140;04.10.2024 23:00;5,3;96
Landvik;SN38140;05.10.2024 00:00;4,3;96
Landvik;SN38140;05.10.2024 01:00;3,8;96
Landvik;SN38140;05.10.2024 02:00;5,1;97
Landvik;SN38140;05.10.2024 03:00;6,5;94
Landvik;SN38140;05.10.2024 04:00;7;89
Landvik;SN38140;05.10.2024 05:00;7,9;83
Landvik;SN38140;05.10.2024 06:00;8,4;78
Landvik;SN38140;05.10.2024 07:00;7,5;81
Landvik;SN38140;05.10.2024 08:00;6;90
Landvik;SN38140;05.10.2024 09:00;9,2;84
Landvik;SN38140;05.10.2024 10:00;11,1;77
Landvik;SN38140;05.10.2024 11:00;11,9;75
Landvik;SN38140;05.10.2024 12:00;13,2;75
Landvik;SN38140;05.10.2024 13:00;13,4;76
Landvik;SN38140;05.10.2024 14:00;13,5;76
Landvik;SN38140;05.10.2024 15:00;13,6;77
Landvik;SN38140;05.10.2024 16:00;13,9;74
Landvik;SN38140;05.10.2024 17:00;13,6;72
Landvik;SN38140;05.10.2024 18:00;12,7;84
Landvik;SN38140;05.10.2024 19:00;11,8;87
Landvik;SN38140;05.10.2024 20:00;10,7;90
Landvik;SN38140;05.10.2024 21:00;9;93
Landvik;SN38140;05.10.2024 22:00;7,9;95
Landvik;SN38140;05.10.2024 23:00;7;95
Landvik;SN38140;06.10.2024 00:00;6,1;96
Landvik;SN38140;06.10.2024 01:00;5,8;96
Landvik;SN38140;06.10.2024 02:00;6,1;97
Landvik;SN38140;06.10.2024 03:00;7;97
Landvik;SN38140;06.10.2024 04:00;5,9;97
Landvik;SN38140;06.10.2024 05:00;6,3;97
Landvik;SN38140;06.10.2024 06:00;6,4;97
Landvik;SN38140;06.10.2024 07:00;5,1;97
Landvik;SN38140;06.10.2024 08:00;4,8;97
Landvik;SN38140;06.10.2024 09:00;7,8;98
Landvik;SN38140;06.10.2024 10:00;10,4;95
Landvik;SN38140;06.10.2024 11:00;11,8;87
Landvik;SN38140;06.10.2024 12:00;13,3;77
Landvik;SN38140;06.10.2024 13:00;13,3;75
Landvik;SN38140;06.10.2024 14:00;13,3;75
Landvik;SN38140;06.10.2024 15:00;13,8;71
Landvik;SN38140;06.10.2024 16:00;13,3;68
Landvik;SN38140;06.10.2024 17:00;12,3;73
Landvik;SN38140;06.10.2024 18:00;10,2;85
Landvik;SN38140;06.10.2024 19:00;8,4;91
Landvik;SN38140;06.10.2024 20:00;7,1;93
Landvik;SN38140;06.10.2024 21:00;6,1;94
Landvik;SN38140;06.10.2024 22:00;5,7;95
Landvik;SN38140;06.10.2024 23:00;6,6;96
Landvik;SN38140;07.10.2024 00:00;8,1;95
Landvik;SN38140;07.10.2024 01:00;8,1;93
Landvik;SN38140;07.10.2024 02:00;7,1;93
Landvik;SN38140;07.10.2024 03:00;8,3;93
Landvik;SN38140;07.10.2024 04:00;10,6;76
Landvik;SN38140;07.10.2024 05:00;10,7;72
Landvik;SN38140;07.10.2024 06:00;10,8;67
Landvik;SN38140;07.10.2024 07:00;11,2;64
Landvik;SN38140;07.10.2024 08:00;11,2;64
Landvik;SN38140;07.10.2024 09:00;11,4;64
Landvik;SN38140;07.10.2024 10:00;11;76
Landvik;SN38140;07.10.2024 11:00;11;80
Landvik;SN38140;07.10.2024 12:00;11,7;73
Landvik;SN38140;07.10.2024 13:00;11,4;81
Landvik;SN38140;07.10.2024 14:00;11,8;80
Landvik;SN38140;07.10.2024 15:00;11,7;82
Landvik;SN38140;07.10.2024 16:00;11,6;82
Landvik;SN38140;07.10.2024 17:00;10,9;90
Landvik;SN38140;07.10.2024 18:00;10,8;92
Landvik;SN38140;07.10.2024 19:00;11,2;94
Landvik;SN38140;07.10.2024 20:00;11,5;94
Landvik;SN38140;07.10.2024 21:00;12,1;95
Landvik;SN38140;07.10.2024 22:00;12,5;94
Landvik;SN38140;07.10.2024 23:00;12,8;93
Landvik;SN38140;08.10.2024 00:00;12,7;94
Landvik;SN38140;08.10.2024 01:00;12,5;95
Landvik;SN38140;08.10.2024 02:00;12,7;95
Landvik;SN38140;08.10.2024 03:00;13,1;94
Landvik;SN38140;08.10.2024 04:00;13;94
Landvik;SN38140;08.10.2024 05:00;13;94
Landvik;SN38140;08.10.2024 06:00;12,8;94
Landvik;SN38140;08.10.2024 07:00;12,8;94
Landvik;SN38140;08.10.2024 08:00;12,8;94
Landvik;SN38140;08.10.2024 09:00;12,9;93
Landvik;SN38140;08.10.2024 10:00;12,9;94
Landvik;SN38140;08.10.2024 11:00;12,8;95
Landvik;SN38140;08.10.2024 12:00;13,1;94
Landvik;SN38140;08.10.2024 13:00;13,1;91
Landvik;SN38140;08.10.2024 14:00;13,1;90
Landvik;SN38140;08.10.2024 15:00;13,3;89
Landvik;SN38140;08.10.2024 16:00;13,4;92
Landvik;SN38140;08.10.2024 17:00;13,2;92
Landvik;SN38140;08.10.2024 18:00;13,1;91
Landvik;SN38140;08.10.2024 19:00;12,7;92
Landvik;SN38140;08.10.2024 20:00;12,2;93
Landvik;SN38140;08.10.2024 21:00;11,7;93
Landvik;SN38140;08.10.2024 22:00;11,9;94
Landvik;SN38140;08.10.2024 23:00;12,2;94
Landvik;SN38140;09.10.2024 00:00;12,1;95
Landvik;SN38140;09.10.2024 01:00;12,1;95
Landvik;SN38140;09.10.2024 02:00;12,1;96
Landvik;SN38140;09.10.2024 03:00;12,3;96
Landvik;SN38140;09.10.2024 04:00;12,4;96
Landvik;SN38140;09.10.2024 05:00;12,7;97
Landvik;SN38140;09.10.2024 06:00;13;95
Landvik;SN38140;09.10.2024 07:00;12,8;94
Landvik;SN38140;09.10.2024 08:00;12,3;95
Landvik;SN38140;09.10.2024 09:00;12,4;96
Landvik;SN38140;09.10.2024 10:00;12,7;95
Landvik;SN38140;09.10.2024 11:00;12,8;94
Landvik;SN38140;09.10.2024 12:00;13,2;94
Landvik;SN38140;09.10.2024 13:00;13,5;92
Landvik;SN38140;09.10.2024 14:00;13,4;91
Landvik;SN38140;09.10.2024 15:00;13,3;90
Landvik;SN38140;09.10.2024 16:00;13,1;91
Landvik;SN38140;09.10.2024 17:00;13,1;92
Landvik;SN38140;09.10.2024 18:00;13,1;93
Landvik;SN38140;09.10.2024 19:00;12,9;92
Landvik;SN38140;09.10.2024 20:00;12,2;93
Landvik;SN38140;09.10.2024 21:00;11,9;94
Landvik;SN38140;09.10.2024 22:00;11,8;95
Landvik;SN38140;09.10.2024 23:00;11,3;95
Landvik;SN38140;10.10.2024 00:00;11,1;96
Landvik;SN38140;10.10.2024 01:00;10,8;96
Landvik;SN38140;10.10.2024 02:00;10,7;96
Landvik;SN38140;10.10.2024 03:00;10,7;97
Landvik;SN38140;10.10.2024 04:00;10,6;96
Landvik;SN38140;10.10.2024 05:00;10,5;96
Landvik;SN38140;10.10.2024 06:00;10,4;96
Landvik;SN38140;10.10.2024 07:00;10,2;96
Landvik;SN38140;10.10.2024 08:00;10,3;96
Landvik;SN38140;10.10.2024 09:00;10,4;95
Landvik;SN38140;10.10.2024 10:00;11,7;90
Landvik;SN38140;10.10.2024 11:00;13,4;78
Landvik;SN38140;10.10.2024 12:00;13,9;77
Landvik;SN38140;10.10.2024 13:00;14,6;74
Landvik;SN38140;10.10.2024 14:00;14,5;76
Landvik;SN38140;10.10.2024 15:00;14,9;76
Landvik;SN38140;10.10.2024 16:00;13,9;82
Landvik;SN38140;10.10.2024 17:00;13,6;85
Landvik;SN38140;10.10.2024 18:00;12,5;65
Landvik;SN38140;10.10.2024 19:00;10,9;62
Landvik;SN38140;10.10.2024 20:00;9,4;61
Landvik;SN38140;10.10.2024 21:00;8,8;58
Landvik;SN38140;10.10.2024 22:00;8,5;55
Landvik;SN38140;10.10.2024 23:00;7,6;53
Landvik;SN38140;11.10.2024 00:00;6,3;57
Landvik;SN38140;11.10.2024 01:00;6,2;56
Landvik;SN38140;11.10.2024 02:00;3,6;72
Landvik;SN38140;11.10.2024 03:00;3,9;70
Landvik;SN38140;11.10.2024 04:00;3,2;76
Landvik;SN38140;11.10.2024 05:00;4;75
Landvik;SN38140;11.10.2024 06:00;4,1;77
Landvik;SN38140;11.10.2024 07:00;5;77
Landvik;SN38140;11.10.2024 08:00;5,8;73
Landvik;SN38140;11.10.2024 09:00;6,9;69
Landvik;SN38140;11.10.2024 10:00;8,6;59
Landvik;SN38140;11.10.2024 11:00;9,6;56
Landvik;SN38140;11.10.2024 12:00;9,9;62
Landvik;SN38140;11.10.2024 13:00;10,3;66
Landvik;SN38140;11.10.2024 14:00;10,1;69
Landvik;SN38140;11.10.2024 15:00;10,3;66
Landvik;SN38140;11.10.2024 16:00;10;63
Landvik;SN38140;11.10.2024 17:00;8,4;71
Landvik;SN38140;11.10.2024 18:00;7,5;75
Landvik;SN38140;11.10.2024 19:00;6,6;81
Landvik;SN38140;11.10.2024 20:00;6,5;81
Landvik;SN38140;11.10.2024 21:00;6,3;74
Landvik;SN38140;11.10.2024 22:00;5,8;71
Landvik;SN38140;11.10.2024 23:00;5;74
Landvik;SN38140;12.10.2024 00:00;4,3;78
Landvik;SN38140;12.10.2024 01:00;4;80
Landvik;SN38140;12.10.2024 02:00;3,5;82
Landvik;SN38140;12.10.2024 03:00;1,5;89
Landvik;SN38140;12.10.2024 04:00;0,8;93
Landvik;SN38140;12.10.2024 05:00;0,9;95
Landvik;SN38140;12.10.2024 06:00;1,6;95
Landvik;SN38140;12.10.2024 07:00;2,4;96
Landvik;SN38140;12.10.2024 08:00;3,8;96
Landvik;SN38140;12.10.2024 09:00;5,1;95
Landvik;SN38140;12.10.2024 10:00;6,1;94
Landvik;SN38140;12.10.2024 11:00;7,4;95
Landvik;SN38140;12.10.2024 12:00;8,6;93
Landvik;SN38140;12.10.2024 13:00;9,7;86
Landvik;SN38140;12.10.2024 14:00;10,3;85
Landvik;SN38140;12.10.2024 15:00;10,1;87
Landvik;SN38140;12.10.2024 16:00;10,1;86
Landvik;SN38140;12.10.2024 17:00;9,7;89
Landvik;SN38140;12.10.2024 18:00;9,7;89
Landvik;SN38140;12.10.2024 19:00;9,6;84
Landvik;SN38140;12.10.2024 20:00;10,7;72
Landvik;SN38140;12.10.2024 21:00;10,9;70
Landvik;SN38140;12.10.2024 22:00;10,8;71
Landvik;SN38140;12.10.2024 23:00;10,8;72
Landvik;SN38140;13.10.2024 00:00;10,8;73
Landvik;SN38140;13.10.2024 01:00;10,9;72
Landvik;SN38140;13.10.2024 02:00;11;73
Landvik;SN38140;13.10.2024 03:00;11,1;75
Landvik;SN38140;13.10.2024 04:00;11;77
Landvik;SN38140;13.10.2024 05:00;11,2;76
Landvik;SN38140;13.10.2024 06:00;11,2;74
Landvik;SN38140;13.10.2024 07:00;10,7;77
Landvik;SN38140;13.10.2024 08:00;10,5;78
Landvik;SN38140;13.10.2024 09:00;9,8;87
Landvik;SN38140;13.10.2024 10:00;9;89
Landvik;SN38140;13.10.2024 11:00;9,9;88
Landvik;SN38140;13.10.2024 12:00;11;83
Landvik;SN38140;13.10.2024 13:00;11,3;80
Landvik;SN38140;13.10.2024 14:00;10,9;77
Landvik;SN38140;13.10.2024 15:00;10,5;84
Landvik;SN38140;13.10.2024 16:00;9,6;90
Landvik;SN38140;13.10.2024 17:00;9,4;90
Landvik;SN38140;13.10.2024 18:00;9,1;89
Landvik;SN38140;13.10.2024 19:00;8;91
Landvik;SN38140;13.10.2024 20:00;6,6;93
Landvik;SN38140;13.10.2024 21:00;5,9;95
Landvik;SN38140;13.10.2024 22:00;6,3;96
Landvik;SN38140;13.10.2024 23:00;6,7;96
Landvik;SN38140;14.10.2024 00:00;7,2;96
Landvik;SN38140;14.10.2024 01:00;7,3;96
Landvik;SN38140;14.10.2024 02:00;7;96
Landvik;SN38140;14.10.2024 03:00;6,4;96
Landvik;SN38140;14.10.2024 04:00;5,3;96
Landvik;SN38140;14.10.2024 05:00;4,6;96
Landvik;SN38140;14.10.2024 06:00;4,9;91
Landvik;SN38140;14.10.2024 07:00;5,4;80
Landvik;SN38140;14.10.2024 08:00;5,6;75
Landvik;SN38140;14.10.2024 09:00;6,4;69
Landvik;SN38140;14.10.2024 10:00;8;63
Landvik;SN38140;14.10.2024 11:00;8,8;60
Landvik;SN38140;14.10.2024 12:00;10,6;55
Landvik;SN38140;14.10.2024 13:00;10,9;52
Landvik;SN38140;14.10.2024 14:00;11,5;50
Landvik;SN38140;14.10.2024 15:00;11,7;49
Landvik;SN38140;14.10.2024 16:00;11,7;49
Landvik;SN38140;14.10.2024 17:00;10,2;55
Landvik;SN38140;14.10.2024 18:00;7,9;70
Landvik;SN38140;14.10.2024 19:00;6,9;66
Landvik;SN38140;14.10.2024 20:00;6;69
Landvik;SN38140;14.10.2024 21:00;4;81
Landvik;SN38140;14.10.2024 22:00;3,1;87
Landvik;SN38140;14.10.2024 23:00;3,6;84
Landvik;SN38140;15.10.2024 00:00;3,5;83
Landvik;SN38140;15.10.2024 01:00;3;85
Landvik;SN38140;15.10.2024 02:00;2;88
Landvik;SN38140;15.10.2024 03:00;1,1;91
Landvik;SN38140;15.10.2024 04:00;0,7;93
Landvik;SN38140;15.10.2024 05:00;0,7;93
Landvik;SN38140;15.10.2024 06:00;0,7;92
Landvik;SN38140;15.10.2024 07:00;0,2;93
Landvik;SN38140;15.10.2024 08:00;0,2;94
Landvik;SN38140;15.10.2024 09:00;2,3;93
Landvik;SN38140;15.10.2024 10:00;5,6;79
Landvik;SN38140;15.10.2024 11:00;8,4;67
Landvik;SN38140;15.10.2024 12:00;10,5;55
Landvik;SN38140;15.10.2024 13:00;11,7;57
Landvik;SN38140;15.10.2024 14:00;12;58
Landvik;SN38140;15.10.2024 15:00;11,8;61
Landvik;SN38140;15.10.2024 16:00;11,3;66
Landvik;SN38140;15.10.2024 17:00;8,6;80
Landvik;SN38140;15.10.2024 18:00;6,3;89
Landvik;SN38140;15.10.2024 19:00;4,8;93
Landvik;SN38140;15.10.2024 20:00;3,9;94
Landvik;SN38140;15.10.2024 21:00;3,1;95
Landvik;SN38140;15.10.2024 22:00;2,6;96
Landvik;SN38140;15.10.2024 23:00;2,2;96
Landvik;SN38140;16.10.2024 00:00;1,9;96
Landvik;SN38140;16.10.2024 01:00;1,6;96
Landvik;SN38140;16.10.2024 02:00;1,7;97
Landvik;SN38140;16.10.2024 03:00;1,7;97
Landvik;SN38140;16.10.2024 04:00;1,8;97
Landvik;SN38140;16.10.2024 05:00;2;97
Landvik;SN38140;16.10.2024 06:00;2,4;97
Landvik;SN38140;16.10.2024 07:00;3,4;97
Landvik;SN38140;16.10.2024 08:00;4,6;97
Landvik;SN38140;16.10.2024 09:00;5,8;96
Landvik;SN38140;16.10.2024 10:00;8,9;87
Landvik;SN38140;16.10.2024 11:00;11,3;73
Landvik;SN38140;16.10.2024 12:00;11,6;71
Landvik;SN38140;16.10.2024 13:00;11,6;70
Landvik;SN38140;16.10.2024 14:00;11,4;71
Landvik;SN38140;16.10.2024 15:00;11,4;71
Landvik;SN38140;16.10.2024 16:00;11,1;73
Landvik;SN38140;16.10.2024 17:00;11,1;75
Landvik;SN38140;16.10.2024 18:00;11,3;75
Landvik;SN38140;16.10.2024 19:00;11,3;73
Landvik;SN38140;16.10.2024 20:00;11,3;73
Landvik;SN38140;16.10.2024 21:00;11,4;74
Landvik;SN38140;16.10.2024 22:00;11,3;74
Landvik;SN38140;16.10.2024 23:00;11,3;77
Landvik;SN38140;17.10.2024 00:00;11,3;79
Landvik;SN38140;17.10.2024 01:00;11,2;80
Landvik;SN38140;17.10.2024 02:00;11;83
Landvik;SN38140;17.10.2024 03:00;11,2;83
Landvik;SN38140;17.10.2024 04:00;11,2;82
Landvik;SN38140;17.10.2024 05:00;11,3;83
Landvik;SN38140;17.10.2024 06:00;11,5;82
Landvik;SN38140;17.10.2024 07:00;11,6;83
Landvik;SN38140;17.10.2024 08:00;11,6;83
Landvik;SN38140;17.10.2024 09:00;11,6;82
Landvik;SN38140;17.10.2024 10:00;11,8;82
Landvik;SN38140;17.10.2024 11:00;12;81
Landvik;SN38140;17.10.2024 12:00;12,2;80
Landvik;SN38140;17.10.2024 13:00;12,2;82
Landvik;SN38140;17.10.2024 14:00;12,1;84
Landvik;SN38140;17.10.2024 15:00;12;84
Landvik;SN38140;17.10.2024 16:00;11,8;87
Landvik;SN38140;17.10.2024 17:00;11,5;91
Landvik;SN38140;17.10.2024 18:00;11,2;92
Landvik;SN38140;17.10.2024 19:00;11;93
Landvik;SN38140;17.10.2024 20:00;10,8;94
Landvik;SN38140;17.10.2024 21:00;10,7;95
Landvik;SN38140;17.10.2024 22:00;10,7;95
Landvik;SN38140;17.10.2024 23:00;10,6;96
Landvik;SN38140;18.10.2024 00:00;10,6;96
Landvik;SN38140;18.10.2024 01:00;10,6;96
Landvik;SN38140;18.10.2024 02:00;10,6;96
Landvik;SN38140;18.10.2024 03:00;10,6;96
Landvik;SN38140;18.10.2024 04:00;10,6;96
Landvik;SN38140;18.10.2024 05:00;10,6;95
Landvik;SN38140;18.10.2024 06:00;10,6;95
Landvik;SN38140;18.10.2024 07:00;10,7;95
Landvik;SN38140;18.10.2024 08:00;10,7;95
Landvik;SN38140;18.10.2024 09:00;10,7;94
Landvik;SN38140;18.10.2024 10:00;11;94
Landvik;SN38140;18.10.2024 11:00;11,4;94
Landvik;SN38140;18.10.2024 12:00;11,5;94
Landvik;SN38140;18.10.2024 13:00;11,6;94
Landvik;SN38140;18.10.2024 14:00;11,6;95
Landvik;SN38140;18.10.2024 15:00;11,6;95
Landvik;SN38140;18.10.2024 16:00;11,6;95
Landvik;SN38140;18.10.2024 17:00;11,5;95
Landvik;SN38140;18.10.2024 18:00;11,5;95
Landvik;SN38140;18.10.2024 19:00;11,5;95
Landvik;SN38140;18.10.2024 20:00;11,6;96
Landvik;SN38140;18.10.2024 21:00;11,7;96
Landvik;SN38140;18.10.2024 22:00;11,7;96
Landvik;SN38140;18.10.2024 23:00;11,7;96
Landvik;SN38140;19.10.2024 00:00;11,7;96
Landvik;SN38140;19.10.2024 01:00;11,7;96
Landvik;SN38140;19.10.2024 02:00;11,9;96
Landvik;SN38140;19.10.2024 03:00;12,5;96
Landvik;SN38140;19.10.2024 04:00;12,8;96
Landvik;SN38140;19.10.2024 05:00;12,8;97
Landvik;SN38140;19.10.2024 06:00;12,8;97
Landvik;SN38140;19.10.2024 07:00;12,8;97
Landvik;SN38140;19.10.2024 08:00;12,7;97
Landvik;SN38140;19.10.2024 09:00;12,3;96
Landvik;SN38140;19.10.2024 10:00;12,2;96
Landvik;SN38140;19.10.2024 11:00;12,2;95
Landvik;SN38140;19.10.2024 12:00;12,4;95
Landvik;SN38140;19.10.2024 13:00;12,5;95
Landvik;SN38140;19.10.2024 14:00;12,5;94
Landvik;SN38140;19.10.2024 15:00;12,4;94
Landvik;SN38140;19.10.2024 16:00;12,3;94
Landvik;SN38140;19.10.2024 17:00;12,2;94
Landvik;SN38140;19.10.2024 18:00;12,1;95
Landvik;SN38140;19.10.2024 19:00;12,1;95
Landvik;SN38140;19.10.2024 20:00;12,2;95
Landvik;SN38140;19.10.2024 21:00;12,2;95
Landvik;SN38140;19.10.2024 22:00;12,1;95
Landvik;SN38140;19.10.2024 23:00;12,2;96
Landvik;SN38140;20.10.2024 00:00;12,3;95
Landvik;SN38140;20.10.2024 01:00;12,3;95
Landvik;SN38140;20.10.2024 02:00;12,2;95
Landvik;SN38140;20.10.2024 03:00;11,7;95
Landvik;SN38140;20.10.2024 04:00;11,2;96
Landvik;SN38140;20.10.2024 05:00;11,1;96
Landvik;SN38140;20.10.2024 06:00;12;96
Landvik;SN38140;20.10.2024 07:00;12,9;95
Landvik;SN38140;20.10.2024 08:00;13;94
Landvik;SN38140;20.10.2024 09:00;13,1;93
Landvik;SN38140;20.10.2024 10:00;13,3;92
Landvik;SN38140;20.10.2024 11:00;13,1;92
Landvik;SN38140;20.10.2024 12:00;12,4;91
Landvik;SN38140;20.10.2024 13:00;11,7;92
Landvik;SN38140;20.10.2024 14:00;11,7;92
Landvik;SN38140;20.10.2024 15:00;12;91
Landvik;SN38140;20.10.2024 16:00;12,3;92
Landvik;SN38140;20.10.2024 17:00;12,7;94
Landvik;SN38140;20.10.2024 18:00;13;95
Landvik;SN38140;20.10.2024 19:00;13,1;93
Landvik;SN38140;20.10.2024 20:00;13;93
Landvik;SN38140;20.10.2024 21:00;13;92
Landvik;SN38140;20.10.2024 22:00;12,9;92
Landvik;SN38140;20.10.2024 23:00;13;93
Landvik;SN38140;21.10.2024 00:00;13,9;91
Landvik;SN38140;21.10.2024 01:00;14,1;87
Landvik;SN38140;21.10.2024 02:00;13,9;85
Landvik;SN38140;21.10.2024 03:00;13,6;83
Landvik;SN38140;21.10.2024 04:00;13,3;80
Landvik;SN38140;21.10.2024 05:00;13,3;79
Landvik;SN38140;21.10.2024 06:00;12,8;82
Landvik;SN38140;21.10.2024 07:00;13,3;77
Landvik;SN38140;21.10.2024 08:00;13,1;79
Landvik;SN38140;21.10.2024 09:00;12,8;82
Landvik;SN38140;21.10.2024 10:00;13,5;78
Landvik;SN38140;21.10.2024 11:00;13,6;80
Landvik;SN38140;21.10.2024 12:00;13,7;78
Landvik;SN38140;21.10.2024 13:00;14,3;72
Landvik;SN38140;21.10.2024 14:00;14,4;68
Landvik;SN38140;21.10.2024 15:00;13,9;68
Landvik;SN38140;21.10.2024 16:00;13,3;68
Landvik;SN38140;21.10.2024 17:00;12,4;70
Landvik;SN38140;21.10.2024 18:00;11,5;74
Landvik;SN38140;21.10.2024 19:00;10,3;78
Landvik;SN38140;21.10.2024 20:00;8,5;85
Landvik;SN38140;21.10.2024 21:00;7,6;91
Landvik;SN38140;21.10.2024 22:00;6,4;93
Landvik;SN38140;21.10.2024 23:00;5,7;95
Landvik;SN38140;22.10.2024 00:00;5,3;96
Landvik;SN38140;22.10.2024 01:00;4,9;96
Landvik;SN38140;22.10.2024 02:00;5,5;97
Landvik;SN38140;22.10.2024 03:00;5,6;97
Landvik;SN38140;22.10.2024 04:00;5,8;97
Landvik;SN38140;22.10.2024 05:00;6,1;97
Landvik;SN38140;22.10.2024 06:00;6,1;97
Landvik;SN38140;22.10.2024 07:00;6,4;97
Landvik;SN38140;22.10.2024 08:00;7,2;97
Landvik;SN38140;22.10.2024 09:00;9,2;97
Landvik;SN38140;22.10.2024 10:00;11,4;87
Landvik;SN38140;22.10.2024 11:00;12,6;79
Landvik;SN38140;22.10.2024 12:00;13,3;72
Landvik;SN38140;22.10.2024 13:00;13;71
Landvik;SN38140;22.10.2024 14:00;13,5;69
Landvik;SN38140;22.10.2024 15:00;13,7;66
Landvik;SN38140;22.10.2024 16:00;12,6;67
Landvik;SN38140;22.10.2024 17:00;11,8;70
Landvik;SN38140;22.10.2024 18:00;10,7;76
Landvik;SN38140;22.10.2024 19:00;10,3;78
Landvik;SN38140;22.10.2024 20:00;10,3;72
Landvik;SN38140;22.10.2024 21:00;10,1;67
Landvik;SN38140;22.10.2024 22:00;9,5;69
Landvik;SN38140;22.10.2024 23:00;9,2;68
Landvik;SN38140;23.10.2024 00:00;8,6;70
Landvik;SN38140;23.10.2024 01:00;7,9;76
Landvik;SN38140;23.10.2024 02:00;7,9;78
Landvik;SN38140;23.10.2024 03:00;7,5;79
Landvik;SN38140;23.10.2024 04:00;7;83
Landvik;SN38140;23.10.2024 05:00;7,2;83
Landvik;SN38140;23.10.2024 06:00;6;85
Landvik;SN38140;23.10.2024 07:00;6,2;90
Landvik;SN38140;23.10.2024 08:00;5,2;90
Landvik;SN38140;23.10.2024 09:00;6,9;92
Landvik;SN38140;23.10.2024 10:00;10,6;78
Landvik;SN38140;23.10.2024 11:00;11,6;71
Landvik;SN38140;23.10.2024 12:00;12,4;67
Landvik;SN38140;23.10.2024 13:00;13,1;65
Landvik;SN38140;23.10.2024 14:00;13,2;66
Landvik;SN38140;23.10.2024 15:00;12,9;69
Landvik;SN38140;23.10.2024 16:00;12,9;70
Landvik;SN38140;23.10.2024 17:00;12,6;74
Landvik;SN38140;23.10.2024 18:00;12,2;77
Landvik;SN38140;23.10.2024 19:00;11,6;80
Landvik;SN38140;23.10.2024 20:00;10,6;84
Landvik;SN38140;23.10.2024 21:00;9,3;89
Landvik;SN38140;23.10.2024 22:00;7,9;91
Landvik;SN38140;23.10.2024 23:00;7,1;95
Landvik;SN38140;24.10.2024 00:00;8;96
Landvik;SN38140;24.10.2024 01:00;9,1;95
Landvik;SN38140;24.10.2024 02:00;9;95
Landvik;SN38140;24.10.2024 03:00;10,8;92
Landvik;SN38140;24.10.2024 04:00;11,6;83
Landvik;SN38140;24.10.2024 05:00;11,1;85
Landvik;SN38140;24.10.2024 06:00;11,5;82
Landvik;SN38140;24.10.2024 07:00;11,2;84
Landvik;SN38140;24.10.2024 08:00;11,1;88
Landvik;SN38140;24.10.2024 09:00;11,2;92
Landvik;SN38140;24.10.2024 10:00;11,7;92
Landvik;SN38140;24.10.2024 11:00;12,1;92
Landvik;SN38140;24.10.2024 12:00;12,7;92
Landvik;SN38140;24.10.2024 13:00;13,6;86
Landvik;SN38140;24.10.2024 14:00;13,6;85
Landvik;SN38140;24.10.2024 15:00;13,9;80
Landvik;SN38140;24.10.2024 16:00;13,3;81
Landvik;SN38140;24.10.2024 17:00;12,8;86
Landvik;SN38140;24.10.2024 18:00;12,5;87
Landvik;SN38140;24.10.2024 19:00;12,1;89
Landvik;SN38140;24.10.2024 20:00;11,5;87
Landvik;SN38140;24.10.2024 21:00;11,5;84
Landvik;SN38140;24.10.2024 22:00;11,1;86
Landvik;SN38140;24.10.2024 23:00;10,5;90
Landvik;SN38140;25.10.2024 00:00;10,1;91
Landvik;SN38140;25.10.2024 01:00;9;93
Landvik;SN38140;25.10.2024 02:00;8,8;94
Landvik;SN38140;25.10.2024 03:00;8,7;94
Landvik;SN38140;25.10.2024 04:00;9;94
Landvik;SN38140;25.10.2024 05:00;9;94
Landvik;SN38140;25.10.2024 06:00;9,1;94
Landvik;SN38140;25.10.2024 07:00;9,3;93
Landvik;SN38140;25.10.2024 08:00;9,5;92
Landvik;SN38140;25.10.2024 09:00;9,7;91
Landvik;SN38140;25.10.2024 10:00;10;89
Landvik;SN38140;25.10.2024 11:00;10,3;89
Landvik;SN38140;25.10.2024 12:00;10,6;87
Landvik;SN38140;25.10.2024 13:00;10,9;87
Landvik;SN38140;25.10.2024 14:00;10,9;88
Landvik;SN38140;25.10.2024 15:00;10,7;90
Landvik;SN38140;25.10.2024 16:00;10,4;93
Landvik;SN38140;25.10.2024 17:00;10,2;94
Landvik;SN38140;25.10.2024 18:00;10,1;94
Landvik;SN38140;25.10.2024 19:00;9,9;94
Landvik;SN38140;25.10.2024 20:00;9,8;93
Landvik;SN38140;25.10.2024 21:00;9,6;94
Landvik;SN38140;25.10.2024 22:00;9,5;95
Landvik;SN38140;25.10.2024 23:00;7,6;95
Landvik;SN38140;26.10.2024 00:00;6;95
Landvik;SN38140;26.10.2024 01:00;5,3;96
Landvik;SN38140;26.10.2024 02:00;4,7;96
Landvik;SN38140;26.10.2024 03:00;3,8;97
Landvik;SN38140;26.10.2024 04:00;3,2;97
Landvik;SN38140;26.10.2024 05:00;3,4;97
Landvik;SN38140;26.10.2024 06:00;3,3;97
Landvik;SN38140;26.10.2024 07:00;3,5;97
Landvik;SN38140;26.10.2024 08:00;3;97
Landvik;SN38140;26.10.2024 09:00;3,7;97
Landvik;SN38140;26.10.2024 10:00;6;98
Landvik;SN38140;26.10.2024 11:00;7,8;96
Landvik;SN38140;26.10.2024 12:00;9,8;89
Landvik;SN38140;26.10.2024 13:00;11,9;78
Landvik;SN38140;26.10.2024 14:00;12;79
Landvik;SN38140;26.10.2024 15:00;11,2;83
Landvik;SN38140;26.10.2024 16:00;11;85
Landvik;SN38140;26.10.2024 17:00;10,6;88
Landvik;SN38140;26.10.2024 18:00;10,4;90
Landvik;SN38140;26.10.2024 19:00;10,4;92
Landvik;SN38140;26.10.2024 20:00;11,3;93
Landvik;SN38140;26.10.2024 21:00;11,9;92
Landvik;SN38140;26.10.2024 22:00;12,2;91
Landvik;SN38140;26.10.2024 23:00;12,3;88
Landvik;SN38140;27.10.2024 00:00;12;90
Landvik;SN38140;27.10.2024 01:00;11,9;92
Landvik;SN38140;27.10.2024 02:00;11,9;94
Landvik;SN38140;27.10.2024 03:00;11,4;95
Landvik;SN38140;27.10.2024 04:00;10,9;95
Landvik;SN38140;27.10.2024 05:00;10,5;95
Landvik;SN38140;27.10.2024 06:00;10,2;95
Landvik;SN38140;27.10.2024 07:00;9,9;94
Landvik;SN38140;27.10.2024 08:00;10,1;94
Landvik;SN38140;27.10.2024 09:00;10,8;92
Landvik;SN38140;27.10.2024 10:00;10,9;88
Landvik;SN38140;27.10.2024 11:00;11,6;73
Landvik;SN38140;27.10.2024 12:00;11,4;64
Landvik;SN38140;27.10.2024 13:00;11,6;59
Landvik;SN38140;27.10.2024 14:00;11,7;57
Landvik;SN38140;27.10.2024 15:00;11,4;57
Landvik;SN38140;27.10.2024 16:00;11;58
Landvik;SN38140;27.10.2024 17:00;9,7;62
Landvik;SN38140;27.10.2024 18:00;8,6;68
Landvik;SN38140;27.10.2024 19:00;8;71
Landvik;SN38140;27.10.2024 20:00;7,1;77
Landvik;SN38140;27.10.2024 21:00;6,5;83
Landvik;SN38140;27.10.2024 22:00;6,8;81
Landvik;SN38140;27.10.2024 23:00;6;82
Landvik;SN38140;28.10.2024 00:00;4,7;89
Landvik;SN38140;28.10.2024 01:00;4,4;90
Landvik;SN38140;28.10.2024 02:00;6,6;86
Landvik;SN38140;28.10.2024 03:00;5,9;88
Landvik;SN38140;28.10.2024 04:00;4,6;92
Landvik;SN38140;28.10.2024 05:00;5,1;94
Landvik;SN38140;28.10.2024 06:00;5,2;95
Landvik;SN38140;28.10.2024 07:00;5,4;95
Landvik;SN38140;28.10.2024 08:00;6,1;95
Landvik;SN38140;28.10.2024 09:00;6,8;95
Landvik;SN38140;28.10.2024 10:00;7,7;95
Landvik;SN38140;28.10.2024 11:00;9,8;86
Landvik;SN38140;28.10.2024 12:00;10,8;79
Landvik;SN38140;28.10.2024 13:00;11,3;78
Landvik;SN38140;28.10.2024 14:00;11,9;76
Landvik;SN38140;28.10.2024 15:00;12,6;74
Landvik;SN38140;28.10.2024 16:00;12,4;75
Landvik;SN38140;28.10.2024 17:00;10;84
Landvik;SN38140;28.10.2024 18:00;7,6;91
Landvik;SN38140;28.10.2024 19:00;6,3;94
Landvik;SN38140;28.10.2024 20:00;5,5;95
Landvik;SN38140;28.10.2024 21:00;4,9;95
Landvik;SN38140;28.10.2024 22:00;4,1;96
Landvik;SN38140;28.10.2024 23:00;3,5;96
Landvik;SN38140;29.10.2024 00:00;3,3;97
Landvik;SN38140;29.10.2024 01:00;2,8;97
Landvik;SN38140;29.10.2024 02:00;2,5;97
Landvik;SN38140;29.10.2024 03:00;2,3;97
Landvik;SN38140;29.10.2024 04:00;2,3;97
Landvik;SN38140;29.10.2024 05:00;2,5;97
Landvik;SN38140;29.10.2024 06:00;3,7;97
Landvik;SN38140;29.10.2024 07:00;4,6;97
Landvik;SN38140;29.10.2024 08:00;4,9;97
Landvik;SN38140;29.10.2024 09:00;5,4;96
Landvik;SN38140;29.10.2024 10:00;6,4;93
Landvik;SN38140;29.10.2024 11:00;7,1;91
Landvik;SN38140;29.10.2024 12:00;8,5;84
Landvik;SN38140;29.10.2024 13:00;9,1;81
Landvik;SN38140;29.10.2024 14:00;9,6;82
Landvik;SN38140;29.10.2024 15:00;10,1;81
Landvik;SN38140;29.10.2024 16:00;10,2;79
Landvik;SN38140;29.10.2024 17:00;9,8;81
Landvik;SN38140;29.10.2024 18:00;9,1;84
Landvik;SN38140;29.10.2024 19:00;8,7;87
Landvik;SN38140;29.10.2024 20:00;8,6;88
Landvik;SN38140;29.10.2024 21:00;9,2;86
Landvik;SN38140;29.10.2024 22:00;9,9;85
Landvik;SN38140;29.10.2024 23:00;10,1;86
Landvik;SN38140;30.10.2024 00:00;10,2;85
Landvik;SN38140;30.10.2024 01:00;10,2;84
Landvik;SN38140;30.10.2024 02:00;9,9;80
Landvik;SN38140;30.10.2024 03:00;8,8;76
Landvik;SN38140;30.10.2024 04:00;7,8;76
Landvik;SN38140;30.10.2024 05:00;7,4;77
Landvik;SN38140;30.10.2024 06:00;7,1;79
Landvik;SN38140;30.10.2024 07:00;6,5;81
Landvik;SN38140;30.10.2024 08:00;4,9;88
Landvik;SN38140;30.10.2024 09:00;5,1;89
Landvik;SN38140;30.10.2024 10:00;7,6;77
Landvik;SN38140;30.10.2024 11:00;9;70
Landvik;SN38140;30.10.2024 12:00;10,4;63
Landvik;SN38140;30.10.2024 13:00;11,2;59
Landvik;SN38140;30.10.2024 14:00;13,3;52
Landvik;SN38140;30.10.2024 15:00;13,5;49
Landvik;SN38140;30.10.2024 16:00;12,5;51
Landvik;SN38140;30.10.2024 17:00;10,6;59
Landvik;SN38140;30.10.2024 18:00;9,6;64
Landvik;SN38140;30.10.2024 19:00;9,2;66
Landvik;SN38140;30.10.2024 20:00;8,6;68
Landvik;SN38140;30.10.2024 21:00;8,6;68
Landvik;SN38140;30.10.2024 22:00;8,8;69
Landvik;SN38140;30.10.2024 23:00;8,7;71
Landvik;SN38140;31.10.2024 00:00;8,3;74
Landvik;SN38140;31.10.2024 01:00;8,9;74
Landvik;SN38140;31.10.2024 02:00;9,4;76
Landvik;SN38140;31.10.2024 03:00;10,1;76
Landvik;SN38140;31.10.2024 04:00;10,2;78
Landvik;SN38140;31.10.2024 05:00;10,1;84
Landvik;SN38140;31.10.2024 06:00;10,8;80
Landvik;SN38140;31.10.2024 07:00;11,2;82
Landvik;SN38140;31.10.2024 08:00;11,4;82
Landvik;SN38140;31.10.2024 09:00;11,7;81
Landvik;SN38140;31.10.2024 10:00;12,2;81
Landvik;SN38140;31.10.2024 11:00;13,6;75
Landvik;SN38140;31.10.2024 12:00;14,7;70
Landvik;SN38140;31.10.2024 13:00;15,7;66
Landvik;SN38140;31.10.2024 14:00;15,2;68
Landvik;SN38140;31.10.2024 15:00;15,1;68
Landvik;SN38140;31.10.2024 16:00;14,5;71
Landvik;SN38140;31.10.2024 17:00;14;74
Landvik;SN38140;31.10.2024 18:00;13,9;74
Landvik;SN38140;31.10.2024 19:00;13,8;75
Landvik;SN38140;31.10.2024 20:00;13,7;75
Landvik;SN38140;31.10.2024 21:00;14;74
Landvik;SN38140;31.10.2024 22:00;14,3;73
Landvik;SN38140;31.10.2024 23:00;14,2;73
Landvik;SN38140;01.11.2024 00:00;14,4;71
Landvik;SN38140;01.11.2024 01:00;14,7;69
Landvik;SN38140;01.11.2024 02:00;15,1;67
Landvik;SN38140;01.11.2024 03:00;15,4;67
Landvik;SN38140;01.11.2024 04:00;15,4;66
Landvik;SN38140;01.11.2024 05:00;15,1;65
Landvik;SN38140;01.11.2024 06:00;14,8;66
Landvik;SN38140;01.11.2024 07:00;14,3;62
Landvik;SN38140;01.11.2024 08:00;12,9;58
Landvik;SN38140;01.11.2024 09:00;11,8;62
Landvik;SN38140;01.11.2024 10:00;12,1;59
Landvik;SN38140;01.11.2024 11:00;12,5;55
Landvik;SN38140;01.11.2024 12:00;12,3;49
Landvik;SN38140;01.11.2024 13:00;11,5;48
Landvik;SN38140;01.11.2024 14:00;11,4;45
Landvik;SN38140;01.11.2024 15:00;10;43
Landvik;SN38140;01.11.2024 16:00;9,1;38
Landvik;SN38140;01.11.2024 17:00;7,7;39
Landvik;SN38140;01.11.2024 18:00;5,8;45
Landvik;SN38140;01.11.2024 19:00;4,7;51
Landvik;SN38140;01.11.2024 20:00;3,7;56
Landvik;SN38140;01.11.2024 21:00;3,6;53
Landvik;SN38140;01.11.2024 22:00;3,7;52
Landvik;SN38140;01.11.2024 23:00;3,5;51
Landvik;SN38140;02.11.2024 00:00;3,4;50
Landvik;SN38140;02.11.2024 01:00;3;51
Landvik;SN38140;02.11.2024 02:00;1,4;61
Landvik;SN38140;02.11.2024 03:00;1;64
Landvik;SN38140;02.11.2024 04:00;0,3;67
Landvik;SN38140;02.11.2024 05:00;0;69
Landvik;SN38140;02.11.2024 06:00;-1,2;76
Landvik;SN38140;02.11.2024 07:00;-2,2;83
Landvik;SN38140;02.11.2024 08:00;-2,5;87
Landvik;SN38140;02.11.2024 09:00;-2,1;88
Landvik;SN38140;02.11.2024 10:00;-0,7;87
Landvik;SN38140;02.11.2024 11:00;1,7;78
Landvik;SN38140;02.11.2024 12:00;3,7;66
Landvik;SN38140;02.11.2024 13:00;5;58
Landvik;SN38140;02.11.2024 14:00;5,6;53
Landvik;SN38140;02.11.2024 15:00;5,6;54
Landvik;SN38140;02.11.2024 16:00;5,6;54
Landvik;SN38140;02.11.2024 17:00;5,3;57
Landvik;SN38140;02.11.2024 18:00;5,3;61
Landvik;SN38140;02.11.2024 19:00;5,6;63
Landvik;SN38140;02.11.2024 20:00;6,1;64
Landvik;SN38140;02.11.2024 21:00;6,2;67
Landvik;SN38140;02.11.2024 22:00;6,3;70
Landvik;SN38140;02.11.2024 23:00;6,4;74
Landvik;SN38140;03.11.2024 00:00;6,7;79
Landvik;SN38140;03.11.2024 01:00;7,6;85
Landvik;SN38140;03.11.2024 02:00;9,1;89
Landvik;SN38140;03.11.2024 03:00;10,5;85
Landvik;SN38140;03.11.2024 04:00;11,4;80
Landvik;SN38140;03.11.2024 05:00;11,6;79
Landvik;SN38140;03.11.2024 06:00;12;78
Landvik;SN38140;03.11.2024 07:00;12,1;77
Landvik;SN38140;03.11.2024 08:00;12,4;73
Landvik;SN38140;03.11.2024 09:00;12,6;67
Landvik;SN38140;03.11.2024 10:00;12,5;67
Landvik;SN38140;03.11.2024 11:00;12,7;68
Landvik;SN38140;03.11.2024 12:00;13,1;68
Landvik;SN38140;03.11.2024 13:00;13,6;67
Landvik;SN38140;03.11.2024 14:00;14,2;64
Landvik;SN38140;03.11.2024 15:00;14,3;64
Landvik;SN38140;03.11.2024 16:00;14,7;63
Landvik;SN38140;03.11.2024 17:00;15,1;61
Landvik;SN38140;03.11.2024 18:00;15,2;59
Landvik;SN38140;03.11.2024 19:00;14,5;60
Landvik;SN38140;03.11.2024 20:00;14,1;61
Landvik;SN38140;03.11.2024 21:00;12,7;66
Landvik;SN38140;03.11.2024 22:00;8,9;81
Landvik;SN38140;03.11.2024 23:00;7,2;88
Landvik;SN38140;04.11.2024 00:00;6;91
Landvik;SN38140;04.11.2024 01:00;5,4;93
Landvik;SN38140;04.11.2024 02:00;5;94
Landvik;SN38140;04.11.2024 03:00;4,9;95
Landvik;SN38140;04.11.2024 04:00;4,9;93
Landvik;SN38140;04.11.2024 05:00;4,5;93
Landvik;SN38140;04.11.2024 06:00;3,7;94
Landvik;SN38140;04.11.2024 07:00;3,7;95
Landvik;SN38140;04.11.2024 08:00;3,4;95
Landvik;SN38140;04.11.2024 09:00;3,5;96
Landvik;SN38140;04.11.2024 10:00;6;95
Landvik;SN38140;04.11.2024 11:00;9;85
Landvik;SN38140;04.11.2024 12:00;11,5;74
Landvik;SN38140;04.11.2024 13:00;12,4;71
Landvik;SN38140;04.11.2024 14:00;13,1;68
Landvik;SN38140;04.11.2024 15:00;13;72
Landvik;SN38140;04.11.2024 16:00;11,3;76
Landvik;SN38140;04.11.2024 17:00;7,9;88
Landvik;SN38140;04.11.2024 18:00;6,2;93
Landvik;SN38140;04.11.2024 19:00;6,8;95
Landvik;SN38140;04.11.2024 20:00;7,3;95
Landvik;SN38140;04.11.2024 21:00;6,6;95
Landvik;SN38140;04.11.2024 22:00;5,8;95
Landvik;SN38140;04.11.2024 23:00;4,7;96
Landvik;SN38140;05.11.2024 00:00;3,6;96
Landvik;SN38140;05.11.2024 01:00;3,2;96
Landvik;SN38140;05.11.2024 02:00;2,1;96
Landvik;SN38140;05.11.2024 03:00;1,8;97
Landvik;SN38140;05.11.2024 04:00;1,2;97
Landvik;SN38140;05.11.2024 05:00;0,9;97
Landvik;SN38140;05.11.2024 06:00;0,9;97
Landvik;SN38140;05.11.2024 07:00;0,9;97
Landvik;SN38140;05.11.2024 08:00;0,3;97
Landvik;SN38140;05.11.2024 09:00;0,2;97
Landvik;SN38140;05.11.2024 10:00;2,7;97
Landvik;SN38140;05.11.2024 11:00;4,7;97
Landvik;SN38140;05.11.2024 12:00;6,4;91
Landvik;SN38140;05.11.2024 13:00;7,6;83
Landvik;SN38140;05.11.2024 14:00;8,9;78
Landvik;SN38140;05.11.2024 15:00;9,1;78
Landvik;SN38140;05.11.2024 16:00;8;81
Landvik;SN38140;05.11.2024 17:00;5,7;90
Landvik;SN38140;05.11.2024 18:00;4,4;94
Landvik;SN38140;05.11.2024 19:00;5,3;96
Landvik;SN38140;05.11.2024 20:00;5,6;96
Landvik;SN38140;05.11.2024 21:00;5,5;96
Landvik;SN38140;05.11.2024 22:00;5,1;95
Landvik;SN38140;05.11.2024 23:00;4,5;95
Landvik;SN38140;06.11.2024 00:00;4,1;95
Landvik;SN38140;06.11.2024 01:00;3,5;95
Landvik;SN38140;06.11.2024 02:00;3;95
Landvik;SN38140;06.11.2024 03:00;2,1;95
Landvik;SN38140;06.11.2024 04:00;0,9;95
Landvik;SN38140;06.11.2024 05:00;0,8;96
Landvik;SN38140;06.11.2024 06:00;1,4;96
Landvik;SN38140;06.11.2024 07:00;2,8;97
Landvik;SN38140;06.11.2024 08:00;5,8;96
Landvik;SN38140;06.11.2024 09:00;6,4;94
Landvik;SN38140;06.11.2024 10:00;7,2;93
Landvik;SN38140;06.11.2024 11:00;8,4;90
Landvik;SN38140;06.11.2024 12:00;9,6;84
Landvik;SN38140;06.11.2024 13:00;10,7;77
Landvik;SN38140;06.11.2024 14:00;10,9;78
Landvik;SN38140;06.11.2024 15:00;10,9;75
Landvik;SN38140;06.11.2024 16:00;10,6;76
Landvik;SN38140;06.11.2024 17:00;9,7;78
Landvik;SN38140;06.11.2024 18:00;8,1;84
Landvik;SN38140;06.11.2024 19:00;6,9;90
Landvik;SN38140;06.11.2024 20:00;7,1;89
Landvik;SN38140;06.11.2024 21:00;7,7;84
Landvik;SN38140;06.11.2024 22:00;5,9;88
Landvik;SN38140;06.11.2024 23:00;4,4;93
Landvik;SN38140;07.11.2024 00:00;3,7;94
Landvik;SN38140;07.11.2024 01:00;3,4;95
Landvik;SN38140;07.11.2024 02:00;3,5;96
Landvik;SN38140;07.11.2024 03:00;4,2;96
Landvik;SN38140;07.11.2024 04:00;5;96
Landvik;SN38140;07.11.2024 05:00;4,4;96
Landvik;SN38140;07.11.2024 06:00;3,1;95
Landvik;SN38140;07.11.2024 07:00;2,1;96
Landvik;SN38140;07.11.2024 08:00;1,9;96
Landvik;SN38140;07.11.2024 09:00;1,6;96
Landvik;SN38140;07.11.2024 10:00;3,5;97
Landvik;SN38140;07.11.2024 11:00;6,6;94
Landvik;SN38140;07.11.2024 12:00;8,8;76
Landvik;SN38140;07.11.2024 13:00;11,1;61
Landvik;SN38140;07.11.2024 14:00;11,9;56
Landvik;SN38140;07.11.2024 15:00;11,4;61
Landvik;SN38140;07.11.2024 16:00;9,8;72
Landvik;SN38140;07.11.2024 17:00;7,3;83
Landvik;SN38140;07.11.2024 18:00;5,1;90
Landvik;SN38140;07.11.2024 19:00;4;93
Landvik;SN38140;07.11.2024 20:00;4;95
Landvik;SN38140;07.11.2024 21:00;4,5;95
Landvik;SN38140;07.11.2024 22:00;5,3;95
Landvik;SN38140;07.11.2024 23:00;5,7;94
Landvik;SN38140;08.11.2024 00:00;5,9;93
Landvik;SN38140;08.11.2024 01:00;6,2;93
Landvik;SN38140;08.11.2024 02:00;6,5;93
Landvik;SN38140;08.11.2024 03:00;6,6;93
Landvik;SN38140;08.11.2024 04:00;6,7;92
Landvik;SN38140;08.11.2024 05:00;6,8;92
Landvik;SN38140;08.11.2024 06:00;6,8;92
Landvik;SN38140;08.11.2024 07:00;6,9;92
Landvik;SN38140;08.11.2024 08:00;6,9;92
Landvik;SN38140;08.11.2024 09:00;6,9;92
Landvik;SN38140;08.11.2024 10:00;7,1;91
Landvik;SN38140;08.11.2024 11:00;7,3;90
Landvik;SN38140;08.11.2024 12:00;7,5;90
Landvik;SN38140;08.11.2024 13:00;7,7;89
Landvik;SN38140;08.11.2024 14:00;8;90
Landvik;SN38140;08.11.2024 15:00;8,1;91
Landvik;SN38140;08.11.2024 16:00;8,1;93
Landvik;SN38140;08.11.2024 17:00;8,1;93
Landvik;SN38140;08.11.2024 18:00;8;94
Landvik;SN38140;08.11.2024 19:00;7,9;95
Landvik;SN38140;08.11.2024 20:00;7,9;95
Landvik;SN38140;08.11.2024 21:00;7,8;95
Landvik;SN38140;08.11.2024 22:00;7,8;96
Landvik;SN38140;08.11.2024 23:00;7,8;96
Landvik;SN38140;09.11.2024 00:00;7,8;96
Landvik;SN38140;09.11.2024 01:00;7,7;96
Landvik;SN38140;09.11.2024 02:00;7,8;96
Landvik;SN38140;09.11.2024 03:00;7,7;96
Landvik;SN38140;09.11.2024 04:00;7,6;93
Landvik;SN38140;09.11.2024 05:00;7,6;94
Landvik;SN38140;09.11.2024 06:00;7,6;94
Landvik;SN38140;09.11.2024 07:00;7,7;93
Landvik;SN38140;09.11.2024 08:00;7,9;91
Landvik;SN38140;09.11.2024 09:00;8,1;91
Landvik;SN38140;09.11.2024 10:00;8,2;90
Landvik;SN38140;09.11.2024 11:00;8,2;90
Landvik;SN38140;09.11.2024 12:00;8,5;87
Landvik;SN38140;09.11.2024 13:00;8,3;85
Landvik;SN38140;09.11.2024 14:00;8,3;82
Landvik;SN38140;09.11.2024 15:00;8,3;80
Landvik;SN38140;09.11.2024 16:00;7,7;86
Landvik;SN38140;09.11.2024 17:00;7,3;88
Landvik;SN38140;09.11.2024 18:00;7;90
Landvik;SN38140;09.11.2024 19:00;6,7;90
Landvik;SN38140;09.11.2024 20:00;6,9;88
Landvik;SN38140;09.11.2024 21:00;7,2;86
Landvik;SN38140;09.11.2024 22:00;7,3;86
Landvik;SN38140;09.11.2024 23:00;6,9;88
Landvik;SN38140;10.11.2024 00:00;6,6;90
Landvik;SN38140;10.11.2024 01:00;6,7;86
Landvik;SN38140;10.11.2024 02:00;6,7;85
Landvik;SN38140;10.11.2024 03:00;6,5;87
Landvik;SN38140;10.11.2024 04:00;6,3;90
Landvik;SN38140;10.11.2024 05:00;6,2;93
Landvik;SN38140;10.11.2024 06:00;6,1;93
Landvik;SN38140;10.11.2024 07:00;6;93
Landvik;SN38140;10.11.2024 08:00;5,8;93
Landvik;SN38140;10.11.2024 09:00;5,7;93
Landvik;SN38140;10.11.2024 10:00;5,6;93
Landvik;SN38140;10.11.2024 11:00;5,6;93
Landvik;SN38140;10.11.2024 12:00;5,5;93
Landvik;SN38140;10.11.2024 13:00;5,6;93
Landvik;SN38140;10.11.2024 14:00;5,5;92
Landvik;SN38140;10.11.2024 15:00;5,3;91
Landvik;SN38140;10.11.2024 16:00;5,2;92
Landvik;SN38140;10.11.2024 17:00;5,1;92
Landvik;SN38140;10.11.2024 18:00;5;92
Landvik;SN38140;10.11.2024 19:00;5;92
Landvik;SN38140;10.11.2024 20:00;5;93
Landvik;SN38140;10.11.2024 21:00;5;92
Landvik;SN38140;10.11.2024 22:00;5,1;92
Landvik;SN38140;10.11.2024 23:00;5,3;92
Landvik;SN38140;11.11.2024 00:00;5,2;92
Landvik;SN38140;11.11.2024 01:00;5,3;92
Landvik;SN38140;11.11.2024 02:00;5,5;92
Landvik;SN38140;11.11.2024 03:00;5,4;92
Landvik;SN38140;11.11.2024 04:00;5,4;92
Landvik;SN38140;11.11.2024 05:00;5,3;91
Landvik;SN38140;11.11.2024 06:00;5,4;91
Landvik;SN38140;11.11.2024 07:00;5,6;90
Landvik;SN38140;11.11.2024 08:00;5,8;90
Landvik;SN38140;11.11.2024 09:00;5,8;91
Landvik;SN38140;11.11.2024 10:00;6,2;90
Landvik;SN38140;11.11.2024 11:00;7,3;85
Landvik;SN38140;11.11.2024 12:00;8;82
Landvik;SN38140;11.11.2024 13:00;7,8;86
Landvik;SN38140;11.11.2024 14:00;7,7;88
Landvik;SN38140;11.11.2024 15:00;6,9;89
Landvik;SN38140;11.11.2024 16:00;5,8;92
Landvik;SN38140;11.11.2024 17:00;4;94
Landvik;SN38140;11.11.2024 18:00;2,8;95
Landvik;SN38140;11.11.2024 19:00;1,9;96
Landvik;SN38140;11.11.2024 20:00;1,4;96
Landvik;SN38140;11.11.2024 21:00;0,9;96
Landvik;SN38140;11.11.2024 22:00;0,8;97
Landvik;SN38140;11.11.2024 23:00;0,5;97
Landvik;SN38140;12.11.2024 00:00;0,2;97
Landvik;SN38140;12.11.2024 01:00;0,3;97
Landvik;SN38140;12.11.2024 02:00;0,3;97
Landvik;SN38140;12.11.2024 03:00;0,3;97
Landvik;SN38140;12.11.2024 04:00;-0,3;97
Landvik;SN38140;12.11.2024 05:00;-0,6;97
Landvik;SN38140;12.11.2024 06:00;-0,9;97
Landvik;SN38140;12.11.2024 07:00;-1,3;97
Landvik;SN38140;12.11.2024 08:00;-0,6;97
Landvik;SN38140;12.11.2024 09:00;-0,3;97
Landvik;SN38140;12.11.2024 10:00;0,4;97
Landvik;SN38140;12.11.2024 11:00;2,2;97
Landvik;SN38140;12.11.2024 12:00;3,8;97
Landvik;SN38140;12.11.2024 13:00;5,7;94
Landvik;SN38140;12.11.2024 14:00;6,8;88
Landvik;SN38140;12.11.2024 15:00;7,5;84
Landvik;SN38140;12.11.2024 16:00;6,6;88
Landvik;SN38140;12.11.2024 17:00;4,7;92
Landvik;SN38140;12.11.2024 18:00;3,3;94
Landvik;SN38140;12.11.2024 19:00;3,1;95
Landvik;SN38140;12.11.2024 20:00;3,5;95
Landvik;SN38140;12.11.2024 21:00;3,7;95
Landvik;SN38140;12.11.2024 22:00;3,5;95
Landvik;SN38140;12.11.2024 23:00;3,2;96
Landvik;SN38140;13.11.2024 00:00;3,4;96
Landvik;SN38140;13.11.2024 01:00;3,6;96
Landvik;SN38140;13.11.2024 02:00;2,9;96
Landvik;SN38140;13.11.2024 03:00;2;96
Landvik;SN38140;13.11.2024 04:00;1,2;96
Landvik;SN38140;13.11.2024 05:00;1;97
Landvik;SN38140;13.11.2024 06:00;1,1;97
Landvik;SN38140;13.11.2024 07:00;0,8;97
Landvik;SN38140;13.11.2024 08:00;1;97
Landvik;SN38140;13.11.2024 09:00;0,9;97
Landvik;SN38140;13.11.2024 10:00;1,4;97
Landvik;SN38140;13.11.2024 11:00;4,2;97
Landvik;SN38140;13.11.2024 12:00;9,5;86
Landvik;SN38140;13.11.2024 13:00;11,8;72
Landvik;SN38140;13.11.2024 14:00;12,2;71
Landvik;SN38140;13.11.2024 15:00;11,9;73
Landvik;SN38140;13.11.2024 16:00;9,3;84
Landvik;SN38140;13.11.2024 17:00;7,3;92
Landvik;SN38140;13.11.2024 18:00;6,1;93
Landvik;SN38140;13.11.2024 19:00;5,4;94
Landvik;SN38140;13.11.2024 20:00;5;95
Landvik;SN38140;13.11.2024 21:00;4,7;95
Landvik;SN38140;13.11.2024 22:00;4,2;95
Landvik;SN38140;13.11.2024 23:00;3,7;95
Landvik;SN38140;14.11.2024 00:00;4,8;87
Landvik;SN38140;14.11.2024 01:00;7,7;62
Landvik;SN38140;14.11.2024 02:00;5,4;72
Landvik;SN38140;14.11.2024 03:00;3,5;82
Landvik;SN38140;14.11.2024 04:00;3,7;83
Landvik;SN38140;14.11.2024 05:00;7,2;68
Landvik;SN38140;14.11.2024 06:00;7,8;66
Landvik;SN38140;14.11.2024 07:00;4,4;81
Landvik;SN38140;14.11.2024 08:00;2,5;90
Landvik;SN38140;14.11.2024 09:00;2,1;91
Landvik;SN38140;14.11.2024 10:00;3,4;89
Landvik;SN38140;14.11.2024 11:00;7,7;65
Landvik;SN38140;14.11.2024 12:00;10,1;50
Landvik;SN38140;14.11.2024 13:00;11,2;46
Landvik;SN38140;14.11.2024 14:00;11,9;45
Landvik;SN38140;14.11.2024 15:00;10,3;57
Landvik;SN38140;14.11.2024 16:00;8,2;66
Landvik;SN38140;14.11.2024 17:00;4,6;83
Landvik;SN38140;14.11.2024 18:00;3,1;87
Landvik;SN38140;14.11.2024 19:00;6,4;62
Landvik;SN38140;14.11.2024 20:00;6,2;66
Landvik;SN38140;14.11.2024 21:00;6,8;73
Landvik;SN38140;14.11.2024 22:00;6,4;80
Landvik;SN38140;14.11.2024 23:00;5,8;88
Landvik;SN38140;15.11.2024 00:00;5,5;91
Landvik;SN38140;15.11.2024 01:00;6,5;88
Landvik;SN38140;15.11.2024 02:00;7,8;81
Landvik;SN38140;15.11.2024 03:00;5,2;90
Landvik;SN38140;15.11.2024 04:00;4,3;94
Landvik;SN38140;15.11.2024 05:00;7,8;88
Landvik;SN38140;15.11.2024 06:00;8,9;82
Landvik;SN38140;15.11.2024 07:00;8,1;86
Landvik;SN38140;15.11.2024 08:00;8,6;84
Landvik;SN38140;15.11.2024 09:00;7,3;89
Landvik;SN38140;15.11.2024 10:00;9,2;82
Landvik;SN38140;15.11.2024 11:00;12,1;70
Landvik;SN38140;15.11.2024 12:00;13,4;65
Landvik;SN38140;15.11.2024 13:00;13,3;65
Landvik;SN38140;15.11.2024 14:00;13,3;66
Landvik;SN38140;15.11.2024 15:00;12,4;71
Landvik;SN38140;15.11.2024 16:00;11,8;75
Landvik;SN38140;15.11.2024 17:00;11;78
Landvik;SN38140;15.11.2024 18:00;10,4;76
Landvik;SN38140;15.11.2024 19:00;9,8;77
Landvik;SN38140;15.11.2024 20:00;10;81
Landvik;SN38140;15.11.2024 21:00;10,1;84
Landvik;SN38140;15.11.2024 22:00;10,2;83
Landvik;SN38140;15.11.2024 23:00;9,9;88
Landvik;SN38140;16.11.2024 00:00;10,2;87
Landvik;SN38140;16.11.2024 01:00;10,6;86
Landvik;SN38140;16.11.2024 02:00;11;85
Landvik;SN38140;16.11.2024 03:00;11,3;83
Landvik;SN38140;16.11.2024 04:00;11,8;79
Landvik;SN38140;16.11.2024 05:00;11,3;71
Landvik;SN38140;16.11.2024 06:00;9,2;61
Landvik;SN38140;16.11.2024 07:00;8,4;66
Landvik;SN38140;16.11.2024 08:00;7,9;65
Landvik;SN38140;16.11.2024 09:00;7,8;56
Landvik;SN38140;16.11.2024 10:00;7,7;56
Landvik;SN38140;16.11.2024 11:00;8;55
Landvik;SN38140;16.11.2024 12:00;7,6;59
Landvik;SN38140;16.11.2024 13:00;7,6;55
Landvik;SN38140;16.11.2024 14:00;7,7;53
Landvik;SN38140;16.11.2024 15:00;6,4;65
Landvik;SN38140;16.11.2024 16:00;5,5;67
Landvik;SN38140;16.11.2024 17:00;5,2;67
Landvik;SN38140;16.11.2024 18:00;5,1;68
Landvik;SN38140;16.11.2024 19:00;5;68
Landvik;SN38140;16.11.2024 20:00;5,4;67
Landvik;SN38140;16.11.2024 21:00;5,7;69
Landvik;SN38140;16.11.2024 22:00;5,8;69
Landvik;SN38140;16.11.2024 23:00;5,7;72
Landvik;SN38140;17.11.2024 00:00;5,5;74
Landvik;SN38140;17.11.2024 01:00;5,1;75
Landvik;SN38140;17.11.2024 02:00;4,7;76
Landvik;SN38140;17.11.2024 03:00;4,5;78
Landvik;SN38140;17.11.2024 04:00;4,5;79
Landvik;SN38140;17.11.2024 05:00;4,5;78
Landvik;SN38140;17.11.2024 06:00;5,3;74
Landvik;SN38140;17.11.2024 07:00;5;76
Landvik;SN38140;17.11.2024 08:00;5,4;71
Landvik;SN38140;17.11.2024 09:00;6,1;61
Landvik;SN38140;17.11.2024 10:00;6,6;56
Landvik;SN38140;17.11.2024 11:00;6,9;54
Landvik;SN38140;17.11.2024 12:00;7,2;54
Landvik;SN38140;17.11.2024 13:00;7,5;53
Landvik;SN38140;17.11.2024 14:00;7,6;53
Landvik;SN38140;17.11.2024 15:00;7,7;52
Landvik;SN38140;17.11.2024 16:00;7,4;53
Landvik;SN38140;17.11.2024 17:00;6,6;56
Landvik;SN38140;17.11.2024 18:00;6;58
Landvik;SN38140;17.11.2024 19:00;4,8;63
Landvik;SN38140;17.11.2024 20:00;4,6;64
Landvik;SN38140;17.11.2024 21:00;4,3;65
Landvik;SN38140;17.11.2024 22:00;4,8;63
Landvik;SN38140;17.11.2024 23:00;4,5;63
Landvik;SN38140;18.11.2024 00:00;2,1;74
Landvik;SN38140;18.11.2024 01:00;3,8;69
Landvik;SN38140;18.11.2024 02:00;5,1;68
Landvik;SN38140;18.11.2024 03:00;4,4;80
Landvik;SN38140;18.11.2024 04:00;4;81
Landvik;SN38140;18.11.2024 05:00;2,9;83
Landvik;SN38140;18.11.2024 06:00;1,2;90
Landvik;SN38140;18.11.2024 07:00;1,7;87
Landvik;SN38140;18.11.2024 08:00;0,9;88
Landvik;SN38140;18.11.2024 09:00;0,6;88
Landvik;SN38140;18.11.2024 10:00;1,3;83
Landvik;SN38140;18.11.2024 11:00;1,7;81
Landvik;SN38140;18.11.2024 12:00;3;74
Landvik;SN38140;18.11.2024 13:00;4,6;60
Landvik;SN38140;18.11.2024 14:00;5,7;46
Landvik;SN38140;18.11.2024 15:00;5,2;55
Landvik;SN38140;18.11.2024 16:00;3;58
Landvik;SN38140;18.11.2024 17:00;1,1;61
Landvik;SN38140;18.11.2024 18:00;1,4;55
Landvik;SN38140;18.11.2024 19:00;0,9;56
Landvik;SN38140;18.11.2024 20:00;0,7;56
Landvik;SN38140;18.11.2024 21:00;-0,1;61
Landvik;SN38140;18.11.2024 22:00;-0,6;64
Landvik;SN38140;18.11.2024 23:00;-2,2;72
Landvik;SN38140;19.11.2024 00:00;-3,9;82
Landvik;SN38140;19.11.2024 01:00;-4,5;87
Landvik;SN38140;19.11.2024 02:00;-4,8;88
Landvik;SN38140;19.11.2024 03:00;-5,1;89
Landvik;SN38140;19.11.2024 04:00;-5,1;89
Landvik;SN38140;19.11.2024 05:00;-4,6;82
Landvik;SN38140;19.11.2024 06:00;-4,9;84
Landvik;SN38140;19.11.2024 07:00;-4;78
Landvik;SN38140;19.11.2024 08:00;-4,4;78
Landvik;SN38140;19.11.2024 09:00;-5,4;83
Landvik;SN38140;19.11.2024 10:00;-4,4;82
Landvik;SN38140;19.11.2024 11:00;-0,7;68
Landvik;SN38140;19.11.2024 12:00;1,9;58
Landvik;SN38140;19.11.2024 13:00;2,9;52
Landvik;SN38140;19.11.2024 14:00;3,2;52
Landvik;SN38140;19.11.2024 15:00;2,9;56
Landvik;SN38140;19.11.2024 16:00;2,1;62
Landvik;SN38140;19.11.2024 17:00;0,9;68
Landvik;SN38140;19.11.2024 18:00;0,1;71
Landvik;SN38140;19.11.2024 19:00;0,1;77
Landvik;SN38140;19.11.2024 20:00;1;76
Landvik;SN38140;19.11.2024 21:00;0,9;75
Landvik;SN38140;19.11.2024 22:00;0,3;76
Landvik;SN38140;19.11.2024 23:00;0,2;73
Landvik;SN38140;20.11.2024 00:00;0,2;72
Landvik;SN38140;20.11.2024 01:00;0,8;72
Landvik;SN38140;20.11.2024 02:00;0,6;72
Landvik;SN38140;20.11.2024 03:00;0,6;72
Landvik;SN38140;20.11.2024 04:00;0,2;75
Landvik;SN38140;20.11.2024 05:00;0,3;71
Landvik;SN38140;20.11.2024 06:00;0;70
Landvik;SN38140;20.11.2024 07:00;-0,4;71
Landvik;SN38140;20.11.2024 08:00;-0,4;71
Landvik;SN38140;20.11.2024 09:00;-0,5;71
Landvik;SN38140;20.11.2024 10:00;0,2;68
Landvik;SN38140;20.11.2024 11:00;1,7;58
Landvik;SN38140;20.11.2024 12:00;1,4;53
Landvik;SN38140;20.11.2024 13:00;1,3;50
Landvik;SN38140;20.11.2024 14:00;1,7;51
Landvik;SN38140;20.11.2024 15:00;1,3;52
Landvik;SN38140;20.11.2024 16:00;-0,3;62
Landvik;SN38140;20.11.2024 17:00;-2,5;75
Landvik;SN38140;20.11.2024 18:00;-2,2;77
Landvik;SN38140;20.11.2024 19:00;-1,8;78
Landvik;SN38140;20.11.2024 20:00;-2;80
Landvik;SN38140;20.11.2024 21:00;-3,3;83
Landvik;SN38140;20.11.2024 22:00;-4,7;85
Landvik;SN38140;20.11.2024 23:00;-4,3;83
Landvik;SN38140;21.11.2024 00:00;-4,6;82
Landvik;SN38140;21.11.2024 01:00;-5,3;83
Landvik;SN38140;21.11.2024 02:00;-5,4;84
Landvik;SN38140;21.11.2024 03:00;-5,4;82
Landvik;SN38140;21.11.2024 04:00;-5,8;84
Landvik;SN38140;21.11.2024 05:00;-6,5;86
Landvik;SN38140;21.11.2024 06:00;-7,1;87
Landvik;SN38140;21.11.2024 07:00;-6,8;86
Landvik;SN38140;21.11.2024 08:00;-7;85
Landvik;SN38140;21.11.2024 09:00;-7,2;86
Landvik;SN38140;21.11.2024 10:00;-6,5;84
Landvik;SN38140;21.11.2024 11:00;-3;71
Landvik;SN38140;21.11.2024 12:00;-0,5;58
Landvik;SN38140;21.11.2024 13:00;0,9;51
Landvik;SN38140;21.11.2024 14:00;1,8;43
Landvik;SN38140;21.11.2024 15:00;1,8;40
Landvik;SN38140;21.11.2024 16:00;-1,3;58
Landvik;SN38140;21.11.2024 17:00;-4,3;72
Landvik;SN38140;21.11.2024 18:00;-5,8;79
Landvik;SN38140;21.11.2024 19:00;-6,4;84
Landvik;SN38140;21.11.2024 20:00;-7,1;86
Landvik;SN38140;21.11.2024 21:00;-7,5;87
Landvik;SN38140;21.11.2024 22:00;-7,9;88
Landvik;SN38140;21.11.2024 23:00;-7,5;84
Landvik;SN38140;22.11.2024 00:00;-8,3;85
Landvik;SN38140;22.11.2024 01:00;-9;86
Landvik;SN38140;22.11.2024 02:00;-9;85
Landvik;SN38140;22.11.2024 03:00;-9,5;83
Landvik;SN38140;22.11.2024 04:00;-9,8;83
Landvik;SN38140;22.11.2024 05:00;-10,2;82
Landvik;SN38140;22.11.2024 06:00;-10,3;83
Landvik;SN38140;22.11.2024 07:00;-10,6;83
Landvik;SN38140;22.11.2024 08:00;-10,7;83
Landvik;SN38140;22.11.2024 09:00;-9,8;79
Landvik;SN38140;22.11.2024 10:00;-8,1;69
Landvik;SN38140;22.11.2024 11:00;-6,6;63
Landvik;SN38140;22.11.2024 12:00;-4,4;55
Landvik;SN38140;22.11.2024 13:00;-2,5;43
Landvik;SN38140;22.11.2024 14:00;-1,3;36
Landvik;SN38140;22.11.2024 15:00;-0,8;31
Landvik;SN38140;22.11.2024 16:00;-2,7;39
Landvik;SN38140;22.11.2024 17:00;-4,4;49
Landvik;SN38140;22.11.2024 18:00;-5,4;56
Landvik;SN38140;22.11.2024 19:00;-5,6;61
Landvik;SN38140;22.11.2024 20:00;-2,5;52
Landvik;SN38140;22.11.2024 21:00;-2,3;52
Landvik;SN38140;22.11.2024 22:00;-1,1;48
Landvik;SN38140;22.11.2024 23:00;-0,2;48
Landvik;SN38140;23.11.2024 00:00;-0,3;51
Landvik;SN38140;23.11.2024 01:00;0,1;52
Landvik;SN38140;23.11.2024 02:00;-0,5;57
Landvik;SN38140;23.11.2024 03:00;1;53
Landvik;SN38140;23.11.2024 04:00;1,3;51
Landvik;SN38140;23.11.2024 05:00;-0,1;57
Landvik;SN38140;23.11.2024 06:00;-3,3;71
Landvik;SN38140;23.11.2024 07:00;-1,5;67
Landvik;SN38140;23.11.2024 08:00;-2,2;68
Landvik;SN38140;23.11.2024 09:00;1,9;54
Landvik;SN38140;23.11.2024 10:00;2;58
Landvik;SN38140;23.11.2024 11:00;2,8;57
Landvik;SN38140;23.11.2024 12:00;3,2;57
Landvik;SN38140;23.11.2024 13:00;2,9;58
Landvik;SN38140;23.11.2024 14:00;2,8;60
Landvik;SN38140;23.11.2024 15:00;2;64
Landvik;SN38140;23.11.2024 16:00;-0,6;72
Landvik;SN38140;23.11.2024 17:00;-2,7;82
Landvik;SN38140;23.11.2024 18:00;-3,3;85
Landvik;SN38140;23.11.2024 19:00;-3;86
Landvik;SN38140;23.11.2024 20:00;-2;84
Landvik;SN38140;23.11.2024 21:00;-0,5;78
Landvik;SN38140;23.11.2024 22:00;1,4;72
Landvik;SN38140;23.11.2024 23:00;3,7;80
Landvik;SN38140;24.11.2024 00:00;4,7;84
Landvik;SN38140;24.11.2024 01:00;4,5;82
Landvik;SN38140;24.11.2024 02:00;4,4;86
Landvik;SN38140;24.11.2024 03:00;4,3;86
Landvik;SN38140;24.11.2024 04:00;4,5;85
Landvik;SN38140;24.11.2024 05:00;4,5;86
Landvik;SN38140;24.11.2024 06:00;4,8;85
Landvik;SN38140;24.11.2024 07:00;4,9;88
Landvik;SN38140;24.11.2024 08:00;4,9;91
Landvik;SN38140;24.11.2024 09:00;5,2;92
Landvik;SN38140;24.11.2024 10:00;5,7;93
Landvik;SN38140;24.11.2024 11:00;6,2;94
Landvik;SN38140;24.11.2024 12:00;6,6;95
Landvik;SN38140;24.11.2024 13:00;6,9;95
Landvik;SN38140;24.11.2024 14:00;6,9;95
Landvik;SN38140;24.11.2024 15:00;6,6;95
Landvik;SN38140;24.11.2024 16:00;9,3;96
Landvik;SN38140;24.11.2024 17:00;10;95
Landvik;SN38140;24.11.2024 18:00;10,4;95
Landvik;SN38140;24.11.2024 19:00;10,4;95
Landvik;SN38140;24.11.2024 20:00;10,6;94
Landvik;SN38140;24.11.2024 21:00;10;94
Landvik;SN38140;24.11.2024 22:00;9,9;95
Landvik;SN38140;24.11.2024 23:00;10,3;95
Landvik;SN38140;25.11.2024 00:00;9,8;95
Landvik;SN38140;25.11.2024 01:00;9,1;94
Landvik;SN38140;25.11.2024 02:00;7,5;94
Landvik;SN38140;25.11.2024 03:00;7,5;96
Landvik;SN38140;25.11.2024 04:00;7,2;96
Landvik;SN38140;25.11.2024 05:00;7,5;96
Landvik;SN38140;25.11.2024 06:00;7,9;96
Landvik;SN38140;25.11.2024 07:00;7,7;95
Landvik;SN38140;25.11.2024 08:00;9;94
Landvik;SN38140;25.11.2024 09:00;9,1;92
Landvik;SN38140;25.11.2024 10:00;9,1;91
Landvik;SN38140;25.11.2024 11:00;9;90
Landvik;SN38140;25.11.2024 12:00;9,2;91
Landvik;SN38140;25.11.2024 13:00;9,4;90
Landvik;SN38140;25.11.2024 14:00;9,4;88
Landvik;SN38140;25.11.2024 15:00;9,9;84
Landvik;SN38140;25.11.2024 16:00;9,5;83
Landvik;SN38140;25.11.2024 17:00;8,9;84
Landvik;SN38140;25.11.2024 18:00;8,8;83
Landvik;SN38140;25.11.2024 19:00;9,3;78
Landvik;SN38140;25.11.2024 20:00;8,9;77
Landvik;SN38140;25.11.2024 21:00;8,2;81
Landvik;SN38140;25.11.2024 22:00;8,4;77
Landvik;SN38140;25.11.2024 23:00;8,2;76
Landvik;SN38140;26.11.2024 00:00;7,8;80
Landvik;SN38140;26.11.2024 01:00;7,6;81
Landvik;SN38140;26.11.2024 02:00;8,2;78
Landvik;SN38140;26.11.2024 03:00;8,3;78
Landvik;SN38140;26.11.2024 04:00;8;85
Landvik;SN38140;26.11.2024 05:00;8,1;87
Landvik;SN38140;26.11.2024 06:00;8,2;88
Landvik;SN38140;26.11.2024 07:00;8,3;90
Landvik;SN38140;26.11.2024 08:00;8,4;90
Landvik;SN38140;26.11.2024 09:00;8,4;90
Landvik;SN38140;26.11.2024 10:00;8,3;89
Landvik;SN38140;26.11.2024 11:00;8,3;88
Landvik;SN38140;26.11.2024 12:00;8,8;86
Landvik;SN38140;26.11.2024 13:00;9,3;80
Landvik;SN38140;26.11.2024 14:00;9,3;77
Landvik;SN38140;26.11.2024 15:00;9,3;75
Landvik;SN38140;26.11.2024 16:00;8,1;78
Landvik;SN38140;26.11.2024 17:00;7,4;80
Landvik;SN38140;26.11.2024 18:00;6,9;83
Landvik;SN38140;26.11.2024 19:00;6,6;86
Landvik;SN38140;26.11.2024 20:00;6,2;86
Landvik;SN38140;26.11.2024 21:00;6,4;86
Landvik;SN38140;26.11.2024 22:00;5,9;87
Landvik;SN38140;26.11.2024 23:00;5,6;88
Landvik;SN38140;27.11.2024 00:00;5,2;88
Landvik;SN38140;27.11.2024 01:00;4;92
Landvik;SN38140;27.11.2024 02:00;4,2;93
Landvik;SN38140;27.11.2024 03:00;5,5;89
Landvik;SN38140;27.11.2024 04:00;5,1;88
Landvik;SN38140;27.11.2024 05:00;4,2;91
Landvik;SN38140;27.11.2024 06:00;3,2;93
Landvik;SN38140;27.11.2024 07:00;2,5;94
Landvik;SN38140;27.11.2024 08:00;2,9;95
Landvik;SN38140;27.11.2024 09:00;3,1;95
Landvik;SN38140;27.11.2024 10:00;4,3;91
Landvik;SN38140;27.11.2024 11:00;5,3;77
Landvik;SN38140;27.11.2024 12:00;5,5;75
Landvik;SN38140;27.11.2024 13:00;5,4;75
Landvik;SN38140;27.11.2024 14:00;5,2;73
Landvik;SN38140;27.11.2024 15:00;3,9;80
Landvik;SN38140;27.11.2024 16:00;2,9;86
Landvik;SN38140;27.11.2024 17:00;2,7;84
Landvik;SN38140;27.11.2024 18:00;2,2;86
Landvik;SN38140;27.11.2024 19:00;3,1;78
Landvik;SN38140;27.11.2024 20:00;3,1;79
Landvik;SN38140;27.11.2024 21:00;2,8;76
Landvik;SN38140;27.11.2024 22:00;2,7;76
Landvik;SN38140;27.11.2024 23:00;2,9;74
Landvik;SN38140;28.11.2024 00:00;2,7;76
Landvik;SN38140;28.11.2024 01:00;2,2;81
Landvik;SN38140;28.11.2024 02:00;2,5;76
Landvik;SN38140;28.11.2024 03:00;2,7;74
Landvik;SN38140;28.11.2024 04:00;2,9;72
Landvik;SN38140;28.11.2024 05:00;3;71
Landvik;SN38140;28.11.2024 06:00;3,3;70
Landvik;SN38140;28.11.2024 07:00;3,5;69
Landvik;SN38140;28.11.2024 08:00;3,1;68
Landvik;SN38140;28.11.2024 09:00;2,6;70
Landvik;SN38140;28.11.2024 10:00;2,8;70
Landvik;SN38140;28.11.2024 11:00;3,4;67
Landvik;SN38140;28.11.2024 12:00;4,6;61
Landvik;SN38140;28.11.2024 13:00;5;59
Landvik;SN38140;28.11.2024 14:00;5,3;58
Landvik;SN38140;28.11.2024 15:00;4,9;59
Landvik;SN38140;28.11.2024 16:00;2,1;74
Landvik;SN38140;28.11.2024 17:00;-0,5;86
Landvik;SN38140;28.11.2024 18:00;-1,4;90
Landvik;SN38140;28.11.2024 19:00;-2;92
Landvik;SN38140;28.11.2024 20:00;-2,5;93
Landvik;SN38140;28.11.2024 21:00;-2,9;94
Landvik;SN38140;28.11.2024 22:00;-3,2;94
Landvik;SN38140;28.11.2024 23:00;-3,3;94
Landvik;SN38140;29.11.2024 00:00;-3,5;94
Landvik;SN38140;29.11.2024 01:00;-2,4;95
Landvik;SN38140;29.11.2024 02:00;-2,2;95
Landvik;SN38140;29.11.2024 03:00;-2,9;95
Landvik;SN38140;29.11.2024 04:00;-3,2;95
Landvik;SN38140;29.11.2024 05:00;-3,2;95
Landvik;SN38140;29.11.2024 06:00;-0,6;96
Landvik;SN38140;29.11.2024 07:00;1,4;94
Landvik;SN38140;29.11.2024 08:00;2;91
Landvik;SN38140;29.11.2024 09:00;2;92
Landvik;SN38140;29.11.2024 10:00;2;93
Landvik;SN38140;29.11.2024 11:00;2,5;93
Landvik;SN38140;29.11.2024 12:00;3,1;93
Landvik;SN38140;29.11.2024 13:00;4,2;93
Landvik;SN38140;29.11.2024 14:00;6,4;85
Landvik;SN38140;29.11.2024 15:00;7,5;80
Landvik;SN38140;29.11.2024 16:00;7,6;80
Landvik;SN38140;29.11.2024 17:00;8;79
Landvik;SN38140;29.11.2024 18:00;7,8;81
Landvik;SN38140;29.11.2024 19:00;8,2;81
Landvik;SN38140;29.11.2024 20:00;8,4;80
Landvik;SN38140;29.11.2024 21:00;8,3;79
Landvik;SN38140;29.11.2024 22:00;8,2;79
Landvik;SN38140;29.11.2024 23:00;8;79
Landvik;SN38140;30.11.2024 00:00;8,2;82
Landvik;SN38140;30.11.2024 01:00;8,5;82
Landvik;SN38140;30.11.2024 02:00;8,5;80
Landvik;SN38140;30.11.2024 03:00;8,3;82
Landvik;SN38140;30.11.2024 04:00;8,5;82
Landvik;SN38140;30.11.2024 05:00;8,6;81
Landvik;SN38140;30.11.2024 06:00;8,7;78
Landvik;SN38140;30.11.2024 07:00;8,5;78
Landvik;SN38140;30.11.2024 08:00;8,4;81
Landvik;SN38140;30.11.2024 09:00;8,3;85
Landvik;SN38140;30.11.2024 10:00;8,3;90
Landvik;SN38140;30.11.2024 11:00;8,4;92
Landvik;SN38140;30.11.2024 12:00;8,4;93
Landvik;SN38140;30.11.2024 13:00;8,4;94
Landvik;SN38140;30.11.2024 14:00;8,8;94
Landvik;SN38140;30.11.2024 15:00;9,1;94
Landvik;SN38140;30.11.2024 16:00;9,2;94
Landvik;SN38140;30.11.2024 17:00;9;94
Landvik;SN38140;30.11.2024 18:00;9;94
Landvik;SN38140;30.11.2024 19:00;9;94
Landvik;SN38140;30.11.2024 20:00;9,3;94
Landvik;SN38140;30.11.2024 21:00;9,3;92
Landvik;SN38140;30.11.2024 22:00;9,4;93
Landvik;SN38140;30.11.2024 23:00;9,2;93
Landvik;SN38140;01.12.2024 00:00;9;92
Landvik;SN38140;01.12.2024 01:00;9,1;94
Landvik;SN38140;01.12.2024 02:00;9;95
Landvik;SN38140;01.12.2024 03:00;9,2;94
Landvik;SN38140;01.12.2024 04:00;8,6;94
Landvik;SN38140;01.12.2024 05:00;8,7;94
Landvik;SN38140;01.12.2024 06:00;8,7;95
Landvik;SN38140;01.12.2024 07:00;8,8;96
Landvik;SN38140;01.12.2024 08:00;9,4;96
Landvik;SN38140;01.12.2024 09:00;9,9;95
Landvik;SN38140;01.12.2024 10:00;9,8;95
Landvik;SN38140;01.12.2024 11:00;9,8;94
Landvik;SN38140;01.12.2024 12:00;9,8;94
Landvik;SN38140;01.12.2024 13:00;9,6;94
Landvik;SN38140;01.12.2024 14:00;9,4;94
Landvik;SN38140;01.12.2024 15:00;9,3;94
Landvik;SN38140;01.12.2024 16:00;9,4;93
Landvik;SN38140;01.12.2024 17:00;9,1;91
Landvik;SN38140;01.12.2024 18:00;9;90
Landvik;SN38140;01.12.2024 19:00;8,9;91
Landvik;SN38140;01.12.2024 20:00;8,7;91
Landvik;SN38140;01.12.2024 21:00;8,7;93
Landvik;SN38140;01.12.2024 22:00;8,3;93
Landvik;SN38140;01.12.2024 23:00;8,2;94
Landvik;SN38140;02.12.2024 00:00;8,5;94
Landvik;SN38140;02.12.2024 01:00;8,7;94
Landvik;SN38140;02.12.2024 02:00;8,9;95
Landvik;SN38140;02.12.2024 03:00;9,2;95
Landvik;SN38140;02.12.2024 04:00;9,1;95
Landvik;SN38140;02.12.2024 05:00;8,8;96
Landvik;SN38140;02.12.2024 06:00;8,9;96
Landvik;SN38140;02.12.2024 07:00;8,9;95
Landvik;SN38140;02.12.2024 08:00;9;96
Landvik;SN38140;02.12.2024 09:00;8,9;96
Landvik;SN38140;02.12.2024 10:00;8,9;96
Landvik;SN38140;02.12.2024 11:00;9,2;96
Landvik;SN38140;02.12.2024 12:00;9,6;96
Landvik;SN38140;02.12.2024 13:00;9,6;95
Landvik;SN38140;02.12.2024 14:00;9,6;95
Landvik;SN38140;02.12.2024 15:00;9,3;95
Landvik;SN38140;02.12.2024 16:00;9,1;96
Landvik;SN38140;02.12.2024 17:00;8,8;95
Landvik;SN38140;02.12.2024 18:00;8,2;95
Landvik;SN38140;02.12.2024 19:00;7,9;96
Landvik;SN38140;02.12.2024 20:00;7,1;96
Landvik;SN38140;02.12.2024 21:00;5,4;96
Landvik;SN38140;02.12.2024 22:00;5,4;97
Landvik;SN38140;02.12.2024 23:00;5,6;92
Landvik;SN38140;03.12.2024 00:00;4,5;87
Landvik;SN38140;03.12.2024 01:00;4,1;84
Landvik;SN38140;03.12.2024 02:00;3,9;79
Landvik;SN38140;03.12.2024 03:00;3,8;74
Landvik;SN38140;03.12.2024 04:00;3,7;71
Landvik;SN38140;03.12.2024 05:00;3,5;70
Landvik;SN38140;03.12.2024 06:00;3,1;69
Landvik;SN38140;03.12.2024 07:00;2,5;68
Landvik;SN38140;03.12.2024 08:00;2;67
Landvik;SN38140;03.12.2024 09:00;1,6;64
Landvik;SN38140;03.12.2024 10:00;1,4;59
Landvik;SN38140;03.12.2024 11:00;1,8;55
Landvik;SN38140;03.12.2024 12:00;2,1;51
Landvik;SN38140;03.12.2024 13:00;2,1;50
Landvik;SN38140;03.12.2024 14:00;2;50
Landvik;SN38140;03.12.2024 15:00;1,6;49
Landvik;SN38140;03.12.2024 16:00;0,9;49
Landvik;SN38140;03.12.2024 17:00;0,3;49
Landvik;SN38140;03.12.2024 18:00;-0,2;52
Landvik;SN38140;03.12.2024 19:00;-0,6;53
Landvik;SN38140;03.12.2024 20:00;-0,8;55
Landvik;SN38140;03.12.2024 21:00;-0,6;53
Landvik;SN38140;03.12.2024 22:00;-0,8;55
Landvik;SN38140;03.12.2024 23:00;-1,1;57
Landvik;SN38140;04.12.2024 00:00;-1,4;58
Landvik;SN38140;04.12.2024 01:00;-1,5;59
Landvik;SN38140;04.12.2024 02:00;-1,7;61
Landvik;SN38140;04.12.2024 03:00;-1,6;62
Landvik;SN38140;04.12.2024 04:00;-1,6;65
Landvik;SN38140;04.12.2024 05:00;-1,6;68
Landvik;SN38140;04.12.2024 06:00;-1,8;70
Landvik;SN38140;04.12.2024 07:00;-1,9;70
Landvik;SN38140;04.12.2024 08:00;-2;72
Landvik;SN38140;04.12.2024 09:00;-1,8;72
Landvik;SN38140;04.12.2024 10:00;-1,5;72
Landvik;SN38140;04.12.2024 11:00;-1;72
Landvik;SN38140;04.12.2024 12:00;-0,8;72
Landvik;SN38140;04.12.2024 13:00;-0,6;73
Landvik;SN38140;04.12.2024 14:00;-1,2;85
Landvik;SN38140;04.12.2024 15:00;-1,4;89
Landvik;SN38140;04.12.2024 16:00;-1,5;89
Landvik;SN38140;04.12.2024 17:00;-1,6;91
Landvik;SN38140;04.12.2024 18:00;-1,7;91
Landvik;SN38140;04.12.2024 19:00;-1,6;92
Landvik;SN38140;04.12.2024 20:00;-1,5;92
Landvik;SN38140;04.12.2024 21:00;-1,4;92
Landvik;SN38140;04.12.2024 22:00;-1;93
Landvik;SN38140;04.12.2024 23:00;0,1;93
Landvik;SN38140;05.12.2024 00:00;1,3;92
Landvik;SN38140;05.12.2024 01:00;3;88
Landvik;SN38140;05.12.2024 02:00;3,4;89
Landvik;SN38140;05.12.2024 03:00;3,7;85
Landvik;SN38140;05.12.2024 04:00;4,2;80
Landvik;SN38140;05.12.2024 05:00;4,3;82
Landvik;SN38140;05.12.2024 06:00;4,2;87
Landvik;SN38140;05.12.2024 07:00;4,3;87
Landvik;SN38140;05.12.2024 08:00;4,8;82
Landvik;SN38140;05.12.2024 09:00;4,9;80
Landvik;SN38140;05.12.2024 10:00;5;82
Landvik;SN38140;05.12.2024 11:00;5,1;80
Landvik;SN38140;05.12.2024 12:00;5,1;79
Landvik;SN38140;05.12.2024 13:00;5,3;79
Landvik;SN38140;05.12.2024 14:00;5,5;79
Landvik;SN38140;05.12.2024 15:00;5,7;80
Landvik;SN38140;05.12.2024 16:00;5,7;82
Landvik;SN38140;05.12.2024 17:00;5,6;85
Landvik;SN38140;05.12.2024 18:00;5,4;86
Landvik;SN38140;05.12.2024 19:00;5,1;86
Landvik;SN38140;05.12.2024 20:00;4,9;87
Landvik;SN38140;05.12.2024 21:00;4,7;87
Landvik;SN38140;05.12.2024 22:00;4,2;88
Landvik;SN38140;05.12.2024 23:00;4,6;89
Landvik;SN38140;06.12.2024 00:00;5,1;91
Landvik;SN38140;06.12.2024 01:00;5,2;92
Landvik;SN38140;06.12.2024 02:00;5,2;93
Landvik;SN38140;06.12.2024 03:00;5,2;93
Landvik;SN38140;06.12.2024 04:00;5,3;93
Landvik;SN38140;06.12.2024 05:00;5,3;93
Landvik;SN38140;06.12.2024 06:00;5,2;94
Landvik;SN38140;06.12.2024 07:00;5,2;94
Landvik;SN38140;06.12.2024 08:00;5,2;93
Landvik;SN38140;06.12.2024 09:00;5,2;92
Landvik;SN38140;06.12.2024 10:00;5,3;90
Landvik;SN38140;06.12.2024 11:00;5,1;92
Landvik;SN38140;06.12.2024 12:00;5,1;92
Landvik;SN38140;06.12.2024 13:00;4,8;92
Landvik;SN38140;06.12.2024 14:00;4,7;91
Landvik;SN38140;06.12.2024 15:00;4,7;91
Landvik;SN38140;06.12.2024 16:00;4,1;91
Landvik;SN38140;06.12.2024 17:00;3,2;91
Landvik;SN38140;06.12.2024 18:00;3,2;91
Landvik;SN38140;06.12.2024 19:00;3,1;91
Landvik;SN38140;06.12.2024 20:00;3,1;91
Landvik;SN38140;06.12.2024 21:00;3;92
Landvik;SN38140;06.12.2024 22:00;3;92
Landvik;SN38140;06.12.2024 23:00;3;92
Landvik;SN38140;07.12.2024 00:00;3,1;92
Landvik;SN38140;07.12.2024 01:00;3,1;92
Landvik;SN38140;07.12.2024 02:00;3,2;93
Landvik;SN38140;07.12.2024 03:00;3,4;93
Landvik;SN38140;07.12.2024 04:00;3,7;94
Landvik;SN38140;07.12.2024 05:00;4,3;93
Landvik;SN38140;07.12.2024 06:00;4,8;87
Landvik;SN38140;07.12.2024 07:00;5,2;84
Landvik;SN38140;07.12.2024 08:00;5,3;87
Landvik;SN38140;07.12.2024 09:00;4,9;92
Landvik;SN38140;07.12.2024 10:00;4,9;92
Landvik;SN38140;07.12.2024 11:00;4,9;91
Landvik;SN38140;07.12.2024 12:00;5;91
Landvik;SN38140;07.12.2024 13:00;5,2;91
Landvik;SN38140;07.12.2024 14:00;5,1;90
Landvik;SN38140;07.12.2024 15:00;5;89
Landvik;SN38140;07.12.2024 16:00;4,8;89
Landvik;SN38140;07.12.2024 17:00;4,7;89
Landvik;SN38140;07.12.2024 18:00;4,6;89
Landvik;SN38140;07.12.2024 19:00;4,6;89
Landvik;SN38140;07.12.2024 20:00;4,6;89
Landvik;SN38140;07.12.2024 21:00;3,2;90
Landvik;SN38140;07.12.2024 22:00;1,3;92
Landvik;SN38140;07.12.2024 23:00;1,1;92
Landvik;SN38140;08.12.2024 00:00;1,4;92
Landvik;SN38140;08.12.2024 01:00;2;92
Landvik;SN38140;08.12.2024 02:00;2,2;91
Landvik;SN38140;08.12.2024 03:00;2,3;91
Landvik;SN38140;08.12.2024 04:00;2,2;90
Landvik;SN38140;08.12.2024 05:00;2,2;90
Landvik;SN38140;08.12.2024 06:00;2,2;89
Landvik;SN38140;08.12.2024 07:00;2,3;89
Landvik;SN38140;08.12.2024 08:00;2,3;89
Landvik;SN38140;08.12.2024 09:00;2,3;89
Landvik;SN38140;08.12.2024 10:00;2,6;86
Landvik;SN38140;08.12.2024 11:00;2,9;85
Landvik;SN38140;08.12.2024 12:00;3,1;82
Landvik;SN38140;08.12.2024 13:00;3,3;81
Landvik;SN38140;08.12.2024 14:00;3,3;79
Landvik;SN38140;08.12.2024 15:00;2,9;80
Landvik;SN38140;08.12.2024 16:00;2,5;79
Landvik;SN38140;08.12.2024 17:00;2,1;79
Landvik;SN38140;08.12.2024 18:00;1,9;79
Landvik;SN38140;08.12.2024 19:00;1,7;80
Landvik;SN38140;08.12.2024 20:00;1,6;82
Landvik;SN38140;08.12.2024 21:00;1,9;80
Landvik;SN38140;08.12.2024 22:00;2,3;77
Landvik;SN38140;08.12.2024 23:00;2,9;76
Landvik;SN38140;09.12.2024 00:00;3,3;74
Landvik;SN38140;09.12.2024 01:00;3,3;73
Landvik;SN38140;09.12.2024 02:00;3,7;69
Landvik;SN38140;09.12.2024 03:00;4;66
Landvik;SN38140;09.12.2024 04:00;3,3;69
Landvik;SN38140;09.12.2024 05:00;3,1;68
Landvik;SN38140;09.12.2024 06:00;2,9;67
Landvik;SN38140;09.12.2024 07:00;2,6;67
Landvik;SN38140;09.12.2024 08:00;2,1;69
Landvik;SN38140;09.12.2024 09:00;1,7;69
Landvik;SN38140;09.12.2024 10:00;1,7;68
Landvik;SN38140;09.12.2024 11:00;2,1;66
Landvik;SN38140;09.12.2024 12:00;2,7;63
Landvik;SN38140;09.12.2024 13:00;3;62
Landvik;SN38140;09.12.2024 14:00;3;62
Landvik;SN38140;09.12.2024 15:00;2,6;63
Landvik;SN38140;09.12.2024 16:00;1,6;67
Landvik;SN38140;09.12.2024 17:00;0,6;71
Landvik;SN38140;09.12.2024 18:00;0,2;73
Landvik;SN38140;09.12.2024 19:00;0,1;72
Landvik;SN38140;09.12.2024 20:00;-0,1;72
Landvik;SN38140;09.12.2024 21:00;-1,5;80
Landvik;SN38140;09.12.2024 22:00;-2,2;82
Landvik;SN38140;09.12.2024 23:00;-3,2;88
Landvik;SN38140;10.12.2024 00:00;-3,4;89
Landvik;SN38140;10.12.2024 01:00;-3,9;90
Landvik;SN38140;10.12.2024 02:00;-4,5;91
Landvik;SN38140;10.12.2024 03:00;-4,9;92
Landvik;SN38140;10.12.2024 04:00;-5;92
Landvik;SN38140;10.12.2024 05:00;-5,3;93
Landvik;SN38140;10.12.2024 06:00;-5,4;93
Landvik;SN38140;10.12.2024 07:00;-5,7;93
Landvik;SN38140;10.12.2024 08:00;-5,9;93
Landvik;SN38140;10.12.2024 09:00;-6,1;92
Landvik;SN38140;10.12.2024 10:00;-6,2;92
Landvik;SN38140;10.12.2024 11:00;-4,7;94
Landvik;SN38140;10.12.2024 12:00;-2,6;88
Landvik;SN38140;10.12.2024 13:00;-0,5;76
Landvik;SN38140;10.12.2024 14:00;1,2;68
Landvik;SN38140;10.12.2024 15:00;0,3;77
Landvik;SN38140;10.12.2024 16:00;-1,2;85
Landvik;SN38140;10.12.2024 17:00;-2,4;90
Landvik;SN38140;10.12.2024 18:00;-3;90
Landvik;SN38140;10.12.2024 19:00;-3,2;91
Landvik;SN38140;10.12.2024 20:00;-3,3;91
Landvik;SN38140;10.12.2024 21:00;-3,7;92
Landvik;SN38140;10.12.2024 22:00;-4,1;92
Landvik;SN38140;10.12.2024 23:00;-4,1;93
Landvik;SN38140;11.12.2024 00:00;-3,2;94
Landvik;SN38140;11.12.2024 01:00;-3,6;93
Landvik;SN38140;11.12.2024 02:00;-3,6;94
Landvik;SN38140;11.12.2024 03:00;-3,6;94
Landvik;SN38140;11.12.2024 04:00;-3,9;94
Landvik;SN38140;11.12.2024 05:00;-3,9;94
Landvik;SN38140;11.12.2024 06:00;-4,1;94
Landvik;SN38140;11.12.2024 07:00;-3,7;94
Landvik;SN38140;11.12.2024 08:00;-3,9;94
Landvik;SN38140;11.12.2024 09:00;-4,1;94
Landvik;SN38140;11.12.2024 10:00;-3,7;94
Landvik;SN38140;11.12.2024 11:00;-2,6;95
Landvik;SN38140;11.12.2024 12:00;-0,9;95
Landvik;SN38140;11.12.2024 13:00;0,2;93
Landvik;SN38140;11.12.2024 14:00;1;89
Landvik;SN38140;11.12.2024 15:00;1,1;86
Landvik;SN38140;11.12.2024 16:00;1,2;87
Landvik;SN38140;11.12.2024 17:00;1,6;87
Landvik;SN38140;11.12.2024 18:00;1,8;84
Landvik;SN38140;11.12.2024 19:00;1,9;81
Landvik;SN38140;11.12.2024 20:00;1,8;77
Landvik;SN38140;11.12.2024 21:00;0,8;79
Landvik;SN38140;11.12.2024 22:00;-0,1;83
Landvik;SN38140;11.12.2024 23:00;-0,7;85
Landvik;SN38140;12.12.2024 00:00;-1,7;87
Landvik;SN38140;12.12.2024 01:00;-2,1;88
Landvik;SN38140;12.12.2024 02:00;-2,5;89
Landvik;SN38140;12.12.2024 03:00;-3,1;90
Landvik;SN38140;12.12.2024 04:00;-2,2;91
Landvik;SN38140;12.12.2024 05:00;-2,6;90
Landvik;SN38140;12.12.2024 06:00;-3,4;92
Landvik;SN38140;12.12.2024 07:00;-3,6;93
Landvik;SN38140;12.12.2024 08:00;-3,9;93
Landvik;SN38140;12.12.2024 09:00;-3,8;94
Landvik;SN38140;12.12.2024 10:00;-3,8;94
Landvik;SN38140;12.12.2024 11:00;-2,3;94
Landvik;SN38140;12.12.2024 12:00;0,4;77
Landvik;SN38140;12.12.2024 13:00;1,4;70
Landvik;SN38140;12.12.2024 14:00;1,9;69
Landvik;SN38140;12.12.2024 15:00;1,8;70
Landvik;SN38140;12.12.2024 16:00;0,9;74
Landvik;SN38140;12.12.2024 17:00;-1,1;82
Landvik;SN38140;12.12.2024 18:00;-1;81
Landvik;SN38140;12.12.2024 19:00;-1;80
Landvik;SN38140;12.12.2024 20:00;-1,7;85
Landvik;SN38140;12.12.2024 21:00;-2,5;86
Landvik;SN38140;12.12.2024 22:00;-3;89
Landvik;SN38140;12.12.2024 23:00;-3,8;90
Landvik;SN38140;13.12.2024 00:00;-4,3;91
Landvik;SN38140;13.12.2024 01:00;-4,1;91
Landvik;SN38140;13.12.2024 02:00;-3,9;92
Landvik;SN38140;13.12.2024 03:00;-4;92
Landvik;SN38140;13.12.2024 04:00;-3,6;93
Landvik;SN38140;13.12.2024 05:00;-2,4;93
Landvik;SN38140;13.12.2024 06:00;-1,9;92
Landvik;SN38140;13.12.2024 07:00;-1,4;93
Landvik;SN38140;13.12.2024 08:00;-0,8;93
Landvik;SN38140;13.12.2024 09:00;-0,3;93
Landvik;SN38140;13.12.2024 10:00;2,3;94
Landvik;SN38140;13.12.2024 11:00;3,2;94
Landvik;SN38140;13.12.2024 12:00;2,8;95
Landvik;SN38140;13.12.2024 13:00;3,2;96
Landvik;SN38140;13.12.2024 14:00;4;96
Landvik;SN38140;13.12.2024 15:00;5;95
Landvik;SN38140;13.12.2024 16:00;5,3;94
Landvik;SN38140;13.12.2024 17:00;5,6;94
Landvik;SN38140;13.12.2024 18:00;6,1;93
Landvik;SN38140;13.12.2024 19:00;6,4;92
Landvik;SN38140;13.12.2024 20:00;6,4;91
Landvik;SN38140;13.12.2024 21:00;6,4;89
Landvik;SN38140;13.12.2024 22:00;5,7;91
Landvik;SN38140;13.12.2024 23:00;4,9;93
Landvik;SN38140;14.12.2024 00:00;4,5;92
Landvik;SN38140;14.12.2024 01:00;3,9;93
Landvik;SN38140;14.12.2024 02:00;3,9;94
Landvik;SN38140;14.12.2024 03:00;4,3;92
Landvik;SN38140;14.12.2024 04:00;4,4;93
Landvik;SN38140;14.12.2024 05:00;5;93
Landvik;SN38140;14.12.2024 06:00;5,4;92
Landvik;SN38140;14.12.2024 07:00;5,3;87
Landvik;SN38140;14.12.2024 08:00;4,4;88
Landvik;SN38140;14.12.2024 09:00;3,6;87
Landvik;SN38140;14.12.2024 10:00;3,4;84
Landvik;SN38140;14.12.2024 11:00;4,7;74
Landvik;SN38140;14.12.2024 12:00;5;70
Landvik;SN38140;14.12.2024 13:00;5,1;65
Landvik;SN38140;14.12.2024 14:00;5,6;55
Landvik;SN38140;14.12.2024 15:00;5,4;54
Landvik;SN38140;14.12.2024 16:00;4,4;58
Landvik;SN38140;14.12.2024 17:00;4;61
Landvik;SN38140;14.12.2024 18:00;4,1;59
Landvik;SN38140;14.12.2024 19:00;4;59
Landvik;SN38140;14.12.2024 20:00;3,7;62
Landvik;SN38140;14.12.2024 21:00;3,7;62
Landvik;SN38140;14.12.2024 22:00;3,5;64
Landvik;SN38140;14.12.2024 23:00;3,4;65
Landvik;SN38140;15.12.2024 00:00;3,5;63
Landvik;SN38140;15.12.2024 01:00;2,9;67
Landvik;SN38140;15.12.2024 02:00;1,9;71
Landvik;SN38140;15.12.2024 03:00;1,4;75
Landvik;SN38140;15.12.2024 04:00;1,9;73
Landvik;SN38140;15.12.2024 05:00;2,9;69
Landvik;SN38140;15.12.2024 06:00;3,4;71
Landvik;SN38140;15.12.2024 07:00;3,9;70
Landvik;SN38140;15.12.2024 08:00;3,6;73
Landvik;SN38140;15.12.2024 09:00;2,5;86
Landvik;SN38140;15.12.2024 10:00;1,8;92
Landvik;SN38140;15.12.2024 11:00;2;94
Landvik;SN38140;15.12.2024 12:00;2,5;95
Landvik;SN38140;15.12.2024 13:00;4,2;96
Landvik;SN38140;15.12.2024 14:00;7,4;94
Landvik;SN38140;15.12.2024 15:00;7;92
Landvik;SN38140;15.12.2024 16:00;6,6;94
Landvik;SN38140;15.12.2024 17:00;10,2;75
Landvik;SN38140;15.12.2024 18:00;11,1;69
Landvik;SN38140;15.12.2024 19:00;11,6;69
Landvik;SN38140;15.12.2024 20:00;11,8;69
Landvik;SN38140;15.12.2024 21:00;11,7;73
Landvik;SN38140;15.12.2024 22:00;11,4;77
Landvik;SN38140;15.12.2024 23:00;11,9;74
Landvik;SN38140;16.12.2024 00:00;11,7;75
Landvik;SN38140;16.12.2024 01:00;9,8;67
Landvik;SN38140;16.12.2024 02:00;9,1;60
Landvik;SN38140;16.12.2024 03:00;8,6;54
Landvik;SN38140;16.12.2024 04:00;7,9;56
Landvik;SN38140;16.12.2024 05:00;7,8;54
Landvik;SN38140;16.12.2024 06:00;7,4;51
Landvik;SN38140;16.12.2024 07:00;6,8;58
Landvik;SN38140;16.12.2024 08:00;6,1;67
Landvik;SN38140;16.12.2024 09:00;5,7;71
Landvik;SN38140;16.12.2024 10:00;5,6;69
Landvik;SN38140;16.12.2024 11:00;6,7;65
Landvik;SN38140;16.12.2024 12:00;7,3;64
Landvik;SN38140;16.12.2024 13:00;7,7;65
Landvik;SN38140;16.12.2024 14:00;7,8;61
Landvik;SN38140;16.12.2024 15:00;8;62
Landvik;SN38140;16.12.2024 16:00;7,7;64
Landvik;SN38140;16.12.2024 17:00;7,6;65
Landvik;SN38140;16.12.2024 18:00;7,3;70
Landvik;SN38140;16.12.2024 19:00;6,9;73
Landvik;SN38140;16.12.2024 20:00;6,5;76
Landvik;SN38140;16.12.2024 21:00;6,7;76
Landvik;SN38140;16.12.2024 22:00;6,9;71
Landvik;SN38140;16.12.2024 23:00;6,7;72
Landvik;SN38140;17.12.2024 00:00;6,6;73
Landvik;SN38140;17.12.2024 01:00;6,6;71
Landvik;SN38140;17.12.2024 02:00;5,8;73
Landvik;SN38140;17.12.2024 03:00;5,3;75
Landvik;SN38140;17.12.2024 04:00;3,1;82
Landvik;SN38140;17.12.2024 05:00;0,6;91
Landvik;SN38140;17.12.2024 06:00;0,1;92
Landvik;SN38140;17.12.2024 07:00;1,6;92
Landvik;SN38140;17.12.2024 08:00;1;91
Landvik;SN38140;17.12.2024 09:00;-0,6;93
Landvik;SN38140;17.12.2024 10:00;-0,2;95
Landvik;SN38140;17.12.2024 11:00;2,3;94
Landvik;SN38140;17.12.2024 12:00;4,6;84
Landvik;SN38140;17.12.2024 13:00;5,6;78
Landvik;SN38140;17.12.2024 14:00;5,3;78
Landvik;SN38140;17.12.2024 15:00;4,8;83
Landvik;SN38140;17.12.2024 16:00;4,6;83
Landvik;SN38140;17.12.2024 17:00;2,4;90
Landvik;SN38140;17.12.2024 18:00;2;93
Landvik;SN38140;17.12.2024 19:00;1,9;94
Landvik;SN38140;17.12.2024 20:00;1,8;94
Landvik;SN38140;17.12.2024 21:00;1,3;95
Landvik;SN38140;17.12.2024 22:00;1,8;96
Landvik;SN38140;17.12.2024 23:00;2,2;95
Landvik;SN38140;18.12.2024 00:00;2,3;95
Landvik;SN38140;18.12.2024 01:00;2,5;96
Landvik;SN38140;18.12.2024 02:00;3,7;96
Landvik;SN38140;18.12.2024 03:00;7,7;96
Landvik;SN38140;18.12.2024 04:00;8;94
Landvik;SN38140;18.12.2024 05:00;8;94
Landvik;SN38140;18.12.2024 06:00;7,9;94
Landvik;SN38140;18.12.2024 07:00;7,8;94
Landvik;SN38140;18.12.2024 08:00;7,8;94
Landvik;SN38140;18.12.2024 09:00;8;94
Landvik;SN38140;18.12.2024 10:00;8,2;94
Landvik;SN38140;18.12.2024 11:00;8,8;94
Landvik;SN38140;18.12.2024 12:00;8,9;94
Landvik;SN38140;18.12.2024 13:00;9,1;94
Landvik;SN38140;18.12.2024 14:00;9,3;95
Landvik;SN38140;18.12.2024 15:00;9,5;94
Landvik;SN38140;18.12.2024 16:00;9,6;94
Landvik;SN38140;18.12.2024 17:00;9,5;95
Landvik;SN38140;18.12.2024 18:00;9,7;94
Landvik;SN38140;18.12.2024 19:00;8,7;94
Landvik;SN38140;18.12.2024 20:00;9,3;91
Landvik;SN38140;18.12.2024 21:00;9,5;81
Landvik;SN38140;18.12.2024 22:00;8,6;79
Landvik;SN38140;18.12.2024 23:00;8,6;77
Landvik;SN38140;19.12.2024 00:00;8,1;72
Landvik;SN38140;19.12.2024 01:00;7,4;71
Landvik;SN38140;19.12.2024 02:00;6,8;73
Landvik;SN38140;19.12.2024 03:00;6,7;73
Landvik;SN38140;19.12.2024 04:00;6,3;74
Landvik;SN38140;19.12.2024 05:00;4,7;80
Landvik;SN38140;19.12.2024 06:00;3,5;87
Landvik;SN38140;19.12.2024 07:00;3,9;86
Landvik;SN38140;19.12.2024 08:00;2,3;91
Landvik;SN38140;19.12.2024 09:00;2,4;93
Landvik;SN38140;19.12.2024 10:00;2,7;91
Landvik;SN38140;19.12.2024 11:00;2,1;91
Landvik;SN38140;19.12.2024 12:00;3,7;82
Landvik;SN38140;19.12.2024 13:00;4;80
Landvik;SN38140;19.12.2024 14:00;5,1;75
Landvik;SN38140;19.12.2024 15:00;5,2;74
Landvik;SN38140;19.12.2024 16:00;4,6;76
Landvik;SN38140;19.12.2024 17:00;4,2;79
Landvik;SN38140;19.12.2024 18:00;4,4;77
Landvik;SN38140;19.12.2024 19:00;4,5;75
Landvik;SN38140;19.12.2024 20:00;5;68
Landvik;SN38140;19.12.2024 21:00;6,5;54
Landvik;SN38140;19.12.2024 22:00;6,8;48
Landvik;SN38140;19.12.2024 23:00;6,3;49
Landvik;SN38140;20.12.2024 00:00;6;49
Landvik;SN38140;20.12.2024 01:00;5,5;48
Landvik;SN38140;20.12.2024 02:00;5,1;45
Landvik;SN38140;20.12.2024 03:00;4,7;45
Landvik;SN38140;20.12.2024 04:00;4,5;47
Landvik;SN38140;20.12.2024 05:00;4,5;44
Landvik;SN38140;20.12.2024 06:00;4,4;42
Landvik;SN38140;20.12.2024 07:00;4,3;42
Landvik;SN38140;20.12.2024 08:00;3,9;45
Landvik;SN38140;20.12.2024 09:00;3,7;46
Landvik;SN38140;20.12.2024 10:00;4,1;49
Landvik;SN38140;20.12.2024 11:00;4,2;49
Landvik;SN38140;20.12.2024 12:00;4,3;49
Landvik;SN38140;20.12.2024 13:00;4,4;49
Landvik;SN38140;20.12.2024 14:00;4,7;47
Landvik;SN38140;20.12.2024 15:00;4,3;49
Landvik;SN38140;20.12.2024 16:00;3,2;56
Landvik;SN38140;20.12.2024 17:00;0,2;74
Landvik;SN38140;20.12.2024 18:00;-1,3;85
Landvik;SN38140;20.12.2024 19:00;-0,9;86
Landvik;SN38140;20.12.2024 20:00;0,1;83
Landvik;SN38140;20.12.2024 21:00;0,8;85
Landvik;SN38140;20.12.2024 22:00;1;92
Landvik;SN38140;20.12.2024 23:00;4,2;95
Landvik;SN38140;21.12.2024 00:00;6,5;91
Landvik;SN38140;21.12.2024 01:00;4,9;92
Landvik;SN38140;21.12.2024 02:00;2,4;94
Landvik;SN38140;21.12.2024 03:00;1,6;95
Landvik;SN38140;21.12.2024 04:00;0,9;96
Landvik;SN38140;21.12.2024 05:00;0,5;96
Landvik;SN38140;21.12.2024 06:00;0,5;97
Landvik;SN38140;21.12.2024 07:00;1;97
Landvik;SN38140;21.12.2024 08:00;2;97
Landvik;SN38140;21.12.2024 09:00;3,8;97
Landvik;SN38140;21.12.2024 10:00;3,9;95
Landvik;SN38140;21.12.2024 11:00;4,1;96
Landvik;SN38140;21.12.2024 12:00;5,6;90
Landvik;SN38140;21.12.2024 13:00;5,9;88
Landvik;SN38140;21.12.2024 14:00;5,8;89
Landvik;SN38140;21.12.2024 15:00;6,6;90
Landvik;SN38140;21.12.2024 16:00;6,8;92
Landvik;SN38140;21.12.2024 17:00;7,3;93
Landvik;SN38140;21.12.2024 18:00;7,7;91
Landvik;SN38140;21.12.2024 19:00;7,3;86
Landvik;SN38140;21.12.2024 20:00;6;84
Landvik;SN38140;21.12.2024 21:00;5;90
Landvik;SN38140;21.12.2024 22:00;4,3;89
Landvik;SN38140;21.12.2024 23:00;4,6;90
Landvik;SN38140;22.12.2024 00:00;5,2;86
Landvik;SN38140;22.12.2024 01:00;5,4;85
Landvik;SN38140;22.12.2024 02:00;5;84
Landvik;SN38140;22.12.2024 03:00;4,9;83
Landvik;SN38140;22.12.2024 04:00;5,1;81
Landvik;SN38140;22.12.2024 05:00;4,8;82
Landvik;SN38140;22.12.2024 06:00;3,7;87
Landvik;SN38140;22.12.2024 07:00;3,8;82
Landvik;SN38140;22.12.2024 08:00;3;87
Landvik;SN38140;22.12.2024 09:00;2,4;87
Landvik;SN38140;22.12.2024 10:00;3,4;87
Landvik;SN38140;22.12.2024 11:00;4,3;87
Landvik;SN38140;22.12.2024 12:00;5,4;84
Landvik;SN38140;22.12.2024 13:00;5,7;82
Landvik;SN38140;22.12.2024 14:00;5,6;83
Landvik;SN38140;22.12.2024 15:00;5,5;85
Landvik;SN38140;22.12.2024 16:00;4,5;88
Landvik;SN38140;22.12.2024 17:00;3,8;90
Landvik;SN38140;22.12.2024 18:00;3,1;91
Landvik;SN38140;22.12.2024 19:00;2,8;94
Landvik;SN38140;22.12.2024 20:00;2,7;94
Landvik;SN38140;22.12.2024 21:00;1,7;95
Landvik;SN38140;22.12.2024 22:00;2,4;96
Landvik;SN38140;22.12.2024 23:00;3,9;95
Landvik;SN38140;23.12.2024 00:00;3,5;94
Landvik;SN38140;23.12.2024 01:00;3,2;92
Landvik;SN38140;23.12.2024 02:00;2,9;91
Landvik;SN38140;23.12.2024 03:00;1,2;93
Landvik;SN38140;23.12.2024 04:00;0,7;94
Landvik;SN38140;23.12.2024 05:00;-0,2;95
Landvik;SN38140;23.12.2024 06:00;-0,7;96
Landvik;SN38140;23.12.2024 07:00;-0,4;96
Landvik;SN38140;23.12.2024 08:00;-0,3;96
Landvik;SN38140;23.12.2024 09:00;-0,2;95
Landvik;SN38140;23.12.2024 10:00;1,1;87
Landvik;SN38140;23.12.2024 11:00;3,7;59
Landvik;SN38140;23.12.2024 12:00;4,4;51
Landvik;SN38140;23.12.2024 13:00;4,8;48
Landvik;SN38140;23.12.2024 14:00;5,2;47
Landvik;SN38140;23.12.2024 15:00;4,2;52
Landvik;SN38140;23.12.2024 16:00;3,1;58
Landvik;SN38140;23.12.2024 17:00;2,4;59
Landvik;SN38140;23.12.2024 18:00;2,5;56
Landvik;SN38140;23.12.2024 19:00;0,6;68
Landvik;SN38140;23.12.2024 20:00;-0,3;73
Landvik;SN38140;23.12.2024 21:00;-1,7;79
Landvik;SN38140;23.12.2024 22:00;-2,7;87
Landvik;SN38140;23.12.2024 23:00;-3,2;89
Landvik;SN38140;24.12.2024 00:00;-3,5;91
Landvik;SN38140;24.12.2024 01:00;-3,2;92
Landvik;SN38140;24.12.2024 02:00;-2,5;92
Landvik;SN38140;24.12.2024 03:00;-2,3;91
Landvik;SN38140;24.12.2024 04:00;-1,9;92
Landvik;SN38140;24.12.2024 05:00;-1,5;92
Landvik;SN38140;24.12.2024 06:00;-1,1;90
Landvik;SN38140;24.12.2024 07:00;-0,8;90
Landvik;SN38140;24.12.2024 08:00;-0,3;90
Landvik;SN38140;24.12.2024 09:00;0,1;92
Landvik;SN38140;24.12.2024 10:00;0,2;93
Landvik;SN38140;24.12.2024 11:00;0,3;94
Landvik;SN38140;24.12.2024 12:00;1,5;96
Landvik;SN38140;24.12.2024 13:00;2,5;96
Landvik;SN38140;24.12.2024 14:00;4,8;97
Landvik;SN38140;24.12.2024 15:00;5,6;96
Landvik;SN38140;24.12.2024 16:00;5,9;97
Landvik;SN38140;24.12.2024 17:00;6,4;97
Landvik;SN38140;24.12.2024 18:00;6,8;97
Landvik;SN38140;24.12.2024 19:00;6,8;97
Landvik;SN38140;24.12.2024 20:00;7;97
Landvik;SN38140;24.12.2024 21:00;7,5;97
Landvik;SN38140;24.12.2024 22:00;7,6;97
Landvik;SN38140;24.12.2024 23:00;7,7;96
Landvik;SN38140;25.12.2024 00:00;7,9;96
Landvik;SN38140;25.12.2024 01:00;7,9;96
Landvik;SN38140;25.12.2024 02:00;7,9;95
Landvik;SN38140;25.12.2024 03:00;7,7;95
Landvik;SN38140;25.12.2024 04:00;7,5;95
Landvik;SN38140;25.12.2024 05:00;7,3;96
Landvik;SN38140;25.12.2024 06:00;7,6;97
Landvik;SN38140;25.12.2024 07:00;7,6;97
Landvik;SN38140;25.12.2024 08:00;7,6;97
Landvik;SN38140;25.12.2024 09:00;7,1;97
Landvik;SN38140;25.12.2024 10:00;6,5;97
Landvik;SN38140;25.12.2024 11:00;6,9;97
Landvik;SN38140;25.12.2024 12:00;7,5;97
Landvik;SN38140;25.12.2024 13:00;7,7;96
Landvik;SN38140;25.12.2024 14:00;8,7;96
Landvik;SN38140;25.12.2024 15:00;9,4;94
Landvik;SN38140;25.12.2024 16:00;9,4;91
Landvik;SN38140;25.12.2024 17:00;9,2;91
Landvik;SN38140;25.12.2024 18:00;9,1;90
Landvik;SN38140;25.12.2024 19:00;9;90
Landvik;SN38140;25.12.2024 20:00;9,1;89
Landvik;SN38140;25.12.2024 21:00;9,1;89
Landvik;SN38140;25.12.2024 22:00;9,2;88
Landvik;SN38140;25.12.2024 23:00;9,2;87
Landvik;SN38140;26.12.2024 00:00;9;87
Landvik;SN38140;26.12.2024 01:00;8,7;89
Landvik;SN38140;26.12.2024 02:00;8,7;90
Landvik;SN38140;26.12.2024 03:00;8,7;88
Landvik;SN38140;26.12.2024 04:00;8,1;89
Landvik;SN38140;26.12.2024 05:00;7,6;91
Landvik;SN38140;26.12.2024 06:00;8,2;88
Landvik;SN38140;26.12.2024 07:00;7,8;89
Landvik;SN38140;26.12.2024 08:00;7,5;91
Landvik;SN38140;26.12.2024 09:00;6,6;92
Landvik;SN38140;26.12.2024 10:00;6;94
Landvik;SN38140;26.12.2024 11:00;7,7;92
Landvik;SN38140;26.12.2024 12:00;8,8;88
Landvik;SN38140;26.12.2024 13:00;9,1;87
Landvik;SN38140;26.12.2024 14:00;9,2;86
Landvik;SN38140;26.12.2024 15:00;9,1;86
Landvik;SN38140;26.12.2024 16:00;8,8;88
Landvik;SN38140;26.12.2024 17:00;8,9;89
Landvik;SN38140;26.12.2024 18:00;8,8;91
Landvik;SN38140;26.12.2024 19:00;8,6;90
Landvik;SN38140;26.12.2024 20:00;8,4;91
Landvik;SN38140;26.12.2024 21:00;8,3;91
Landvik;SN38140;26.12.2024 22:00;8,5;91
Landvik;SN38140;26.12.2024 23:00;8,3;92
Landvik;SN38140;27.12.2024 00:00;7,8;91
Landvik;SN38140;27.12.2024 01:00;7,7;93
Landvik;SN38140;27.12.2024 02:00;9;84
Landvik;SN38140;27.12.2024 03:00;7,1;88
Landvik;SN38140;27.12.2024 04:00;5,8;93
Landvik;SN38140;27.12.2024 05:00;5,3;95
Landvik;SN38140;27.12.2024 06:00;5;95
Landvik;SN38140;27.12.2024 07:00;4,8;96
Landvik;SN38140;27.12.2024 08:00;4,9;96
Landvik;SN38140;27.12.2024 09:00;4,7;96
Landvik;SN38140;27.12.2024 10:00;4,5;96
Landvik;SN38140;27.12.2024 11:00;4,8;96
Landvik;SN38140;27.12.2024 12:00;5,3;96
Landvik;SN38140;27.12.2024 13:00;5,6;96
Landvik;SN38140;27.12.2024 14:00;5,7;94
Landvik;SN38140;27.12.2024 15:00;6,1;94
Landvik;SN38140;27.12.2024 16:00;6,5;94
Landvik;SN38140;27.12.2024 17:00;6,3;95
Landvik;SN38140;27.12.2024 18:00;6,7;95
Landvik;SN38140;27.12.2024 19:00;6,5;95
Landvik;SN38140;27.12.2024 20:00;6,3;95
Landvik;SN38140;27.12.2024 21:00;6,4;93
Landvik;SN38140;27.12.2024 22:00;6,2;92
Landvik;SN38140;27.12.2024 23:00;5,9;92
Landvik;SN38140;28.12.2024 00:00;5,9;92
Landvik;SN38140;28.12.2024 01:00;5,9;91
Landvik;SN38140;28.12.2024 02:00;5,8;91
Landvik;SN38140;28.12.2024 03:00;5,5;92
Landvik;SN38140;28.12.2024 04:00;5;92
Landvik;SN38140;28.12.2024 05:00;4,8;94
Landvik;SN38140;28.12.2024 06:00;4,2;94
Landvik;SN38140;28.12.2024 07:00;4,4;96
Landvik;SN38140;28.12.2024 08:00;5,5;95
Landvik;SN38140;28.12.2024 09:00;6;94
Landvik;SN38140;28.12.2024 10:00;6,4;92
Landvik;SN38140;28.12.2024 11:00;6,6;91
Landvik;SN38140;28.12.2024 12:00;7,1;90
Landvik;SN38140;28.12.2024 13:00;7,4;88
Landvik;SN38140;28.12.2024 14:00;7,2;90
Landvik;SN38140;28.12.2024 15:00;7;92
Landvik;SN38140;28.12.2024 16:00;7;92
Landvik;SN38140;28.12.2024 17:00;6,9;94
Landvik;SN38140;28.12.2024 18:00;7,2;92
Landvik;SN38140;28.12.2024 19:00;7,1;91
Landvik;SN38140;28.12.2024 20:00;7;92
Landvik;SN38140;28.12.2024 21:00;7,1;91
Landvik;SN38140;28.12.2024 22:00;7,2;90
Landvik;SN38140;28.12.2024 23:00;7,5;89
Landvik;SN38140;29.12.2024 00:00;7,6;89
Landvik;SN38140;29.12.2024 01:00;7,9;88
Landvik;SN38140;29.12.2024 02:00;7,9;91
Landvik;SN38140;29.12.2024 03:00;7,9;90
Landvik;SN38140;29.12.2024 04:00;6,6;91
Landvik;SN38140;29.12.2024 05:00;4,7;94
Landvik;SN38140;29.12.2024 06:00;5,6;93
Landvik;SN38140;29.12.2024 07:00;5,9;90
Landvik;SN38140;29.12.2024 08:00;6,2;89
Landvik;SN38140;29.12.2024 09:00;7;82
Landvik;SN38140;29.12.2024 10:00;7,8;77
Landvik;SN38140;29.12.2024 11:00;8,3;78
Landvik;SN38140;29.12.2024 12:00;9,2;72
Landvik;SN38140;29.12.2024 13:00;9,5;69
Landvik;SN38140;29.12.2024 14:00;9,5;71
Landvik;SN38140;29.12.2024 15:00;9,2;76
Landvik;SN38140;29.12.2024 16:00;8,9;81
Landvik;SN38140;29.12.2024 17:00;8,8;84
Landvik;SN38140;29.12.2024 18:00;8,7;86
Landvik;SN38140;29.12.2024 19:00;8,9;86
Landvik;SN38140;29.12.2024 20:00;9,5;81
Landvik;SN38140;29.12.2024 21:00;9,7;78
Landvik;SN38140;29.12.2024 22:00;9,9;77
Landvik;SN38140;29.12.2024 23:00;9,5;76
Landvik;SN38140;30.12.2024 00:00;8,9;75
Landvik;SN38140;30.12.2024 01:00;9;74
Landvik;SN38140;30.12.2024 02:00;8,9;70
Landvik;SN38140;30.12.2024 03:00;8,4;72
Landvik;SN38140;30.12.2024 04:00;7,8;73
Landvik;SN38140;30.12.2024 05:00;5,6;64
Landvik;SN38140;30.12.2024 06:00;4,4;66
Landvik;SN38140;30.12.2024 07:00;4,3;62
Landvik;SN38140;30.12.2024 08:00;3,4;72
Landvik;SN38140;30.12.2024 09:00;2,8;78
Landvik;SN38140;30.12.2024 10:00;2,4;83
Landvik;SN38140;30.12.2024 11:00;2,8;80
Landvik;SN38140;30.12.2024 12:00;3,5;73
Landvik;SN38140;30.12.2024 13:00;3,8;69
Landvik;SN38140;30.12.2024 14:00;3,9;68
Landvik;SN38140;30.12.2024 15:00;3,8;68
Landvik;SN38140;30.12.2024 16:00;3,6;65
Landvik;SN38140;30.12.2024 17:00;2,5;76
Landvik;SN38140;30.12.2024 18:00;2,1;80
Landvik;SN38140;30.12.2024 19:00;2,2;72
Landvik;SN38140;30.12.2024 20:00;1,8;73
Landvik;SN38140;30.12.2024 21:00;1,7;70
Landvik;SN38140;30.12.2024 22:00;-0,2;80
Landvik;SN38140;30.12.2024 23:00;-0,8;82
Landvik;SN38140;31.12.2024 00:00;0,4;70
Landvik;SN38140;31.12.2024 01:00;-1,1;81
Landvik;SN38140;31.12.2024 02:00;-1,5;84
Landvik;SN38140;31.12.2024 03:00;-1,8;87
Landvik;SN38140;31.12.2024 04:00;-1,5;88
Landvik;SN38140;31.12.2024 05:00;-0,8;85
Landvik;SN38140;31.12.2024 06:00;-0,4;80
Landvik;SN38140;31.12.2024 07:00;0,1;71
Landvik;SN38140;31.12.2024 08:00;0,6;66
Landvik;SN38140;31.12.2024 09:00;0,5;68
Landvik;SN38140;31.12.2024 10:00;0,5;69
Landvik;SN38140;31.12.2024 11:00;0,4;74
Landvik;SN38140;31.12.2024 12:00;0,4;78
Landvik;SN38140;31.12.2024 13:00;1;77
Landvik;SN38140;31.12.2024 14:00;0,5;91
Landvik;SN38140;31.12.2024 15:00;0,5;93
Landvik;SN38140;31.12.2024 16:00;0,7;94
Landvik;SN38140;31.12.2024 17:00;0,7;94
Landvik;SN38140;31.12.2024 18:00;0,8;93
Landvik;SN38140;31.12.2024 19:00;0,8;93
Landvik;SN38140;31.12.2024 20:00;0,9;93
Landvik;SN38140;31.12.2024 21:00;0,9;92
Landvik;SN38140;31.12.2024 22:00;0,7;92
Landvik;SN38140;31.12.2024 23:00;-0,1;90
Landvik;SN38140;01.01.2025 00:00;-0,7;89
Landvik;SN38140;01.01.2025 01:00;-0,9;89
Landvik;SN38140;01.01.2025 02:00;-1;90
Landvik;SN38140;01.01.2025 03:00;-1,1;89
Landvik;SN38140;01.01.2025 04:00;-1,2;89
Landvik;SN38140;01.01.2025 05:00;-1,3;89
Landvik;SN38140;01.01.2025 06:00;-1,4;89
Landvik;SN38140;01.01.2025 07:00;-1,5;90
Landvik;SN38140;01.01.2025 08:00;-1,5;90
Landvik;SN38140;01.01.2025 09:00;-1,7;90
Landvik;SN38140;01.01.2025 10:00;-2,1;89
Landvik;SN38140;01.01.2025 11:00;-2,5;89
Landvik;SN38140;01.01.2025 12:00;-2,9;91
Landvik;SN38140;01.01.2025 13:00;-3,2;91
Landvik;SN38140;01.01.2025 14:00;-3,3;89
Landvik;SN38140;01.01.2025 15:00;-3,7;89
Landvik;SN38140;01.01.2025 16:00;-3,6;86
Landvik;SN38140;01.01.2025 17:00;-3,5;86
Landvik;SN38140;01.01.2025 18:00;-3,5;85
Landvik;SN38140;01.01.2025 19:00;-3,5;83
Landvik;SN38140;01.01.2025 20:00;-3,6;81
Landvik;SN38140;01.01.2025 21:00;-3,6;79
Landvik;SN38140;01.01.2025 22:00;-3,4;78
Landvik;SN38140;01.01.2025 23:00;-3,6;82
Landvik;SN38140;02.01.2025 00:00;-3,5;83
Landvik;SN38140;02.01.2025 01:00;-3,2;79
Landvik;SN38140;02.01.2025 02:00;-2,9;75
Landvik;SN38140;02.01.2025 03:00;-3,5;74
Landvik;SN38140;02.01.2025 04:00;-4;72
Landvik;SN38140;02.01.2025 05:00;-4,5;70
Landvik;SN38140;02.01.2025 06:00;-8;84
Landvik;SN38140;02.01.2025 07:00;-9,2;89
Landvik;SN38140;02.01.2025 08:00;-10,1;90
Landvik;SN38140;02.01.2025 09:00;-10,8;88
Landvik;SN38140;02.01.2025 10:00;-10,2;89
Landvik;SN38140;02.01.2025 11:00;-9,1;90
Landvik;SN38140;02.01.2025 12:00;-6,5;89
Landvik;SN38140;02.01.2025 13:00;-2,4;75
Landvik;SN38140;02.01.2025 14:00;-0,6;66
Landvik;SN38140;02.01.2025 15:00;-0,7;63
Landvik;SN38140;02.01.2025 16:00;-1,8;65
Landvik;SN38140;02.01.2025 17:00;-2,8;69
Landvik;SN38140;02.01.2025 18:00;-3,5;74
Landvik;SN38140;02.01.2025 19:00;-3,8;76
Landvik;SN38140;02.01.2025 20:00;-5;84
Landvik;SN38140;02.01.2025 21:00;-6,5;87
Landvik;SN38140;02.01.2025 22:00;-6,9;88
Landvik;SN38140;02.01.2025 23:00;-5,9;79
Landvik;SN38140;03.01.2025 00:00;-5,9;77
Landvik;SN38140;03.01.2025 01:00;-6,9;86
Landvik;SN38140;03.01.2025 02:00;-5;87
Landvik;SN38140;03.01.2025 03:00;-2,3;92
Landvik;SN38140;03.01.2025 04:00;-1,9;83
Landvik;SN38140;03.01.2025 05:00;-2,5;71
Landvik;SN38140;03.01.2025 06:00;-4,2;72
Landvik;SN38140;03.01.2025 07:00;-4;66
Landvik;SN38140;03.01.2025 08:00;-4,9;65
Landvik;SN38140;03.01.2025 09:00;-5,9;62
Landvik;SN38140;03.01.2025 10:00;-7,4;67
Landvik;SN38140;03.01.2025 11:00;-5,7;61
Landvik;SN38140;03.01.2025 12:00;-3,2;54
Landvik;SN38140;03.01.2025 13:00;-1,9;51
Landvik;SN38140;03.01.2025 14:00;-0,7;46
Landvik;SN38140;03.01.2025 15:00;-0,4;48
Landvik;SN38140;03.01.2025 16:00;-1,3;53
Landvik;SN38140;03.01.2025 17:00;-4,4;69
Landvik;SN38140;03.01.2025 18:00;-6,9;81
Landvik;SN38140;03.01.2025 19:00;-8,7;88
Landvik;SN38140;03.01.2025 20:00;-10,3;89
Landvik;SN38140;03.01.2025 21:00;-11,2;88
Landvik;SN38140;03.01.2025 22:00;-11,5;88
Landvik;SN38140;03.01.2025 23:00;-12;87
Landvik;SN38140;04.01.2025 00:00;-11,4;88
Landvik;SN38140;04.01.2025 01:00;-12,1;87
Landvik;SN38140;04.01.2025 02:00;-12,1;87
Landvik;SN38140;04.01.2025 03:00;-11,7;87
Landvik;SN38140;04.01.2025 04:00;-10,2;88
Landvik;SN38140;04.01.2025 05:00;-7,2;86
Landvik;SN38140;04.01.2025 06:00;-5,1;73
Landvik;SN38140;04.01.2025 07:00;-5,2;76
Landvik;SN38140;04.01.2025 08:00;-4,8;77
Landvik;SN38140;04.01.2025 09:00;-5,4;81
Landvik;SN38140;04.01.2025 10:00;-5,5;86
Landvik;SN38140;04.01.2025 11:00;-4,2;83
Landvik;SN38140;04.01.2025 12:00;-2,5;76
Landvik;SN38140;04.01.2025 13:00;-2;75
Landvik;SN38140;04.01.2025 14:00;-1,2;71
Landvik;SN38140;04.01.2025 15:00;-0,9;72
Landvik;SN38140;04.01.2025 16:00;-3,3;82
Landvik;SN38140;04.01.2025 17:00;-5,4;88
Landvik;SN38140;04.01.2025 18:00;-6,5;90
Landvik;SN38140;04.01.2025 19:00;-6,9;92
Landvik;SN38140;04.01.2025 20:00;-5,8;92
Landvik;SN38140;04.01.2025 21:00;-6;91
Landvik;SN38140;04.01.2025 22:00;-6,5;90
Landvik;SN38140;04.01.2025 23:00;-5,8;89
Landvik;SN38140;05.01.2025 00:00;-4,9;88
Landvik;SN38140;05.01.2025 01:00;-3,6;87
Landvik;SN38140;05.01.2025 02:00;-3,2;89
Landvik;SN38140;05.01.2025 03:00;-2,7;91
Landvik;SN38140;05.01.2025 04:00;-2,6;92
Landvik;SN38140;05.01.2025 05:00;-2,9;91
Landvik;SN38140;05.01.2025 06:00;-2,9;90
Landvik;SN38140;05.01.2025 07:00;-2,6;88
Landvik;SN38140;05.01.2025 08:00;-2,4;90
Landvik;SN38140;05.01.2025 09:00;-2,5;90
Landvik;SN38140;05.01.2025 10:00;-2,7;89
Landvik;SN38140;05.01.2025 11:00;-2,6;88
Landvik;SN38140;05.01.2025 12:00;-2,3;88
Landvik;SN38140;05.01.2025 13:00;-2,3;88
Landvik;SN38140;05.01.2025 14:00;-2,3;87
Landvik;SN38140;05.01.2025 15:00;-2,4;86
Landvik;SN38140;05.01.2025 16:00;-2,5;86
Landvik;SN38140;05.01.2025 17:00;-2,7;86
Landvik;SN38140;05.01.2025 18:00;-2,8;86
Landvik;SN38140;05.01.2025 19:00;-2,9;86
Landvik;SN38140;05.01.2025 20:00;-2,9;87
Landvik;SN38140;05.01.2025 21:00;-2,9;88
Landvik;SN38140;05.01.2025 22:00;-2,9;89
Landvik;SN38140;05.01.2025 23:00;-2,6;89
Landvik;SN38140;06.01.2025 00:00;-2,5;90
Landvik;SN38140;06.01.2025 01:00;-2,3;91
Landvik;SN38140;06.01.2025 02:00;-2,3;92
Landvik;SN38140;06.01.2025 03:00;0;93
Landvik;SN38140;06.01.2025 04:00;1,1;92
Landvik;SN38140;06.01.2025 05:00;1,4;90
Landvik;SN38140;06.01.2025 06:00;1,2;90
Landvik;SN38140;06.01.2025 07:00;1;91
Landvik;SN38140;06.01.2025 08:00;0,9;91
Landvik;SN38140;06.01.2025 09:00;0,7;92
Landvik;SN38140;06.01.2025 10:00;0,6;93
Landvik;SN38140;06.01.2025 11:00;0,6;93
Landvik;SN38140;06.01.2025 12:00;0,5;94
Landvik;SN38140;06.01.2025 13:00;0,6;94
Landvik;SN38140;06.01.2025 14:00;0,5;93
Landvik;SN38140;06.01.2025 15:00;0,3;94
Landvik;SN38140;06.01.2025 16:00;0,4;95
Landvik;SN38140;06.01.2025 17:00;0,4;95
Landvik;SN38140;06.01.2025 18:00;0,5;95
Landvik;SN38140;06.01.2025 19:00;0,4;95
Landvik;SN38140;06.01.2025 20:00;0,6;94
Landvik;SN38140;06.01.2025 21:00;0,6;94
Landvik;SN38140;06.01.2025 22:00;0,7;92
Landvik;SN38140;06.01.2025 23:00;0,4;92
Landvik;SN38140;07.01.2025 00:00;0,6;93
Landvik;SN38140;07.01.2025 01:00;0,9;94
Landvik;SN38140;07.01.2025 02:00;2,2;91
Landvik;SN38140;07.01.2025 03:00;4,1;82
Landvik;SN38140;07.01.2025 04:00;4,2;83
Landvik;SN38140;07.01.2025 05:00;3,2;87
Landvik;SN38140;07.01.2025 06:00;3,8;83
Landvik;SN38140;07.01.2025 07:00;3,3;87
Landvik;SN38140;07.01.2025 08:00;3,8;91
Landvik;SN38140;07.01.2025 09:00;3,8;93
Landvik;SN38140;07.01.2025 10:00;2,6;92
Landvik;SN38140;07.01.2025 11:00;2,6;89
Landvik;SN38140;07.01.2025 12:00;2,1;90
Landvik;SN38140;07.01.2025 13:00;2,7;86
Landvik;SN38140;07.01.2025 14:00;2,7;84
Landvik;SN38140;07.01.2025 15:00;2,6;82
Landvik;SN38140;07.01.2025 16:00;2,5;84
Landvik;SN38140;07.01.2025 17:00;2,3;85
Landvik;SN38140;07.01.2025 18:00;1,9;88
Landvik;SN38140;07.01.2025 19:00;1,4;90
Landvik;SN38140;07.01.2025 20:00;1,1;92
Landvik;SN38140;07.01.2025 21:00;1,2;92
Landvik;SN38140;07.01.2025 22:00;-0,3;93
Landvik;SN38140;07.01.2025 23:00;-1,2;95
Landvik;SN38140;08.01.2025 00:00;-1,7;95
Landvik;SN38140;08.01.2025 01:00;-1,8;95
Landvik;SN38140;08.01.2025 02:00;-1,8;96
Landvik;SN38140;08.01.2025 03:00;-1,6;96
Landvik;SN38140;08.01.2025 04:00;-1,8;96
Landvik;SN38140;08.01.2025 05:00;-2,3;95
Landvik;SN38140;08.01.2025 06:00;-2,4;96
Landvik;SN38140;08.01.2025 07:00;-2,9;95
Landvik;SN38140;08.01.2025 08:00;-4;94
Landvik;SN38140;08.01.2025 09:00;-4,6;94
Landvik;SN38140;08.01.2025 10:00;-4,6;94
Landvik;SN38140;08.01.2025 11:00;-2,8;94
Landvik;SN38140;08.01.2025 12:00;-1,7;90
Landvik;SN38140;08.01.2025 13:00;-1;86
Landvik;SN38140;08.01.2025 14:00;-0,4;80
Landvik;SN38140;08.01.2025 15:00;-1,2;82
Landvik;SN38140;08.01.2025 16:00;-2,8;87
Landvik;SN38140;08.01.2025 17:00;-4,2;91
Landvik;SN38140;08.01.2025 18:00;-5;93
Landvik;SN38140;08.01.2025 19:00;-5,6;93
Landvik;SN38140;08.01.2025 20:00;-5,5;93
Landvik;SN38140;08.01.2025 21:00;-5,9;92
Landvik;SN38140;08.01.2025 22:00;-5,3;93
Landvik;SN38140;08.01.2025 23:00;-5,8;92
Landvik;SN38140;09.01.2025 00:00;-5,6;92
Landvik;SN38140;09.01.2025 01:00;-5,7;91
Landvik;SN38140;09.01.2025 02:00;-6,8;91
Landvik;SN38140;09.01.2025 03:00;-6,8;91
Landvik;SN38140;09.01.2025 04:00;-7,1;90
Landvik;SN38140;09.01.2025 05:00;-7,2;90
Landvik;SN38140;09.01.2025 06:00;-8,1;89
Landvik;SN38140;09.01.2025 07:00;-7,7;90
Landvik;SN38140;09.01.2025 08:00;-6,6;90
Landvik;SN38140;09.01.2025 09:00;-5,4;87
Landvik;SN38140;09.01.2025 10:00;-4,8;85
Landvik;SN38140;09.01.2025 11:00;-4;83
Landvik;SN38140;09.01.2025 12:00;-3,2;81
Landvik;SN38140;09.01.2025 13:00;-2,5;79
Landvik;SN38140;09.01.2025 14:00;-2;77
Landvik;SN38140;09.01.2025 15:00;-1,7;77
Landvik;SN38140;09.01.2025 16:00;-1,7;78
Landvik;SN38140;09.01.2025 17:00;-2,7;81
Landvik;SN38140;09.01.2025 18:00;-3,3;82
Landvik;SN38140;09.01.2025 19:00;-3;82
Landvik;SN38140;09.01.2025 20:00;-3,2;81
Landvik;SN38140;09.01.2025 21:00;-2,9;81
Landvik;SN38140;09.01.2025 22:00;-3,1;81
Landvik;SN38140;09.01.2025 23:00;-3,3;80
Landvik;SN38140;10.01.2025 00:00;-3,6;81
Landvik;SN38140;10.01.2025 01:00;-3,9;82
Landvik;SN38140;10.01.2025 02:00;-3;82
Landvik;SN38140;10.01.2025 03:00;-2,1;79
Landvik;SN38140;10.01.2025 04:00;-1,7;79
Landvik;SN38140;10.01.2025 05:00;-1;77
Landvik;SN38140;10.01.2025 06:00;-1,2;77
Landvik;SN38140;10.01.2025 07:00;-2,9;83
Landvik;SN38140;10.01.2025 08:00;-4,8;88
Landvik;SN38140;10.01.2025 09:00;-4,2;88
Landvik;SN38140;10.01.2025 10:00;-2,2;79
Landvik;SN38140;10.01.2025 11:00;-1,4;76
Landvik;SN38140;10.01.2025 12:00;-0,6;73
Landvik;SN38140;10.01.2025 13:00;0,4;68
Landvik;SN38140;10.01.2025 14:00;0,7;67
Landvik;SN38140;10.01.2025 15:00;-0,2;70
Landvik;SN38140;10.01.2025 16:00;-0,6;70
Landvik;SN38140;10.01.2025 17:00;-1,6;71
Landvik;SN38140;10.01.2025 18:00;-4,8;85
Landvik;SN38140;10.01.2025 19:00;-5,6;89
Landvik;SN38140;10.01.2025 20:00;-4,3;84
Landvik;SN38140;10.01.2025 21:00;-5;85
Landvik;SN38140;10.01.2025 22:00;-5,9;87
Landvik;SN38140;10.01.2025 23:00;-6,9;86
Landvik;SN38140;11.01.2025 00:00;-6,8;87
Landvik;SN38140;11.01.2025 01:00;-7,4;88
Landvik;SN38140;11.01.2025 02:00;-8,2;88
Landvik;SN38140;11.01.2025 03:00;-7,1;83
Landvik;SN38140;11.01.2025 04:00;-5,6;74
Landvik;SN38140;11.01.2025 05:00;-3,3;63
Landvik;SN38140;11.01.2025 06:00;-4,2;66
Landvik;SN38140;11.01.2025 07:00;-5,2;72
Landvik;SN38140;11.01.2025 08:00;-4,9;70
Landvik;SN38140;11.01.2025 09:00;-4,9;71
Landvik;SN38140;11.01.2025 10:00;-4,7;71
Landvik;SN38140;11.01.2025 11:00;-4;68
Landvik;SN38140;11.01.2025 12:00;-0,2;54
Landvik;SN38140;11.01.2025 13:00;1,4;47
Landvik;SN38140;11.01.2025 14:00;1,9;46
Landvik;SN38140;11.01.2025 15:00;1,1;51
Landvik;SN38140;11.01.2025 16:00;-1,6;62
Landvik;SN38140;11.01.2025 17:00;-3,5;72
Landvik;SN38140;11.01.2025 18:00;-3,3;70
Landvik;SN38140;11.01.2025 19:00;-3,7;70
Landvik;SN38140;11.01.2025 20:00;-4,6;72
Landvik;SN38140;11.01.2025 21:00;-5,5;75
Landvik;SN38140;11.01.2025 22:00;-4,6;69
Landvik;SN38140;11.01.2025 23:00;-4,9;68
Landvik;SN38140;12.01.2025 00:00;-4,6;66
Landvik;SN38140;12.01.2025 01:00;-5,3;69
Landvik;SN38140;12.01.2025 02:00;-5,9;71
Landvik;SN38140;12.01.2025 03:00;-5,9;72
Landvik;SN38140;12.01.2025 04:00;-5,8;70
Landvik;SN38140;12.01.2025 05:00;-6,6;74
Landvik;SN38140;12.01.2025 06:00;-6,7;75
Landvik;SN38140;12.01.2025 07:00;-7,6;76
Landvik;SN38140;12.01.2025 08:00;-8,7;85
Landvik;SN38140;12.01.2025 09:00;-9;87
Landvik;SN38140;12.01.2025 10:00;-9,7;89
Landvik;SN38140;12.01.2025 11:00;-9,2;89
Landvik;SN38140;12.01.2025 12:00;-6,2;78
Landvik;SN38140;12.01.2025 13:00;-5,1;70
Landvik;SN38140;12.01.2025 14:00;-4,1;68
Landvik;SN38140;12.01.2025 15:00;-4,5;70
Landvik;SN38140;12.01.2025 16:00;-5,8;74
Landvik;SN38140;12.01.2025 17:00;-7,2;76
Landvik;SN38140;12.01.2025 18:00;-8,3;81
Landvik;SN38140;12.01.2025 19:00;-9,2;83
Landvik;SN38140;12.01.2025 20:00;-9,9;85
Landvik;SN38140;12.01.2025 21:00;-9,7;85
Landvik;SN38140;12.01.2025 22:00;-10,2;87
Landvik;SN38140;12.01.2025 23:00;-8,9;87
Landvik;SN38140;13.01.2025 00:00;-9,3;89
Landvik;SN38140;13.01.2025 01:00;-9;90
Landvik;SN38140;13.01.2025 02:00;-7,9;91
Landvik;SN38140;13.01.2025 03:00;-7,3;90
Landvik;SN38140;13.01.2025 04:00;-6,9;91
Landvik;SN38140;13.01.2025 05:00;-5,2;93
Landvik;SN38140;13.01.2025 06:00;-4;94
Landvik;SN38140;13.01.2025 07:00;-1,8;95
Landvik;SN38140;13.01.2025 08:00;2,3;91
Landvik;SN38140;13.01.2025 09:00;3,7;85
Landvik;SN38140;13.01.2025 10:00;4,4;84
Landvik;SN38140;13.01.2025 11:00;4,9;83
Landvik;SN38140;13.01.2025 12:00;5,5;82
Landvik;SN38140;13.01.2025 13:00;5,7;82
Landvik;SN38140;13.01.2025 14:00;5,7;84
Landvik;SN38140;13.01.2025 15:00;5,7;86
Landvik;SN38140;13.01.2025 16:00;5,4;89
Landvik;SN38140;13.01.2025 17:00;5,3;90
Landvik;SN38140;13.01.2025 18:00;5,6;89
Landvik;SN38140;13.01.2025 19:00;5,5;88
Landvik;SN38140;13.01.2025 20:00;5,3;90
Landvik;SN38140;13.01.2025 21:00;5,9;89
Landvik;SN38140;13.01.2025 22:00;6,1;88
Landvik;SN38140;13.01.2025 23:00;5,7;89
Landvik;SN38140;14.01.2025 00:00;5,7;90
Landvik;SN38140;14.01.2025 01:00;5,7;90
Landvik;SN38140;14.01.2025 02:00;5,6;90
Landvik;SN38140;14.01.2025 03:00;5,5;90
Landvik;SN38140;14.01.2025 04:00;5,1;91
Landvik;SN38140;14.01.2025 05:00;2,6;93
Landvik;SN38140;14.01.2025 06:00;2,9;96
Landvik;SN38140;14.01.2025 07:00;4,6;96
Landvik;SN38140;14.01.2025 08:00;4,7;95
Landvik;SN38140;14.01.2025 09:00;2,4;94
Landvik;SN38140;14.01.2025 10:00;3,1;96
Landvik;SN38140;14.01.2025 11:00;6,7;87
Landvik;SN38140;14.01.2025 12:00;7,6;79
Landvik;SN38140;14.01.2025 13:00;9,5;70
Landvik;SN38140;14.01.2025 14:00;9,8;66
Landvik;SN38140;14.01.2025 15:00;8;70
Landvik;SN38140;14.01.2025 16:00;5,8;79
Landvik;SN38140;14.01.2025 17:00;4,9;82
Landvik;SN38140;14.01.2025 18:00;1,5;90
Landvik;SN38140;14.01.2025 19:00;0,9;94
Landvik;SN38140;14.01.2025 20:00;1,7;94
Landvik;SN38140;14.01.2025 21:00;0,9;93
Landvik;SN38140;14.01.2025 22:00;0,5;94
Landvik;SN38140;14.01.2025 23:00;-0,4;94
Landvik;SN38140;15.01.2025 00:00;0,1;95
Landvik;SN38140;15.01.2025 01:00;2,5;85
Landvik;SN38140;15.01.2025 02:00;1,5;86
Landvik;SN38140;15.01.2025 03:00;-0,2;90
Landvik;SN38140;15.01.2025 04:00;-0,9;93
Landvik;SN38140;15.01.2025 05:00;-1,2;94
Landvik;SN38140;15.01.2025 06:00;-1,6;95
Landvik;SN38140;15.01.2025 07:00;-1,6;95
Landvik;SN38140;15.01.2025 08:00;-1,3;96
Landvik;SN38140;15.01.2025 09:00;-0,8;96
Landvik;SN38140;15.01.2025 10:00;-0,8;95
Landvik;SN38140;15.01.2025 11:00;-0,1;95
Landvik;SN38140;15.01.2025 12:00;0,5;95
Landvik;SN38140;15.01.2025 13:00;1,1;94
Landvik;SN38140;15.01.2025 14:00;2;94
Landvik;SN38140;15.01.2025 15:00;3,2;94
Landvik;SN38140;15.01.2025 16:00;3,5;93
Landvik;SN38140;15.01.2025 17:00;3,4;94
Landvik;SN38140;15.01.2025 18:00;4,4;95
Landvik;SN38140;15.01.2025 19:00;5,3;92
Landvik;SN38140;15.01.2025 20:00;5,8;90
Landvik;SN38140;15.01.2025 21:00;5,5;91
Landvik;SN38140;15.01.2025 22:00;5,1;92
Landvik;SN38140;15.01.2025 23:00;4,7;92
Landvik;SN38140;16.01.2025 00:00;4,7;92
Landvik;SN38140;16.01.2025 01:00;4,7;92
Landvik;SN38140;16.01.2025 02:00;4,4;93
Landvik;SN38140;16.01.2025 03:00;5,6;90
Landvik;SN38140;16.01.2025 04:00;5,4;90
Landvik;SN38140;16.01.2025 05:00;4,6;92
Landvik;SN38140;16.01.2025 06:00;5,2;92
Landvik;SN38140;16.01.2025 07:00;5,1;92
Landvik;SN38140;16.01.2025 08:00;4,4;93
Landvik;SN38140;16.01.2025 09:00;2,1;94
Landvik;SN38140;16.01.2025 10:00;1,5;96
Landvik;SN38140;16.01.2025 11:00;4,5;94
Landvik;SN38140;16.01.2025 12:00;5,3;90
Landvik;SN38140;16.01.2025 13:00;6,7;82
Landvik;SN38140;16.01.2025 14:00;6,8;78
Landvik;SN38140;16.01.2025 15:00;7,1;74
Landvik;SN38140;16.01.2025 16:00;6,6;74
Landvik;SN38140;16.01.2025 17:00;6;75
Landvik;SN38140;16.01.2025 18:00;5;81
Landvik;SN38140;16.01.2025 19:00;4,6;83
Landvik;SN38140;16.01.2025 20:00;4,5;84
Landvik;SN38140;16.01.2025 21:00;4,5;83
Landvik;SN38140;16.01.2025 22:00;4,4;86
Landvik;SN38140;16.01.2025 23:00;4,2;88
Landvik;SN38140;17.01.2025 00:00;4,2;86
Landvik;SN38140;17.01.2025 01:00;4;88
Landvik;SN38140;17.01.2025 02:00;3,9;90
Landvik;SN38140;17.01.2025 03:00;3,4;92
Landvik;SN38140;17.01.2025 04:00;3,6;92
Landvik;SN38140;17.01.2025 05:00;4,3;90
Landvik;SN38140;17.01.2025 06:00;4,4;89
Landvik;SN38140;17.01.2025 07:00;4;91
Landvik;SN38140;17.01.2025 08:00;3,8;91
Landvik;SN38140;17.01.2025 09:00;3,9;91
Landvik;SN38140;17.01.2025 10:00;4,5;90
Landvik;SN38140;17.01.2025 11:00;5,8;87
Landvik;SN38140;17.01.2025 12:00;6,4;84
Landvik;SN38140;17.01.2025 13:00;6,6;81
Landvik;SN38140;17.01.2025 14:00;6,9;79
Landvik;SN38140;17.01.2025 15:00;7,3;79
Landvik;SN38140;17.01.2025 16:00;7;82
Landvik;SN38140;17.01.2025 17:00;6,8;85
Landvik;SN38140;17.01.2025 18:00;6;87
Landvik;SN38140;17.01.2025 19:00;5,7;90
Landvik;SN38140;17.01.2025 20:00;5,4;91
Landvik;SN38140;17.01.2025 21:00;5,5;92
Landvik;SN38140;17.01.2025 22:00;5,5;92
Landvik;SN38140;17.01.2025 23:00;5,5;93
Landvik;SN38140;18.01.2025 00:00;5,5;92
Landvik;SN38140;18.01.2025 01:00;5;92
Landvik;SN38140;18.01.2025 02:00;5,1;92
Landvik;SN38140;18.01.2025 03:00;5,9;89
Landvik;SN38140;18.01.2025 04:00;3,6;91
Landvik;SN38140;18.01.2025 05:00;2,3;95
Landvik;SN38140;18.01.2025 06:00;3,3;96
Landvik;SN38140;18.01.2025 07:00;3,2;96
Landvik;SN38140;18.01.2025 08:00;3,6;96
Landvik;SN38140;18.01.2025 09:00;4,6;96
Landvik;SN38140;18.01.2025 10:00;4,4;95
Landvik;SN38140;18.01.2025 11:00;4,5;96
Landvik;SN38140;18.01.2025 12:00;5,8;93
Landvik;SN38140;18.01.2025 13:00;6,1;90
Landvik;SN38140;18.01.2025 14:00;6,5;89
Landvik;SN38140;18.01.2025 15:00;6,8;90
Landvik;SN38140;18.01.2025 16:00;6,3;89
Landvik;SN38140;18.01.2025 17:00;5,5;89
Landvik;SN38140;18.01.2025 18:00;5,4;89
Landvik;SN38140;18.01.2025 19:00;4,9;88
Landvik;SN38140;18.01.2025 20:00;4,6;89
Landvik;SN38140;18.01.2025 21:00;4,6;90
Landvik;SN38140;18.01.2025 22:00;4,7;89
Landvik;SN38140;18.01.2025 23:00;4,7;87
Landvik;SN38140;19.01.2025 00:00;4,5;85
Landvik;SN38140;19.01.2025 01:00;4,3;84
Landvik;SN38140;19.01.2025 02:00;3,8;83
Landvik;SN38140;19.01.2025 03:00;3,2;84
Landvik;SN38140;19.01.2025 04:00;2,7;86
Landvik;SN38140;19.01.2025 05:00;3;83
Landvik;SN38140;19.01.2025 06:00;2,7;85
Landvik;SN38140;19.01.2025 07:00;2,8;84
Landvik;SN38140;19.01.2025 08:00;2,3;86
Landvik;SN38140;19.01.2025 09:00;2,5;86
Landvik;SN38140;19.01.2025 10:00;2,1;87
Landvik;SN38140;19.01.2025 11:00;2,8;85
Landvik;SN38140;19.01.2025 12:00;4,2;78
Landvik;SN38140;19.01.2025 13:00;5;73
Landvik;SN38140;19.01.2025 14:00;5,1;73
Landvik;SN38140;19.01.2025 15:00;5,1;74
Landvik;SN38140;19.01.2025 16:00;4,7;76
Landvik;SN38140;19.01.2025 17:00;3;83
Landvik;SN38140;19.01.2025 18:00;0,2;90
Landvik;SN38140;19.01.2025 19:00;-0,6;94
Landvik;SN38140;19.01.2025 20:00;-1;94
Landvik;SN38140;19.01.2025 21:00;-2;94
Landvik;SN38140;19.01.2025 22:00;-1,3;96
Landvik;SN38140;19.01.2025 23:00;0,7;96
Landvik;SN38140;20.01.2025 00:00;0,9;95
Landvik;SN38140;20.01.2025 01:00;1,2;96
Landvik;SN38140;20.01.2025 02:00;1,3;95
Landvik;SN38140;20.01.2025 03:00;1,3;95
Landvik;SN38140;20.01.2025 04:00;1,6;93
Landvik;SN38140;20.01.2025 05:00;1,8;92
Landvik;SN38140;20.01.2025 06:00;1,9;91
Landvik;SN38140;20.01.2025 07:00;2;90
Landvik;SN38140;20.01.2025 08:00;2,1;89
Landvik;SN38140;20.01.2025 09:00;2,1;89
Landvik;SN38140;20.01.2025 10:00;2,1;89
Landvik;SN38140;20.01.2025 11:00;2,3;87
Landvik;SN38140;20.01.2025 12:00;2,4;86
Landvik;SN38140;20.01.2025 13:00;2,6;84
Landvik;SN38140;20.01.2025 14:00;2,7;83
Landvik;SN38140;20.01.2025 15:00;2,6;84
Landvik;SN38140;20.01.2025 16:00;2,5;84
Landvik;SN38140;20.01.2025 17:00;2,3;85
Landvik;SN38140;20.01.2025 18:00;1,9;85
Landvik;SN38140;20.01.2025 19:00;1,7;86
Landvik;SN38140;20.01.2025 20:00;1,5;87
Landvik;SN38140;20.01.2025 21:00;1,3;87
Landvik;SN38140;20.01.2025 22:00;1,2;87
Landvik;SN38140;20.01.2025 23:00;1,2;88
Landvik;SN38140;21.01.2025 00:00;1,1;88
Landvik;SN38140;21.01.2025 01:00;0,9;89
Landvik;SN38140;21.01.2025 02:00;0,6;90
Landvik;SN38140;21.01.2025 03:00;0,5;90
Landvik;SN38140;21.01.2025 04:00;0,4;91
Landvik;SN38140;21.01.2025 05:00;0,4;91
Landvik;SN38140;21.01.2025 06:00;0,4;91
Landvik;SN38140;21.01.2025 07:00;0,3;92
Landvik;SN38140;21.01.2025 08:00;0,2;92
Landvik;SN38140;21.01.2025 09:00;0,2;91
Landvik;SN38140;21.01.2025 10:00;0,3;91
Landvik;SN38140;21.01.2025 11:00;0,4;90
Landvik;SN38140;21.01.2025 12:00;0,5;89
Landvik;SN38140;21.01.2025 13:00;0,4;89
Landvik;SN38140;21.01.2025 14:00;0,5;88
Landvik;SN38140;21.01.2025 15:00;0,5;89
Landvik;SN38140;21.01.2025 16:00;0,4;90
Landvik;SN38140;21.01.2025 17:00;0,3;91
Landvik;SN38140;21.01.2025 18:00;0,3;91
Landvik;SN38140;21.01.2025 19:00;0,2;91
Landvik;SN38140;21.01.2025 20:00;0,3;90
Landvik;SN38140;21.01.2025 21:00;0,3;89
Landvik;SN38140;21.01.2025 22:00;0,3;88
Landvik;SN38140;21.01.2025 23:00;0,3;89
Landvik;SN38140;22.01.2025 00:00;0,4;89
Landvik;SN38140;22.01.2025 01:00;0,6;89
Landvik;SN38140;22.01.2025 02:00;0,7;90
Landvik;SN38140;22.01.2025 03:00;0,8;90
Landvik;SN38140;22.01.2025 04:00;0,8;91
Landvik;SN38140;22.01.2025 05:00;0,8;92
Landvik;SN38140;22.01.2025 06:00;0,9;93
Landvik;SN38140;22.01.2025 07:00;0,9;94
Landvik;SN38140;22.01.2025 08:00;0,7;94
Landvik;SN38140;22.01.2025 09:00;0,9;94
Landvik;SN38140;22.01.2025 10:00;1;95
Landvik;SN38140;22.01.2025 11:00;1,2;95
Landvik;SN38140;22.01.2025 12:00;1,4;94
Landvik;SN38140;22.01.2025 13:00;1,5;95
Landvik;SN38140;22.01.2025 14:00;1,8;95
Landvik;SN38140;22.01.2025 15:00;1,9;94
Landvik;SN38140;22.01.2025 16:00;2;94
Landvik;SN38140;22.01.2025 17:00;1,9;94
Landvik;SN38140;22.01.2025 18:00;1,8;94
Landvik;SN38140;22.01.2025 19:00;1,7;94
Landvik;SN38140;22.01.2025 20:00;1,7;94
Landvik;SN38140;22.01.2025 21:00;1,6;94
Landvik;SN38140;22.01.2025 22:00;1,4;94
Landvik;SN38140;22.01.2025 23:00;1,3;93
Landvik;SN38140;23.01.2025 00:00;1,1;93
Landvik;SN38140;23.01.2025 01:00;0,9;93
Landvik;SN38140;23.01.2025 02:00;0,7;92
Landvik;SN38140;23.01.2025 03:00;0,6;92
Landvik;SN38140;23.01.2025 04:00;0,4;92
Landvik;SN38140;23.01.2025 05:00;0,2;92
Landvik;SN38140;23.01.2025 06:00;0;92
Landvik;SN38140;23.01.2025 07:00;-0,1;92
Landvik;SN38140;23.01.2025 08:00;-0,2;93
Landvik;SN38140;23.01.2025 09:00;-0,4;92
Landvik;SN38140;23.01.2025 10:00;-0,6;92
Landvik;SN38140;23.01.2025 11:00;-0,7;92
Landvik;SN38140;23.01.2025 12:00;-0,8;92
Landvik;SN38140;23.01.2025 13:00;-0,8;92
Landvik;SN38140;23.01.2025 14:00;-0,7;91
Landvik;SN38140;23.01.2025 15:00;-0,5;91
Landvik;SN38140;23.01.2025 16:00;-0,5;92
Landvik;SN38140;23.01.2025 17:00;-0,5;91
Landvik;SN38140;23.01.2025 18:00;-0,8;92
Landvik;SN38140;23.01.2025 19:00;-1,1;92
Landvik;SN38140;23.01.2025 20:00;-0,9;92
Landvik;SN38140;23.01.2025 21:00;-0,7;93
Landvik;SN38140;23.01.2025 22:00;-0,2;93
Landvik;SN38140;23.01.2025 23:00;-0,5;93
Landvik;SN38140;24.01.2025 00:00;-1,1;94
Landvik;SN38140;24.01.2025 01:00;-3,5;93
Landvik;SN38140;24.01.2025 02:00;-4,2;94
Landvik;SN38140;24.01.2025 03:00;-5,1;94
Landvik;SN38140;24.01.2025 04:00;-4,2;95
Landvik;SN38140;24.01.2025 05:00;-3,2;95
Landvik;SN38140;24.01.2025 06:00;-2,2;96
Landvik;SN38140;24.01.2025 07:00;-0,8;96
Landvik;SN38140;24.01.2025 08:00;0;96
Landvik;SN38140;24.01.2025 09:00;0,5;96
Landvik;SN38140;24.01.2025 10:00;0,9;96
Landvik;SN38140;24.01.2025 11:00;4,2;96
Landvik;SN38140;24.01.2025 12:00;4,9;94
Landvik;SN38140;24.01.2025 13:00;5,1;89
Landvik;SN38140;24.01.2025 14:00;4,5;87
Landvik;SN38140;24.01.2025 15:00;4,7;89
Landvik;SN38140;24.01.2025 16:00;5,1;92
Landvik;SN38140;24.01.2025 17:00;5,6;93
Landvik;SN38140;24.01.2025 18:00;5,7;89
Landvik;SN38140;24.01.2025 19:00;6;83
Landvik;SN38140;24.01.2025 20:00;6,5;74
Landvik;SN38140;24.01.2025 21:00;6,8;70
Landvik;SN38140;24.01.2025 22:00;7;67
Landvik;SN38140;24.01.2025 23:00;7,3;63
Landvik;SN38140;25.01.2025 00:00;7,2;59
Landvik;SN38140;25.01.2025 01:00;7,3;56
Landvik;SN38140;25.01.2025 02:00;7,2;60
Landvik;SN38140;25.01.2025 03:00;7,2;59
Landvik;SN38140;25.01.2025 04:00;7,1;57
Landvik;SN38140;25.01.2025 05:00;7;60
Landvik;SN38140;25.01.2025 06:00;6,7;61
Landvik;SN38140;25.01.2025 07:00;6,7;61
Landvik;SN38140;25.01.2025 08:00;6,5;64
Landvik;SN38140;25.01.2025 09:00;6,1;64
Landvik;SN38140;25.01.2025 10:00;6,1;63
Landvik;SN38140;25.01.2025 11:00;6,2;63
Landvik;SN38140;25.01.2025 12:00;6,6;62
Landvik;SN38140;25.01.2025 13:00;6,6;62
Landvik;SN38140;25.01.2025 14:00;7,1;58
Landvik;SN38140;25.01.2025 15:00;6,3;62
Landvik;SN38140;25.01.2025 16:00;5,9;64
Landvik;SN38140;25.01.2025 17:00;4,5;77
Landvik;SN38140;25.01.2025 18:00;3,3;87
Landvik;SN38140;25.01.2025 19:00;3,8;83
Landvik;SN38140;25.01.2025 20:00;4,3;81
Landvik;SN38140;25.01.2025 21:00;4,1;83
Landvik;SN38140;25.01.2025 22:00;3,5;87
Landvik;SN38140;25.01.2025 23:00;4,3;80
Landvik;SN38140;26.01.2025 00:00;4,5;76
Landvik;SN38140;26.01.2025 01:00;4;76
Landvik;SN38140;26.01.2025 02:00;4;72
Landvik;SN38140;26.01.2025 03:00;3,9;70
Landvik;SN38140;26.01.2025 04:00;3,2;72
Landvik;SN38140;26.01.2025 05:00;0,6;84
Landvik;SN38140;26.01.2025 06:00;-0,7;89
Landvik;SN38140;26.01.2025 07:00;-2;92
Landvik;SN38140;26.01.2025 08:00;-2,4;94
Landvik;SN38140;26.01.2025 09:00;-2,8;94
Landvik;SN38140;26.01.2025 10:00;-2,6;95
Landvik;SN38140;26.01.2025 11:00;-1,3;95
Landvik;SN38140;26.01.2025 12:00;-0,6;94
Landvik;SN38140;26.01.2025 13:00;0,4;94
Landvik;SN38140;26.01.2025 14:00;3,4;86
Landvik;SN38140;26.01.2025 15:00;5,3;74
Landvik;SN38140;26.01.2025 16:00;4,6;77
Landvik;SN38140;26.01.2025 17:00;4;77
Landvik;SN38140;26.01.2025 18:00;2,4;84
Landvik;SN38140;26.01.2025 19:00;0,9;90
Landvik;SN38140;26.01.2025 20:00;-0,2;91
Landvik;SN38140;26.01.2025 21:00;0,3;93
Landvik;SN38140;26.01.2025 22:00;1,8;93
Landvik;SN38140;26.01.2025 23:00;2,5;93
Landvik;SN38140;27.01.2025 00:00;3;89
Landvik;SN38140;27.01.2025 01:00;3,4;82
Landvik;SN38140;27.01.2025 02:00;2,3;87
Landvik;SN38140;27.01.2025 03:00;3,7;82
Landvik;SN38140;27.01.2025 04:00;3,7;82
Landvik;SN38140;27.01.2025 05:00;4;80
Landvik;SN38140;27.01.2025 06:00;3,9;80
Landvik;SN38140;27.01.2025 07:00;3,9;78
Landvik;SN38140;27.01.2025 08:00;3,9;76
Landvik;SN38140;27.01.2025 09:00;3,7;78
Landvik;SN38140;27.01.2025 10:00;3,4;84
Landvik;SN38140;27.01.2025 11:00;3,6;83
Landvik;SN38140;27.01.2025 12:00;3,2;87
Landvik;SN38140;27.01.2025 13:00;2,3;90
Landvik;SN38140;27.01.2025 14:00;1,2;92
Landvik;SN38140;27.01.2025 15:00;0,6;93
Landvik;SN38140;27.01.2025 16:00;0,6;94
Landvik;SN38140;27.01.2025 17:00;0,8;94
Landvik;SN38140;27.01.2025 18:00;1;93
Landvik;SN38140;27.01.2025 19:00;1,2;93
Landvik;SN38140;27.01.2025 20:00;1,2;93
Landvik;SN38140;27.01.2025 21:00;1,3;93
Landvik;SN38140;27.01.2025 22:00;1,4;93
Landvik;SN38140;27.01.2025 23:00;1,7;94
Landvik;SN38140;28.01.2025 00:00;3,1;95
Landvik;SN38140;28.01.2025 01:00;5,3;90
Landvik;SN38140;28.01.2025 02:00;4,7;91
Landvik;SN38140;28.01.2025 03:00;5,4;90
Landvik;SN38140;28.01.2025 04:00;5,7;88
Landvik;SN38140;28.01.2025 05:00;5,4;85
Landvik;SN38140;28.01.2025 06:00;4;90
Landvik;SN38140;28.01.2025 07:00;3,5;94
Landvik;SN38140;28.01.2025 08:00;4,6;94
Landvik;SN38140;28.01.2025 09:00;4,5;92
Landvik;SN38140;28.01.2025 10:00;4;95
Landvik;SN38140;28.01.2025 11:00;5,2;95
Landvik;SN38140;28.01.2025 12:00;5,7;93
Landvik;SN38140;28.01.2025 13:00;5,6;93
Landvik;SN38140;28.01.2025 14:00;5,8;93
Landvik;SN38140;28.01.2025 15:00;6;93
Landvik;SN38140;28.01.2025 16:00;5,7;92
Landvik;SN38140;28.01.2025 17:00;5,2;93
Landvik;SN38140;28.01.2025 18:00;4,6;93
Landvik;SN38140;28.01.2025 19:00;4,3;94
Landvik;SN38140;28.01.2025 20:00;4,5;95
Landvik;SN38140;28.01.2025 21:00;4,3;95
Landvik;SN38140;28.01.2025 22:00;4,2;95
Landvik;SN38140;28.01.2025 23:00;4,1;95
Landvik;SN38140;29.01.2025 00:00;4;94
Landvik;SN38140;29.01.2025 01:00;4;94
Landvik;SN38140;29.01.2025 02:00;4,1;94
Landvik;SN38140;29.01.2025 03:00;4,2;94
Landvik;SN38140;29.01.2025 04:00;4,3;95
Landvik;SN38140;29.01.2025 05:00;4,5;94
Landvik;SN38140;29.01.2025 06:00;4,7;94
Landvik;SN38140;29.01.2025 07:00;4,9;94
Landvik;SN38140;29.01.2025 08:00;4,8;94
Landvik;SN38140;29.01.2025 09:00;4,6;93
Landvik;SN38140;29.01.2025 10:00;4,3;93
Landvik;SN38140;29.01.2025 11:00;4;94
Landvik;SN38140;29.01.2025 12:00;3,8;93
Landvik;SN38140;29.01.2025 13:00;3,8;91
Landvik;SN38140;29.01.2025 14:00;3,9;88
Landvik;SN38140;29.01.2025 15:00;4;87
Landvik;SN38140;29.01.2025 16:00;3,9;86
Landvik;SN38140;29.01.2025 17:00;3,7;88
Landvik;SN38140;29.01.2025 18:00;3,5;89
Landvik;SN38140;29.01.2025 19:00;3,3;92
Landvik;SN38140;29.01.2025 20:00;3,2;93
Landvik;SN38140;29.01.2025 21:00;3,2;92
Landvik;SN38140;29.01.2025 22:00;3;93
Landvik;SN38140;29.01.2025 23:00;2,9;93
Landvik;SN38140;30.01.2025 00:00;2,6;93
Landvik;SN38140;30.01.2025 01:00;2,9;93
Landvik;SN38140;30.01.2025 02:00;2,9;92
Landvik;SN38140;30.01.2025 03:00;2,9;92
Landvik;SN38140;30.01.2025 04:00;2,9;91
Landvik;SN38140;30.01.2025 05:00;3;91
Landvik;SN38140;30.01.2025 06:00;2,8;91
Landvik;SN38140;30.01.2025 07:00;2,2;91
Landvik;SN38140;30.01.2025 08:00;1,9;93
Landvik;SN38140;30.01.2025 09:00;2,3;93
Landvik;SN38140;30.01.2025 10:00;2,4;92
Landvik;SN38140;30.01.2025 11:00;2,6;91
Landvik;SN38140;30.01.2025 12:00;3,3;90
Landvik;SN38140;30.01.2025 13:00;4;88
Landvik;SN38140;30.01.2025 14:00;4,3;85
Landvik;SN38140;30.01.2025 15:00;3,5;89
Landvik;SN38140;30.01.2025 16:00;3,7;90
Landvik;SN38140;30.01.2025 17:00;3,1;90
Landvik;SN38140;30.01.2025 18:00;2,6;93
Landvik;SN38140;30.01.2025 19:00;2,3;94
Landvik;SN38140;30.01.2025 20:00;2;94
Landvik;SN38140;30.01.2025 21:00;1,9;95
Landvik;SN38140;30.01.2025 22:00;1,3;95
Landvik;SN38140;30.01.2025 23:00;0,4;95
Landvik;SN38140;31.01.2025 00:00;-0,6;95
Landvik;SN38140;31.01.2025 01:00;-1,5;96
Landvik;SN38140;31.01.2025 02:00;-2,1;96
Landvik;SN38140;31.01.2025 03:00;-2,4;96
Landvik;SN38140;31.01.2025 04:00;-2,6;96
Landvik;SN38140;31.01.2025 05:00;-2,5;96
Landvik;SN38140;31.01.2025 06:00;-2,8;95
Landvik;SN38140;31.01.2025 07:00;-3,4;95
Landvik;SN38140;31.01.2025 08:00;-3,9;94
Landvik;SN38140;31.01.2025 09:00;-3,9;95
Landvik;SN38140;31.01.2025 10:00;-3,7;95
Landvik;SN38140;31.01.2025 11:00;-1,3;96
Landvik;SN38140;31.01.2025 12:00;0,4;94
Landvik;SN38140;31.01.2025 13:00;1;89
Landvik;SN38140;31.01.2025 14:00;2,3;85
Landvik;SN38140;31.01.2025 15:00;3,6;78
Landvik;SN38140;31.01.2025 16:00;3,3;79
Landvik;SN38140;31.01.2025 17:00;0,8;87
Landvik;SN38140;31.01.2025 18:00;-0,8;93
Landvik;SN38140;31.01.2025 19:00;-1,5;94
Landvik;SN38140;31.01.2025 20:00;-1,5;94
Landvik;SN38140;31.01.2025 21:00;-1;93
Landvik;SN38140;31.01.2025 22:00;-1,3;92
Landvik;SN38140;31.01.2025 23:00;-0,7;90
Landvik;SN38140;01.02.2025 00:00;0;86
Landvik;SN38140;01.02.2025 01:00;0,4;82
Landvik;SN38140;01.02.2025 02:00;0,2;81
Landvik;SN38140;01.02.2025 03:00;-0,1;81
Landvik;SN38140;01.02.2025 04:00;0,1;80
Landvik;SN38140;01.02.2025 05:00;-0,2;82
Landvik;SN38140;01.02.2025 06:00;0,6;81
Landvik;SN38140;01.02.2025 07:00;0,3;80
Landvik;SN38140;01.02.2025 08:00;-0,1;81
Landvik;SN38140;01.02.2025 09:00;-0,7;81
Landvik;SN38140;01.02.2025 10:00;-0,7;81
Landvik;SN38140;01.02.2025 11:00;0,8;76
Landvik;SN38140;01.02.2025 12:00;2,3;69
Landvik;SN38140;01.02.2025 13:00;3,1;66
Landvik;SN38140;01.02.2025 14:00;3,7;66
Landvik;SN38140;01.02.2025 15:00;4;66
Landvik;SN38140;01.02.2025 16:00;3,6;68
Landvik;SN38140;01.02.2025 17:00;0,9;82
Landvik;SN38140;01.02.2025 18:00;-1,3;90
Landvik;SN38140;01.02.2025 19:00;-2;92
Landvik;SN38140;01.02.2025 20:00;-2,3;94
Landvik;SN38140;01.02.2025 21:00;-1,4;94
Landvik;SN38140;01.02.2025 22:00;-0,8;93
Landvik;SN38140;01.02.2025 23:00;-0,6;93
Landvik;SN38140;02.02.2025 00:00;-0,3;92
Landvik;SN38140;02.02.2025 01:00;-0,4;92
Landvik;SN38140;02.02.2025 02:00;-0,8;93
Landvik;SN38140;02.02.2025 03:00;-0,7;94
Landvik;SN38140;02.02.2025 04:00;-0,3;94
Landvik;SN38140;02.02.2025 05:00;0;93
Landvik;SN38140;02.02.2025 06:00;0,3;93
Landvik;SN38140;02.02.2025 07:00;0,3;94
Landvik;SN38140;02.02.2025 08:00;0,3;94
Landvik;SN38140;02.02.2025 09:00;0,4;94
Landvik;SN38140;02.02.2025 10:00;0,6;94
Landvik;SN38140;02.02.2025 11:00;1;93
Landvik;SN38140;02.02.2025 12:00;1,3;93
Landvik;SN38140;02.02.2025 13:00;1,5;92
Landvik;SN38140;02.02.2025 14:00;1,4;91
Landvik;SN38140;02.02.2025 15:00;0,7;90
Landvik;SN38140;02.02.2025 16:00;0,4;90
Landvik;SN38140;02.02.2025 17:00;0,3;90
Landvik;SN38140;02.02.2025 18:00;0;91
Landvik;SN38140;02.02.2025 19:00;-0,3;91
Landvik;SN38140;02.02.2025 20:00;-0,6;89
Landvik;SN38140;02.02.2025 21:00;-0,8;87
Landvik;SN38140;02.02.2025 22:00;-0,8;85
Landvik;SN38140;02.02.2025 23:00;-0,8;84
Landvik;SN38140;03.02.2025 00:00;-0,8;83
Landvik;SN38140;03.02.2025 01:00;-0,8;83
Landvik;SN38140;03.02.2025 02:00;-0,9;84
Landvik;SN38140;03.02.2025 03:00;-0,9;85
Landvik;SN38140;03.02.2025 04:00;-0,9;88
Landvik;SN38140;03.02.2025 05:00;-0,6;88
Landvik;SN38140;03.02.2025 06:00;-0,5;88
Landvik;SN38140;03.02.2025 07:00;-0,5;89
Landvik;SN38140;03.02.2025 08:00;-0,2;90
Landvik;SN38140;03.02.2025 09:00;0;91
Landvik;SN38140;03.02.2025 10:00;0,2;92
Landvik;SN38140;03.02.2025 11:00;0,3;93
Landvik;SN38140;03.02.2025 12:00;0,4;93
Landvik;SN38140;03.02.2025 13:00;0,7;94
Landvik;SN38140;03.02.2025 14:00;0,9;94
Landvik;SN38140;03.02.2025 15:00;1;94
Landvik;SN38140;03.02.2025 16:00;1;94
Landvik;SN38140;03.02.2025 17:00;1,1;94
Landvik;SN38140;03.02.2025 18:00;1;95
Landvik;SN38140;03.02.2025 19:00;1,8;96
Landvik;SN38140;03.02.2025 20:00;3,2;96
Landvik;SN38140;03.02.2025 21:00;3,2;96
Landvik;SN38140;03.02.2025 22:00;3,4;96
Landvik;SN38140;03.02.2025 23:00;3,6;96
Landvik;SN38140;04.02.2025 00:00;3,7;96
Landvik;SN38140;04.02.2025 01:00;3,8;96
Landvik;SN38140;04.02.2025 02:00;4,1;96
Landvik;SN38140;04.02.2025 03:00;4,4;95
Landvik;SN38140;04.02.2025 04:00;4,1;96
Landvik;SN38140;04.02.2025 05:00;4,2;96
Landvik;SN38140;04.02.2025 06:00;4,1;96
Landvik;SN38140;04.02.2025 07:00;4,3;97
Landvik;SN38140;04.02.2025 08:00;4,6;97
Landvik;SN38140;04.02.2025 09:00;4,4;96
Landvik;SN38140;04.02.2025 10:00;4,7;96
Landvik;SN38140;04.02.2025 11:00;4,6;95
Landvik;SN38140;04.02.2025 12:00;4,9;95
Landvik;SN38140;04.02.2025 13:00;5,5;92
Landvik;SN38140;04.02.2025 14:00;5,7;91
Landvik;SN38140;04.02.2025 15:00;5,8;91
Landvik;SN38140;04.02.2025 16:00;5,6;92
Landvik;SN38140;04.02.2025 17:00;5,4;93
Landvik;SN38140;04.02.2025 18:00;5,6;92
Landvik;SN38140;04.02.2025 19:00;5,5;92
Landvik;SN38140;04.02.2025 20:00;5,7;91
Landvik;SN38140;04.02.2025 21:00;5,7;92
Landvik;SN38140;04.02.2025 22:00;5,5;94
Landvik;SN38140;04.02.2025 23:00;5,7;94
Landvik;SN38140;05.02.2025 00:00;6;94
Landvik;SN38140;05.02.2025 01:00;6,4;93
Landvik;SN38140;05.02.2025 02:00;6,6;93
Landvik;SN38140;05.02.2025 03:00;6,1;93
Landvik;SN38140;05.02.2025 04:00;5,5;93
Landvik;SN38140;05.02.2025 05:00;5,1;93
Landvik;SN38140;05.02.2025 06:00;5,5;92
Landvik;SN38140;05.02.2025 07:00;5,4;90
Landvik;SN38140;05.02.2025 08:00;5,4;86
Landvik;SN38140;05.02.2025 09:00;5,2;79
Landvik;SN38140;05.02.2025 10:00;5,2;78
Landvik;SN38140;05.02.2025 11:00;6,1;73
Landvik;SN38140;05.02.2025 12:00;7,3;69
Landvik;SN38140;05.02.2025 13:00;8,3;65
Landvik;SN38140;05.02.2025 14:00;8,6;61
Landvik;SN38140;05.02.2025 15:00;7,8;63
Landvik;SN38140;05.02.2025 16:00;7,3;66
Landvik;SN38140;05.02.2025 17:00;6,1;71
Landvik;SN38140;05.02.2025 18:00;4,5;74
Landvik;SN38140;05.02.2025 19:00;2,5;83
Landvik;SN38140;05.02.2025 20:00;1,5;87
Landvik;SN38140;05.02.2025 21:00;1;89
Landvik;SN38140;05.02.2025 22:00;1,3;87
Landvik;SN38140;05.02.2025 23:00;0,2;89
Landvik;SN38140;06.02.2025 00:00;-0,6;92
Landvik;SN38140;06.02.2025 01:00;-1,3;92
Landvik;SN38140;06.02.2025 02:00;-2,2;94
Landvik;SN38140;06.02.2025 03:00;-2,4;94
Landvik;SN38140;06.02.2025 04:00;-2,6;94
Landvik;SN38140;06.02.2025 05:00;-2,9;95
Landvik;SN38140;06.02.2025 06:00;-3,1;95
Landvik;SN38140;06.02.2025 07:00;-3,4;94
Landvik;SN38140;06.02.2025 08:00;-3,4;95
Landvik;SN38140;06.02.2025 09:00;-3,4;94
Landvik;SN38140;06.02.2025 10:00;-2,9;95
Landvik;SN38140;06.02.2025 11:00;-0,3;95
Landvik;SN38140;06.02.2025 12:00;1,7;88
Landvik;SN38140;06.02.2025 13:00;4;75
Landvik;SN38140;06.02.2025 14:00;5,9;66
Landvik;SN38140;06.02.2025 15:00;7,4;51
Landvik;SN38140;06.02.2025 16:00;5,7;64
Landvik;SN38140;06.02.2025 17:00;2,8;73
Landvik;SN38140;06.02.2025 18:00;0,2;85
Landvik;SN38140;06.02.2025 19:00;-1,2;89
Landvik;SN38140;06.02.2025 20:00;-1,9;91
Landvik;SN38140;06.02.2025 21:00;-2,6;92
Landvik;SN38140;06.02.2025 22:00;-2,8;94
Landvik;SN38140;06.02.2025 23:00;-2,9;94
Landvik;SN38140;07.02.2025 00:00;-2,2;95
Landvik;SN38140;07.02.2025 01:00;-2,3;93
Landvik;SN38140;07.02.2025 02:00;-3;94
Landvik;SN38140;07.02.2025 03:00;-2,7;94
Landvik;SN38140;07.02.2025 04:00;-2,1;93
Landvik;SN38140;07.02.2025 05:00;-1,6;90
Landvik;SN38140;07.02.2025 06:00;-1,2;87
Landvik;SN38140;07.02.2025 07:00;-0,9;84
Landvik;SN38140;07.02.2025 08:00;-1,5;84
Landvik;SN38140;07.02.2025 09:00;-1,8;85
Landvik;SN38140;07.02.2025 10:00;-1,2;85
Landvik;SN38140;07.02.2025 11:00;1,2;74
Landvik;SN38140;07.02.2025 12:00;2,5;66
Landvik;SN38140;07.02.2025 13:00;3,5;66
Landvik;SN38140;07.02.2025 14:00;4,3;65
Landvik;SN38140;07.02.2025 15:00;4,6;66
Landvik;SN38140;07.02.2025 16:00;4,1;67
Landvik;SN38140;07.02.2025 17:00;3;70
Landvik;SN38140;07.02.2025 18:00;2,1;74
Landvik;SN38140;07.02.2025 19:00;1,2;78
Landvik;SN38140;07.02.2025 20:00;1,3;73
Landvik;SN38140;07.02.2025 21:00;1,4;74
Landvik;SN38140;07.02.2025 22:00;2;78
Landvik;SN38140;07.02.2025 23:00;1,8;81
Landvik;SN38140;08.02.2025 00:00;1,3;89
Landvik;SN38140;08.02.2025 01:00;1,4;92
Landvik;SN38140;08.02.2025 02:00;2;90
Landvik;SN38140;08.02.2025 03:00;1,6;91
Landvik;SN38140;08.02.2025 04:00;1,2;93
Landvik;SN38140;08.02.2025 05:00;1,9;91
Landvik;SN38140;08.02.2025 06:00;2,4;84
Landvik;SN38140;08.02.2025 07:00;2,7;76
Landvik;SN38140;08.02.2025 08:00;2,4;77
Landvik;SN38140;08.02.2025 09:00;1,5;85
Landvik;SN38140;08.02.2025 10:00;1;88
Landvik;SN38140;08.02.2025 11:00;1;91
Landvik;SN38140;08.02.2025 12:00;1,5;87
Landvik;SN38140;08.02.2025 13:00;1,5;85
Landvik;SN38140;08.02.2025 14:00;1,8;80
Landvik;SN38140;08.02.2025 15:00;1,7;79
Landvik;SN38140;08.02.2025 16:00;1,6;80
Landvik;SN38140;08.02.2025 17:00;1,3;85
Landvik;SN38140;08.02.2025 18:00;1,5;78
Landvik;SN38140;08.02.2025 19:00;1,6;77
Landvik;SN38140;08.02.2025 20:00;0,8;86
Landvik;SN38140;08.02.2025 21:00;0,5;88
Landvik;SN38140;08.02.2025 22:00;0,3;88
Landvik;SN38140;08.02.2025 23:00;0,3;87
Landvik;SN38140;09.02.2025 00:00;0,3;86
Landvik;SN38140;09.02.2025 01:00;0,2;84
Landvik;SN38140;09.02.2025 02:00;0,1;83
Landvik;SN38140;09.02.2025 03:00;-0,1;83
Landvik;SN38140;09.02.2025 04:00;-0,2;82
Landvik;SN38140;09.02.2025 05:00;-0,3;79
Landvik;SN38140;09.02.2025 06:00;-0,6;75
Landvik;SN38140;09.02.2025 07:00;-1,3;75
Landvik;SN38140;09.02.2025 08:00;-2;75
Landvik;SN38140;09.02.2025 09:00;-2,2;75
Landvik;SN38140;09.02.2025 10:00;-1,9;72
Landvik;SN38140;09.02.2025 11:00;-0,8;68
Landvik;SN38140;09.02.2025 12:00;-0,1;66
Landvik;SN38140;09.02.2025 13:00;0,4;65
Landvik;SN38140;09.02.2025 14:00;0,9;64
Landvik;SN38140;09.02.2025 15:00;1,1;62
Landvik;SN38140;09.02.2025 16:00;1;63
Landvik;SN38140;09.02.2025 17:00;0,2;68
Landvik;SN38140;09.02.2025 18:00;-0,6;72
Landvik;SN38140;09.02.2025 19:00;-1,3;75
Landvik;SN38140;09.02.2025 20:00;-1,6;75
Landvik;SN38140;09.02.2025 21:00;-1,9;74
Landvik;SN38140;09.02.2025 22:00;-2,1;73
Landvik;SN38140;09.02.2025 23:00;-2,2;70
Landvik;SN38140;10.02.2025 00:00;-2,5;72
Landvik;SN38140;10.02.2025 01:00;-2,5;72
Landvik;SN38140;10.02.2025 02:00;-2,2;70
Landvik;SN38140;10.02.2025 03:00;-2,5;73
Landvik;SN38140;10.02.2025 04:00;-2,4;72
Landvik;SN38140;10.02.2025 05:00;-2;70
Landvik;SN38140;10.02.2025 06:00;-1,8;70
Landvik;SN38140;10.02.2025 07:00;-1,5;67
Landvik;SN38140;10.02.2025 08:00;-1,5;67
Landvik;SN38140;10.02.2025 09:00;-1,3;66
Landvik;SN38140;10.02.2025 10:00;-0,7;64
Landvik;SN38140;10.02.2025 11:00;0,6;60
Landvik;SN38140;10.02.2025 12:00;1,9;57
Landvik;SN38140;10.02.2025 13:00;2,8;56
Landvik;SN38140;10.02.2025 14:00;3,4;56
Landvik;SN38140;10.02.2025 15:00;3,4;58
Landvik;SN38140;10.02.2025 16:00;3,3;58
Landvik;SN38140;10.02.2025 17:00;2,8;61
Landvik;SN38140;10.02.2025 18:00;2,1;66
Landvik;SN38140;10.02.2025 19:00;1,6;69
Landvik;SN38140;10.02.2025 20:00;1,3;70
Landvik;SN38140;10.02.2025 21:00;1,4;69
Landvik;SN38140;10.02.2025 22:00;1,5;70
Landvik;SN38140;10.02.2025 23:00;1,3;71
Landvik;SN38140;11.02.2025 00:00;1,2;72
Landvik;SN38140;11.02.2025 01:00;1,1;73
Landvik;SN38140;11.02.2025 02:00;0,7;73
Landvik;SN38140;11.02.2025 03:00;0,5;73
Landvik;SN38140;11.02.2025 04:00;0,3;74
Landvik;SN38140;11.02.2025 05:00;0,1;74
Landvik;SN38140;11.02.2025 06:00;-0,1;74
Landvik;SN38140;11.02.2025 07:00;0,1;74
Landvik;SN38140;11.02.2025 08:00;0,2;74
Landvik;SN38140;11.02.2025 09:00;0,2;74
Landvik;SN38140;11.02.2025 10:00;1;71
Landvik;SN38140;11.02.2025 11:00;1,4;70
Landvik;SN38140;11.02.2025 12:00;2;71
Landvik;SN38140;11.02.2025 13:00;2,3;75
Landvik;SN38140;11.02.2025 14:00;2,3;78
Landvik;SN38140;11.02.2025 15:00;2,3;79
Landvik;SN38140;11.02.2025 16:00;2,3;78
Landvik;SN38140;11.02.2025 17:00;2,4;76
Landvik;SN38140;11.02.2025 18:00;2,3;75
Landvik;SN38140;11.02.2025 19:00;2,2;73
Landvik;SN38140;11.02.2025 20:00;2;73
Landvik;SN38140;11.02.2025 21:00;1,7;76
Landvik;SN38140;11.02.2025 22:00;1,6;77
Landvik;SN38140;11.02.2025 23:00;1,7;77
Landvik;SN38140;12.02.2025 00:00;1,5;79
Landvik;SN38140;12.02.2025 01:00;1,4;77
Landvik;SN38140;12.02.2025 02:00;1,1;78
Landvik;SN38140;12.02.2025 03:00;0,7;80
Landvik;SN38140;12.02.2025 04:00;0,3;80
Landvik;SN38140;12.02.2025 05:00;0,1;80
Landvik;SN38140;12.02.2025 06:00;-0,3;80
Landvik;SN38140;12.02.2025 07:00;-0,5;80
Landvik;SN38140;12.02.2025 08:00;-0,6;81
Landvik;SN38140;12.02.2025 09:00;-0,5;83
Landvik;SN38140;12.02.2025 10:00;-0,6;84
Landvik;SN38140;12.02.2025 11:00;-0,7;84
Landvik;SN38140;12.02.2025 12:00;-0,6;83
Landvik;SN38140;12.02.2025 13:00;-0,7;82
Landvik;SN38140;12.02.2025 14:00;-0,8;81
Landvik;SN38140;12.02.2025 15:00;-0,5;80
Landvik;SN38140;12.02.2025 16:00;-0,5;81
Landvik;SN38140;12.02.2025 17:00;-0,8;82
Landvik;SN38140;12.02.2025 18:00;-0,8;81
Landvik;SN38140;12.02.2025 19:00;-0,7;80
Landvik;SN38140;12.02.2025 20:00;-0,8;80
Landvik;SN38140;12.02.2025 21:00;-0,8;79
Landvik;SN38140;12.02.2025 22:00;-1;80
Landvik;SN38140;12.02.2025 23:00;-1,2;81
Landvik;SN38140;13.02.2025 00:00;-1,8;82
Landvik;SN38140;13.02.2025 01:00;-2,7;84
Landvik;SN38140;13.02.2025 02:00;-2,7;83
Landvik;SN38140;13.02.2025 03:00;-2,2;77
Landvik;SN38140;13.02.2025 04:00;-1,9;77
Landvik;SN38140;13.02.2025 05:00;-1,2;77
Landvik;SN38140;13.02.2025 06:00;-0,5;77
Landvik;SN38140;13.02.2025 07:00;-0,1;77
Landvik;SN38140;13.02.2025 08:00;-0,2;79
Landvik;SN38140;13.02.2025 09:00;-0,2;82
Landvik;SN38140;13.02.2025 10:00;0;84
Landvik;SN38140;13.02.2025 11:00;0;85
Landvik;SN38140;13.02.2025 12:00;0,2;83
Landvik;SN38140;13.02.2025 13:00;0,4;84
Landvik;SN38140;13.02.2025 14:00;0,9;78
Landvik;SN38140;13.02.2025 15:00;1;75
Landvik;SN38140;13.02.2025 16:00;1,1;71
Landvik;SN38140;13.02.2025 17:00;0,9;70
Landvik;SN38140;13.02.2025 18:00;0,2;72
Landvik;SN38140;13.02.2025 19:00;0,1;73
Landvik;SN38140;13.02.2025 20:00;-0,1;72
Landvik;SN38140;13.02.2025 21:00;-0,4;70
Landvik;SN38140;13.02.2025 22:00;-0,6;71
Landvik;SN38140;13.02.2025 23:00;-0,8;70
Landvik;SN38140;14.02.2025 00:00;-1;68
Landvik;SN38140;14.02.2025 01:00;-1,1;65
Landvik;SN38140;14.02.2025 02:00;-1,7;66
Landvik;SN38140;14.02.2025 03:00;-3;73
Landvik;SN38140;14.02.2025 04:00;-4,4;79
Landvik;SN38140;14.02.2025 05:00;-5,3;83
Landvik;SN38140;14.02.2025 06:00;-5,6;83
Landvik;SN38140;14.02.2025 07:00;-6,2;85
Landvik;SN38140;14.02.2025 08:00;-6,1;83
Landvik;SN38140;14.02.2025 09:00;-6,3;83
Landvik;SN38140;14.02.2025 10:00;-4,7;77
Landvik;SN38140;14.02.2025 11:00;-2,1;67
Landvik;SN38140;14.02.2025 12:00;-0,5;61
Landvik;SN38140;14.02.2025 13:00;1,2;53
Landvik;SN38140;14.02.2025 14:00;2;49
Landvik;SN38140;14.02.2025 15:00;2;49
Landvik;SN38140;14.02.2025 16:00;2;48
Landvik;SN38140;14.02.2025 17:00;0,7;53
Landvik;SN38140;14.02.2025 18:00;-0,5;68
Landvik;SN38140;14.02.2025 19:00;-0,8;71
Landvik;SN38140;14.02.2025 20:00;-0,9;73
Landvik;SN38140;14.02.2025 21:00;-0,9;75
Landvik;SN38140;14.02.2025 22:00;-1,1;76
Landvik;SN38140;14.02.2025 23:00;-0,9;77
Landvik;SN38140;15.02.2025 00:00;-0,4;72
Landvik;SN38140;15.02.2025 01:00;-0,1;70
Landvik;SN38140;15.02.2025 02:00;-0,4;75
Landvik;SN38140;15.02.2025 03:00;-1;81
Landvik;SN38140;15.02.2025 04:00;-1;81
Landvik;SN38140;15.02.2025 05:00;-1,3;83
Landvik;SN38140;15.02.2025 06:00;-1;81
Landvik;SN38140;15.02.2025 07:00;-0,7;79
Landvik;SN38140;15.02.2025 08:00;0,8;81
Landvik;SN38140;15.02.2025 09:00;0,5;82
Landvik;SN38140;15.02.2025 10:00;0,7;75
Landvik;SN38140;15.02.2025 11:00;0,5;59
Landvik;SN38140;15.02.2025 12:00;0,5;53
Landvik;SN38140;15.02.2025 13:00;0,3;49
Landvik;SN38140;15.02.2025 14:00;0,2;48
Landvik;SN38140;15.02.2025 15:00;-0,2;52
Landvik;SN38140;15.02.2025 16:00;-1;53
Landvik;SN38140;15.02.2025 17:00;-1,2;54
Landvik;SN38140;15.02.2025 18:00;-1,9;50
Landvik;SN38140;15.02.2025 19:00;-2,2;43
Landvik;SN38140;15.02.2025 20:00;-3;50
Landvik;SN38140;15.02.2025 21:00;-3,8;53
Landvik;SN38140;15.02.2025 22:00;-4,2;52
Landvik;SN38140;15.02.2025 23:00;-4,8;52
Landvik;SN38140;16.02.2025 00:00;-5,2;54
Landvik;SN38140;16.02.2025 01:00;-5,3;53
Landvik;SN38140;16.02.2025 02:00;-5,9;51
Landvik;SN38140;16.02.2025 03:00;-6,3;51
Landvik;SN38140;16.02.2025 04:00;-6,7;51
Landvik;SN38140;16.02.2025 05:00;-7,2;52
Landvik;SN38140;16.02.2025 06:00;-7,7;53
Landvik;SN38140;16.02.2025 07:00;-8,2;55
Landvik;SN38140;16.02.2025 08:00;-9,5;64
Landvik;SN38140;16.02.2025 09:00;-10,3;67
Landvik;SN38140;16.02.2025 10:00;-7,9;57
Landvik;SN38140;16.02.2025 11:00;-5,5;51
Landvik;SN38140;16.02.2025 12:00;-3,4;39
Landvik;SN38140;16.02.2025 13:00;-2;33
Landvik;SN38140;16.02.2025 14:00;-1,1;29
Landvik;SN38140;16.02.2025 15:00;-0,3;24
Landvik;SN38140;16.02.2025 16:00;-0,1;20
Landvik;SN38140;16.02.2025 17:00;-0,8;23
Landvik;SN38140;16.02.2025 18:00;-3,1;32
Landvik;SN38140;16.02.2025 19:00;-5,2;44
Landvik;SN38140;16.02.2025 20:00;-6,9;59
Landvik;SN38140;16.02.2025 21:00;-7,4;56
Landvik;SN38140;16.02.2025 22:00;-7,6;59
Landvik;SN38140;16.02.2025 23:00;-8;65
Landvik;SN38140;17.02.2025 00:00;-8,8;70
Landvik;SN38140;17.02.2025 01:00;-9,3;70
Landvik;SN38140;17.02.2025 02:00;-9,1;66
Landvik;SN38140;17.02.2025 03:00;-9,6;76
Landvik;SN38140;17.02.2025 04:00;-10,3;80
Landvik;SN38140;17.02.2025 05:00;-10,6;82
Landvik;SN38140;17.02.2025 06:00;-10,6;82
Landvik;SN38140;17.02.2025 07:00;-10,5;83
Landvik;SN38140;17.02.2025 08:00;-10,6;83
Landvik;SN38140;17.02.2025 09:00;-10,2;85
Landvik;SN38140;17.02.2025 10:00;-7,3;76
Landvik;SN38140;17.02.2025 11:00;-3,8;61
Landvik;SN38140;17.02.2025 12:00;-0,6;47
Landvik;SN38140;17.02.2025 13:00;2,7;32
Landvik;SN38140;17.02.2025 14:00;3,6;29
Landvik;SN38140;17.02.2025 15:00;3,5;33
Landvik;SN38140;17.02.2025 16:00;3,1;40
Landvik;SN38140;17.02.2025 17:00;1,4;46
Landvik;SN38140;17.02.2025 18:00;-2;60
Landvik;SN38140;17.02.2025 19:00;-4,1;72
Landvik;SN38140;17.02.2025 20:00;-4,8;74
Landvik;SN38140;17.02.2025 21:00;-5,7;78
Landvik;SN38140;17.02.2025 22:00;-5,4;76
Landvik;SN38140;17.02.2025 23:00;-5,2;71
Landvik;SN38140;18.02.2025 00:00;-6,6;79
Landvik;SN38140;18.02.2025 01:00;-7,1;81
Landvik;SN38140;18.02.2025 02:00;-7,2;83
Landvik;SN38140;18.02.2025 03:00;-7,1;79
Landvik;SN38140;18.02.2025 04:00;-7,5;81
Landvik;SN38140;18.02.2025 05:00;-6,7;68
Landvik;SN38140;18.02.2025 06:00;-7,4;75
Landvik;SN38140;18.02.2025 07:00;-8,4;82
Landvik;SN38140;18.02.2025 08:00;-8,3;79
Landvik;SN38140;18.02.2025 09:00;-7,7;77
Landvik;SN38140;18.02.2025 10:00;-4,4;63
Landvik;SN38140;18.02.2025 11:00;-2,2;59
Landvik;SN38140;18.02.2025 12:00;-0,6;52
Landvik;SN38140;18.02.2025 13:00;1,9;43
Landvik;SN38140;18.02.2025 14:00;3,8;34
Landvik;SN38140;18.02.2025 15:00;4,7;29
Landvik;SN38140;18.02.2025 16:00;5,1;29
Landvik;SN38140;18.02.2025 17:00;3,7;35
Landvik;SN38140;18.02.2025 18:00;-1,1;58
Landvik;SN38140;18.02.2025 19:00;-3,2;67
Landvik;SN38140;18.02.2025 20:00;-4,5;72
Landvik;SN38140;18.02.2025 21:00;-5,5;77
Landvik;SN38140;18.02.2025 22:00;-5,8;78
Landvik;SN38140;18.02.2025 23:00;-6,6;82
Landvik;SN38140;19.02.2025 00:00;-7,4;82
Landvik;SN38140;19.02.2025 01:00;-7,8;84
Landvik;SN38140;19.02.2025 02:00;-6,8;76
Landvik;SN38140;19.02.2025 03:00;-6,9;72
Landvik;SN38140;19.02.2025 04:00;-7,4;73
Landvik;SN38140;19.02.2025 05:00;-7,6;76
Landvik;SN38140;19.02.2025 06:00;-8,4;84
Landvik;SN38140;19.02.2025 07:00;-8,7;79
Landvik;SN38140;19.02.2025 08:00;-8,6;75
Landvik;SN38140;19.02.2025 09:00;-8,1;73
Landvik;SN38140;19.02.2025 10:00;-5;65
Landvik;SN38140;19.02.2025 11:00;-3,1;61
Landvik;SN38140;19.02.2025 12:00;-0,6;55
Landvik;SN38140;19.02.2025 13:00;1,2;52
Landvik;SN38140;19.02.2025 14:00;2,6;60
Landvik;SN38140;19.02.2025 15:00;1,9;66
Landvik;SN38140;19.02.2025 16:00;1,7;69
Landvik;SN38140;19.02.2025 17:00;0,7;74
Landvik;SN38140;19.02.2025 18:00;-1,9;83
Landvik;SN38140;19.02.2025 19:00;-3;88
Landvik;SN38140;19.02.2025 20:00;-3,3;89
Landvik;SN38140;19.02.2025 21:00;-3,8;90
Landvik;SN38140;19.02.2025 22:00;-3;92
Landvik;SN38140;19.02.2025 23:00;-4,2;91
Landvik;SN38140;20.02.2025 00:00;-5;92
Landvik;SN38140;20.02.2025 01:00;-5,4;92
Landvik;SN38140;20.02.2025 02:00;-5,7;92
Landvik;SN38140;20.02.2025 03:00;-5,8;92
Landvik;SN38140;20.02.2025 04:00;-6,5;91
Landvik;SN38140;20.02.2025 05:00;-6,2;91
Landvik;SN38140;20.02.2025 06:00;-6,5;91
Landvik;SN38140;20.02.2025 07:00;-4,7;91
Landvik;SN38140;20.02.2025 08:00;-3,8;90
Landvik;SN38140;20.02.2025 09:00;-3;88
Landvik;SN38140;20.02.2025 10:00;-2,3;86
Landvik;SN38140;20.02.2025 11:00;0,1;80
Landvik;SN38140;20.02.2025 12:00;2,5;68
Landvik;SN38140;20.02.2025 13:00;2,8;65
Landvik;SN38140;20.02.2025 14:00;2,5;66
Landvik;SN38140;20.02.2025 15:00;2,5;67
Landvik;SN38140;20.02.2025 16:00;2,8;66
Landvik;SN38140;20.02.2025 17:00;2,6;67
Landvik;SN38140;20.02.2025 18:00;2,5;70
Landvik;SN38140;20.02.2025 19:00;1,9;78
Landvik;SN38140;20.02.2025 20:00;1,4;88
Landvik;SN38140;20.02.2025 21:00;1,3;91
Landvik;SN38140;20.02.2025 22:00;1,5;93
Landvik;SN38140;20.02.2025 23:00;1,6;94
Landvik;SN38140;21.02.2025 00:00;0,8;94
Landvik;SN38140;21.02.2025 01:00;0,7;95
Landvik;SN38140;21.02.2025 02:00;0,9;95
Landvik;SN38140;21.02.2025 03:00;0,9;95
Landvik;SN38140;21.02.2025 04:00;1,3;95
Landvik;SN38140;21.02.2025 05:00;1,5;95
Landvik;SN38140;21.02.2025 06:00;1,5;95
Landvik;SN38140;21.02.2025 07:00;1,3;95
Landvik;SN38140;21.02.2025 08:00;1,3;95
Landvik;SN38140;21.02.2025 09:00;1,3;95
Landvik;SN38140;21.02.2025 10:00;1,4;95
Landvik;SN38140;21.02.2025 11:00;1,6;96
Landvik;SN38140;21.02.2025 12:00;2;96
Landvik;SN38140;21.02.2025 13:00;2,3;96
Landvik;SN38140;21.02.2025 14:00;2,3;96
Landvik;SN38140;21.02.2025 15:00;2,4;96
Landvik;SN38140;21.02.2025 16:00;2,5;95
Landvik;SN38140;21.02.2025 17:00;2,6;96
Landvik;SN38140;21.02.2025 18:00;2,7;96
Landvik;SN38140;21.02.2025 19:00;2,4;96
Landvik;SN38140;21.02.2025 20:00;2,4;96
Landvik;SN38140;21.02.2025 21:00;2,7;96
Landvik;SN38140;21.02.2025 22:00;2,7;96
Landvik;SN38140;21.02.2025 23:00;4,6;97
Landvik;SN38140;22.02.2025 00:00;6,2;97
Landvik;SN38140;22.02.2025 01:00;6,2;97
Landvik;SN38140;22.02.2025 02:00;5,8;97
Landvik;SN38140;22.02.2025 03:00;5,6;97
Landvik;SN38140;22.02.2025 04:00;5,4;97
Landvik;SN38140;22.02.2025 05:00;4,8;96
Landvik;SN38140;22.02.2025 06:00;4,3;96
Landvik;SN38140;22.02.2025 07:00;4,4;97
Landvik;SN38140;22.02.2025 08:00;4,1;97
Landvik;SN38140;22.02.2025 09:00;4,1;97
Landvik;SN38140;22.02.2025 10:00;4,1;97
Landvik;SN38140;22.02.2025 11:00;4,7;97
Landvik;SN38140;22.02.2025 12:00;5,3;97
Landvik;SN38140;22.02.2025 13:00;5;96
Landvik;SN38140;22.02.2025 14:00;4,9;96
Landvik;SN38140;22.02.2025 15:00;4,8;96
Landvik;SN38140;22.02.2025 16:00;4,8;96
Landvik;SN38140;22.02.2025 17:00;4,7;96
Landvik;SN38140;22.02.2025 18:00;4,7;96
Landvik;SN38140;22.02.2025 19:00;4,4;97
Landvik;SN38140;22.02.2025 20:00;3,9;97
Landvik;SN38140;22.02.2025 21:00;3,2;97
Landvik;SN38140;22.02.2025 22:00;2,7;97
Landvik;SN38140;22.02.2025 23:00;2,5;97
Landvik;SN38140;23.02.2025 00:00;2,8;97
Landvik;SN38140;23.02.2025 01:00;2,8;97
Landvik;SN38140;23.02.2025 02:00;2,4;97
Landvik;SN38140;23.02.2025 03:00;2,1;97
Landvik;SN38140;23.02.2025 04:00;1,9;97
Landvik;SN38140;23.02.2025 05:00;1,5;97
Landvik;SN38140;23.02.2025 06:00;0,7;97
Landvik;SN38140;23.02.2025 07:00;2,8;97
Landvik;SN38140;23.02.2025 08:00;2,6;97
Landvik;SN38140;23.02.2025 09:00;2,5;97
Landvik;SN38140;23.02.2025 10:00;3,6;97
Landvik;SN38140;23.02.2025 11:00;4,7;97
Landvik;SN38140;23.02.2025 12:00;5,2;96
Landvik;SN38140;23.02.2025 13:00;5,5;95
Landvik;SN38140;23.02.2025 14:00;6;94
Landvik;SN38140;23.02.2025 15:00;6;93
Landvik;SN38140;23.02.2025 16:00;5,5;95
Landvik;SN38140;23.02.2025 17:00;5,2;95
Landvik;SN38140;23.02.2025 18:00;4,6;96
Landvik;SN38140;23.02.2025 19:00;4,4;96
Landvik;SN38140;23.02.2025 20:00;4,3;95
Landvik;SN38140;23.02.2025 21:00;3,7;96
Landvik;SN38140;23.02.2025 22:00;3,7;96
Landvik;SN38140;23.02.2025 23:00;3,9;97
Landvik;SN38140;24.02.2025 00:00;4,1;97
Landvik;SN38140;24.02.2025 01:00;4,9;95
Landvik;SN38140;24.02.2025 02:00;5,6;94
Landvik;SN38140;24.02.2025 03:00;5,9;93
Landvik;SN38140;24.02.2025 04:00;6;93
Landvik;SN38140;24.02.2025 05:00;5,8;94
Landvik;SN38140;24.02.2025 06:00;5,7;94
Landvik;SN38140;24.02.2025 07:00;5,5;95
Landvik;SN38140;24.02.2025 08:00;5,5;95
Landvik;SN38140;24.02.2025 09:00;5,4;95
Landvik;SN38140;24.02.2025 10:00;5,6;95
Landvik;SN38140;24.02.2025 11:00;5,6;95
Landvik;SN38140;24.02.2025 12:00;5,4;95
Landvik;SN38140;24.02.2025 13:00;5,5;95
Landvik;SN38140;24.02.2025 14:00;5,5;95
Landvik;SN38140;24.02.2025 15:00;5,5;95
Landvik;SN38140;24.02.2025 16:00;5,3;96
Landvik;SN38140;24.02.2025 17:00;5;96
Landvik;SN38140;24.02.2025 18:00;5,1;97
Landvik;SN38140;24.02.2025 19:00;5,1;97
Landvik;SN38140;24.02.2025 20:00;5,1;97
Landvik;SN38140;24.02.2025 21:00;4,9;97
Landvik;SN38140;24.02.2025 22:00;4,6;97
Landvik;SN38140;24.02.2025 23:00;4,6;97
Landvik;SN38140;25.02.2025 00:00;4,6;97
Landvik;SN38140;25.02.2025 01:00;4,4;97
Landvik;SN38140;25.02.2025 02:00;4,5;97
Landvik;SN38140;25.02.2025 03:00;4,6;97
Landvik;SN38140;25.02.2025 04:00;4,3;97
Landvik;SN38140;25.02.2025 05:00;4;98
Landvik;SN38140;25.02.2025 06:00;3,2;97
Landvik;SN38140;25.02.2025 07:00;4,1;97
Landvik;SN38140;25.02.2025 08:00;3,9;97
Landvik;SN38140;25.02.2025 09:00;4;98
Landvik;SN38140;25.02.2025 10:00;4,5;98
Landvik;SN38140;25.02.2025 11:00;5,1;98
Landvik;SN38140;25.02.2025 12:00;5,1;97
Landvik;SN38140;25.02.2025 13:00;4,8;97
Landvik;SN38140;25.02.2025 14:00;4,2;97
Landvik;SN38140;25.02.2025 15:00;3,9;97
Landvik;SN38140;25.02.2025 16:00;4,6;97
Landvik;SN38140;25.02.2025 17:00;4,7;97
Landvik;SN38140;25.02.2025 18:00;4,8;97
Landvik;SN38140;25.02.2025 19:00;4,2;96
Landvik;SN38140;25.02.2025 20:00;3,8;97
Landvik;SN38140;25.02.2025 21:00;3;97
Landvik;SN38140;25.02.2025 22:00;1,5;96
Landvik;SN38140;25.02.2025 23:00;0,8;97
Landvik;SN38140;26.02.2025 00:00;0,6;97
Landvik;SN38140;26.02.2025 01:00;-0,2;97
Landvik;SN38140;26.02.2025 02:00;-0,2;97
Landvik;SN38140;26.02.2025 03:00;0,2;97
Landvik;SN38140;26.02.2025 04:00;-0,1;97
Landvik;SN38140;26.02.2025 05:00;0;97
Landvik;SN38140;26.02.2025 06:00;0,1;97
Landvik;SN38140;26.02.2025 07:00;0,3;97
Landvik;SN38140;26.02.2025 08:00;0,5;97
Landvik;SN38140;26.02.2025 09:00;0,8;97
Landvik;SN38140;26.02.2025 10:00;1,8;98
Landvik;SN38140;26.02.2025 11:00;2,6;98
Landvik;SN38140;26.02.2025 12:00;4;98
Landvik;SN38140;26.02.2025 13:00;4,5;97
Landvik;SN38140;26.02.2025 14:00;4,5;96
Landvik;SN38140;26.02.2025 15:00;4,4;96
Landvik;SN38140;26.02.2025 16:00;4,3;96
Landvik;SN38140;26.02.2025 17:00;4,2;97
Landvik;SN38140;26.02.2025 18:00;4,3;97
Landvik;SN38140;26.02.2025 19:00;3,9;97
Landvik;SN38140;26.02.2025 20:00;3,3;97
Landvik;SN38140;26.02.2025 21:00;3,3;97
Landvik;SN38140;26.02.2025 22:00;3,1;97
Landvik;SN38140;26.02.2025 23:00;2,9;97
Landvik;SN38140;27.02.2025 00:00;2,9;97
Landvik;SN38140;27.02.2025 01:00;2,7;97
Landvik;SN38140;27.02.2025 02:00;2,4;97
Landvik;SN38140;27.02.2025 03:00;1,9;97
Landvik;SN38140;27.02.2025 04:00;1,1;97
Landvik;SN38140;27.02.2025 05:00;0,9;97
Landvik;SN38140;27.02.2025 06:00;0,4;97
Landvik;SN38140;27.02.2025 07:00;0,1;97
Landvik;SN38140;27.02.2025 08:00;-0,3;97
Landvik;SN38140;27.02.2025 09:00;-0,3;97
Landvik;SN38140;27.02.2025 10:00;0,3;97
Landvik;SN38140;27.02.2025 11:00;2,7;97
Landvik;SN38140;27.02.2025 12:00;4,8;91
Landvik;SN38140;27.02.2025 13:00;6,6;76
Landvik;SN38140;27.02.2025 14:00;6,4;78
Landvik;SN38140;27.02.2025 15:00;7,5;71
Landvik;SN38140;27.02.2025 16:00;7,9;67
Landvik;SN38140;27.02.2025 17:00;6,9;74
Landvik;SN38140;27.02.2025 18:00;3,7;86
Landvik;SN38140;27.02.2025 19:00;1,6;92
Landvik;SN38140;27.02.2025 20:00;0,1;94
Landvik;SN38140;27.02.2025 21:00;-0,8;95
Landvik;SN38140;27.02.2025 22:00;-1,7;95
Landvik;SN38140;27.02.2025 23:00;-1,5;95
Landvik;SN38140;28.02.2025 00:00;-2;96
Landvik;SN38140;28.02.2025 01:00;-1,3;95
Landvik;SN38140;28.02.2025 02:00;-1,7;93
Landvik;SN38140;28.02.2025 03:00;-2,4;95
Landvik;SN38140;28.02.2025 04:00;-2,2;95
Landvik;SN38140;28.02.2025 05:00;-2,8;94
Landvik;SN38140;28.02.2025 06:00;-3;95
Landvik;SN38140;28.02.2025 07:00;-3,2;95
Landvik;SN38140;28.02.2025 08:00;-3,8;95
Landvik;SN38140;28.02.2025 09:00;-2,7;96
Landvik;SN38140;28.02.2025 10:00;-0,6;94
Landvik;SN38140;28.02.2025 11:00;1,6;85
Landvik;SN38140;28.02.2025 12:00;4;74
Landvik;SN38140;28.02.2025 13:00;4,3;75
Landvik;SN38140;28.02.2025 14:00;4,2;76
Landvik;SN38140;28.02.2025 15:00;5,1;71
Landvik;SN38140;28.02.2025 16:00;4,9;69
Landvik;SN38140;28.02.2025 17:00;3,5;73
Landvik;SN38140;28.02.2025 18:00;0,7;89
Landvik;SN38140;28.02.2025 19:00;-0,1;95
Landvik;SN38140;28.02.2025 20:00;-1;95
Landvik;SN38140;28.02.2025 21:00;-2,2;95
Landvik;SN38140;28.02.2025 22:00;-2,4;96
Landvik;SN38140;28.02.2025 23:00;-2,9;95
Landvik;SN38140;01.03.2025 00:00;-3,2;95
Landvik;SN38140;01.03.2025 01:00;-3,4;95
Landvik;SN38140;01.03.2025 02:00;-3,6;95
Landvik;SN38140;01.03.2025 03:00;-3,5;95
Landvik;SN38140;01.03.2025 04:00;-3,2;95
Landvik;SN38140;01.03.2025 05:00;-3;95
Landvik;SN38140;01.03.2025 06:00;-3,4;94
Landvik;SN38140;01.03.2025 07:00;-3,2;95
Landvik;SN38140;01.03.2025 08:00;-2,6;95
Landvik;SN38140;01.03.2025 09:00;-1,8;95
Landvik;SN38140;01.03.2025 10:00;-0,1;95
Landvik;SN38140;01.03.2025 11:00;2,2;84
Landvik;SN38140;01.03.2025 12:00;5,2;70
Landvik;SN38140;01.03.2025 13:00;7,6;61
Landvik;SN38140;01.03.2025 14:00;8,1;57
Landvik;SN38140;01.03.2025 15:00;8,2;58
Landvik;SN38140;01.03.2025 16:00;8;59
Landvik;SN38140;01.03.2025 17:00;7,2;62
Landvik;SN38140;01.03.2025 18:00;6,5;66
Landvik;SN38140;01.03.2025 19:00;5,3;72
Landvik;SN38140;01.03.2025 20:00;5,5;74
Landvik;SN38140;01.03.2025 21:00;3,3;83
Landvik;SN38140;01.03.2025 22:00;3,2;86
Landvik;SN38140;01.03.2025 23:00;1;91
Landvik;SN38140;02.03.2025 00:00;1,5;93
Landvik;SN38140;02.03.2025 01:00;3,8;82
Landvik;SN38140;02.03.2025 02:00;5,5;68
Landvik;SN38140;02.03.2025 03:00;5,6;69
Landvik;SN38140;02.03.2025 04:00;4,8;75
Landvik;SN38140;02.03.2025 05:00;3,8;81
Landvik;SN38140;02.03.2025 06:00;4,4;79
Landvik;SN38140;02.03.2025 07:00;5,9;72
Landvik;SN38140;02.03.2025 08:00;6,3;71
Landvik;SN38140;02.03.2025 09:00;6,8;70
Landvik;SN38140;02.03.2025 10:00;6,6;71
Landvik;SN38140;02.03.2025 11:00;7,4;67
Landvik;SN38140;02.03.2025 12:00;7,8;64
Landvik;SN38140;02.03.2025 13:00;8,2;62
Landvik;SN38140;02.03.2025 14:00;8,5;60
Landvik;SN38140;02.03.2025 15:00;8,1;61
Landvik;SN38140;02.03.2025 16:00;7,7;63
Landvik;SN38140;02.03.2025 17:00;6,5;72
Landvik;SN38140;02.03.2025 18:00;6,2;75
Landvik;SN38140;02.03.2025 19:00;6,4;74
Landvik;SN38140;02.03.2025 20:00;6,1;73
Landvik;SN38140;02.03.2025 21:00;5,7;73
Landvik;SN38140;02.03.2025 22:00;5;74
Landvik;SN38140;02.03.2025 23:00;5,1;73
Landvik;SN38140;03.03.2025 00:00;4,1;77
Landvik;SN38140;03.03.2025 01:00;4,2;77
Landvik;SN38140;03.03.2025 02:00;5,3;71
Landvik;SN38140;03.03.2025 03:00;5,3;71
Landvik;SN38140;03.03.2025 04:00;4,9;72
Landvik;SN38140;03.03.2025 05:00;5;73
Landvik;SN38140;03.03.2025 06:00;4,8;76
Landvik;SN38140;03.03.2025 07:00;4,8;79
Landvik;SN38140;03.03.2025 08:00;5,7;78
Landvik;SN38140;03.03.2025 09:00;6,8;74
Landvik;SN38140;03.03.2025 10:00;8,5;67
Landvik;SN38140;03.03.2025 11:00;10,1;59
Landvik;SN38140;03.03.2025 12:00;11;53
Landvik;SN38140;03.03.2025 13:00;11,2;50
Landvik;SN38140;03.03.2025 14:00;11,5;46
Landvik;SN38140;03.03.2025 15:00;11,6;45
Landvik;SN38140;03.03.2025 16:00;10,8;48
Landvik;SN38140;03.03.2025 17:00;9,8;51
Landvik;SN38140;03.03.2025 18:00;9,1;55
Landvik;SN38140;03.03.2025 19:00;8,5;59
Landvik;SN38140;03.03.2025 20:00;8,2;60
Landvik;SN38140;03.03.2025 21:00;8;62
Landvik;SN38140;03.03.2025 22:00;7,6;65
Landvik;SN38140;03.03.2025 23:00;7,2;69
Landvik;SN38140;04.03.2025 00:00;7,3;69
Landvik;SN38140;04.03.2025 01:00;8;64
Landvik;SN38140;04.03.2025 02:00;8;62
Landvik;SN38140;04.03.2025 03:00;8;62
Landvik;SN38140;04.03.2025 04:00;7,6;63
Landvik;SN38140;04.03.2025 05:00;7;66
Landvik;SN38140;04.03.2025 06:00;6,2;70
Landvik;SN38140;04.03.2025 07:00;6,3;69
Landvik;SN38140;04.03.2025 08:00;5,8;71
Landvik;SN38140;04.03.2025 09:00;6,8;68
Landvik;SN38140;04.03.2025 10:00;7,7;65
Landvik;SN38140;04.03.2025 11:00;8,5;61
Landvik;SN38140;04.03.2025 12:00;9,1;59
Landvik;SN38140;04.03.2025 13:00;9,3;62
Landvik;SN38140;04.03.2025 14:00;9,8;64
Landvik;SN38140;04.03.2025 15:00;9,7;70
Landvik;SN38140;04.03.2025 16:00;9,8;72
Landvik;SN38140;04.03.2025 17:00;9,3;74
Landvik;SN38140;04.03.2025 18:00;8,6;77
Landvik;SN38140;04.03.2025 19:00;8,1;77
Landvik;SN38140;04.03.2025 20:00;7,7;79
Landvik;SN38140;04.03.2025 21:00;7,3;83
Landvik;SN38140;04.03.2025 22:00;7,6;81
Landvik;SN38140;04.03.2025 23:00;7,9;78
Landvik;SN38140;05.03.2025 00:00;8,1;78
Landvik;SN38140;05.03.2025 01:00;8,3;77
Landvik;SN38140;05.03.2025 02:00;8,3;76
Landvik;SN38140;05.03.2025 03:00;8,2;76
Landvik;SN38140;05.03.2025 04:00;8,3;76
Landvik;SN38140;05.03.2025 05:00;8,5;76
Landvik;SN38140;05.03.2025 06:00;8,7;75
Landvik;SN38140;05.03.2025 07:00;8,7;76
Landvik;SN38140;05.03.2025 08:00;8,8;75
Landvik;SN38140;05.03.2025 09:00;9,1;75
Landvik;SN38140;05.03.2025 10:00;9,7;75
Landvik;SN38140;05.03.2025 11:00;10;75
Landvik;SN38140;05.03.2025 12:00;10,7;74
Landvik;SN38140;05.03.2025 13:00;10,8;74
Landvik;SN38140;05.03.2025 14:00;11,2;74
Landvik;SN38140;05.03.2025 15:00;11,8;72
Landvik;SN38140;05.03.2025 16:00;11,3;74
Landvik;SN38140;05.03.2025 17:00;11;75
Landvik;SN38140;05.03.2025 18:00;10,6;76
Landvik;SN38140;05.03.2025 19:00;10,3;78
Landvik;SN38140;05.03.2025 20:00;9,9;79
Landvik;SN38140;05.03.2025 21:00;9,9;79
Landvik;SN38140;05.03.2025 22:00;9,8;80
Landvik;SN38140;05.03.2025 23:00;9,7;81
Landvik;SN38140;06.03.2025 00:00;9,7;81
Landvik;SN38140;06.03.2025 01:00;9,3;82
Landvik;SN38140;06.03.2025 02:00;9,3;81
Landvik;SN38140;06.03.2025 03:00;9,2;81
Landvik;SN38140;06.03.2025 04:00;9,2;80
Landvik;SN38140;06.03.2025 05:00;9;81
Landvik;SN38140;06.03.2025 06:00;8,9;81
Landvik;SN38140;06.03.2025 07:00;8,6;83
Landvik;SN38140;06.03.2025 08:00;8,4;83
Landvik;SN38140;06.03.2025 09:00;9,2;82
Landvik;SN38140;06.03.2025 10:00;10,5;76
Landvik;SN38140;06.03.2025 11:00;11,3;73
Landvik;SN38140;06.03.2025 12:00;12,2;70
Landvik;SN38140;06.03.2025 13:00;12,2;71
Landvik;SN38140;06.03.2025 14:00;11,4;73
Landvik;SN38140;06.03.2025 15:00;11,6;72
Landvik;SN38140;06.03.2025 16:00;11,3;74
Landvik;SN38140;06.03.2025 17:00;10,7;76
Landvik;SN38140;06.03.2025 18:00;10,1;78
Landvik;SN38140;06.03.2025 19:00;9,7;78
Landvik;SN38140;06.03.2025 20:00;8,1;83
Landvik;SN38140;06.03.2025 21:00;6,3;90
Landvik;SN38140;06.03.2025 22:00;5,8;91
Landvik;SN38140;06.03.2025 23:00;5,2;92
Landvik;SN38140;07.03.2025 00:00;4,3;93
Landvik;SN38140;07.03.2025 01:00;3,8;95
Landvik;SN38140;07.03.2025 02:00;3,3;95
Landvik;SN38140;07.03.2025 03:00;2,3;95
Landvik;SN38140;07.03.2025 04:00;3;96
Landvik;SN38140;07.03.2025 05:00;3;96
Landvik;SN38140;07.03.2025 06:00;3,6;97
Landvik;SN38140;07.03.2025 07:00;3,8;97
Landvik;SN38140;07.03.2025 08:00;4;97
Landvik;SN38140;07.03.2025 09:00;4,3;97
Landvik;SN38140;07.03.2025 10:00;4,8;97
Landvik;SN38140;07.03.2025 11:00;5,3;97
Landvik;SN38140;07.03.2025 12:00;6,1;95
Landvik;SN38140;07.03.2025 13:00;7,6;89
Landvik;SN38140;07.03.2025 14:00;8,7;83
Landvik;SN38140;07.03.2025 15:00;7,9;89
Landvik;SN38140;07.03.2025 16:00;7,7;92
Landvik;SN38140;07.03.2025 17:00;7,7;91
Landvik;SN38140;07.03.2025 18:00;7,6;91
Landvik;SN38140;07.03.2025 19:00;7,3;91
Landvik;SN38140;07.03.2025 20:00;7,3;91
Landvik;SN38140;07.03.2025 21:00;7,3;90
Landvik;SN38140;07.03.2025 22:00;6,1;92
Landvik;SN38140;07.03.2025 23:00;4,8;94
Landvik;SN38140;08.03.2025 00:00;3,6;95
Landvik;SN38140;08.03.2025 01:00;2,3;96
Landvik;SN38140;08.03.2025 02:00;2,2;96
Landvik;SN38140;08.03.2025 03:00;1,7;96
Landvik;SN38140;08.03.2025 04:00;1,7;97
Landvik;SN38140;08.03.2025 05:00;1,7;97
Landvik;SN38140;08.03.2025 06:00;2,4;97
Landvik;SN38140;08.03.2025 07:00;3;97
Landvik;SN38140;08.03.2025 08:00;3,4;96
Landvik;SN38140;08.03.2025 09:00;3,8;96
Landvik;SN38140;08.03.2025 10:00;4,4;96
Landvik;SN38140;08.03.2025 11:00;5,3;91
Landvik;SN38140;08.03.2025 12:00;7,3;80
Landvik;SN38140;08.03.2025 13:00;7,8;76
Landvik;SN38140;08.03.2025 14:00;8;72
Landvik;SN38140;08.03.2025 15:00;7,7;79
Landvik;SN38140;08.03.2025 16:00;7,2;80
Landvik;SN38140;08.03.2025 17:00;6,7;82
Landvik;SN38140;08.03.2025 18:00;5,8;85
Landvik;SN38140;08.03.2025 19:00;5;90
Landvik;SN38140;08.03.2025 20:00;4,7;92
Landvik;SN38140;08.03.2025 21:00;4,6;92
Landvik;SN38140;08.03.2025 22:00;4,4;93
Landvik;SN38140;08.03.2025 23:00;4,3;93
Landvik;SN38140;09.03.2025 00:00;4,2;93
Landvik;SN38140;09.03.2025 01:00;4;94
Landvik;SN38140;09.03.2025 02:00;3,9;95
Landvik;SN38140;09.03.2025 03:00;4;95
Landvik;SN38140;09.03.2025 04:00;4;95
Landvik;SN38140;09.03.2025 05:00;4,1;94
Landvik;SN38140;09.03.2025 06:00;3,9;95
Landvik;SN38140;09.03.2025 07:00;3,7;95
Landvik;SN38140;09.03.2025 08:00;3,7;96
Landvik;SN38140;09.03.2025 09:00;3,9;96
Landvik;SN38140;09.03.2025 10:00;4,2;95
Landvik;SN38140;09.03.2025 11:00;4,7;94
Landvik;SN38140;09.03.2025 12:00;5,3;91
Landvik;SN38140;09.03.2025 13:00;5,9;90
Landvik;SN38140;09.03.2025 14:00;5,8;91
Landvik;SN38140;09.03.2025 15:00;5,6;92
Landvik;SN38140;09.03.2025 16:00;6;91
Landvik;SN38140;09.03.2025 17:00;6;89
Landvik;SN38140;09.03.2025 18:00;4,9;92
Landvik;SN38140;09.03.2025 19:00;4,2;94
Landvik;SN38140;09.03.2025 20:00;3,7;96
Landvik;SN38140;09.03.2025 21:00;3,4;96
Landvik;SN38140;09.03.2025 22:00;2,6;96
Landvik;SN38140;09.03.2025 23:00;1,8;96
Landvik;SN38140;10.03.2025 00:00;1,6;96
Landvik;SN38140;10.03.2025 01:00;1,9;97
Landvik;SN38140;10.03.2025 02:00;1,7;97
Landvik;SN38140;10.03.2025 03:00;1,6;97
Landvik;SN38140;10.03.2025 04:00;1,4;97
Landvik;SN38140;10.03.2025 05:00;1,1;97
Landvik;SN38140;10.03.2025 06:00;0,9;97
Landvik;SN38140;10.03.2025 07:00;0,9;97
Landvik;SN38140;10.03.2025 08:00;1,4;97
Landvik;SN38140;10.03.2025 09:00;2;97
Landvik;SN38140;10.03.2025 10:00;2,6;97
Landvik;SN38140;10.03.2025 11:00;3,2;97
Landvik;SN38140;10.03.2025 12:00;4,1;96
Landvik;SN38140;10.03.2025 13:00;4,4;92
Landvik;SN38140;10.03.2025 14:00;4,5;87
Landvik;SN38140;10.03.2025 15:00;5;84
Landvik;SN38140;10.03.2025 16:00;5,1;85
Landvik;SN38140;10.03.2025 17:00;4,9;89
Landvik;SN38140;10.03.2025 18:00;4,5;89
Landvik;SN38140;10.03.2025 19:00;4,1;87
Landvik;SN38140;10.03.2025 20:00;3,7;84
Landvik;SN38140;10.03.2025 21:00;3,3;83
Landvik;SN38140;10.03.2025 22:00;2,6;86
Landvik;SN38140;10.03.2025 23:00;1,9;89
Landvik;SN38140;11.03.2025 00:00;1,2;92
Landvik;SN38140;11.03.2025 01:00;0,9;93
Landvik;SN38140;11.03.2025 02:00;1;92
Landvik;SN38140;11.03.2025 03:00;1;92
Landvik;SN38140;11.03.2025 04:00;0,9;92
Landvik;SN38140;11.03.2025 05:00;0,9;91
Landvik;SN38140;11.03.2025 06:00;0,8;90
Landvik;SN38140;11.03.2025 07:00;0,7;91
Landvik;SN38140;11.03.2025 08:00;0,7;91
Landvik;SN38140;11.03.2025 09:00;0,7;90
Landvik;SN38140;11.03.2025 10:00;0,7;91
Landvik;SN38140;11.03.2025 11:00;0,9;90
Landvik;SN38140;11.03.2025 12:00;1,1;90
Landvik;SN38140;11.03.2025 13:00;1,3;88
Landvik;SN38140;11.03.2025 14:00;0,9;90
Landvik;SN38140;11.03.2025 15:00;1;91
Landvik;SN38140;11.03.2025 16:00;1,4;89
Landvik;SN38140;11.03.2025 17:00;1,4;88
Landvik;SN38140;11.03.2025 18:00;1;89
Landvik;SN38140;11.03.2025 19:00;0,5;91
Landvik;SN38140;11.03.2025 20:00;0,5;91
Landvik;SN38140;11.03.2025 21:00;0,4;90
Landvik;SN38140;11.03.2025 22:00;0,2;90
Landvik;SN38140;11.03.2025 23:00;0,1;89
Landvik;SN38140;12.03.2025 00:00;0;89
Landvik;SN38140;12.03.2025 01:00;-0,1;89
Landvik;SN38140;12.03.2025 02:00;-0,2;89
Landvik;SN38140;12.03.2025 03:00;-0,2;87
Landvik;SN38140;12.03.2025 04:00;-0,3;89
Landvik;SN38140;12.03.2025 05:00;-0,1;87
Landvik;SN38140;12.03.2025 06:00;-0,2;87
Landvik;SN38140;12.03.2025 07:00;-0,5;89
Landvik;SN38140;12.03.2025 08:00;-0,5;88
Landvik;SN38140;12.03.2025 09:00;-0,4;87
Landvik;SN38140;12.03.2025 10:00;-0,1;84
Landvik;SN38140;12.03.2025 11:00;0;83
Landvik;SN38140;12.03.2025 12:00;0,2;83
Landvik;SN38140;12.03.2025 13:00;0,3;82
Landvik;SN38140;12.03.2025 14:00;0,3;82
Landvik;SN38140;12.03.2025 15:00;0,6;80
Landvik;SN38140;12.03.2025 16:00;0,6;79
Landvik;SN38140;12.03.2025 17:00;0,7;79
Landvik;SN38140;12.03.2025 18:00;0,5;81
Landvik;SN38140;12.03.2025 19:00;-0,2;84
Landvik;SN38140;12.03.2025 20:00;-0,4;79
Landvik;SN38140;12.03.2025 21:00;-0,9;78
Landvik;SN38140;12.03.2025 22:00;-1,1;78
Landvik;SN38140;12.03.2025 23:00;-1,6;80
Landvik;SN38140;13.03.2025 00:00;-1,6;80
Landvik;SN38140;13.03.2025 01:00;-1,8;79
Landvik;SN38140;13.03.2025 02:00;-2;78
Landvik;SN38140;13.03.2025 03:00;-1,9;76
Landvik;SN38140;13.03.2025 04:00;-1,6;75
Landvik;SN38140;13.03.2025 05:00;-1,3;73
Landvik;SN38140;13.03.2025 06:00;-1,3;72
Landvik;SN38140;13.03.2025 07:00;-1,3;72
Landvik;SN38140;13.03.2025 08:00;-1,4;72
Landvik;SN38140;13.03.2025 09:00;-1,3;70
Landvik;SN38140;13.03.2025 10:00;-0,7;67
Landvik;SN38140;13.03.2025 11:00;0,3;65
Landvik;SN38140;13.03.2025 12:00;1;62
Landvik;SN38140;13.03.2025 13:00;1,9;59
Landvik;SN38140;13.03.2025 14:00;1,6;58
Landvik;SN38140;13.03.2025 15:00;2,4;55
Landvik;SN38140;13.03.2025 16:00;2,8;52
Landvik;SN38140;13.03.2025 17:00;2,5;53
Landvik;SN38140;13.03.2025 18:00;1,4;58
Landvik;SN38140;13.03.2025 19:00;-0,5;71
Landvik;SN38140;13.03.2025 20:00;-2,4;83
Landvik;SN38140;13.03.2025 21:00;-3,5;88
Landvik;SN38140;13.03.2025 22:00;-4;90
Landvik;SN38140;13.03.2025 23:00;-4,5;92
Landvik;SN38140;14.03.2025 00:00;-4,9;92
Landvik;SN38140;14.03.2025 01:00;-5,2;92
Landvik;SN38140;14.03.2025 02:00;-5,3;92
Landvik;SN38140;14.03.2025 03:00;-5,3;91
Landvik;SN38140;14.03.2025 04:00;-5,3;91
Landvik;SN38140;14.03.2025 05:00;-5,2;88
Landvik;SN38140;14.03.2025 06:00;-5,3;86
Landvik;SN38140;14.03.2025 07:00;-5,2;82
Landvik;SN38140;14.03.2025 08:00;-5,3;80
Landvik;SN38140;14.03.2025 09:00;-2,4;71
Landvik;SN38140;14.03.2025 10:00;0,4;58
Landvik;SN38140;14.03.2025 11:00;3;50
Landvik;SN38140;14.03.2025 12:00;4,2;43
Landvik;SN38140;14.03.2025 13:00;5;42
Landvik;SN38140;14.03.2025 14:00;5,7;44
Landvik;SN38140;14.03.2025 15:00;5,4;51
Landvik;SN38140;14.03.2025 16:00;5,4;55
Landvik;SN38140;14.03.2025 17:00;4,9;56
Landvik;SN38140;14.03.2025 18:00;3,5;63
Landvik;SN38140;14.03.2025 19:00;0,5;78
Landvik;SN38140;14.03.2025 20:00;-1,2;86
Landvik;SN38140;14.03.2025 21:00;-2,2;89
Landvik;SN38140;14.03.2025 22:00;-2,9;92
Landvik;SN38140;14.03.2025 23:00;-3,4;93
Landvik;SN38140;15.03.2025 00:00;-3,8;93
Landvik;SN38140;15.03.2025 01:00;-4,1;93
Landvik;SN38140;15.03.2025 02:00;-4,7;93
Landvik;SN38140;15.03.2025 03:00;-5;93
Landvik;SN38140;15.03.2025 04:00;-5,3;93
Landvik;SN38140;15.03.2025 05:00;-5,5;92
Landvik;SN38140;15.03.2025 06:00;-5,7;92
Landvik;SN38140;15.03.2025 07:00;-5,8;92
Landvik;SN38140;15.03.2025 08:00;-4,8;92
Landvik;SN38140;15.03.2025 09:00;0,8;76
Landvik;SN38140;15.03.2025 10:00;3,9;56
Landvik;SN38140;15.03.2025 11:00;5,8;48
Landvik;SN38140;15.03.2025 12:00;7,2;44
Landvik;SN38140;15.03.2025 13:00;7,9;42
Landvik;SN38140;15.03.2025 14:00;8,7;41
Landvik;SN38140;15.03.2025 15:00;9;42
Landvik;SN38140;15.03.2025 16:00;8,5;43
Landvik;SN38140;15.03.2025 17:00;8,2;44
Landvik;SN38140;15.03.2025 18:00;7,1;48
Landvik;SN38140;15.03.2025 19:00;5,7;55
Landvik;SN38140;15.03.2025 20:00;4,8;62
Landvik;SN38140;15.03.2025 21:00;4,5;68
Landvik;SN38140;15.03.2025 22:00;4,9;70
Landvik;SN38140;15.03.2025 23:00;4,8;74
Landvik;SN38140;16.03.2025 00:00;5;76
Landvik;SN38140;16.03.2025 01:00;4,8;80
Landvik;SN38140;16.03.2025 02:00;4,1;85
Landvik;SN38140;16.03.2025 03:00;3,7;86
Landvik;SN38140;16.03.2025 04:00;4;81
Landvik;SN38140;16.03.2025 05:00;6,8;57
Landvik;SN38140;16.03.2025 06:00;6,5;53
Landvik;SN38140;16.03.2025 07:00;3,8;65
Landvik;SN38140;16.03.2025 08:00;3;70
Landvik;SN38140;16.03.2025 09:00;5,1;63
Landvik;SN38140;16.03.2025 10:00;8,3;45
Landvik;SN38140;16.03.2025 11:00;9,2;37
Landvik;SN38140;16.03.2025 12:00;8,1;45
Landvik;SN38140;16.03.2025 13:00;6,4;53
Landvik;SN38140;16.03.2025 14:00;5,8;55
Landvik;SN38140;16.03.2025 15:00;5,7;53
Landvik;SN38140;16.03.2025 16:00;6;53
Landvik;SN38140;16.03.2025 17:00;6;46
Landvik;SN38140;16.03.2025 18:00;5,4;44
Landvik;SN38140;16.03.2025 19:00;4,2;43
Landvik;SN38140;16.03.2025 20:00;1,3;56
Landvik;SN38140;16.03.2025 21:00;-0,1;65
Landvik;SN38140;16.03.2025 22:00;-1;71
Landvik;SN38140;16.03.2025 23:00;-2,1;78
Landvik;SN38140;17.03.2025 00:00;-2,1;74
Landvik;SN38140;17.03.2025 01:00;-1,9;64
Landvik;SN38140;17.03.2025 02:00;-2,4;65
Landvik;SN38140;17.03.2025 03:00;-3,5;74
Landvik;SN38140;17.03.2025 04:00;-4,1;77
Landvik;SN38140;17.03.2025 05:00;-4,6;81
Landvik;SN38140;17.03.2025 06:00;-3,5;78
Landvik;SN38140;17.03.2025 07:00;-2,7;76
Landvik;SN38140;17.03.2025 08:00;-2,6;79
Landvik;SN38140;17.03.2025 09:00;0,7;60
Landvik;SN38140;17.03.2025 10:00;4;38
Landvik;SN38140;17.03.2025 11:00;5,4;33
Landvik;SN38140;17.03.2025 12:00;7,1;39
Landvik;SN38140;17.03.2025 13:00;8,4;40
Landvik;SN38140;17.03.2025 14:00;9,4;29
Landvik;SN38140;17.03.2025 15:00;9,7;24
Landvik;SN38140;17.03.2025 16:00;9,5;25
Landvik;SN38140;17.03.2025 17:00;9,4;28
Landvik;SN38140;17.03.2025 18:00;8,2;33
Landvik;SN38140;17.03.2025 19:00;6,8;39
Landvik;SN38140;17.03.2025 20:00;6,1;43
Landvik;SN38140;17.03.2025 21:00;5,2;46
Landvik;SN38140;17.03.2025 22:00;4,3;49
Landvik;SN38140;17.03.2025 23:00;3;56
Landvik;SN38140;18.03.2025 00:00;2,4;59
Landvik;SN38140;18.03.2025 01:00;0,5;71
Landvik;SN38140;18.03.2025 02:00;3,7;57
Landvik;SN38140;18.03.2025 03:00;4,1;56
Landvik;SN38140;18.03.2025 04:00;3,1;61
Landvik;SN38140;18.03.2025 05:00;4,1;56
Landvik;SN38140;18.03.2025 06:00;2,7;62
Landvik;SN38140;18.03.2025 07:00;-0,3;77
Landvik;SN38140;18.03.2025 08:00;-0,7;84
Landvik;SN38140;18.03.2025 09:00;3,1;70
Landvik;SN38140;18.03.2025 10:00;6,6;55
Landvik;SN38140;18.03.2025 11:00;9,2;47
Landvik;SN38140;18.03.2025 12:00;10,3;41
Landvik;SN38140;18.03.2025 13:00;11,1;42
Landvik;SN38140;18.03.2025 14:00;11,9;41
Landvik;SN38140;18.03.2025 15:00;12,5;41
Landvik;SN38140;18.03.2025 16:00;12,9;43
Landvik;SN38140;18.03.2025 17:00;12,6;45
Landvik;SN38140;18.03.2025 18:00;12;46
Landvik;SN38140;18.03.2025 19:00;8,7;55
Landvik;SN38140;18.03.2025 20:00;7;49
Landvik;SN38140;18.03.2025 21:00;4,4;59
Landvik;SN38140;18.03.2025 22:00;3,7;60
Landvik;SN38140;18.03.2025 23:00;2,5;69
Landvik;SN38140;19.03.2025 00:00;1,3;73
Landvik;SN38140;19.03.2025 01:00;-0,3;79
Landvik;SN38140;19.03.2025 02:00;-1,3;84
Landvik;SN38140;19.03.2025 03:00;-2;87
Landvik;SN38140;19.03.2025 04:00;-2,2;87
Landvik;SN38140;19.03.2025 05:00;-2,8;89
Landvik;SN38140;19.03.2025 06:00;-2,8;90
Landvik;SN38140;19.03.2025 07:00;-2,7;89
Landvik;SN38140;19.03.2025 08:00;-1,9;90
Landvik;SN38140;19.03.2025 09:00;1,6;81
Landvik;SN38140;19.03.2025 10:00;4,2;67
Landvik;SN38140;19.03.2025 11:00;8,3;45
Landvik;SN38140;19.03.2025 12:00;9,8;40
Landvik;SN38140;19.03.2025 13:00;9,6;42
Landvik;SN38140;19.03.2025 14:00;9,5;43
Landvik;SN38140;19.03.2025 15:00;11,1;43
Landvik;SN38140;19.03.2025 16:00;12,2;43
Landvik;SN38140;19.03.2025 17:00;11,7;42
Landvik;SN38140;19.03.2025 18:00;9,7;49
Landvik;SN38140;19.03.2025 19:00;7,6;52
Landvik;SN38140;19.03.2025 20:00;6,4;46
Landvik;SN38140;19.03.2025 21:00;5,6;40
Landvik;SN38140;19.03.2025 22:00;4;44
Landvik;SN38140;19.03.2025 23:00;0,8;60
Landvik;SN38140;20.03.2025 00:00;0,4;61
Landvik;SN38140;20.03.2025 01:00;0,2;60
Landvik;SN38140;20.03.2025 02:00;0,4;61
Landvik;SN38140;20.03.2025 03:00;-0,9;69
Landvik;SN38140;20.03.2025 04:00;-0,1;64
Landvik;SN38140;20.03.2025 05:00;0;66
Landvik;SN38140;20.03.2025 06:00;-1,3;74
Landvik;SN38140;20.03.2025 07:00;-2;75
Landvik;SN38140;20.03.2025 08:00;-1,3;74
Landvik;SN38140;20.03.2025 09:00;3,1;57
Landvik;SN38140;20.03.2025 10:00;6;46
Landvik;SN38140;20.03.2025 11:00;8;38
Landvik;SN38140;20.03.2025 12:00;10;31
Landvik;SN38140;20.03.2025 13:00;11,1;34
Landvik;SN38140;20.03.2025 14:00;11,2;41
Landvik;SN38140;20.03.2025 15:00;11,4;40
Landvik;SN38140;20.03.2025 16:00;10,7;43
Landvik;SN38140;20.03.2025 17:00;10,1;44
Landvik;SN38140;20.03.2025 18:00;8,2;50
Landvik;SN38140;20.03.2025 19:00;4,8;66
Landvik;SN38140;20.03.2025 20:00;1,9;77
Landvik;SN38140;20.03.2025 21:00;0,5;80
Landvik;SN38140;20.03.2025 22:00;0;80
Landvik;SN38140;20.03.2025 23:00;-0,3;79
Landvik;SN38140;21.03.2025 00:00;0;73
Landvik;SN38140;21.03.2025 01:00;-0,6;76
Landvik;SN38140;21.03.2025 02:00;-0,4;75
Landvik;SN38140;21.03.2025 03:00;-0,5;74
Landvik;SN38140;21.03.2025 04:00;-1,4;81
Landvik;SN38140;21.03.2025 05:00;-1,2;81
Landvik;SN38140;21.03.2025 06:00;-1,3;81
Landvik;SN38140;21.03.2025 07:00;-0,7;80
Landvik;SN38140;21.03.2025 08:00;1;74
Landvik;SN38140;21.03.2025 09:00;4,2;59
Landvik;SN38140;21.03.2025 10:00;6;57
Landvik;SN38140;21.03.2025 11:00;7,2;58
Landvik;SN38140;21.03.2025 12:00;7,5;60
Landvik;SN38140;21.03.2025 13:00;7,9;59
Landvik;SN38140;21.03.2025 14:00;7,9;60
Landvik;SN38140;21.03.2025 15:00;7,7;60
Landvik;SN38140;21.03.2025 16:00;7,5;60
Landvik;SN38140;21.03.2025 17:00;6,9;61
Landvik;SN38140;21.03.2025 18:00;6,3;61
Landvik;SN38140;21.03.2025 19:00;5,4;63
Landvik;SN38140;21.03.2025 20:00;4,9;61
Landvik;SN38140;21.03.2025 21:00;4,6;61
Landvik;SN38140;21.03.2025 22:00;4,7;62
Landvik;SN38140;21.03.2025 23:00;4,5;66
Landvik;SN38140;22.03.2025 00:00;3,4;73
Landvik;SN38140;22.03.2025 01:00;3,5;78
Landvik;SN38140;22.03.2025 02:00;2,8;80
Landvik;SN38140;22.03.2025 03:00;2,9;82
Landvik;SN38140;22.03.2025 04:00;3,6;82
Landvik;SN38140;22.03.2025 05:00;4,7;74
Landvik;SN38140;22.03.2025 06:00;4,3;77
Landvik;SN38140;22.03.2025 07:00;3,8;79
Landvik;SN38140;22.03.2025 08:00;4,2;76
Landvik;SN38140;22.03.2025 09:00;4,3;76
Landvik;SN38140;22.03.2025 10:00;4,3;76
Landvik;SN38140;22.03.2025 11:00;4,6;75
Landvik;SN38140;22.03.2025 12:00;4,5;77
Landvik;SN38140;22.03.2025 13:00;5;74
Landvik;SN38140;22.03.2025 14:00;5;74
Landvik;SN38140;22.03.2025 15:00;5,6;70
Landvik;SN38140;22.03.2025 16:00;6,5;66
Landvik;SN38140;22.03.2025 17:00;6,6;62
Landvik;SN38140;22.03.2025 18:00;6,6;56
Landvik;SN38140;22.03.2025 19:00;5,9;58
Landvik;SN38140;22.03.2025 20:00;5,7;60
Landvik;SN38140;22.03.2025 21:00;5,6;63
Landvik;SN38140;22.03.2025 22:00;6;63
Landvik;SN38140;22.03.2025 23:00;5,8;66
Landvik;SN38140;23.03.2025 00:00;5,5;70
Landvik;SN38140;23.03.2025 01:00;5,2;73
Landvik;SN38140;23.03.2025 02:00;5,2;71
Landvik;SN38140;23.03.2025 03:00;4,9;70
Landvik;SN38140;23.03.2025 04:00;4,3;74
Landvik;SN38140;23.03.2025 05:00;3,8;77
Landvik;SN38140;23.03.2025 06:00;3,6;79
Landvik;SN38140;23.03.2025 07:00;3,6;79
Landvik;SN38140;23.03.2025 08:00;3,7;79
Landvik;SN38140;23.03.2025 09:00;3,8;79
Landvik;SN38140;23.03.2025 10:00;3,8;78
Landvik;SN38140;23.03.2025 11:00;4,5;76
Landvik;SN38140;23.03.2025 12:00;5,7;70
Landvik;SN38140;23.03.2025 13:00;6,4;67
Landvik;SN38140;23.03.2025 14:00;7,5;63
Landvik;SN38140;23.03.2025 15:00;8,2;60
Landvik;SN38140;23.03.2025 16:00;9,1;57
Landvik;SN38140;23.03.2025 17:00;8,7;57
Landvik;SN38140;23.03.2025 18:00;8,3;58
Landvik;SN38140;23.03.2025 19:00;8,2;58
Landvik;SN38140;23.03.2025 20:00;7,5;60
Landvik;SN38140;23.03.2025 21:00;7,1;61
Landvik;SN38140;23.03.2025 22:00;6,7;60
Landvik;SN38140;23.03.2025 23:00;6,1;60
Landvik;SN38140;24.03.2025 00:00;6,2;60
Landvik;SN38140;24.03.2025 01:00;5,2;64
Landvik;SN38140;24.03.2025 02:00;4,5;67
Landvik;SN38140;24.03.2025 03:00;3,4;72
Landvik;SN38140;24.03.2025 04:00;3;74
Landvik;SN38140;24.03.2025 05:00;2,5;76
Landvik;SN38140;24.03.2025 06:00;1,7;79
Landvik;SN38140;24.03.2025 07:00;1,3;81
Landvik;SN38140;24.03.2025 08:00;2,2;78
Landvik;SN38140;24.03.2025 09:00;3,5;74
Landvik;SN38140;24.03.2025 10:00;5,1;67
Landvik;SN38140;24.03.2025 11:00;6,5;61
Landvik;SN38140;24.03.2025 12:00;7,6;61
Landvik;SN38140;24.03.2025 13:00;8;61
Landvik;SN38140;24.03.2025 14:00;8;61
Landvik;SN38140;24.03.2025 15:00;8,3;62
Landvik;SN38140;24.03.2025 16:00;7,9;64
Landvik;SN38140;24.03.2025 17:00;7,5;67
Landvik;SN38140;24.03.2025 18:00;6,2;74
Landvik;SN38140;24.03.2025 19:00;6,5;69
Landvik;SN38140;24.03.2025 20:00;6,2;72
Landvik;SN38140;24.03.2025 21:00;6,3;72
Landvik;SN38140;24.03.2025 22:00;6,3;74
Landvik;SN38140;24.03.2025 23:00;6,1;78
Landvik;SN38140;25.03.2025 00:00;5,8;83
Landvik;SN38140;25.03.2025 01:00;6,4;74
Landvik;SN38140;25.03.2025 02:00;6,7;64
Landvik;SN38140;25.03.2025 03:00;6,7;64
Landvik;SN38140;25.03.2025 04:00;6,3;77
Landvik;SN38140;25.03.2025 05:00;6,3;84
Landvik;SN38140;25.03.2025 06:00;6,6;85
Landvik;SN38140;25.03.2025 07:00;6,7;86
Landvik;SN38140;25.03.2025 08:00;7;87
Landvik;SN38140;25.03.2025 09:00;7,6;86
Landvik;SN38140;25.03.2025 10:00;8,7;83
Landvik;SN38140;25.03.2025 11:00;10,4;75
Landvik;SN38140;25.03.2025 12:00;12,1;70
Landvik;SN38140;25.03.2025 13:00;15,3;59
Landvik;SN38140;25.03.2025 14:00;18,3;44
Landvik;SN38140;25.03.2025 15:00;18;40
Landvik;SN38140;25.03.2025 16:00;17,2;39
Landvik;SN38140;25.03.2025 17:00;16,8;39
Landvik;SN38140;25.03.2025 18:00;15;44
Landvik;SN38140;25.03.2025 19:00;12,9;51
Landvik;SN38140;25.03.2025 20:00;12;55
Landvik;SN38140;25.03.2025 21:00;11,1;60
Landvik;SN38140;25.03.2025 22:00;10,4;61
Landvik;SN38140;25.03.2025 23:00;10;60
Landvik;SN38140;26.03.2025 00:00;9,2;60
Landvik;SN38140;26.03.2025 01:00;8,9;60
Landvik;SN38140;26.03.2025 02:00;8,8;58
Landvik;SN38140;26.03.2025 03:00;8,3;59
Landvik;SN38140;26.03.2025 04:00;5,1;72
Landvik;SN38140;26.03.2025 05:00;3,4;79
Landvik;SN38140;26.03.2025 06:00;3,2;82
Landvik;SN38140;26.03.2025 07:00;2,9;85
Landvik;SN38140;26.03.2025 08:00;4,3;83
Landvik;SN38140;26.03.2025 09:00;7,8;64
Landvik;SN38140;26.03.2025 10:00;9,4;54
Landvik;SN38140;26.03.2025 11:00;10,2;51
Landvik;SN38140;26.03.2025 12:00;11,5;43
Landvik;SN38140;26.03.2025 13:00;12,5;42
Landvik;SN38140;26.03.2025 14:00;13,6;38
Landvik;SN38140;26.03.2025 15:00;14,2;37
Landvik;SN38140;26.03.2025 16:00;14,1;39
Landvik;SN38140;26.03.2025 17:00;13,1;41
Landvik;SN38140;26.03.2025 18:00;12;46
Landvik;SN38140;26.03.2025 19:00;10,8;51
Landvik;SN38140;26.03.2025 20:00;8,3;63
Landvik;SN38140;26.03.2025 21:00;6,5;74
Landvik;SN38140;26.03.2025 22:00;6,6;72
Landvik;SN38140;26.03.2025 23:00;7,6;68
Landvik;SN38140;27.03.2025 00:00;6,9;71
Landvik;SN38140;27.03.2025 01:00;6,7;73
Landvik;SN38140;27.03.2025 02:00;6,6;78
Landvik;SN38140;27.03.2025 03:00;6,8;81
Landvik;SN38140;27.03.2025 04:00;6,9;84
Landvik;SN38140;27.03.2025 05:00;7,1;78
Landvik;SN38140;27.03.2025 06:00;7,1;75
Landvik;SN38140;27.03.2025 07:00;7,3;75
Landvik;SN38140;27.03.2025 08:00;7,5;76
Landvik;SN38140;27.03.2025 09:00;8;76
Landvik;SN38140;27.03.2025 10:00;8,9;76
Landvik;SN38140;27.03.2025 11:00;8,9;80
Landvik;SN38140;27.03.2025 12:00;9,9;75
Landvik;SN38140;27.03.2025 13:00;11,5;70
Landvik;SN38140;27.03.2025 14:00;13;66
Landvik;SN38140;27.03.2025 15:00;13,8;64
Landvik;SN38140;27.03.2025 16:00;12,9;68
Landvik;SN38140;27.03.2025 17:00;11,4;74
Landvik;SN38140;27.03.2025 18:00;9,8;80
Landvik;SN38140;27.03.2025 19:00;9,7;82
Landvik;SN38140;27.03.2025 20:00;9;87
Landvik;SN38140;27.03.2025 21:00;8,1;90
Landvik;SN38140;27.03.2025 22:00;7,5;93
Landvik;SN38140;27.03.2025 23:00;7,2;94
Landvik;SN38140;28.03.2025 00:00;7,1;94
Landvik;SN38140;28.03.2025 01:00;7,1;92
Landvik;SN38140;28.03.2025 02:00;6,4;94
Landvik;SN38140;28.03.2025 03:00;6,1;96
Landvik;SN38140;28.03.2025 04:00;6;96
Landvik;SN38140;28.03.2025 05:00;6,2;96
Landvik;SN38140;28.03.2025 06:00;6,3;96
Landvik;SN38140;28.03.2025 07:00;6,5;96
Landvik;SN38140;28.03.2025 08:00;6,8;96
Landvik;SN38140;28.03.2025 09:00;7,1;96
Landvik;SN38140;28.03.2025 10:00;7,5;94
Landvik;SN38140;28.03.2025 11:00;7,9;94
Landvik;SN38140;28.03.2025 12:00;8,1;93
Landvik;SN38140;28.03.2025 13:00;7,9;93
Landvik;SN38140;28.03.2025 14:00;7,7;93
Landvik;SN38140;28.03.2025 15:00;7,6;93
Landvik;SN38140;28.03.2025 16:00;7,5;94
Landvik;SN38140;28.03.2025 17:00;7,7;93
Landvik;SN38140;28.03.2025 18:00;7,4;94
Landvik;SN38140;28.03.2025 19:00;7,3;91
Landvik;SN38140;28.03.2025 20:00;6,9;91
Landvik;SN38140;28.03.2025 21:00;6,8;91
Landvik;SN38140;28.03.2025 22:00;6,8;91
Landvik;SN38140;28.03.2025 23:00;6,7;88
Landvik;SN38140;29.03.2025 00:00;5,7;90
Landvik;SN38140;29.03.2025 01:00;4,7;92
Landvik;SN38140;29.03.2025 02:00;4,3;93
Landvik;SN38140;29.03.2025 03:00;3,9;94
Landvik;SN38140;29.03.2025 04:00;3;94
Landvik;SN38140;29.03.2025 05:00;1,7;95
Landvik;SN38140;29.03.2025 06:00;1,7;96
Landvik;SN38140;29.03.2025 07:00;1,8;97
Landvik;SN38140;29.03.2025 08:00;3,5;97
Landvik;SN38140;29.03.2025 09:00;7;84
Landvik;SN38140;29.03.2025 10:00;8,6;69
Landvik;SN38140;29.03.2025 11:00;9,6;59
Landvik;SN38140;29.03.2025 12:00;10,5;54
Landvik;SN38140;29.03.2025 13:00;9,9;57
Landvik;SN38140;29.03.2025 14:00;11;51
Landvik;SN38140;29.03.2025 15:00;10,9;47
Landvik;SN38140;29.03.2025 16:00;11;45
Landvik;SN38140;29.03.2025 17:00;10,5;46
Landvik;SN38140;29.03.2025 18:00;9,5;48
Landvik;SN38140;29.03.2025 19:00;7,8;53
Landvik;SN38140;29.03.2025 20:00;6,5;64
Landvik;SN38140;29.03.2025 21:00;5,7;78
Landvik;SN38140;29.03.2025 22:00;5,8;84
Landvik;SN38140;29.03.2025 23:00;6,1;85
Landvik;SN38140;30.03.2025 00:00;6;87
Landvik;SN38140;30.03.2025 01:00;5;87
Landvik;SN38140;30.03.2025 02:00;4,1;88
Landvik;SN38140;30.03.2025 03:00;3,9;89
Landvik;SN38140;30.03.2025 04:00;3,9;89
Landvik;SN38140;30.03.2025 05:00;4,5;93
Landvik;SN38140;30.03.2025 06:00;5,6;93
Landvik;SN38140;30.03.2025 07:00;5,6;94
Landvik;SN38140;30.03.2025 08:00;6;95
Landvik;SN38140;30.03.2025 09:00;6;95
Landvik;SN38140;30.03.2025 10:00;5,5;93
Landvik;SN38140;30.03.2025 11:00;5,3;92
Landvik;SN38140;30.03.2025 12:00;5,4;91
Landvik;SN38140;30.03.2025 13:00;6;88
Landvik;SN38140;30.03.2025 14:00;6,1;86
Landvik;SN38140;30.03.2025 15:00;5,7;87
Landvik;SN38140;30.03.2025 16:00;6;84
Landvik;SN38140;30.03.2025 17:00;7,2;78
Landvik;SN38140;30.03.2025 18:00;7,6;72
Landvik;SN38140;30.03.2025 19:00;6,9;73
Landvik;SN38140;30.03.2025 20:00;4,3;85
Landvik;SN38140;30.03.2025 21:00;2,4;92
Landvik;SN38140;30.03.2025 22:00;1,7;94
Landvik;SN38140;30.03.2025 23:00;1,5;94
Landvik;SN38140;31.03.2025 00:00;1,4;95
Landvik;SN38140;31.03.2025 01:00;1,2;93
Landvik;SN38140;31.03.2025 02:00;1,3;87
Landvik;SN38140;31.03.2025 03:00;0,8;88
Landvik;SN38140;31.03.2025 04:00;-0,1;90
Landvik;SN38140;31.03.2025 05:00;-0,3;89
Landvik;SN38140;31.03.2025 06:00;-0,2;86
Landvik;SN38140;31.03.2025 07:00;-0,8;91
Landvik;SN38140;31.03.2025 08:00;1,9;82
Landvik;SN38140;31.03.2025 09:00;5,5;72
Landvik;SN38140;31.03.2025 10:00;9,5;44
Landvik;SN38140;31.03.2025 11:00;10,5;37
Landvik;SN38140;31.03.2025 12:00;11,4;37
Landvik;SN38140;31.03.2025 13:00;10,6;42
Landvik;SN38140;31.03.2025 14:00;10,5;43
Landvik;SN38140;31.03.2025 15:00;10,6;45
Landvik;SN38140;31.03.2025 16:00;10,9;48
Landvik;SN38140;31.03.2025 17:00;10,6;55
Landvik;SN38140;31.03.2025 18:00;10,3;58
Landvik;SN38140;31.03.2025 19:00;7,9;72
Landvik;SN38140;31.03.2025 20:00;6,1;81
Landvik;SN38140;31.03.2025 21:00;5,2;86
Landvik;SN38140;31.03.2025 22:00;5,1;83
Landvik;SN38140;31.03.2025 23:00;4;78
Landvik;SN38140;01.04.2025 00:00;3,6;69
Landvik;SN38140;01.04.2025 01:00;2,9;73
Landvik;SN38140;01.04.2025 02:00;3,4;71
Landvik;SN38140;01.04.2025 03:00;3,1;73
Landvik;SN38140;01.04.2025 04:00;1,8;81
Landvik;SN38140;01.04.2025 05:00;1,9;82
Landvik;SN38140;01.04.2025 06:00;1,3;84
Landvik;SN38140;01.04.2025 07:00;1;88
Landvik;SN38140;01.04.2025 08:00;3,4;83
Landvik;SN38140;01.04.2025 09:00;7,3;72
Landvik;SN38140;01.04.2025 10:00;11,2;59
Landvik;SN38140;01.04.2025 11:00;13,7;46
Landvik;SN38140;01.04.2025 12:00;13,9;41
Landvik;SN38140;01.04.2025 13:00;14,3;41
Landvik;SN38140;01.04.2025 14:00;14,7;43
Landvik;SN38140;01.04.2025 15:00;14,9;44
Landvik;SN38140;01.04.2025 16:00;13,3;48
Landvik;SN38140;01.04.2025 18:00;11,7;51
Landvik;SN38140;01.04.2025 19:00;9,7;58
Landvik;SN38140;01.04.2025 20:00;7,3;72
Landvik;SN38140;01.04.2025 21:00;5,9;77
Landvik;SN38140;01.04.2025 22:00;4,8;81
Landvik;SN38140;01.04.2025 23:00;3,8;86
Landvik;SN38140;02.04.2025 00:00;2,9;89
Landvik;SN38140;02.04.2025 01:00;2,2;91
Landvik;SN38140;02.04.2025 02:00;1,6;93
Landvik;SN38140;02.04.2025 03:00;1,1;93
Landvik;SN38140;02.04.2025 04:00;0,6;94
Landvik;SN38140;02.04.2025 05:00;0,7;95
Landvik;SN38140;02.04.2025 06:00;0,4;95
Landvik;SN38140;02.04.2025 07:00;0,2;95
Landvik;SN38140;02.04.2025 08:00;3;96
Landvik;SN38140;02.04.2025 09:00;5,5;87
Landvik;SN38140;02.04.2025 10:00;9,4;68
Landvik;SN38140;02.04.2025 11:00;11,8;57
Landvik;SN38140;02.04.2025 12:00;12,8;55
Landvik;SN38140;02.04.2025 13:00;13,8;48
Landvik;SN38140;02.04.2025 14:00;14,2;43
Landvik;SN38140;02.04.2025 15:00;14,5;50
Landvik;SN38140;02.04.2025 16:00;14,7;46
Landvik;SN38140;02.04.2025 17:00;14,9;41
Landvik;SN38140;02.04.2025 18:00;13,9;41
Landvik;SN38140;02.04.2025 19:00;11,1;53
Landvik;SN38140;02.04.2025 20:00;7,7;70
Landvik;SN38140;02.04.2025 21:00;5,4;80
Landvik;SN38140;02.04.2025 22:00;4,3;84
Landvik;SN38140;02.04.2025 23:00;3,4;86
Landvik;SN38140;03.04.2025 00:00;2,8;88
Landvik;SN38140;03.04.2025 01:00;2,3;90
Landvik;SN38140;03.04.2025 02:00;1,7;91
Landvik;SN38140;03.04.2025 03:00;1,4;92
Landvik;SN38140;03.04.2025 04:00;1,1;93
Landvik;SN38140;03.04.2025 05:00;0,8;94
Landvik;SN38140;03.04.2025 06:00;0,6;95
Landvik;SN38140;03.04.2025 07:00;1;95
Landvik;SN38140;03.04.2025 08:00;4,5;95
Landvik;SN38140;03.04.2025 09:00;8,6;73
Landvik;SN38140;03.04.2025 10:00;12,7;58
Landvik;SN38140;03.04.2025 11:00;15,8;48
Landvik;SN38140;03.04.2025 12:00;18;43
Landvik;SN38140;03.04.2025 13:00;19,3;39
Landvik;SN38140;03.04.2025 14:00;19,2;42
Landvik;SN38140;03.04.2025 15:00;19,8;40
Landvik;SN38140;03.04.2025 16:00;19;42
Landvik;SN38140;03.04.2025 17:00;18,8;43
Landvik;SN38140;03.04.2025 18:00;20;26
Landvik;SN38140;03.04.2025 19:00;17,7;27
Landvik;SN38140;03.04.2025 20:00;13;42
Landvik;SN38140;03.04.2025 21:00;13,5;39
Landvik;SN38140;03.04.2025 22:00;9,7;53
Landvik;SN38140;03.04.2025 23:00;8,1;58
Landvik;SN38140;04.04.2025 00:00;6,5;64
Landvik;SN38140;04.04.2025 01:00;5,3;70
Landvik;SN38140;04.04.2025 02:00;4,3;75
Landvik;SN38140;04.04.2025 03:00;4,6;74
Landvik;SN38140;04.04.2025 04:00;6,5;63
Landvik;SN38140;04.04.2025 05:00;8;54
Landvik;SN38140;04.04.2025 06:00;7,4;48
Landvik;SN38140;04.04.2025 07:00;7;51
Landvik;SN38140;04.04.2025 08:00;7,5;53
Landvik;SN38140;04.04.2025 09:00;7,6;51
Landvik;SN38140;04.04.2025 10:00;7,8;51
Landvik;SN38140;04.04.2025 11:00;8;49
Landvik;SN38140;04.04.2025 12:00;8;48
Landvik;SN38140;04.04.2025 13:00;8,5;47
Landvik;SN38140;04.04.2025 14:00;8,6;49
Landvik;SN38140;04.04.2025 15:00;8,5;50
Landvik;SN38140;04.04.2025 16:00;8,8;49
Landvik;SN38140;04.04.2025 17:00;8,6;52
Landvik;SN38140;04.04.2025 18:00;7,6;55
Landvik;SN38140;04.04.2025 19:00;6,3;61
Landvik;SN38140;04.04.2025 20:00;5,1;69
Landvik;SN38140;04.04.2025 21:00;3,9;76
Landvik;SN38140;04.04.2025 22:00;2,8;81
Landvik;SN38140;04.04.2025 23:00;2,1;84
Landvik;SN38140;05.04.2025 00:00;1,3;86
Landvik;SN38140;05.04.2025 01:00;1,4;85
Landvik;SN38140;05.04.2025 02:00;2,6;75
Landvik;SN38140;05.04.2025 03:00;2,2;75
Landvik;SN38140;05.04.2025 04:00;1,4;77
Landvik;SN38140;05.04.2025 05:00;0,8;79
Landvik;SN38140;05.04.2025 06:00;0,8;77
Landvik;SN38140;05.04.2025 07:00;0,8;75
Landvik;SN38140;05.04.2025 08:00;3,2;64
Landvik;SN38140;05.04.2025 09:00;6,1;47
Landvik;SN38140;05.04.2025 10:00;8;41
Landvik;SN38140;05.04.2025 11:00;8,3;42
Landvik;SN38140;05.04.2025 12:00;8,5;45
Landvik;SN38140;05.04.2025 13:00;8,6;46
Landvik;SN38140;05.04.2025 14:00;8,5;45
Landvik;SN38140;05.04.2025 15:00;8,6;45
Landvik;SN38140;05.04.2025 16:00;8,6;45
Landvik;SN38140;05.04.2025 17:00;8,7;44
Landvik;SN38140;05.04.2025 18:00;8,4;42
Landvik;SN38140;05.04.2025 19:00;6,5;51
Landvik;SN38140;05.04.2025 20:00;3,7;64
Landvik;SN38140;05.04.2025 21:00;1,9;74
Landvik;SN38140;05.04.2025 22:00;1,2;78
Landvik;SN38140;05.04.2025 23:00;1,4;78
Landvik;SN38140;06.04.2025 00:00;0,6;77
Landvik;SN38140;06.04.2025 01:00;1,1;73
Landvik;SN38140;06.04.2025 02:00;1,4;72
Landvik;SN38140;06.04.2025 03:00;1,1;77
Landvik;SN38140;06.04.2025 04:00;0,1;81
Landvik;SN38140;06.04.2025 05:00;-0,9;87
Landvik;SN38140;06.04.2025 06:00;-1,6;89
Landvik;SN38140;06.04.2025 07:00;-1,2;91
Landvik;SN38140;06.04.2025 08:00;2,4;82
Landvik;SN38140;06.04.2025 09:00;5,9;68
Landvik;SN38140;06.04.2025 10:00;9,8;50
Landvik;SN38140;06.04.2025 11:00;11,3;43
Landvik;SN38140;06.04.2025 12:00;12,3;40
Landvik;SN38140;06.04.2025 13:00;13,1;41
Landvik;SN38140;06.04.2025 14:00;13,7;42
Landvik;SN38140;06.04.2025 15:00;13,7;44
Landvik;SN38140;06.04.2025 16:00;14,1;42
Landvik;SN38140;06.04.2025 17:00;14,1;44
Landvik;SN38140;06.04.2025 18:00;13,6;46
Landvik;SN38140;06.04.2025 19:00;10,8;57
Landvik;SN38140;06.04.2025 20:00;7,2;70
Landvik;SN38140;06.04.2025 21:00;5,5;77
Landvik;SN38140;06.04.2025 22:00;5;76
Landvik;SN38140;06.04.2025 23:00;5,4;70
Landvik;SN38140;07.04.2025 00:00;4,5;74
Landvik;SN38140;07.04.2025 01:00;4,6;69
Landvik;SN38140;07.04.2025 02:00;3,9;73
Landvik;SN38140;07.04.2025 03:00;4,2;69
Landvik;SN38140;07.04.2025 04:00;4,5;66
Landvik;SN38140;07.04.2025 05:00;4,9;63
Landvik;SN38140;07.04.2025 06:00;5;62
Landvik;SN38140;07.04.2025 07:00;5,2;61
Landvik;SN38140;07.04.2025 08:00;7,2;52
Landvik;SN38140;07.04.2025 09:00;8,6;49
Landvik;SN38140;07.04.2025 10:00;10;46
Landvik;SN38140;07.04.2025 11:00;10,5;46
Landvik;SN38140;07.04.2025 12:00;10,3;47
Landvik;SN38140;07.04.2025 13:00;10,6;47
Landvik;SN38140;07.04.2025 14:00;11;47
Landvik;SN38140;07.04.2025 15:00;11,2;45
Landvik;SN38140;07.04.2025 16:00;11,2;44
Landvik;SN38140;07.04.2025 17:00;11;44
Landvik;SN38140;07.04.2025 18:00;10,2;45
Landvik;SN38140;07.04.2025 19:00;8,5;54
Landvik;SN38140;07.04.2025 20:00;6;65
Landvik;SN38140;07.04.2025 21:00;3,9;75
Landvik;SN38140;07.04.2025 22:00;2,8;80
Landvik;SN38140;07.04.2025 23:00;2,1;83
Landvik;SN38140;08.04.2025 00:00;1,7;85
Landvik;SN38140;08.04.2025 01:00;1,2;88
Landvik;SN38140;08.04.2025 02:00;0,4;89
Landvik;SN38140;08.04.2025 03:00;0,7;90
Landvik;SN38140;08.04.2025 04:00;-0,1;90
Landvik;SN38140;08.04.2025 05:00;-0,1;91
Landvik;SN38140;08.04.2025 06:00;-0,2;91
Landvik;SN38140;08.04.2025 07:00;0,6;92
Landvik;SN38140;08.04.2025 08:00;4,1;79
Landvik;SN38140;08.04.2025 09:00;7,1;68
Landvik;SN38140;08.04.2025 10:00;9,2;59
Landvik;SN38140;08.04.2025 11:00;11,6;46
Landvik;SN38140;08.04.2025 12:00;11,5;47
Landvik;SN38140;08.04.2025 13:00;10,8;51
Landvik;SN38140;08.04.2025 14:00;11,8;49
Landvik;SN38140;08.04.2025 15:00;12,5;47
Landvik;SN38140;08.04.2025 16:00;12,4;48
Landvik;SN38140;08.04.2025 17:00;12,3;48
Landvik;SN38140;08.04.2025 18:00;11,5;50
Landvik;SN38140;08.04.2025 19:00;10,2;57
Landvik;SN38140;08.04.2025 20:00;8,9;64
Landvik;SN38140;08.04.2025 21:00;6,4;74
Landvik;SN38140;08.04.2025 22:00;4,4;82
Landvik;SN38140;08.04.2025 23:00;3,6;86
Landvik;SN38140;09.04.2025 00:00;3,3;87
Landvik;SN38140;09.04.2025 01:00;3,4;87
Landvik;SN38140;09.04.2025 02:00;2,9;87
Landvik;SN38140;09.04.2025 03:00;2,3;88
Landvik;SN38140;09.04.2025 04:00;2,1;89
Landvik;SN38140;09.04.2025 05:00;2,8;85
Landvik;SN38140;09.04.2025 06:00;2,9;84
Landvik;SN38140;09.04.2025 07:00;4,5;78
Landvik;SN38140;09.04.2025 08:00;7;66
Landvik;SN38140;09.04.2025 09:00;9;58
Landvik;SN38140;09.04.2025 10:00;10,8;50
Landvik;SN38140;09.04.2025 11:00;12;46
Landvik;SN38140;09.04.2025 12:00;12,5;43
Landvik;SN38140;09.04.2025 13:00;13,1;41
Landvik;SN38140;09.04.2025 14:00;13,7;38
Landvik;SN38140;09.04.2025 15:00;12,8;41
Landvik;SN38140;09.04.2025 16:00;12,7;43
Landvik;SN38140;09.04.2025 17:00;12,2;45
Landvik;SN38140;09.04.2025 18:00;11,5;46
Landvik;SN38140;09.04.2025 19:00;9,7;55
Landvik;SN38140;09.04.2025 20:00;7,3;69
Landvik;SN38140;09.04.2025 21:00;5,2;82
Landvik;SN38140;09.04.2025 22:00;4,5;87
Landvik;SN38140;09.04.2025 23:00;3,5;89
Landvik;SN38140;10.04.2025 00:00;5,8;68
Landvik;SN38140;10.04.2025 01:00;5,5;64
Landvik;SN38140;10.04.2025 02:00;3,4;74
Landvik;SN38140;10.04.2025 03:00;2;81
Landvik;SN38140;10.04.2025 04:00;0,6;88
Landvik;SN38140;10.04.2025 05:00;-0,1;90
Landvik;SN38140;10.04.2025 06:00;-0,8;91
Landvik;SN38140;10.04.2025 07:00;-0,1;92
Landvik;SN38140;10.04.2025 08:00;4,5;78
Landvik;SN38140;10.04.2025 09:00;7,6;61
Landvik;SN38140;10.04.2025 10:00;9,5;57
Landvik;SN38140;10.04.2025 11:00;10,5;52
Landvik;SN38140;10.04.2025 12:00;10,9;55
Landvik;SN38140;10.04.2025 13:00;12,9;49
Landvik;SN38140;10.04.2025 14:00;13,6;51
Landvik;SN38140;10.04.2025 15:00;15,5;34
Landvik;SN38140;10.04.2025 16:00;14,3;37
Landvik;SN38140;10.04.2025 17:00;13,4;42
Landvik;SN38140;10.04.2025 18:00;12,7;45
Landvik;SN38140;10.04.2025 19:00;12,6;46
Landvik;SN38140;10.04.2025 20:00;11,8;49
Landvik;SN38140;10.04.2025 21:00;10,8;53
Landvik;SN38140;10.04.2025 22:00;8,8;62
Landvik;SN38140;10.04.2025 23:00;7,6;67
Landvik;SN38140;11.04.2025 00:00;7,3;70
Landvik;SN38140;11.04.2025 01:00;6,8;71
Landvik;SN38140;11.04.2025 02:00;7,7;65
Landvik;SN38140;11.04.2025 03:00;8,5;61
Landvik;SN38140;11.04.2025 04:00;8,2;64
Landvik;SN38140;11.04.2025 05:00;7,9;65
Landvik;SN38140;11.04.2025 06:00;8,2;66
Landvik;SN38140;11.04.2025 07:00;9,2;66
Landvik;SN38140;11.04.2025 08:00;10,6;66
Landvik;SN38140;11.04.2025 09:00;13,2;56
Landvik;SN38140;11.04.2025 10:00;14,7;52
Landvik;SN38140;11.04.2025 11:00;16,4;47
Landvik;SN38140;11.04.2025 12:00;17,9;43
Landvik;SN38140;11.04.2025 13:00;18,4;42
Landvik;SN38140;11.04.2025 14:00;17,2;45
Landvik;SN38140;11.04.2025 15:00;16;48
Landvik;SN38140;11.04.2025 16:00;16,2;48
Landvik;SN38140;11.04.2025 17:00;16,5;47
Landvik;SN38140;11.04.2025 18:00;15,2;52
Landvik;SN38140;11.04.2025 19:00;14;57
Landvik;SN38140;11.04.2025 20:00;12,3;64
Landvik;SN38140;11.04.2025 21:00;12,5;60
Landvik;SN38140;11.04.2025 22:00;11,8;62
Landvik;SN38140;11.04.2025 23:00;10,9;67
Landvik;SN38140;12.04.2025 00:00;10,6;71
Landvik;SN38140;12.04.2025 01:00;10,7;71
Landvik;SN38140;12.04.2025 02:00;10,1;77
Landvik;SN38140;12.04.2025 03:00;9,6;80
Landvik;SN38140;12.04.2025 04:00;9,6;80
Landvik;SN38140;12.04.2025 05:00;10,5;73
Landvik;SN38140;12.04.2025 06:00;9,4;78
Landvik;SN38140;12.04.2025 07:00;9,9;76
Landvik;SN38140;12.04.2025 08:00;10,9;74
Landvik;SN38140;12.04.2025 09:00;13,2;62
Landvik;SN38140;12.04.2025 10:00;15,8;47
Landvik;SN38140;12.04.2025 11:00;16,9;44
Landvik;SN38140;12.04.2025 12:00;18,3;41
Landvik;SN38140;12.04.2025 13:00;18,9;40
Landvik;SN38140;12.04.2025 14:00;19,8;37
Landvik;SN38140;12.04.2025 15:00;19,8;42
Landvik;SN38140;12.04.2025 16:00;19,1;44
Landvik;SN38140;12.04.2025 17:00;18,5;46
Landvik;SN38140;12.04.2025 18:00;17,5;50
Landvik;SN38140;12.04.2025 19:00;15,1;60
Landvik;SN38140;12.04.2025 20:00;13,1;62
Landvik;SN38140;12.04.2025 21:00;11,4;64
Landvik;SN38140;12.04.2025 22:00;10,3;62
Landvik;SN38140;12.04.2025 23:00;6,7;74
Landvik;SN38140;13.04.2025 00:00;4,9;80
Landvik;SN38140;13.04.2025 01:00;3,8;84
Landvik;SN38140;13.04.2025 02:00;3;87
Landvik;SN38140;13.04.2025 03:00;2,6;87
Landvik;SN38140;13.04.2025 04:00;2;90
Landvik;SN38140;13.04.2025 05:00;2;92
Landvik;SN38140;13.04.2025 06:00;2,1;91
Landvik;SN38140;13.04.2025 07:00;3,1;89
Landvik;SN38140;13.04.2025 08:00;5,8;86
Landvik;SN38140;13.04.2025 09:00;6,3;91
Landvik;SN38140;13.04.2025 10:00;7,2;91
Landvik;SN38140;13.04.2025 11:00;8,2;90
Landvik;SN38140;13.04.2025 12:00;8,8;90
Landvik;SN38140;13.04.2025 13:00;8,9;90
Landvik;SN38140;13.04.2025 14:00;8,9;89
Landvik;SN38140;13.04.2025 15:00;8,8;90
Landvik;SN38140;13.04.2025 16:00;8,7;92
Landvik;SN38140;13.04.2025 17:00;8,9;94
Landvik;SN38140;13.04.2025 18:00;9;94
Landvik;SN38140;13.04.2025 19:00;9,3;91
Landvik;SN38140;13.04.2025 20:00;9;91
Landvik;SN38140;13.04.2025 21:00;8,8;93
Landvik;SN38140;13.04.2025 22:00;8,9;93
Landvik;SN38140;13.04.2025 23:00;8;94
Landvik;SN38140;14.04.2025 00:00;7;95
Landvik;SN38140;14.04.2025 01:00;6,4;94
Landvik;SN38140;14.04.2025 02:00;6,4;94
Landvik;SN38140;14.04.2025 03:00;5,9;94
Landvik;SN38140;14.04.2025 04:00;5,7;94
Landvik;SN38140;14.04.2025 05:00;5,7;91
Landvik;SN38140;14.04.2025 06:00;5,6;86
Landvik;SN38140;14.04.2025 07:00;5,7;84
Landvik;SN38140;14.04.2025 08:00;7,3;80
Landvik;SN38140;14.04.2025 09:00;8,7;71
Landvik;SN38140;14.04.2025 10:00;10,3;59
Landvik;SN38140;14.04.2025 11:00;11,5;48
Landvik;SN38140;14.04.2025 12:00;12,2;52
Landvik;SN38140;14.04.2025 13:00;11,8;67
Landvik;SN38140;14.04.2025 14:00;12,3;56
Landvik;SN38140;14.04.2025 15:00;12,3;63
Landvik;SN38140;14.04.2025 16:00;12,1;65
Landvik;SN38140;14.04.2025 17:00;11,8;64
Landvik;SN38140;14.04.2025 18:00;10,7;73
Landvik;SN38140;14.04.2025 19:00;9,1;81
Landvik;SN38140;14.04.2025 20:00;7,9;84
Landvik;SN38140;14.04.2025 21:00;6,8;88
Landvik;SN38140;14.04.2025 22:00;4,9;91
Landvik;SN38140;14.04.2025 23:00;3,2;93
Landvik;SN38140;15.04.2025 00:00;2,7;95
Landvik;SN38140;15.04.2025 01:00;2,5;95
Landvik;SN38140;15.04.2025 02:00;1,9;95
Landvik;SN38140;15.04.2025 03:00;2,2;96
Landvik;SN38140;15.04.2025 04:00;2,8;96
Landvik;SN38140;15.04.2025 05:00;2,8;96
Landvik;SN38140;15.04.2025 06:00;3,2;96
Landvik;SN38140;15.04.2025 07:00;3,5;96
Landvik;SN38140;15.04.2025 08:00;5,5;95
Landvik;SN38140;15.04.2025 09:00;7,5;88
Landvik;SN38140;15.04.2025 10:00;9,5;79
Landvik;SN38140;15.04.2025 11:00;10;76
Landvik;SN38140;15.04.2025 12:00;9,2;78
Landvik;SN38140;15.04.2025 13:00;9,4;78
Landvik;SN38140;15.04.2025 14:00;10,7;76
Landvik;SN38140;15.04.2025 15:00;12,1;70
Landvik;SN38140;15.04.2025 16:00;12,3;69
Landvik;SN38140;15.04.2025 17:00;12;68
Landvik;SN38140;15.04.2025 18:00;11,5;73
Landvik;SN38140;15.04.2025 19:00;11,2;76
Landvik;SN38140;15.04.2025 20:00;11,6;74
Landvik;SN38140;15.04.2025 21:00;11,6;74
Landvik;SN38140;15.04.2025 22:00;11,3;77
Landvik;SN38140;15.04.2025 23:00;11,3;76
Landvik;SN38140;16.04.2025 00:00;11,4;73
Landvik;SN38140;16.04.2025 01:00;10,9;74
Landvik;SN38140;16.04.2025 02:00;10,7;75
Landvik;SN38140;16.04.2025 03:00;10,7;76
Landvik;SN38140;16.04.2025 04:00;11,5;74
Landvik;SN38140;16.04.2025 05:00;11,9;74
Landvik;SN38140;16.04.2025 06:00;11,7;75
Landvik;SN38140;16.04.2025 07:00;10,9;81
Landvik;SN38140;16.04.2025 08:00;9,8;89
Landvik;SN38140;16.04.2025 09:00;9,5;92
Landvik;SN38140;16.04.2025 10:00;9,5;93
Landvik;SN38140;16.04.2025 11:00;9,5;93
Landvik;SN38140;16.04.2025 12:00;9,9;94
Landvik;SN38140;16.04.2025 13:00;10,5;93
Landvik;SN38140;16.04.2025 14:00;11,4;91
Landvik;SN38140;16.04.2025 15:00;12,4;86
Landvik;SN38140;16.04.2025 16:00;12;89
Landvik;SN38140;16.04.2025 17:00;11,7;89
Landvik;SN38140;16.04.2025 18:00;11,2;91
Landvik;SN38140;16.04.2025 19:00;10,8;93
Landvik;SN38140;16.04.2025 20:00;10,4;94
Landvik;SN38140;16.04.2025 21:00;9,9;95
Landvik;SN38140;16.04.2025 22:00;9,9;96
Landvik;SN38140;16.04.2025 23:00;10;96
Landvik;SN38140;17.04.2025 00:00;10;95
Landvik;SN38140;17.04.2025 01:00;9,5;95
Landvik;SN38140;17.04.2025 02:00;9;96
Landvik;SN38140;17.04.2025 03:00;8,9;97
Landvik;SN38140;17.04.2025 04:00;9;97
Landvik;SN38140;17.04.2025 05:00;8,9;97
Landvik;SN38140;17.04.2025 06:00;9;97
Landvik;SN38140;17.04.2025 07:00;9,1;97
Landvik;SN38140;17.04.2025 08:00;9,5;97
Landvik;SN38140;17.04.2025 09:00;9,7;96
Landvik;SN38140;17.04.2025 10:00;10;96
Landvik;SN38140;17.04.2025 11:00;10,1;95
Landvik;SN38140;17.04.2025 12:00;10,3;95
Landvik;SN38140;17.04.2025 13:00;10,4;96
Landvik;SN38140;17.04.2025 14:00;10,6;95
Landvik;SN38140;17.04.2025 15:00;11;95
Landvik;SN38140;17.04.2025 16:00;10,4;86
Landvik;SN38140;17.04.2025 17:00;9,3;84
Landvik;SN38140;17.04.2025 18:00;8,8;85
Landvik;SN38140;17.04.2025 19:00;8,5;86
Landvik;SN38140;17.04.2025 20:00;8,1;85
Landvik;SN38140;17.04.2025 21:00;7,9;87
Landvik;SN38140;17.04.2025 22:00;7,2;90
Landvik;SN38140;17.04.2025 23:00;6,7;94
Landvik;SN38140;18.04.2025 00:00;6,8;95
Landvik;SN38140;18.04.2025 01:00;6,3;95
Landvik;SN38140;18.04.2025 02:00;6,2;96
Landvik;SN38140;18.04.2025 03:00;6;96
Landvik;SN38140;18.04.2025 04:00;5,9;96
Landvik;SN38140;18.04.2025 05:00;6;96
Landvik;SN38140;18.04.2025 06:00;5,8;96
Landvik;SN38140;18.04.2025 07:00;5,9;93
Landvik;SN38140;18.04.2025 08:00;8,6;78
Landvik;SN38140;18.04.2025 09:00;9,9;73
Landvik;SN38140;18.04.2025 10:00;12;60
Landvik;SN38140;18.04.2025 11:00;13,2;56
Landvik;SN38140;18.04.2025 12:00;13,8;58
Landvik;SN38140;18.04.2025 13:00;13,8;60
Landvik;SN38140;18.04.2025 14:00;13,9;57
Landvik;SN38140;18.04.2025 15:00;13,5;57
Landvik;SN38140;18.04.2025 16:00;13;60
Landvik;SN38140;18.04.2025 17:00;12;61
Landvik;SN38140;18.04.2025 18:00;11,8;61
Landvik;SN38140;18.04.2025 19:00;11,7;60
Landvik;SN38140;18.04.2025 20:00;9,4;72
Landvik;SN38140;18.04.2025 21:00;7,2;85
Landvik;SN38140;18.04.2025 22:00;6,3;90
Landvik;SN38140;18.04.2025 23:00;5,8;91
Landvik;SN38140;19.04.2025 00:00;5,6;93
Landvik;SN38140;19.04.2025 01:00;5;93
Landvik;SN38140;19.04.2025 02:00;5,6;86
Landvik;SN38140;19.04.2025 03:00;5,5;80
Landvik;SN38140;19.04.2025 04:00;6;73
Landvik;SN38140;19.04.2025 05:00;6,9;66
Landvik;SN38140;19.04.2025 06:00;7,9;60
Landvik;SN38140;19.04.2025 07:00;8,7;56
Landvik;SN38140;19.04.2025 08:00;9,6;53
Landvik;SN38140;19.04.2025 09:00;11,8;48
Landvik;SN38140;19.04.2025 10:00;13;49
Landvik;SN38140;19.04.2025 11:00;13,8;55
Landvik;SN38140;19.04.2025 12:00;13,8;60
Landvik;SN38140;19.04.2025 13:00;12,2;72
Landvik;SN38140;19.04.2025 14:00;11,4;79
Landvik;SN38140;19.04.2025 15:00;10,7;85
Landvik;SN38140;19.04.2025 16:00;11,1;78
Landvik;SN38140;19.04.2025 17:00;10,6;81
Landvik;SN38140;19.04.2025 18:00;10,2;85
Landvik;SN38140;19.04.2025 19:00;9,8;83
Landvik;SN38140;19.04.2025 20:00;9,3;85
Landvik;SN38140;19.04.2025 21:00;8,7;88
Landvik;SN38140;19.04.2025 22:00;8,2;89
Landvik;SN38140;19.04.2025 23:00;8,2;87
Landvik;SN38140;20.04.2025 00:00;7,8;86
Landvik;SN38140;20.04.2025 01:00;7,6;85
Landvik;SN38140;20.04.2025 02:00;7,2;88
Landvik;SN38140;20.04.2025 03:00;6,8;90
Landvik;SN38140;20.04.2025 04:00;6,8;89
Landvik;SN38140;20.04.2025 05:00;6,9;85
Landvik;SN38140;20.04.2025 06:00;7,1;83
Landvik;SN38140;20.04.2025 07:00;7,1;83
Landvik;SN38140;20.04.2025 08:00;6,8;88
Landvik;SN38140;20.04.2025 09:00;6,9;90
Landvik;SN38140;20.04.2025 10:00;7,3;87
Landvik;SN38140;20.04.2025 11:00;7,9;81
Landvik;SN38140;20.04.2025 12:00;8,3;79
Landvik;SN38140;20.04.2025 13:00;8,9;75
Landvik;SN38140;20.04.2025 14:00;9;75
Landvik;SN38140;20.04.2025 15:00;9,1;74
Landvik;SN38140;20.04.2025 16:00;8,9;75
Landvik;SN38140;20.04.2025 17:00;8,7;76
Landvik;SN38140;20.04.2025 18:00;8,4;78
Landvik;SN38140;20.04.2025 19:00;8,1;77
Landvik;SN38140;20.04.2025 20:00;8;78
Landvik;SN38140;20.04.2025 21:00;7,9;77
Landvik;SN38140;20.04.2025 22:00;7,7;78
Landvik;SN38140;20.04.2025 23:00;7,6;79
Landvik;SN38140;21.04.2025 00:00;7,5;80
Landvik;SN38140;21.04.2025 01:00;7,2;81
Landvik;SN38140;21.04.2025 02:00;7,1;80
Landvik;SN38140;21.04.2025 03:00;7,1;79
Landvik;SN38140;21.04.2025 04:00;7,1;78
Landvik;SN38140;21.04.2025 05:00;6,4;82
Landvik;SN38140;21.04.2025 06:00;5,8;85
Landvik;SN38140;21.04.2025 07:00;6,8;77
Landvik;SN38140;21.04.2025 08:00;7,4;74
Landvik;SN38140;21.04.2025 09:00;9;66
Landvik;SN38140;21.04.2025 10:00;10,4;59
Landvik;SN38140;21.04.2025 11:00;11;54
Landvik;SN38140;21.04.2025 12:00;11,5;59
Landvik;SN38140;21.04.2025 13:00;11,2;62
Landvik;SN38140;21.04.2025 14:00;11;63
Landvik;SN38140;21.04.2025 15:00;10,1;67
Landvik;SN38140;21.04.2025 16:00;9,5;70
Landvik;SN38140;21.04.2025 17:00;9,2;72
Landvik;SN38140;21.04.2025 18:00;8,5;76
Landvik;SN38140;21.04.2025 19:00;8;78
Landvik;SN38140;21.04.2025 20:00;7,6;80
Landvik;SN38140;21.04.2025 21:00;7,5;82
Landvik;SN38140;21.04.2025 22:00;7,5;81
Landvik;SN38140;21.04.2025 23:00;7,4;82
Landvik;SN38140;22.04.2025 00:00;7,2;83
Landvik;SN38140;22.04.2025 01:00;7,1;85
Landvik;SN38140;22.04.2025 02:00;7;85
Landvik;SN38140;22.04.2025 03:00;7;85
Landvik;SN38140;22.04.2025 04:00;6,9;85
Landvik;SN38140;22.04.2025 05:00;6,8;86
Landvik;SN38140;22.04.2025 06:00;6,7;87
Landvik;SN38140;22.04.2025 07:00;7;86
Landvik;SN38140;22.04.2025 08:00;7,4;82
Landvik;SN38140;22.04.2025 09:00;8;79
Landvik;SN38140;22.04.2025 10:00;8,5;75
Landvik;SN38140;22.04.2025 11:00;8,7;75
Landvik;SN38140;22.04.2025 12:00;9,1;74
Landvik;SN38140;22.04.2025 13:00;9,9;74
Landvik;SN38140;22.04.2025 14:00;10,4;73
Landvik;SN38140;22.04.2025 15:00;10,1;74
Landvik;SN38140;22.04.2025 16:00;9,7;77
Landvik;SN38140;22.04.2025 17:00;10;76
Landvik;SN38140;22.04.2025 18:00;9,2;79
Landvik;SN38140;22.04.2025 19:00;8,6;82
Landvik;SN38140;22.04.2025 20:00;8,4;85
Landvik;SN38140;22.04.2025 21:00;8,1;87
Landvik;SN38140;22.04.2025 22:00;7,6;89
Landvik;SN38140;22.04.2025 23:00;6,7;92
Landvik;SN38140;23.04.2025 00:00;5,8;93
Landvik;SN38140;23.04.2025 01:00;5,5;94
Landvik;SN38140;23.04.2025 02:00;5,2;95
Landvik;SN38140;23.04.2025 03:00;4,9;95
Landvik;SN38140;23.04.2025 04:00;4,9;95
Landvik;SN38140;23.04.2025 05:00;4,9;96
Landvik;SN38140;23.04.2025 06:00;4,6;96
Landvik;SN38140;23.04.2025 07:00;5,5;96
Landvik;SN38140;23.04.2025 08:00;7,8;90
Landvik;SN38140;23.04.2025 09:00;10;79
Landvik;SN38140;23.04.2025 10:00;11,8;68
Landvik;SN38140;23.04.2025 11:00;13,1;65
Landvik;SN38140;23.04.2025 12:00;13,9;61
Landvik;SN38140;23.04.2025 13:00;13,7;60
Landvik;SN38140;23.04.2025 14:00;13,1;63
Landvik;SN38140;23.04.2025 15:00;12;66
Landvik;SN38140;23.04.2025 16:00;12,2;62
Landvik;SN38140;23.04.2025 17:00;12,5;57
Landvik;SN38140;23.04.2025 18:00;12,1;60
Landvik;SN38140;23.04.2025 19:00;11,6;63
Landvik;SN38140;23.04.2025 20:00;10,2;72
Landvik;SN38140;23.04.2025 21:00;7,8;83
Landvik;SN38140;23.04.2025 22:00;6,4;88
Landvik;SN38140;23.04.2025 23:00;5,9;91
Landvik;SN38140;24.04.2025 00:00;5,7;92
Landvik;SN38140;24.04.2025 01:00;5,9;93
Landvik;SN38140;24.04.2025 02:00;5,7;93
Landvik;SN38140;24.04.2025 03:00;5,5;94
Landvik;SN38140;24.04.2025 04:00;5,3;94
Landvik;SN38140;24.04.2025 05:00;5,3;94
Landvik;SN38140;24.04.2025 06:00;5,1;95
Landvik;SN38140;24.04.2025 07:00;6,5;94
Landvik;SN38140;24.04.2025 08:00;9,2;81
Landvik;SN38140;24.04.2025 09:00;12,5;65
Landvik;SN38140;24.04.2025 10:00;13,8;60
Landvik;SN38140;24.04.2025 11:00;14,8;62
Landvik;SN38140;24.04.2025 12:00;15,4;61
Landvik;SN38140;24.04.2025 13:00;15,9;59
Landvik;SN38140;24.04.2025 14:00;15,4;58
Landvik;SN38140;24.04.2025 15:00;16,8;53
Landvik;SN38140;24.04.2025 16:00;18,5;34
Landvik;SN38140;24.04.2025 17:00;19,2;20
Landvik;SN38140;24.04.2025 18:00;18,5;17
Landvik;SN38140;24.04.2025 19:00;17,1;15
Landvik;SN38140;24.04.2025 20:00;12,9;37
Landvik;SN38140;24.04.2025 21:00;10,1;75
Landvik;SN38140;24.04.2025 22:00;9,6;75
Landvik;SN38140;24.04.2025 23:00;8,7;75
Landvik;SN38140;25.04.2025 00:00;8,2;73
Landvik;SN38140;25.04.2025 01:00;8,1;69
Landvik;SN38140;25.04.2025 02:00;8;60
Landvik;SN38140;25.04.2025 03:00;7,5;56
Landvik;SN38140;25.04.2025 04:00;6,5;59
Landvik;SN38140;25.04.2025 05:00;5,7;56
Landvik;SN38140;25.04.2025 06:00;5;54
Landvik;SN38140;25.04.2025 07:00;5,6;48
Landvik;SN38140;25.04.2025 08:00;6,5;48
Landvik;SN38140;25.04.2025 09:00;7,5;50
Landvik;SN38140;25.04.2025 10:00;8,2;50
Landvik;SN38140;25.04.2025 11:00;8,7;52
Landvik;SN38140;25.04.2025 12:00;9;51
Landvik;SN38140;25.04.2025 13:00;9,1;52
Landvik;SN38140;25.04.2025 14:00;9,3;48
Landvik;SN38140;25.04.2025 15:00;9,6;44
Landvik;SN38140;25.04.2025 16:00;9,3;43
Landvik;SN38140;25.04.2025 17:00;9,3;43
Landvik;SN38140;25.04.2025 18:00;9;47
Landvik;SN38140;25.04.2025 19:00;8,3;49
Landvik;SN38140;25.04.2025 20:00;6,4;58
Landvik;SN38140;25.04.2025 21:00;4,1;73
Landvik;SN38140;25.04.2025 22:00;2,6;80
Landvik;SN38140;25.04.2025 23:00;1,7;85
Landvik;SN38140;26.04.2025 00:00;1,1;86
Landvik;SN38140;26.04.2025 01:00;0,6;86
Landvik;SN38140;26.04.2025 02:00;0,2;87
Landvik;SN38140;26.04.2025 03:00;0;87
Landvik;SN38140;26.04.2025 04:00;-0,1;86
Landvik;SN38140;26.04.2025 05:00;-0,5;89
Landvik;SN38140;26.04.2025 06:00;-0,1;90
Landvik;SN38140;26.04.2025 07:00;3,2;79
Landvik;SN38140;26.04.2025 08:00;7;68
Landvik;SN38140;26.04.2025 09:00;9,3;52
Landvik;SN38140;26.04.2025 10:00;10,6;44
Landvik;SN38140;26.04.2025 11:00;11,1;49
Landvik;SN38140;26.04.2025 12:00;11,4;47
Landvik;SN38140;26.04.2025 13:00;11,5;41
Landvik;SN38140;26.04.2025 14:00;11,7;37
Landvik;SN38140;26.04.2025 15:00;11,6;39
Landvik;SN38140;26.04.2025 16:00;11,8;41
Landvik;SN38140;26.04.2025 17:00;11,8;38
Landvik;SN38140;26.04.2025 18:00;11,5;46
Landvik;SN38140;26.04.2025 19:00;10,6;48
Landvik;SN38140;26.04.2025 20:00;8,3;62
Landvik;SN38140;26.04.2025 21:00;5,4;78
Landvik;SN38140;26.04.2025 22:00;3,7;86
Landvik;SN38140;26.04.2025 23:00;2,7;89
Landvik;SN38140;27.04.2025 00:00;1,7;91
Landvik;SN38140;27.04.2025 01:00;1,2;92
Landvik;SN38140;27.04.2025 02:00;1;93
Landvik;SN38140;27.04.2025 03:00;0,7;93
Landvik;SN38140;27.04.2025 04:00;0,3;94
Landvik;SN38140;27.04.2025 05:00;0;95
Landvik;SN38140;27.04.2025 06:00;1,2;95
Landvik;SN38140;27.04.2025 07:00;4,1;94
Landvik;SN38140;27.04.2025 08:00;7,5;85
Landvik;SN38140;27.04.2025 09:00;10,6;68
Landvik;SN38140;27.04.2025 10:00;11,5;64
Landvik;SN38140;27.04.2025 11:00;12;69
Landvik;SN38140;27.04.2025 12:00;12,3;70
Landvik;SN38140;27.04.2025 13:00;12,9;72
Landvik;SN38140;27.04.2025 14:00;13,7;70
Landvik;SN38140;27.04.2025 15:00;13,5;70
Landvik;SN38140;27.04.2025 16:00;13,5;70
Landvik;SN38140;27.04.2025 17:00;13,7;67
Landvik;SN38140;27.04.2025 18:00;12,9;67
Landvik;SN38140;27.04.2025 19:00;12,2;70
Landvik;SN38140;27.04.2025 20:00;11,7;71
Landvik;SN38140;27.04.2025 21:00;11,3;67
Landvik;SN38140;27.04.2025 22:00;10,5;73
Landvik;SN38140;27.04.2025 23:00;9,8;77
Landvik;SN38140;28.04.2025 00:00;8,9;80
Landvik;SN38140;28.04.2025 01:00;8,1;84
Landvik;SN38140;28.04.2025 02:00;8,9;86
Landvik;SN38140;28.04.2025 03:00;8,9;88
Landvik;SN38140;28.04.2025 04:00;8,7;89
Landvik;SN38140;28.04.2025 05:00;9;89
Landvik;SN38140;28.04.2025 06:00;9,3;89
Landvik;SN38140;28.04.2025 07:00;10,1;87
Landvik;SN38140;28.04.2025 08:00;11;83
Landvik;SN38140;28.04.2025 09:00;12,2;79
Landvik;SN38140;28.04.2025 10:00;13,9;71
Landvik;SN38140;28.04.2025 11:00;15,9;63
Landvik;SN38140;28.04.2025 12:00;17,2;55
Landvik;SN38140;28.04.2025 13:00;18,2;52
Landvik;SN38140;28.04.2025 14:00;18,1;55
Landvik;SN38140;28.04.2025 15:00;18,1;55
Landvik;SN38140;28.04.2025 16:00;18,3;54
Landvik;SN38140;28.04.2025 17:00;17,6;57
Landvik;SN38140;28.04.2025 18:00;17,2;57
Landvik;SN38140;28.04.2025 19:00;16,4;60
Landvik;SN38140;28.04.2025 20:00;15,2;64
Landvik;SN38140;28.04.2025 21:00;13,9;66
Landvik;SN38140;28.04.2025 22:00;12,9;65
Landvik;SN38140;28.04.2025 23:00;11,7;66
Landvik;SN38140;29.04.2025 00:00;11,1;64
Landvik;SN38140;29.04.2025 01:00;10,5;62
Landvik;SN38140;29.04.2025 02:00;10,2;59
Landvik;SN38140;29.04.2025 03:00;9,6;57
Landvik;SN38140;29.04.2025 04:00;9,2;57
Landvik;SN38140;29.04.2025 05:00;8,4;60
Landvik;SN38140;29.04.2025 06:00;8,3;59
Landvik;SN38140;29.04.2025 07:00;9,9;53
Landvik;SN38140;29.04.2025 08:00;12,2;45
Landvik;SN38140;29.04.2025 09:00;13,8;40
Landvik;SN38140;29.04.2025 10:00;15,7;35
Landvik;SN38140;29.04.2025 11:00;17,7;29
Landvik;SN38140;29.04.2025 12:00;18,4;29
Landvik;SN38140;29.04.2025 13:00;18;34
Landvik;SN38140;29.04.2025 14:00;19,5;31
Landvik;SN38140;29.04.2025 15:00;20,6;28
Landvik;SN38140;29.04.2025 16:00;21,1;28
Landvik;SN38140;29.04.2025 17:00;21,1;33
Landvik;SN38140;29.04.2025 18:00;20,1;37
Landvik;SN38140;29.04.2025 19:00;18,8;42
Landvik;SN38140;29.04.2025 20:00;17,3;47
Landvik;SN38140;29.04.2025 21:00;15,6;52
Landvik;SN38140;29.04.2025 22:00;14,1;56
Landvik;SN38140;29.04.2025 23:00;13;61
Landvik;SN38140;30.04.2025 00:00;11,4;70
Landvik;SN38140;30.04.2025 01:00;10,2;77
Landvik;SN38140;30.04.2025 02:00;10,3;78
Landvik;SN38140;30.04.2025 03:00;10,2;78
Landvik;SN38140;30.04.2025 04:00;9,5;81
Landvik;SN38140;30.04.2025 05:00;8,6;86
Landvik;SN38140;30.04.2025 06:00;8,1;90
Landvik;SN38140;30.04.2025 07:00;10,5;82
Landvik;SN38140;30.04.2025 08:00;11,9;77
Landvik;SN38140;30.04.2025 09:00;12,9;74
Landvik;SN38140;30.04.2025 10:00;14,2;68
Landvik;SN38140;30.04.2025 11:00;16,5;54
Landvik;SN38140;30.04.2025 12:00;17,9;43
Landvik;SN38140;30.04.2025 13:00;19;38
Landvik;SN38140;30.04.2025 14:00;20,3;33
Landvik;SN38140;30.04.2025 15:00;21,2;21
Landvik;SN38140;30.04.2025 16:00;21,4;19
Landvik;SN38140;30.04.2025 17:00;21,3;22
Landvik;SN38140;30.04.2025 18:00;20,4;26
Landvik;SN38140;30.04.2025 19:00;19,6;32
Landvik;SN38140;30.04.2025 20:00;15,4;51
Landvik;SN38140;30.04.2025 21:00;12,3;64
Landvik;SN38140;30.04.2025 22:00;10,5;70
Landvik;SN38140;30.04.2025 23:00;9,4;75
Landvik;SN38140;01.05.2025 00:00;7,9;82
Landvik;SN38140;01.05.2025 01:00;7,1;85
Landvik;SN38140;01.05.2025 02:00;6,3;88
Landvik;SN38140;01.05.2025 03:00;5,8;90
Landvik;SN38140;01.05.2025 04:00;5,4;92
Landvik;SN38140;01.05.2025 05:00;4,9;93
Landvik;SN38140;01.05.2025 06:00;5;94
Landvik;SN38140;01.05.2025 07:00;8;88
Landvik;SN38140;01.05.2025 08:00;12,2;71
Landvik;SN38140;01.05.2025 09:00;14,7;62
Landvik;SN38140;01.05.2025 10:00;14,3;66
Landvik;SN38140;01.05.2025 11:00;14;67
Landvik;SN38140;01.05.2025 12:00;13,9;70
Landvik;SN38140;01.05.2025 13:00;13,5;73
Landvik;SN38140;01.05.2025 14:00;14,5;70
Landvik;SN38140;01.05.2025 15:00;16,8;60
Landvik;SN38140;01.05.2025 16:00;16,5;59
Landvik;SN38140;01.05.2025 17:00;16,4;59
Landvik;SN38140;01.05.2025 18:00;14,7;70
Landvik;SN38140;01.05.2025 19:00;13,3;75
Landvik;SN38140;01.05.2025 20:00;12,1;81
Landvik;SN38140;01.05.2025 21:00;10,7;89
Landvik;SN38140;01.05.2025 22:00;10,6;90
Landvik;SN38140;01.05.2025 23:00;10,6;90
Landvik;SN38140;02.05.2025 00:00;10,9;88
Landvik;SN38140;02.05.2025 01:00;11;89
Landvik;SN38140;02.05.2025 02:00;10,8;92
Landvik;SN38140;02.05.2025 03:00;10,7;93
Landvik;SN38140;02.05.2025 04:00;10,7;87
Landvik;SN38140;02.05.2025 05:00;10,1;75
Landvik;SN38140;02.05.2025 06:00;9,4;70
Landvik;SN38140;02.05.2025 07:00;10;66
Landvik;SN38140;02.05.2025 08:00;11;59
Landvik;SN38140;02.05.2025 09:00;11,9;54
Landvik;SN38140;02.05.2025 10:00;13,1;48
Landvik;SN38140;02.05.2025 11:00;13,8;48
Landvik;SN38140;02.05.2025 12:00;14,6;42
Landvik;SN38140;02.05.2025 13:00;15,4;39
Landvik;SN38140;02.05.2025 14:00;15,5;38
Landvik;SN38140;02.05.2025 15:00;15,1;39
Landvik;SN38140;02.05.2025 16:00;14,8;39
Landvik;SN38140;02.05.2025 17:00;14,3;42
Landvik;SN38140;02.05.2025 18:00;13,7;44
Landvik;SN38140;02.05.2025 19:00;13,3;45
Landvik;SN38140;02.05.2025 20:00;11,7;50
Landvik;SN38140;02.05.2025 21:00;10,3;56
Landvik;SN38140;02.05.2025 22:00;9,3;63
Landvik;SN38140;02.05.2025 23:00;8,6;67
Landvik;SN38140;03.05.2025 00:00;8,2;70
Landvik;SN38140;03.05.2025 01:00;7,5;74
Landvik;SN38140;03.05.2025 02:00;7,3;75
Landvik;SN38140;03.05.2025 03:00;7,5;73
Landvik;SN38140;03.05.2025 04:00;7;76
Landvik;SN38140;03.05.2025 05:00;6,7;79
Landvik;SN38140;03.05.2025 06:00;7,5;76
Landvik;SN38140;03.05.2025 07:00;8,5;73
Landvik;SN38140;03.05.2025 08:00;10,6;63
Landvik;SN38140;03.05.2025 09:00;10,8;65
Landvik;SN38140;03.05.2025 10:00;12,1;56
Landvik;SN38140;03.05.2025 11:00;13,5;49
Landvik;SN38140;03.05.2025 12:00;12,6;57
Landvik;SN38140;03.05.2025 13:00;12,8;52
Landvik;SN38140;03.05.2025 14:00;14,3;44
Landvik;SN38140;03.05.2025 15:00;13,4;51
Landvik;SN38140;03.05.2025 16:00;11,8;59
Landvik;SN38140;03.05.2025 17:00;9,8;75
Landvik;SN38140;03.05.2025 18:00;9,4;81
Landvik;SN38140;03.05.2025 19:00;9,3;83
Landvik;SN38140;03.05.2025 20:00;9,2;82
Landvik;SN38140;03.05.2025 21:00;9,4;76
Landvik;SN38140;03.05.2025 22:00;7,7;85
Landvik;SN38140;03.05.2025 23:00;7,2;83
Landvik;SN38140;04.05.2025 00:00;7,5;78
Landvik;SN38140;04.05.2025 01:00;8,5;73
Landvik;SN38140;04.05.2025 02:00;8,8;69
Landvik;SN38140;04.05.2025 03:00;8,2;64
Landvik;SN38140;04.05.2025 04:00;7,8;56
Landvik;SN38140;04.05.2025 05:00;7,5;46
Landvik;SN38140;04.05.2025 06:00;7,1;48
Landvik;SN38140;04.05.2025 07:00;7;45
Landvik;SN38140;04.05.2025 08:00;7,1;42
Landvik;SN38140;04.05.2025 09:00;7,7;40
Landvik;SN38140;04.05.2025 10:00;8,5;35
Landvik;SN38140;04.05.2025 11:00;9,6;33
Landvik;SN38140;04.05.2025 12:00;10,3;32
Landvik;SN38140;04.05.2025 13:00;11,5;27
Landvik;SN38140;04.05.2025 14:00;11,9;26
Landvik;SN38140;04.05.2025 15:00;11,5;34
Landvik;SN38140;04.05.2025 16:00;10,7;37
Landvik;SN38140;04.05.2025 17:00;10,7;37
Landvik;SN38140;04.05.2025 18:00;10,4;38
Landvik;SN38140;04.05.2025 19:00;9,8;40
Landvik;SN38140;04.05.2025 20:00;8,1;46
Landvik;SN38140;04.05.2025 21:00;6,5;54
Landvik;SN38140;04.05.2025 22:00;5;60
Landvik;SN38140;04.05.2025 23:00;4,6;64
Landvik;SN38140;05.05.2025 00:00;2,7;77
Landvik;SN38140;05.05.2025 01:00;1,9;84
Landvik;SN38140;05.05.2025 02:00;2,2;85
Landvik;SN38140;05.05.2025 03:00;1,9;85
Landvik;SN38140;05.05.2025 04:00;0,8;88
Landvik;SN38140;05.05.2025 05:00;0,2;91
Landvik;SN38140;05.05.2025 06:00;1,2;89
Landvik;SN38140;05.05.2025 07:00;5,1;72
Landvik;SN38140;05.05.2025 08:00;8,5;57
Landvik;SN38140;05.05.2025 09:00;10,3;48
Landvik;SN38140;05.05.2025 10:00;12;43
Landvik;SN38140;05.05.2025 11:00;12,2;60
Landvik;SN38140;05.05.2025 12:00;13,3;62
Landvik;SN38140;05.05.2025 13:00;15,5;42
Landvik;SN38140;05.05.2025 14:00;17,5;25
Landvik;SN38140;05.05.2025 15:00;18,6;21
Landvik;SN38140;05.05.2025 16:00;19,4;19
Landvik;SN38140;05.05.2025 17:00;18;25
Landvik;SN38140;05.05.2025 18:00;16,9;33
Landvik;SN38140;05.05.2025 19:00;15,2;39
Landvik;SN38140;05.05.2025 20:00;13,4;44
Landvik;SN38140;05.05.2025 21:00;11,8;50
Landvik;SN38140;05.05.2025 22:00;11,7;48
Landvik;SN38140;05.05.2025 23:00;11,2;46
Landvik;SN38140;06.05.2025 00:00;9,7;55
Landvik;SN38140;06.05.2025 01:00;8,3;59
Landvik;SN38140;06.05.2025 02:00;6,3;66
Landvik;SN38140;06.05.2025 03:00;5,4;68
Landvik;SN38140;06.05.2025 04:00;5,1;68
Landvik;SN38140;06.05.2025 05:00;4,6;71
Landvik;SN38140;06.05.2025 06:00;6,5;63
Landvik;SN38140;06.05.2025 07:00;9,6;51
Landvik;SN38140;06.05.2025 08:00;11,4;44
Landvik;SN38140;06.05.2025 09:00;12,5;37
Landvik;SN38140;06.05.2025 10:00;12,8;34
Landvik;SN38140;06.05.2025 11:00;12,9;33
Landvik;SN38140;06.05.2025 12:00;12,7;36
Landvik;SN38140;06.05.2025 13:00;12,5;39
Landvik;SN38140;06.05.2025 14:00;12,2;43
Landvik;SN38140;06.05.2025 15:00;10,9;49
Landvik;SN38140;06.05.2025 16:00;10,7;51
Landvik;SN38140;06.05.2025 17:00;11;50
Landvik;SN38140;06.05.2025 18:00;11,1;48
Landvik;SN38140;06.05.2025 19:00;10,7;55
Landvik;SN38140;06.05.2025 20:00;10,3;60
Landvik;SN38140;06.05.2025 21:00;9,7;64
Landvik;SN38140;06.05.2025 22:00;7,9;71
Landvik;SN38140;06.05.2025 23:00;5,4;83
Landvik;SN38140;07.05.2025 00:00;4;88
Landvik;SN38140;07.05.2025 01:00;3,3;91
Landvik;SN38140;07.05.2025 02:00;2,6;93
Landvik;SN38140;07.05.2025 03:00;2,3;94
Landvik;SN38140;07.05.2025 04:00;2,5;94
Landvik;SN38140;07.05.2025 05:00;2,8;94
Landvik;SN38140;07.05.2025 06:00;4,3;91
Landvik;SN38140;07.05.2025 07:00;7,1;77
Landvik;SN38140;07.05.2025 08:00;8,6;67
Landvik;SN38140;07.05.2025 09:00;11;63
Landvik;SN38140;07.05.2025 10:00;12,4;60
Landvik;SN38140;07.05.2025 11:00;13,1;58
Landvik;SN38140;07.05.2025 12:00;12,8;58
Landvik;SN38140;07.05.2025 13:00;12,4;60
Landvik;SN38140;07.05.2025 14:00;13;60
Landvik;SN38140;07.05.2025 15:00;13,1;60
Landvik;SN38140;07.05.2025 16:00;12,9;63
Landvik;SN38140;07.05.2025 17:00;13;54
Landvik;SN38140;07.05.2025 18:00;13,2;46
Landvik;SN38140;07.05.2025 19:00;12,9;51
Landvik;SN38140;07.05.2025 20:00;11,5;57
Landvik;SN38140;07.05.2025 21:00;9,3;65
Landvik;SN38140;07.05.2025 22:00;7,2;73
Landvik;SN38140;07.05.2025 23:00;6,1;80
Landvik;SN38140;08.05.2025 00:00;6,1;81
Landvik;SN38140;08.05.2025 01:00;6,5;82
Landvik;SN38140;08.05.2025 02:00;7,2;79
Landvik;SN38140;08.05.2025 03:00;6,4;82
Landvik;SN38140;08.05.2025 04:00;5,7;88
Landvik;SN38140;08.05.2025 05:00;5,4;89
Landvik;SN38140;08.05.2025 06:00;6,6;88
Landvik;SN38140;08.05.2025 07:00;9,3;79
Landvik;SN38140;08.05.2025 08:00;11,2;75
Landvik;SN38140;08.05.2025 09:00;11,8;77
Landvik;SN38140;08.05.2025 10:00;13,5;72
Landvik;SN38140;08.05.2025 11:00;13,8;71
Landvik;SN38140;08.05.2025 12:00;14,3;68
Landvik;SN38140;08.05.2025 13:00;14,9;63
Landvik;SN38140;08.05.2025 14:00;15,2;61
Landvik;SN38140;08.05.2025 15:00;15,7;60
Landvik;SN38140;08.05.2025 16:00;16,4;57
Landvik;SN38140;08.05.2025 17:00;16;52
Landvik;SN38140;08.05.2025 18:00;15,3;51
Landvik;SN38140;08.05.2025 19:00;14,7;55
Landvik;SN38140;08.05.2025 20:00;13,3;59
Landvik;SN38140;08.05.2025 21:00;11,4;66
Landvik;SN38140;08.05.2025 22:00;10,3;74
Landvik;SN38140;08.05.2025 23:00;8,3;82
Landvik;SN38140;09.05.2025 00:00;7,5;87
Landvik;SN38140;09.05.2025 01:00;7,3;89
Landvik;SN38140;09.05.2025 02:00;7;90
Landvik;SN38140;09.05.2025 03:00;6,7;91
Landvik;SN38140;09.05.2025 04:00;6,6;93
Landvik;SN38140;09.05.2025 05:00;6,5;94
Landvik;SN38140;09.05.2025 06:00;7,7;94
Landvik;SN38140;09.05.2025 07:00;11,1;77
Landvik;SN38140;09.05.2025 08:00;12,8;69
Landvik;SN38140;09.05.2025 09:00;14,9;61
Landvik;SN38140;09.05.2025 10:00;16,8;55
Landvik;SN38140;09.05.2025 11:00;16,1;59
Landvik;SN38140;09.05.2025 12:00;15,9;62
Landvik;SN38140;09.05.2025 13:00;15,2;67
Landvik;SN38140;09.05.2025 14:00;16,1;65
Landvik;SN38140;09.05.2025 15:00;16;63
Landvik;SN38140;09.05.2025 16:00;15,3;61
Landvik;SN38140;09.05.2025 17:00;14,9;67
Landvik;SN38140;09.05.2025 18:00;14,4;74
Landvik;SN38140;09.05.2025 19:00;14,2;78
Landvik;SN38140;09.05.2025 20:00;12,2;85
Landvik;SN38140;09.05.2025 21:00;11,2;90
Landvik;SN38140;09.05.2025 22:00;10,9;92
Landvik;SN38140;09.05.2025 23:00;11;91
Landvik;SN38140;10.05.2025 00:00;10,7;90
Landvik;SN38140;10.05.2025 01:00;10,8;89
Landvik;SN38140;10.05.2025 02:00;10,7;88
Landvik;SN38140;10.05.2025 03:00;10,7;88
Landvik;SN38140;10.05.2025 04:00;10,8;87
Landvik;SN38140;10.05.2025 05:00;10,7;87
Landvik;SN38140;10.05.2025 06:00;10,9;86
Landvik;SN38140;10.05.2025 07:00;11,2;85
Landvik;SN38140;10.05.2025 08:00;11,5;82
Landvik;SN38140;10.05.2025 09:00;12,1;79
Landvik;SN38140;10.05.2025 10:00;12,7;77
Landvik;SN38140;10.05.2025 11:00;13,8;74
Landvik;SN38140;10.05.2025 12:00;13,6;76
Landvik;SN38140;10.05.2025 13:00;13,1;78
Landvik;SN38140;10.05.2025 14:00;12,9;77
Landvik;SN38140;10.05.2025 15:00;13,1;75
Landvik;SN38140;10.05.2025 16:00;12,6;76
Landvik;SN38140;10.05.2025 17:00;12,5;77
Landvik;SN38140;10.05.2025 18:00;12,3;78
Landvik;SN38140;10.05.2025 19:00;12,1;78
Landvik;SN38140;10.05.2025 20:00;11,8;79
Landvik;SN38140;10.05.2025 21:00;11,6;80
Landvik;SN38140;10.05.2025 22:00;11,5;81
Landvik;SN38140;10.05.2025 23:00;11,4;81
Landvik;SN38140;11.05.2025 00:00;11,3;83
Landvik;SN38140;11.05.2025 01:00;11,1;85
Landvik;SN38140;11.05.2025 02:00;11,1;83
Landvik;SN38140;11.05.2025 03:00;11;83
Landvik;SN38140;11.05.2025 04:00;10,8;84
Landvik;SN38140;11.05.2025 05:00;10,6;86
Landvik;SN38140;11.05.2025 06:00;10,7;87
Landvik;SN38140;11.05.2025 07:00;11,9;77
Landvik;SN38140;11.05.2025 08:00;12,5;76
Landvik;SN38140;11.05.2025 09:00;13,5;74
Landvik;SN38140;11.05.2025 10:00;14,5;70
Landvik;SN38140;11.05.2025 11:00;14,4;71
Landvik;SN38140;11.05.2025 12:00;14,5;70
Landvik;SN38140;11.05.2025 13:00;14,4;68
Landvik;SN38140;11.05.2025 14:00;14,5;65
Landvik;SN38140;11.05.2025 15:00;14,6;66
Landvik;SN38140;11.05.2025 16:00;14,2;71
Landvik;SN38140;11.05.2025 17:00;14;74
Landvik;SN38140;11.05.2025 18:00;13;78
Landvik;SN38140;11.05.2025 19:00;12,8;81
Landvik;SN38140;11.05.2025 20:00;12,3;83
Landvik;SN38140;11.05.2025 21:00;10,5;88
Landvik;SN38140;11.05.2025 22:00;8,8;92
Landvik;SN38140;11.05.2025 23:00;7,7;94
Landvik;SN38140;12.05.2025 00:00;7;95
Landvik;SN38140;12.05.2025 01:00;6,5;95
Landvik;SN38140;12.05.2025 02:00;6,1;95
Landvik;SN38140;12.05.2025 03:00;5,8;96
Landvik;SN38140;12.05.2025 04:00;5,4;96
Landvik;SN38140;12.05.2025 05:00;5,3;96
Landvik;SN38140;12.05.2025 06:00;7,2;97
Landvik;SN38140;12.05.2025 07:00;10,1;95
Landvik;SN38140;12.05.2025 08:00;13,1;77
Landvik;SN38140;12.05.2025 09:00;15,1;66
Landvik;SN38140;12.05.2025 10:00;16,6;59
Landvik;SN38140;12.05.2025 11:00;17,9;53
Landvik;SN38140;12.05.2025 12:00;18,3;52
Landvik;SN38140;12.05.2025 13:00;18,5;49
Landvik;SN38140;12.05.2025 14:00;19;45
Landvik;SN38140;12.05.2025 15:00;19,3;41
Landvik;SN38140;12.05.2025 16:00;19,6;41
Landvik;SN38140;12.05.2025 17:00;19,8;39
Landvik;SN38140;12.05.2025 18:00;19,8;35
Landvik;SN38140;12.05.2025 19:00;19,1;33
Landvik;SN38140;12.05.2025 20:00;17,4;36
Landvik;SN38140;12.05.2025 21:00;16,2;39
Landvik;SN38140;12.05.2025 22:00;15,1;40
Landvik;SN38140;12.05.2025 23:00;13,7;41
Landvik;SN38140;13.05.2025 00:00;12,5;47
Landvik;SN38140;13.05.2025 01:00;9,3;66
Landvik;SN38140;13.05.2025 02:00;7,9;77
Landvik;SN38140;13.05.2025 03:00;7,2;82
Landvik;SN38140;13.05.2025 04:00;7,1;85
Landvik;SN38140;13.05.2025 05:00;8,3;84
Landvik;SN38140;13.05.2025 06:00;9,2;81
Landvik;SN38140;13.05.2025 07:00;11,1;79
Landvik;SN38140;13.05.2025 08:00;15,1;57
Landvik;SN38140;13.05.2025 09:00;18,1;41
Landvik;SN38140;13.05.2025 10:00;19,3;37
Landvik;SN38140;13.05.2025 11:00;20,9;34
Landvik;SN38140;13.05.2025 12:00;22;32
Landvik;SN38140;13.05.2025 13:00;20,3;39
Landvik;SN38140;13.05.2025 14:00;19,9;41
Landvik;SN38140;13.05.2025 15:00;20;43
Landvik;SN38140;13.05.2025 16:00;22;38
Landvik;SN38140;13.05.2025 17:00;22,6;31
Landvik;SN38140;13.05.2025 18:00;22,1;31
Landvik;SN38140;13.05.2025 19:00;20,6;32
Landvik;SN38140;13.05.2025 20:00;18,8;35
Landvik;SN38140;13.05.2025 21:00;16,7;41
Landvik;SN38140;13.05.2025 22:00;14,2;50
Landvik;SN38140;13.05.2025 23:00;14,2;49
Landvik;SN38140;14.05.2025 00:00;13,7;50
Landvik;SN38140;14.05.2025 01:00;11,5;59
Landvik;SN38140;14.05.2025 02:00;10,8;61
Landvik;SN38140;14.05.2025 03:00;10,3;62
Landvik;SN38140;14.05.2025 04:00;9,8;61
Landvik;SN38140;14.05.2025 05:00;10,2;58
Landvik;SN38140;14.05.2025 06:00;11,9;47
Landvik;SN38140;14.05.2025 07:00;12,4;46
Landvik;SN38140;14.05.2025 08:00;11,8;50
Landvik;SN38140;14.05.2025 09:00;11,1;48
Landvik;SN38140;14.05.2025 10:00;11,4;47
Landvik;SN38140;14.05.2025 11:00;11,6;48
Landvik;SN38140;14.05.2025 12:00;12,1;47
Landvik;SN38140;14.05.2025 13:00;12,3;47
Landvik;SN38140;14.05.2025 14:00;12,3;49
Landvik;SN38140;14.05.2025 15:00;11,9;50
Landvik;SN38140;14.05.2025 16:00;12;51
Landvik;SN38140;14.05.2025 17:00;12;52
Landvik;SN38140;14.05.2025 18:00;11,4;55
Landvik;SN38140;14.05.2025 19:00;11;59
Landvik;SN38140;14.05.2025 20:00;10,5;65
Landvik;SN38140;14.05.2025 21:00;9,1;72
Landvik;SN38140;14.05.2025 22:00;7;82
Landvik;SN38140;14.05.2025 23:00;5,7;88
Landvik;SN38140;15.05.2025 00:00;5,9;88
Landvik;SN38140;15.05.2025 01:00;5,3;87
Landvik;SN38140;15.05.2025 02:00;4;90
Landvik;SN38140;15.05.2025 03:00;5;72
Landvik;SN38140;15.05.2025 04:00;4,8;64
Landvik;SN38140;15.05.2025 05:00;3,4;74
Landvik;SN38140;15.05.2025 06:00;6,9;54
Landvik;SN38140;15.05.2025 07:00;10,3;36
Landvik;SN38140;15.05.2025 08:00;11,9;31
Landvik;SN38140;15.05.2025 09:00;13,5;29
Landvik;SN38140;15.05.2025 10:00;15,1;26
Landvik;SN38140;15.05.2025 11:00;16,7;24
Landvik;SN38140;15.05.2025 12:00;16,3;34
Landvik;SN38140;15.05.2025 13:00;15,5;34
Landvik;SN38140;15.05.2025 14:00;15,4;38
Landvik;SN38140;15.05.2025 15:00;16,7;36
Landvik;SN38140;15.05.2025 16:00;17,5;32
Landvik;SN38140;15.05.2025 17:00;17,6;30
Landvik;SN38140;15.05.2025 18:00;17,7;32
Landvik;SN38140;15.05.2025 19:00;17,4;36
Landvik;SN38140;15.05.2025 20:00;15,6;47
Landvik;SN38140;15.05.2025 21:00;12,3;65
Landvik;SN38140;15.05.2025 22:00;9,3;78
Landvik;SN38140;15.05.2025 23:00;7,9;83
Landvik;SN38140;16.05.2025 00:00;7,6;84
Landvik;SN38140;16.05.2025 01:00;9,2;74
Landvik;SN38140;16.05.2025 02:00;13,4;44
Landvik;SN38140;16.05.2025 03:00;12,7;46
Landvik;SN38140;16.05.2025 04:00;12,1;57
Landvik;SN38140;16.05.2025 05:00;11,1;58
Landvik;SN38140;16.05.2025 06:00;11,2;54
Landvik;SN38140;16.05.2025 07:00;12;50
Landvik;SN38140;16.05.2025 08:00;12,9;46
Landvik;SN38140;16.05.2025 09:00;13,8;44
Landvik;SN38140;16.05.2025 10:00;15;43
Landvik;SN38140;16.05.2025 11:00;14,8;47
Landvik;SN38140;16.05.2025 12:00;15;45
Landvik;SN38140;16.05.2025 13:00;15,5;46
Landvik;SN38140;16.05.2025 14:00;15,7;46
Landvik;SN38140;16.05.2025 15:00;15,8;46
Landvik;SN38140;16.05.2025 16:00;16,6;39
Landvik;SN38140;16.05.2025 17:00;17,1;36
Landvik;SN38140;16.05.2025 18:00;17,1;36
Landvik;SN38140;16.05.2025 19:00;16,8;39
Landvik;SN38140;16.05.2025 20:00;15,1;44
Landvik;SN38140;16.05.2025 21:00;13,2;55
Landvik;SN38140;16.05.2025 22:00;10,7;68
Landvik;SN38140;16.05.2025 23:00;9;77
Landvik;SN38140;17.05.2025 00:00;8,1;83
Landvik;SN38140;17.05.2025 01:00;7,6;86
Landvik;SN38140;17.05.2025 02:00;7,7;86
Landvik;SN38140;17.05.2025 03:00;9,2;79
Landvik;SN38140;17.05.2025 04:00;8,6;80
Landvik;SN38140;17.05.2025 05:00;8,6;77
Landvik;SN38140;17.05.2025 06:00;13;57
Landvik;SN38140;17.05.2025 07:00;15;50
Landvik;SN38140;17.05.2025 08:00;15,3;56
Landvik;SN38140;17.05.2025 09:00;14,1;55
Landvik;SN38140;17.05.2025 10:00;14,4;56
Landvik;SN38140;17.05.2025 11:00;15;53
Landvik;SN38140;17.05.2025 12:00;15,8;44
Landvik;SN38140;17.05.2025 13:00;16,5;41
Landvik;SN38140;17.05.2025 14:00;16,3;42
Landvik;SN38140;17.05.2025 15:00;16,7;42
Landvik;SN38140;17.05.2025 16:00;16,9;40
Landvik;SN38140;17.05.2025 17:00;17;36
Landvik;SN38140;17.05.2025 18:00;17;36
Landvik;SN38140;17.05.2025 19:00;17;36
Landvik;SN38140;17.05.2025 20:00;14,7;47
Landvik;SN38140;17.05.2025 21:00;10,8;62
Landvik;SN38140;17.05.2025 22:00;8,8;72
Landvik;SN38140;17.05.2025 23:00;7,4;79
Landvik;SN38140;18.05.2025 00:00;6,6;83
Landvik;SN38140;18.05.2025 01:00;6,8;85
Landvik;SN38140;18.05.2025 02:00;7,7;84
Landvik;SN38140;18.05.2025 03:00;8,4;81
Landvik;SN38140;18.05.2025 04:00;9,6;74
Landvik;SN38140;18.05.2025 05:00;9,9;72
Landvik;SN38140;18.05.2025 06:00;10,8;69
Landvik;SN38140;18.05.2025 07:00;12,9;57
Landvik;SN38140;18.05.2025 08:00;15;47
Landvik;SN38140;18.05.2025 09:00;15,9;43
Landvik;SN38140;18.05.2025 10:00;16,4;43
Landvik;SN38140;18.05.2025 11:00;17,7;39
Landvik;SN38140;18.05.2025 12:00;18;35
Landvik;SN38140;18.05.2025 13:00;18,3;34
Landvik;SN38140;18.05.2025 14:00;18,3;39
Landvik;SN38140;18.05.2025 15:00;18,1;38
Landvik;SN38140;18.05.2025 16:00;19,1;35
Landvik;SN38140;18.05.2025 17:00;19,8;31
Landvik;SN38140;18.05.2025 18:00;19,3;32
Landvik;SN38140;18.05.2025 19:00;19;35
Landvik;SN38140;18.05.2025 20:00;17,2;43
Landvik;SN38140;18.05.2025 21:00;12,9;60
Landvik;SN38140;18.05.2025 22:00;10,7;69
Landvik;SN38140;18.05.2025 23:00;10;74
Landvik;SN38140;19.05.2025 00:00;11,4;66
Landvik;SN38140;19.05.2025 01:00;10;72
Landvik;SN38140;19.05.2025 02:00;9,1;71
Landvik;SN38140;19.05.2025 03:00;7,7;74
Landvik;SN38140;19.05.2025 04:00;6,7;81
Landvik;SN38140;19.05.2025 05:00;6,4;83
Landvik;SN38140;19.05.2025 06:00;10,2;67
Landvik;SN38140;19.05.2025 07:00;13,3;58
Landvik;SN38140;19.05.2025 08:00;16,9;47
Landvik;SN38140;19.05.2025 09:00;18,5;33
Landvik;SN38140;19.05.2025 10:00;19,9;30
Landvik;SN38140;19.05.2025 11:00;20,2;31
Landvik;SN38140;19.05.2025 12:00;20;30
Landvik;SN38140;19.05.2025 13:00;19,8;31
Landvik;SN38140;19.05.2025 14:00;20,3;31
Landvik;SN38140;11.12.2023 14:00;-;88
Landvik;SN38140;11.12.2023 15:00;-;87
Landvik;SN38140;11.12.2023 16:00;-;87
Landvik;SN38140;11.12.2023 17:00;-;87
Landvik;SN38140;11.12.2023 18:00;-;87
Landvik;SN38140;11.12.2023 19:00;-;87
Landvik;SN38140;11.12.2023 20:00;-;87
Landvik;SN38140;11.12.2023 21:00;-;86
Landvik;SN38140;11.12.2023 22:00;-;87
Landvik;SN38140;11.12.2023 23:00;-;87
Landvik;SN38140;18.01.2024 09:00;-;62
Landvik;SN38140;19.01.2024 10:00;-;84
Data er gyldig per 19.05.2025 (CC BY 4.0), Meteorologisk institutt (MET);;;;